[    3282ms] [LOG] %c
▲

__  __                                     _            __
\ \/ /___  __  __   _________ _____       (_)_  _______/ /_
 \  / __ \/ / / /  / ___/ __ `/ __ \     / / / / / ___/ __/
 / / /_/ / /_/ /  / /__/ /_/ / / / /    / / /_/ (__  ) /_
/_/\____/\__,_/   \___/\__,_/_/ /_/  __/ /\__,_/____/\__/
         __    _          __  __    /___/
   _____/ /_  (_)___     / /_/ /_  (_)___  ____ ______
  / ___/ __ \/ / __ \   / __/ __ \/ / __ \/ __ `/ ___/
 (__  ) / / / / /_/ /  / /_/ / / / / / / / /_/ (__  )
/____/_/ /_/_/ .___/   \__/_/ /_/_/_/ /_/\__, /____/
            /_/                         /____/
  

Hello!

- Open Source https://vercel.com/oss
- Careers https://vercel.com/careers
- Status https://vercel-status.com

 font-family: "Geist Mono", monospace; white-space: pre; line-height: 1; @ https://vercel.com/_next/static/immutable/chunks/10bipm_r0kfgr.js:78
[    4416ms] Error: Minified React error #418; visit https://react.dev/errors/418?args[]=HTML&args[]= for the full message or use the non-minified dev environment for full errors and additional helpful warnings.
    at r3 (https://vercel.com/_next/static/immutable/chunks/10bipm_r0kfgr.js:79:44664)
    at iP (https://vercel.com/_next/static/immutable/chunks/10bipm_r0kfgr.js:79:98737)
    at sW (https://vercel.com/_next/static/immutable/chunks/10bipm_r0kfgr.js:79:139673)
    at https://vercel.com/_next/static/immutable/chunks/10bipm_r0kfgr.js:79:139518
    at s$ (https://vercel.com/_next/static/immutable/chunks/10bipm_r0kfgr.js:79:139526)
    at sR (https://vercel.com/_next/static/immutable/chunks/10bipm_r0kfgr.js:79:134583)
    at cg (https://vercel.com/_next/static/immutable/chunks/10bipm_r0kfgr.js:79:169307)
    at cf (https://vercel.com/_next/static/immutable/chunks/10bipm_r0kfgr.js:79:167210)
    at cp (https://vercel.com/_next/static/immutable/chunks/10bipm_r0kfgr.js:79:167567)
    at https://vercel.com/_next/static/immutable/chunks/10bipm_r0kfgr.js:79:169366
[    4695ms] [ERROR] Failed to load resource: the server responded with a status of 404 () @ https://vercel.com/api/chat/pmedlVZu5MRXpNV9/stream:0
[    4695ms] [WARNING] [omniagent] chat stream failed Error: {"error":{"code":"not_found","message":"The requested API endpoint was not found."}}
    at oS.reconnectToStream (https://vercel.com/_next/static/immutable/chunks/2deoqshqycxk0.js:38:48063)
    at async ae.makeRequest (https://vercel.com/_next/static/immutable/chunks/2deoqshqycxk0.js:23:47520)
    at async ae.resumeStream (https://vercel.com/_next/static/immutable/chunks/2deoqshqycxk0.js:23:44598) @ https://vercel.com/_next/static/immutable/chunks/2eetp7vuq3fj-.js:1
[    4911ms] [WARNING] Deprecated API for given entry type. @ https://vercel.com/_next/static/immutable/chunks/3-tnb_jpr7237.js:18
[    5009ms] [ERROR] Failed to load resource: the server responded with a status of 429 () @ https://o205439.ingest.sentry.io/api/1323670/envelope/?sentry_key=d00780d432ac4ccf882f60dd02062e14&sentry_version=7&sentry_client=sentry.javascript.browser%2F7.111.0:0
[   11663ms] [ERROR] Failed to load resource: the server responded with a status of 404 () @ https://vercel.com/api/v3/projects/foxtrading/link?teamId=team_OCfqsj0qanccnVnsUUIL47tf:0
[   20195ms] [ERROR] Failed to load resource: the server responded with a status of 404 () @ https://vercel.com/api/v3/projects/foxtrading/link?teamId=team_OCfqsj0qanccnVnsUUIL47tf:0
[   31113ms] [WARNING] The resource https://vercel.com/_next/static/immutable/chunks/1_9kzgnvckhta.css was preloaded using link preload but not used within a few seconds from the window's load event. Please make sure it has an appropriate `as` value and it is preloaded intentionally. @ https://vercel.com/rigo-melchor-s-projects/foxtrading/settings/git:0
[   31113ms] [WARNING] The resource https://vercel.com/_next/static/immutable/chunks/1y7np90zxj-un.css was preloaded using link preload but not used within a few seconds from the window's load event. Please make sure it has an appropriate `as` value and it is preloaded intentionally. @ https://vercel.com/rigo-melchor-s-projects/foxtrading/settings/git:0
[   31113ms] [WARNING] The resource https://vercel.com/_next/static/immutable/chunks/02duv4riu_ql6.css was preloaded using link preload but not used within a few seconds from the window's load event. Please make sure it has an appropriate `as` value and it is preloaded intentionally. @ https://vercel.com/rigo-melchor-s-projects/foxtrading/settings/git:0
[   31113ms] [WARNING] The resource https://vercel.com/_next/static/immutable/chunks/1cqt2xba0-dxw.css was preloaded using link preload but not used within a few seconds from the window's load event. Please make sure it has an appropriate `as` value and it is preloaded intentionally. @ https://vercel.com/rigo-melchor-s-projects/foxtrading/settings/git:0
[   31113ms] [WARNING] The resource https://vercel.com/_next/static/immutable/chunks/3d792zqltro0t.css was preloaded using link preload but not used within a few seconds from the window's load event. Please make sure it has an appropriate `as` value and it is preloaded intentionally. @ https://vercel.com/rigo-melchor-s-projects/foxtrading/settings/git:0
[   31113ms] [WARNING] The resource https://vercel.com/_next/static/immutable/chunks/3z9uffp9rqnx8.css was preloaded using link preload but not used within a few seconds from the window's load event. Please make sure it has an appropriate `as` value and it is preloaded intentionally. @ https://vercel.com/rigo-melchor-s-projects/foxtrading/settings/git:0
[   31113ms] [WARNING] The resource https://vercel.com/_next/static/immutable/chunks/0-shbsz3-8ybx.css was preloaded using link preload but not used within a few seconds from the window's load event. Please make sure it has an appropriate `as` value and it is preloaded intentionally. @ https://vercel.com/rigo-melchor-s-projects/foxtrading/settings/git:0
[   31113ms] [WARNING] The resource https://vercel.com/_next/static/immutable/chunks/3z36ncuffz89v.css was preloaded using link preload but not used within a few seconds from the window's load event. Please make sure it has an appropriate `as` value and it is preloaded intentionally. @ https://vercel.com/rigo-melchor-s-projects/foxtrading/settings/git:0
[   31113ms] [WARNING] The resource https://vercel.com/_next/static/immutable/chunks/1xg6gg5e39tni.css was preloaded using link preload but not used within a few seconds from the window's load event. Please make sure it has an appropriate `as` value and it is preloaded intentionally. @ https://vercel.com/rigo-melchor-s-projects/foxtrading/settings/git:0
[   31113ms] [WARNING] The resource https://vercel.com/_next/static/immutable/chunks/1hzff2kh3gano.css was preloaded using link preload but not used within a few seconds from the window's load event. Please make sure it has an appropriate `as` value and it is preloaded intentionally. @ https://vercel.com/rigo-melchor-s-projects/foxtrading/settings/git:0
[   31113ms] [WARNING] The resource https://vercel.com/_next/static/immutable/chunks/3wlp7de5275zh.css was preloaded using link preload but not used within a few seconds from the window's load event. Please make sure it has an appropriate `as` value and it is preloaded intentionally. @ https://vercel.com/rigo-melchor-s-projects/foxtrading/settings/git:0
[   31113ms] [WARNING] The resource https://vercel.com/_next/static/immutable/chunks/2trm0mcdarzxi.css was preloaded using link preload but not used within a few seconds from the window's load event. Please make sure it has an appropriate `as` value and it is preloaded intentionally. @ https://vercel.com/rigo-melchor-s-projects/foxtrading/settings/git:0
[   31113ms] [WARNING] The resource https://vercel.com/_next/static/immutable/chunks/1qn0by1dcdo0p.css was preloaded using link preload but not used within a few seconds from the window's load event. Please make sure it has an appropriate `as` value and it is preloaded intentionally. @ https://vercel.com/rigo-melchor-s-projects/foxtrading/settings/git:0
[   31113ms] [WARNING] The resource https://vercel.com/_next/static/immutable/chunks/0684o5f6tp9t5.css was preloaded using link preload but not used within a few seconds from the window's load event. Please make sure it has an appropriate `as` value and it is preloaded intentionally. @ https://vercel.com/rigo-melchor-s-projects/foxtrading/settings/git:0
[   31113ms] [WARNING] The resource https://vercel.com/_next/static/immutable/chunks/0rblmumf_9wz1.css was preloaded using link preload but not used within a few seconds from the window's load event. Please make sure it has an appropriate `as` value and it is preloaded intentionally. @ https://vercel.com/rigo-melchor-s-projects/foxtrading/settings/git:0
[   31113ms] [WARNING] The resource https://vercel.com/_next/static/immutable/chunks/2qegur97i-cye.css was preloaded using link preload but not used within a few seconds from the window's load event. Please make sure it has an appropriate `as` value and it is preloaded intentionally. @ https://vercel.com/rigo-melchor-s-projects/foxtrading/settings/git:0
[   31113ms] [WARNING] The resource https://vercel.com/_next/static/immutable/chunks/1c374529bv7gx.css was preloaded using link preload but not used within a few seconds from the window's load event. Please make sure it has an appropriate `as` value and it is preloaded intentionally. @ https://vercel.com/rigo-melchor-s-projects/foxtrading/settings/git:0
[   31114ms] [WARNING] The resource https://vercel.com/_next/static/immutable/chunks/25nnd13fh_4k5.css was preloaded using link preload but not used within a few seconds from the window's load event. Please make sure it has an appropriate `as` value and it is preloaded intentionally. @ https://vercel.com/rigo-melchor-s-projects/foxtrading/settings/git:0
[   31114ms] [WARNING] The resource https://vercel.com/_next/static/immutable/chunks/3fd49nnoyujvi.css was preloaded using link preload but not used within a few seconds from the window's load event. Please make sure it has an appropriate `as` value and it is preloaded intentionally. @ https://vercel.com/rigo-melchor-s-projects/foxtrading/settings/git:0
[   31114ms] [WARNING] The resource https://vercel.com/_next/static/immutable/chunks/26_kjvxoedtei.css was preloaded using link preload but not used within a few seconds from the window's load event. Please make sure it has an appropriate `as` value and it is preloaded intentionally. @ https://vercel.com/rigo-melchor-s-projects/foxtrading/settings/git:0
[   31114ms] [WARNING] The resource https://vercel.com/_next/static/immutable/chunks/00rj9e71aqnzg.css was preloaded using link preload but not used within a few seconds from the window's load event. Please make sure it has an appropriate `as` value and it is preloaded intentionally. @ https://vercel.com/rigo-melchor-s-projects/foxtrading/settings/git:0
[   36754ms] [WARNING] The resource https://vercel.com/_next/static/immutable/chunks/1_9kzgnvckhta.css was preloaded using link preload but not used within a few seconds from the window's load event. Please make sure it has an appropriate `as` value and it is preloaded intentionally. @ https://vercel.com/rigo-melchor-s-projects/foxtrading/settings/git:0
[   36754ms] [WARNING] The resource https://vercel.com/_next/static/immutable/chunks/1y7np90zxj-un.css was preloaded using link preload but not used within a few seconds from the window's load event. Please make sure it has an appropriate `as` value and it is preloaded intentionally. @ https://vercel.com/rigo-melchor-s-projects/foxtrading/settings/git:0
[   36754ms] [WARNING] The resource https://vercel.com/_next/static/immutable/chunks/02duv4riu_ql6.css was preloaded using link preload but not used within a few seconds from the window's load event. Please make sure it has an appropriate `as` value and it is preloaded intentionally. @ https://vercel.com/rigo-melchor-s-projects/foxtrading/settings/git:0
[   36754ms] [WARNING] The resource https://vercel.com/_next/static/immutable/chunks/1cqt2xba0-dxw.css was preloaded using link preload but not used within a few seconds from the window's load event. Please make sure it has an appropriate `as` value and it is preloaded intentionally. @ https://vercel.com/rigo-melchor-s-projects/foxtrading/settings/git:0
[   36754ms] [WARNING] The resource https://vercel.com/_next/static/immutable/chunks/3d792zqltro0t.css was preloaded using link preload but not used within a few seconds from the window's load event. Please make sure it has an appropriate `as` value and it is preloaded intentionally. @ https://vercel.com/rigo-melchor-s-projects/foxtrading/settings/git:0
[   36754ms] [WARNING] The resource https://vercel.com/_next/static/immutable/chunks/3z9uffp9rqnx8.css was preloaded using link preload but not used within a few seconds from the window's load event. Please make sure it has an appropriate `as` value and it is preloaded intentionally. @ https://vercel.com/rigo-melchor-s-projects/foxtrading/settings/git:0
[   36754ms] [WARNING] The resource https://vercel.com/_next/static/immutable/chunks/0-shbsz3-8ybx.css was preloaded using link preload but not used within a few seconds from the window's load event. Please make sure it has an appropriate `as` value and it is preloaded intentionally. @ https://vercel.com/rigo-melchor-s-projects/foxtrading/settings/git:0
[   36754ms] [WARNING] The resource https://vercel.com/_next/static/immutable/chunks/3z36ncuffz89v.css was preloaded using link preload but not used within a few seconds from the window's load event. Please make sure it has an appropriate `as` value and it is preloaded intentionally. @ https://vercel.com/rigo-melchor-s-projects/foxtrading/settings/git:0
[   36754ms] [WARNING] The resource https://vercel.com/_next/static/immutable/chunks/1xg6gg5e39tni.css was preloaded using link preload but not used within a few seconds from the window's load event. Please make sure it has an appropriate `as` value and it is preloaded intentionally. @ https://vercel.com/rigo-melchor-s-projects/foxtrading/settings/git:0
[   36754ms] [WARNING] The resource https://vercel.com/_next/static/immutable/chunks/1hzff2kh3gano.css was preloaded using link preload but not used within a few seconds from the window's load event. Please make sure it has an appropriate `as` value and it is preloaded intentionally. @ https://vercel.com/rigo-melchor-s-projects/foxtrading/settings/git:0
[   36754ms] [WARNING] The resource https://vercel.com/_next/static/immutable/chunks/3wlp7de5275zh.css was preloaded using link preload but not used within a few seconds from the window's load event. Please make sure it has an appropriate `as` value and it is preloaded intentionally. @ https://vercel.com/rigo-melchor-s-projects/foxtrading/settings/git:0
[   36754ms] [WARNING] The resource https://vercel.com/_next/static/immutable/chunks/2trm0mcdarzxi.css was preloaded using link preload but not used within a few seconds from the window's load event. Please make sure it has an appropriate `as` value and it is preloaded intentionally. @ https://vercel.com/rigo-melchor-s-projects/foxtrading/settings/git:0
[   36754ms] [WARNING] The resource https://vercel.com/_next/static/immutable/chunks/1qn0by1dcdo0p.css was preloaded using link preload but not used within a few seconds from the window's load event. Please make sure it has an appropriate `as` value and it is preloaded intentionally. @ https://vercel.com/rigo-melchor-s-projects/foxtrading/settings/git:0
[   36754ms] [WARNING] The resource https://vercel.com/_next/static/immutable/chunks/0684o5f6tp9t5.css was preloaded using link preload but not used within a few seconds from the window's load event. Please make sure it has an appropriate `as` value and it is preloaded intentionally. @ https://vercel.com/rigo-melchor-s-projects/foxtrading/settings/git:0
[   36754ms] [WARNING] The resource https://vercel.com/_next/static/immutable/chunks/0rblmumf_9wz1.css was preloaded using link preload but not used within a few seconds from the window's load event. Please make sure it has an appropriate `as` value and it is preloaded intentionally. @ https://vercel.com/rigo-melchor-s-projects/foxtrading/settings/git:0
[   36754ms] [WARNING] The resource https://vercel.com/_next/static/immutable/chunks/2qegur97i-cye.css was preloaded using link preload but not used within a few seconds from the window's load event. Please make sure it has an appropriate `as` value and it is preloaded intentionally. @ https://vercel.com/rigo-melchor-s-projects/foxtrading/settings/git:0
[   36754ms] [WARNING] The resource https://vercel.com/_next/static/immutable/chunks/1c374529bv7gx.css was preloaded using link preload but not used within a few seconds from the window's load event. Please make sure it has an appropriate `as` value and it is preloaded intentionally. @ https://vercel.com/rigo-melchor-s-projects/foxtrading/settings/git:0
[   36754ms] [WARNING] The resource https://vercel.com/_next/static/immutable/chunks/25nnd13fh_4k5.css was preloaded using link preload but not used within a few seconds from the window's load event. Please make sure it has an appropriate `as` value and it is preloaded intentionally. @ https://vercel.com/rigo-melchor-s-projects/foxtrading/settings/git:0
[   36754ms] [WARNING] The resource https://vercel.com/_next/static/immutable/chunks/3fd49nnoyujvi.css was preloaded using link preload but not used within a few seconds from the window's load event. Please make sure it has an appropriate `as` value and it is preloaded intentionally. @ https://vercel.com/rigo-melchor-s-projects/foxtrading/settings/git:0
[   36754ms] [WARNING] The resource https://vercel.com/_next/static/immutable/chunks/26_kjvxoedtei.css was preloaded using link preload but not used within a few seconds from the window's load event. Please make sure it has an appropriate `as` value and it is preloaded intentionally. @ https://vercel.com/rigo-melchor-s-projects/foxtrading/settings/git:0
[   36754ms] [WARNING] The resource https://vercel.com/_next/static/immutable/chunks/00rj9e71aqnzg.css was preloaded using link preload but not used within a few seconds from the window's load event. Please make sure it has an appropriate `as` value and it is preloaded intentionally. @ https://vercel.com/rigo-melchor-s-projects/foxtrading/settings/git:0
[   53336ms] [WARNING] The resource https://vercel.com/_next/static/immutable/chunks/1_9kzgnvckhta.css was preloaded using link preload but not used within a few seconds from the window's load event. Please make sure it has an appropriate `as` value and it is preloaded intentionally. @ https://vercel.com/rigo-melchor-s-projects/foxtrading/settings/git:0
[   53336ms] [WARNING] The resource https://vercel.com/_next/static/immutable/chunks/1y7np90zxj-un.css was preloaded using link preload but not used within a few seconds from the window's load event. Please make sure it has an appropriate `as` value and it is preloaded intentionally. @ https://vercel.com/rigo-melchor-s-projects/foxtrading/settings/git:0
[   53336ms] [WARNING] The resource https://vercel.com/_next/static/immutable/chunks/02duv4riu_ql6.css was preloaded using link preload but not used within a few seconds from the window's load event. Please make sure it has an appropriate `as` value and it is preloaded intentionally. @ https://vercel.com/rigo-melchor-s-projects/foxtrading/settings/git:0
[   53337ms] [WARNING] The resource https://vercel.com/_next/static/immutable/chunks/1cqt2xba0-dxw.css was preloaded using link preload but not used within a few seconds from the window's load event. Please make sure it has an appropriate `as` value and it is preloaded intentionally. @ https://vercel.com/rigo-melchor-s-projects/foxtrading/settings/git:0
[   53337ms] [WARNING] The resource https://vercel.com/_next/static/immutable/chunks/3d792zqltro0t.css was preloaded using link preload but not used within a few seconds from the window's load event. Please make sure it has an appropriate `as` value and it is preloaded intentionally. @ https://vercel.com/rigo-melchor-s-projects/foxtrading/settings/git:0
[   53337ms] [WARNING] The resource https://vercel.com/_next/static/immutable/chunks/3z9uffp9rqnx8.css was preloaded using link preload but not used within a few seconds from the window's load event. Please make sure it has an appropriate `as` value and it is preloaded intentionally. @ https://vercel.com/rigo-melchor-s-projects/foxtrading/settings/git:0
[   53337ms] [WARNING] The resource https://vercel.com/_next/static/immutable/chunks/0-shbsz3-8ybx.css was preloaded using link preload but not used within a few seconds from the window's load event. Please make sure it has an appropriate `as` value and it is preloaded intentionally. @ https://vercel.com/rigo-melchor-s-projects/foxtrading/settings/git:0
[   53337ms] [WARNING] The resource https://vercel.com/_next/static/immutable/chunks/3z36ncuffz89v.css was preloaded using link preload but not used within a few seconds from the window's load event. Please make sure it has an appropriate `as` value and it is preloaded intentionally. @ https://vercel.com/rigo-melchor-s-projects/foxtrading/settings/git:0
[   53337ms] [WARNING] The resource https://vercel.com/_next/static/immutable/chunks/1xg6gg5e39tni.css was preloaded using link preload but not used within a few seconds from the window's load event. Please make sure it has an appropriate `as` value and it is preloaded intentionally. @ https://vercel.com/rigo-melchor-s-projects/foxtrading/settings/git:0
[   53337ms] [WARNING] The resource https://vercel.com/_next/static/immutable/chunks/1hzff2kh3gano.css was preloaded using link preload but not used within a few seconds from the window's load event. Please make sure it has an appropriate `as` value and it is preloaded intentionally. @ https://vercel.com/rigo-melchor-s-projects/foxtrading/settings/git:0
[   53337ms] [WARNING] The resource https://vercel.com/_next/static/immutable/chunks/3wlp7de5275zh.css was preloaded using link preload but not used within a few seconds from the window's load event. Please make sure it has an appropriate `as` value and it is preloaded intentionally. @ https://vercel.com/rigo-melchor-s-projects/foxtrading/settings/git:0
[   53337ms] [WARNING] The resource https://vercel.com/_next/static/immutable/chunks/2trm0mcdarzxi.css was preloaded using link preload but not used within a few seconds from the window's load event. Please make sure it has an appropriate `as` value and it is preloaded intentionally. @ https://vercel.com/rigo-melchor-s-projects/foxtrading/settings/git:0
[   53337ms] [WARNING] The resource https://vercel.com/_next/static/immutable/chunks/1qn0by1dcdo0p.css was preloaded using link preload but not used within a few seconds from the window's load event. Please make sure it has an appropriate `as` value and it is preloaded intentionally. @ https://vercel.com/rigo-melchor-s-projects/foxtrading/settings/git:0
[   53337ms] [WARNING] The resource https://vercel.com/_next/static/immutable/chunks/0684o5f6tp9t5.css was preloaded using link preload but not used within a few seconds from the window's load event. Please make sure it has an appropriate `as` value and it is preloaded intentionally. @ https://vercel.com/rigo-melchor-s-projects/foxtrading/settings/git:0
[   53337ms] [WARNING] The resource https://vercel.com/_next/static/immutable/chunks/0rblmumf_9wz1.css was preloaded using link preload but not used within a few seconds from the window's load event. Please make sure it has an appropriate `as` value and it is preloaded intentionally. @ https://vercel.com/rigo-melchor-s-projects/foxtrading/settings/git:0
[   53337ms] [WARNING] The resource https://vercel.com/_next/static/immutable/chunks/2qegur97i-cye.css was preloaded using link preload but not used within a few seconds from the window's load event. Please make sure it has an appropriate `as` value and it is preloaded intentionally. @ https://vercel.com/rigo-melchor-s-projects/foxtrading/settings/git:0
[   53337ms] [WARNING] The resource https://vercel.com/_next/static/immutable/chunks/1c374529bv7gx.css was preloaded using link preload but not used within a few seconds from the window's load event. Please make sure it has an appropriate `as` value and it is preloaded intentionally. @ https://vercel.com/rigo-melchor-s-projects/foxtrading/settings/git:0
[   53337ms] [WARNING] The resource https://vercel.com/_next/static/immutable/chunks/25nnd13fh_4k5.css was preloaded using link preload but not used within a few seconds from the window's load event. Please make sure it has an appropriate `as` value and it is preloaded intentionally. @ https://vercel.com/rigo-melchor-s-projects/foxtrading/settings/git:0
[   53337ms] [WARNING] The resource https://vercel.com/_next/static/immutable/chunks/3fd49nnoyujvi.css was preloaded using link preload but not used within a few seconds from the window's load event. Please make sure it has an appropriate `as` value and it is preloaded intentionally. @ https://vercel.com/rigo-melchor-s-projects/foxtrading/settings/git:0
[   53337ms] [WARNING] The resource https://vercel.com/_next/static/immutable/chunks/26_kjvxoedtei.css was preloaded using link preload but not used within a few seconds from the window's load event. Please make sure it has an appropriate `as` value and it is preloaded intentionally. @ https://vercel.com/rigo-melchor-s-projects/foxtrading/settings/git:0
[   53337ms] [WARNING] The resource https://vercel.com/_next/static/immutable/chunks/00rj9e71aqnzg.css was preloaded using link preload but not used within a few seconds from the window's load event. Please make sure it has an appropriate `as` value and it is preloaded intentionally. @ https://vercel.com/rigo-melchor-s-projects/foxtrading/settings/git:0
[   74896ms] [WARNING] The resource https://vercel.com/_next/static/immutable/chunks/1_9kzgnvckhta.css was preloaded using link preload but not used within a few seconds from the window's load event. Please make sure it has an appropriate `as` value and it is preloaded intentionally. @ https://vercel.com/rigo-melchor-s-projects/foxtrading/settings/git:0
[   74896ms] [WARNING] The resource https://vercel.com/_next/static/immutable/chunks/1y7np90zxj-un.css was preloaded using link preload but not used within a few seconds from the window's load event. Please make sure it has an appropriate `as` value and it is preloaded intentionally. @ https://vercel.com/rigo-melchor-s-projects/foxtrading/settings/git:0
[   74896ms] [WARNING] The resource https://vercel.com/_next/static/immutable/chunks/02duv4riu_ql6.css was preloaded using link preload but not used within a few seconds from the window's load event. Please make sure it has an appropriate `as` value and it is preloaded intentionally. @ https://vercel.com/rigo-melchor-s-projects/foxtrading/settings/git:0
[   74896ms] [WARNING] The resource https://vercel.com/_next/static/immutable/chunks/1cqt2xba0-dxw.css was preloaded using link preload but not used within a few seconds from the window's load event. Please make sure it has an appropriate `as` value and it is preloaded intentionally. @ https://vercel.com/rigo-melchor-s-projects/foxtrading/settings/git:0
[   74896ms] [WARNING] The resource https://vercel.com/_next/static/immutable/chunks/3d792zqltro0t.css was preloaded using link preload but not used within a few seconds from the window's load event. Please make sure it has an appropriate `as` value and it is preloaded intentionally. @ https://vercel.com/rigo-melchor-s-projects/foxtrading/settings/git:0
[   74896ms] [WARNING] The resource https://vercel.com/_next/static/immutable/chunks/3z9uffp9rqnx8.css was preloaded using link preload but not used within a few seconds from the window's load event. Please make sure it has an appropriate `as` value and it is preloaded intentionally. @ https://vercel.com/rigo-melchor-s-projects/foxtrading/settings/git:0
[   74896ms] [WARNING] The resource https://vercel.com/_next/static/immutable/chunks/0-shbsz3-8ybx.css was preloaded using link preload but not used within a few seconds from the window's load event. Please make sure it has an appropriate `as` value and it is preloaded intentionally. @ https://vercel.com/rigo-melchor-s-projects/foxtrading/settings/git:0
[   74896ms] [WARNING] The resource https://vercel.com/_next/static/immutable/chunks/3z36ncuffz89v.css was preloaded using link preload but not used within a few seconds from the window's load event. Please make sure it has an appropriate `as` value and it is preloaded intentionally. @ https://vercel.com/rigo-melchor-s-projects/foxtrading/settings/git:0
[   74896ms] [WARNING] The resource https://vercel.com/_next/static/immutable/chunks/1xg6gg5e39tni.css was preloaded using link preload but not used within a few seconds from the window's load event. Please make sure it has an appropriate `as` value and it is preloaded intentionally. @ https://vercel.com/rigo-melchor-s-projects/foxtrading/settings/git:0
[   74896ms] [WARNING] The resource https://vercel.com/_next/static/immutable/chunks/1hzff2kh3gano.css was preloaded using link preload but not used within a few seconds from the window's load event. Please make sure it has an appropriate `as` value and it is preloaded intentionally. @ https://vercel.com/rigo-melchor-s-projects/foxtrading/settings/git:0
[   74896ms] [WARNING] The resource https://vercel.com/_next/static/immutable/chunks/3wlp7de5275zh.css was preloaded using link preload but not used within a few seconds from the window's load event. Please make sure it has an appropriate `as` value and it is preloaded intentionally. @ https://vercel.com/rigo-melchor-s-projects/foxtrading/settings/git:0
[   74896ms] [WARNING] The resource https://vercel.com/_next/static/immutable/chunks/2trm0mcdarzxi.css was preloaded using link preload but not used within a few seconds from the window's load event. Please make sure it has an appropriate `as` value and it is preloaded intentionally. @ https://vercel.com/rigo-melchor-s-projects/foxtrading/settings/git:0
[   74896ms] [WARNING] The resource https://vercel.com/_next/static/immutable/chunks/1qn0by1dcdo0p.css was preloaded using link preload but not used within a few seconds from the window's load event. Please make sure it has an appropriate `as` value and it is preloaded intentionally. @ https://vercel.com/rigo-melchor-s-projects/foxtrading/settings/git:0
[   74897ms] [WARNING] The resource https://vercel.com/_next/static/immutable/chunks/0684o5f6tp9t5.css was preloaded using link preload but not used within a few seconds from the window's load event. Please make sure it has an appropriate `as` value and it is preloaded intentionally. @ https://vercel.com/rigo-melchor-s-projects/foxtrading/settings/git:0
[   74897ms] [WARNING] The resource https://vercel.com/_next/static/immutable/chunks/0rblmumf_9wz1.css was preloaded using link preload but not used within a few seconds from the window's load event. Please make sure it has an appropriate `as` value and it is preloaded intentionally. @ https://vercel.com/rigo-melchor-s-projects/foxtrading/settings/git:0
[   74897ms] [WARNING] The resource https://vercel.com/_next/static/immutable/chunks/2qegur97i-cye.css was preloaded using link preload but not used within a few seconds from the window's load event. Please make sure it has an appropriate `as` value and it is preloaded intentionally. @ https://vercel.com/rigo-melchor-s-projects/foxtrading/settings/git:0
[   74897ms] [WARNING] The resource https://vercel.com/_next/static/immutable/chunks/1c374529bv7gx.css was preloaded using link preload but not used within a few seconds from the window's load event. Please make sure it has an appropriate `as` value and it is preloaded intentionally. @ https://vercel.com/rigo-melchor-s-projects/foxtrading/settings/git:0
[   74897ms] [WARNING] The resource https://vercel.com/_next/static/immutable/chunks/25nnd13fh_4k5.css was preloaded using link preload but not used within a few seconds from the window's load event. Please make sure it has an appropriate `as` value and it is preloaded intentionally. @ https://vercel.com/rigo-melchor-s-projects/foxtrading/settings/git:0
[   74897ms] [WARNING] The resource https://vercel.com/_next/static/immutable/chunks/3fd49nnoyujvi.css was preloaded using link preload but not used within a few seconds from the window's load event. Please make sure it has an appropriate `as` value and it is preloaded intentionally. @ https://vercel.com/rigo-melchor-s-projects/foxtrading/settings/git:0
[   74897ms] [WARNING] The resource https://vercel.com/_next/static/immutable/chunks/26_kjvxoedtei.css was preloaded using link preload but not used within a few seconds from the window's load event. Please make sure it has an appropriate `as` value and it is preloaded intentionally. @ https://vercel.com/rigo-melchor-s-projects/foxtrading/settings/git:0
[   74897ms] [WARNING] The resource https://vercel.com/_next/static/immutable/chunks/00rj9e71aqnzg.css was preloaded using link preload but not used within a few seconds from the window's load event. Please make sure it has an appropriate `as` value and it is preloaded intentionally. @ https://vercel.com/rigo-melchor-s-projects/foxtrading/settings/git:0
[   78925ms] [WARNING] The resource https://vercel.com/_next/static/immutable/chunks/1_9kzgnvckhta.css was preloaded using link preload but not used within a few seconds from the window's load event. Please make sure it has an appropriate `as` value and it is preloaded intentionally. @ https://vercel.com/rigo-melchor-s-projects/foxtrading/settings/git:0
[   78925ms] [WARNING] The resource https://vercel.com/_next/static/immutable/chunks/1y7np90zxj-un.css was preloaded using link preload but not used within a few seconds from the window's load event. Please make sure it has an appropriate `as` value and it is preloaded intentionally. @ https://vercel.com/rigo-melchor-s-projects/foxtrading/settings/git:0
[   78925ms] [WARNING] The resource https://vercel.com/_next/static/immutable/chunks/02duv4riu_ql6.css was preloaded using link preload but not used within a few seconds from the window's load event. Please make sure it has an appropriate `as` value and it is preloaded intentionally. @ https://vercel.com/rigo-melchor-s-projects/foxtrading/settings/git:0
[   78925ms] [WARNING] The resource https://vercel.com/_next/static/immutable/chunks/1cqt2xba0-dxw.css was preloaded using link preload but not used within a few seconds from the window's load event. Please make sure it has an appropriate `as` value and it is preloaded intentionally. @ https://vercel.com/rigo-melchor-s-projects/foxtrading/settings/git:0
[   78925ms] [WARNING] The resource https://vercel.com/_next/static/immutable/chunks/3d792zqltro0t.css was preloaded using link preload but not used within a few seconds from the window's load event. Please make sure it has an appropriate `as` value and it is preloaded intentionally. @ https://vercel.com/rigo-melchor-s-projects/foxtrading/settings/git:0
[   78925ms] [WARNING] The resource https://vercel.com/_next/static/immutable/chunks/3z9uffp9rqnx8.css was preloaded using link preload but not used within a few seconds from the window's load event. Please make sure it has an appropriate `as` value and it is preloaded intentionally. @ https://vercel.com/rigo-melchor-s-projects/foxtrading/settings/git:0
[   78925ms] [WARNING] The resource https://vercel.com/_next/static/immutable/chunks/0-shbsz3-8ybx.css was preloaded using link preload but not used within a few seconds from the window's load event. Please make sure it has an appropriate `as` value and it is preloaded intentionally. @ https://vercel.com/rigo-melchor-s-projects/foxtrading/settings/git:0
[   78925ms] [WARNING] The resource https://vercel.com/_next/static/immutable/chunks/3z36ncuffz89v.css was preloaded using link preload but not used within a few seconds from the window's load event. Please make sure it has an appropriate `as` value and it is preloaded intentionally. @ https://vercel.com/rigo-melchor-s-projects/foxtrading/settings/git:0
[   78925ms] [WARNING] The resource https://vercel.com/_next/static/immutable/chunks/1xg6gg5e39tni.css was preloaded using link preload but not used within a few seconds from the window's load event. Please make sure it has an appropriate `as` value and it is preloaded intentionally. @ https://vercel.com/rigo-melchor-s-projects/foxtrading/settings/git:0
[   78925ms] [WARNING] The resource https://vercel.com/_next/static/immutable/chunks/1hzff2kh3gano.css was preloaded using link preload but not used within a few seconds from the window's load event. Please make sure it has an appropriate `as` value and it is preloaded intentionally. @ https://vercel.com/rigo-melchor-s-projects/foxtrading/settings/git:0
[   78925ms] [WARNING] The resource https://vercel.com/_next/static/immutable/chunks/3wlp7de5275zh.css was preloaded using link preload but not used within a few seconds from the window's load event. Please make sure it has an appropriate `as` value and it is preloaded intentionally. @ https://vercel.com/rigo-melchor-s-projects/foxtrading/settings/git:0
[   78925ms] [WARNING] The resource https://vercel.com/_next/static/immutable/chunks/2trm0mcdarzxi.css was preloaded using link preload but not used within a few seconds from the window's load event. Please make sure it has an appropriate `as` value and it is preloaded intentionally. @ https://vercel.com/rigo-melchor-s-projects/foxtrading/settings/git:0
[   78925ms] [WARNING] The resource https://vercel.com/_next/static/immutable/chunks/1qn0by1dcdo0p.css was preloaded using link preload but not used within a few seconds from the window's load event. Please make sure it has an appropriate `as` value and it is preloaded intentionally. @ https://vercel.com/rigo-melchor-s-projects/foxtrading/settings/git:0
[   78925ms] [WARNING] The resource https://vercel.com/_next/static/immutable/chunks/0684o5f6tp9t5.css was preloaded using link preload but not used within a few seconds from the window's load event. Please make sure it has an appropriate `as` value and it is preloaded intentionally. @ https://vercel.com/rigo-melchor-s-projects/foxtrading/settings/git:0
[   78925ms] [WARNING] The resource https://vercel.com/_next/static/immutable/chunks/0rblmumf_9wz1.css was preloaded using link preload but not used within a few seconds from the window's load event. Please make sure it has an appropriate `as` value and it is preloaded intentionally. @ https://vercel.com/rigo-melchor-s-projects/foxtrading/settings/git:0
[   78925ms] [WARNING] The resource https://vercel.com/_next/static/immutable/chunks/2qegur97i-cye.css was preloaded using link preload but not used within a few seconds from the window's load event. Please make sure it has an appropriate `as` value and it is preloaded intentionally. @ https://vercel.com/rigo-melchor-s-projects/foxtrading/settings/git:0
[   78926ms] [WARNING] The resource https://vercel.com/_next/static/immutable/chunks/1c374529bv7gx.css was preloaded using link preload but not used within a few seconds from the window's load event. Please make sure it has an appropriate `as` value and it is preloaded intentionally. @ https://vercel.com/rigo-melchor-s-projects/foxtrading/settings/git:0
[   78926ms] [WARNING] The resource https://vercel.com/_next/static/immutable/chunks/25nnd13fh_4k5.css was preloaded using link preload but not used within a few seconds from the window's load event. Please make sure it has an appropriate `as` value and it is preloaded intentionally. @ https://vercel.com/rigo-melchor-s-projects/foxtrading/settings/git:0
[   78926ms] [WARNING] The resource https://vercel.com/_next/static/immutable/chunks/3fd49nnoyujvi.css was preloaded using link preload but not used within a few seconds from the window's load event. Please make sure it has an appropriate `as` value and it is preloaded intentionally. @ https://vercel.com/rigo-melchor-s-projects/foxtrading/settings/git:0
[   78926ms] [WARNING] The resource https://vercel.com/_next/static/immutable/chunks/26_kjvxoedtei.css was preloaded using link preload but not used within a few seconds from the window's load event. Please make sure it has an appropriate `as` value and it is preloaded intentionally. @ https://vercel.com/rigo-melchor-s-projects/foxtrading/settings/git:0
[   78926ms] [WARNING] The resource https://vercel.com/_next/static/immutable/chunks/00rj9e71aqnzg.css was preloaded using link preload but not used within a few seconds from the window's load event. Please make sure it has an appropriate `as` value and it is preloaded intentionally. @ https://vercel.com/rigo-melchor-s-projects/foxtrading/settings/git:0
[   86601ms] [LOG] %c
▲

 _____ _              _                    _   _             __
|_   _| |__   ___    / \   __ _  ___ _ __ | |_(_) ___       / /
  | | | '_ \ / _ \  / _ \ / _` |/ _ \ '_ \| __| |/ __|     / /
  | | | | | |  __/ / ___ \ (_| |  __/ | | | |_| | (__     /_/
  |_| |_| |_|\___|/_/   \_\__, |\___|_| |_|\__|_|\___|    (_)
                           |___/
 ___        __               _                   _                 _
|_ _|_ __  / _|_ __ __ _ ___| |_ _ __ _   _  ___| |_ _   _ _ __ ___
 | || '_ \| |_| '__/ _` / __| __| '__| | | |/ __| __| | | | '__/ _ \
 | || | | |  _| | | (_| \__ \ |_| |  | |_| | (__| |_| |_| | | |  __/
|___|_| |_|_| |_|  \__,_|___/\__|_|   \__,_|\___|\__|\__,_|_|  \___|
  

Hello!

- Open Source https://vercel.com/oss
- Careers https://vercel.com/careers
- Status https://vercel-status.com

 font-family: "Geist Mono", monospace; white-space: pre; line-height: 1; @ https://vercel.com/_next/static/immutable/chunks/10bipm_r0kfgr.js:78
[   87722ms] [WARNING] Deprecated API for given entry type. @ https://vercel.com/_next/static/immutable/chunks/3-tnb_jpr7237.js:18
[   87777ms] [ERROR] Failed to load resource: the server responded with a status of 429 () @ https://o205439.ingest.sentry.io/api/1323670/envelope/?sentry_key=d00780d432ac4ccf882f60dd02062e14&sentry_version=7&sentry_client=sentry.javascript.browser%2F7.111.0:0
[   87824ms] [ERROR] Failed to load resource: the server responded with a status of 404 () @ https://vercel.com/api/chat/WBgj0Dor9nKOfnXj/stream:0
[   87824ms] [WARNING] [omniagent] chat stream failed Error: {"error":{"code":"not_found","message":"The requested API endpoint was not found."}}
    at oS.reconnectToStream (https://vercel.com/_next/static/immutable/chunks/2deoqshqycxk0.js:38:48063)
    at async ae.makeRequest (https://vercel.com/_next/static/immutable/chunks/2deoqshqycxk0.js:23:47520)
    at async ae.resumeStream (https://vercel.com/_next/static/immutable/chunks/2deoqshqycxk0.js:23:44598) @ https://vercel.com/_next/static/immutable/chunks/3-tnb_jpr7237.js:16
[   87871ms] [ERROR] Failed to load resource: the server responded with a status of 404 () @ https://vercel.com/api/v3/projects/foxtrading/link?teamId=team_OCfqsj0qanccnVnsUUIL47tf:0
[   92314ms] [WARNING] The resource https://vercel.com/_next/static/immutable/chunks/1_9kzgnvckhta.css was preloaded using link preload but not used within a few seconds from the window's load event. Please make sure it has an appropriate `as` value and it is preloaded intentionally. @ https://vercel.com/rigo-melchor-s-projects/foxtrading/settings/git:0
[   92314ms] [WARNING] The resource https://vercel.com/_next/static/immutable/chunks/1y7np90zxj-un.css was preloaded using link preload but not used within a few seconds from the window's load event. Please make sure it has an appropriate `as` value and it is preloaded intentionally. @ https://vercel.com/rigo-melchor-s-projects/foxtrading/settings/git:0
[   92314ms] [WARNING] The resource https://vercel.com/_next/static/immutable/chunks/02duv4riu_ql6.css was preloaded using link preload but not used within a few seconds from the window's load event. Please make sure it has an appropriate `as` value and it is preloaded intentionally. @ https://vercel.com/rigo-melchor-s-projects/foxtrading/settings/git:0
[   92314ms] [WARNING] The resource https://vercel.com/_next/static/immutable/chunks/3d792zqltro0t.css was preloaded using link preload but not used within a few seconds from the window's load event. Please make sure it has an appropriate `as` value and it is preloaded intentionally. @ https://vercel.com/rigo-melchor-s-projects/foxtrading/settings/git:0
[   92314ms] [WARNING] The resource https://vercel.com/_next/static/immutable/chunks/3z9uffp9rqnx8.css was preloaded using link preload but not used within a few seconds from the window's load event. Please make sure it has an appropriate `as` value and it is preloaded intentionally. @ https://vercel.com/rigo-melchor-s-projects/foxtrading/settings/git:0
[   92314ms] [WARNING] The resource https://vercel.com/_next/static/immutable/chunks/0-shbsz3-8ybx.css was preloaded using link preload but not used within a few seconds from the window's load event. Please make sure it has an appropriate `as` value and it is preloaded intentionally. @ https://vercel.com/rigo-melchor-s-projects/foxtrading/settings/git:0
[   92314ms] [WARNING] The resource https://vercel.com/_next/static/immutable/chunks/3z36ncuffz89v.css was preloaded using link preload but not used within a few seconds from the window's load event. Please make sure it has an appropriate `as` value and it is preloaded intentionally. @ https://vercel.com/rigo-melchor-s-projects/foxtrading/settings/git:0
[   92314ms] [WARNING] The resource https://vercel.com/_next/static/immutable/chunks/1xg6gg5e39tni.css was preloaded using link preload but not used within a few seconds from the window's load event. Please make sure it has an appropriate `as` value and it is preloaded intentionally. @ https://vercel.com/rigo-melchor-s-projects/foxtrading/settings/git:0
[   92314ms] [WARNING] The resource https://vercel.com/_next/static/immutable/chunks/1hzff2kh3gano.css was preloaded using link preload but not used within a few seconds from the window's load event. Please make sure it has an appropriate `as` value and it is preloaded intentionally. @ https://vercel.com/rigo-melchor-s-projects/foxtrading/settings/git:0
[   92314ms] [WARNING] The resource https://vercel.com/_next/static/immutable/chunks/3wlp7de5275zh.css was preloaded using link preload but not used within a few seconds from the window's load event. Please make sure it has an appropriate `as` value and it is preloaded intentionally. @ https://vercel.com/rigo-melchor-s-projects/foxtrading/settings/git:0
[   92314ms] [WARNING] The resource https://vercel.com/_next/static/immutable/chunks/2trm0mcdarzxi.css was preloaded using link preload but not used within a few seconds from the window's load event. Please make sure it has an appropriate `as` value and it is preloaded intentionally. @ https://vercel.com/rigo-melchor-s-projects/foxtrading/settings/git:0
[   92314ms] [WARNING] The resource https://vercel.com/_next/static/immutable/chunks/1qn0by1dcdo0p.css was preloaded using link preload but not used within a few seconds from the window's load event. Please make sure it has an appropriate `as` value and it is preloaded intentionally. @ https://vercel.com/rigo-melchor-s-projects/foxtrading/settings/git:0
[   92315ms] [WARNING] The resource https://vercel.com/_next/static/immutable/chunks/0684o5f6tp9t5.css was preloaded using link preload but not used within a few seconds from the window's load event. Please make sure it has an appropriate `as` value and it is preloaded intentionally. @ https://vercel.com/rigo-melchor-s-projects/foxtrading/settings/git:0
[   92315ms] [WARNING] The resource https://vercel.com/_next/static/immutable/chunks/0rblmumf_9wz1.css was preloaded using link preload but not used within a few seconds from the window's load event. Please make sure it has an appropriate `as` value and it is preloaded intentionally. @ https://vercel.com/rigo-melchor-s-projects/foxtrading/settings/git:0
[   92315ms] [WARNING] The resource https://vercel.com/_next/static/immutable/chunks/1c374529bv7gx.css was preloaded using link preload but not used within a few seconds from the window's load event. Please make sure it has an appropriate `as` value and it is preloaded intentionally. @ https://vercel.com/rigo-melchor-s-projects/foxtrading/settings/git:0
[   92315ms] [WARNING] The resource https://vercel.com/_next/static/immutable/chunks/25nnd13fh_4k5.css was preloaded using link preload but not used within a few seconds from the window's load event. Please make sure it has an appropriate `as` value and it is preloaded intentionally. @ https://vercel.com/rigo-melchor-s-projects/foxtrading/settings/git:0
[   92315ms] [WARNING] The resource https://vercel.com/_next/static/immutable/chunks/3fd49nnoyujvi.css was preloaded using link preload but not used within a few seconds from the window's load event. Please make sure it has an appropriate `as` value and it is preloaded intentionally. @ https://vercel.com/rigo-melchor-s-projects/foxtrading/settings/git:0
[   92315ms] [WARNING] The resource https://vercel.com/_next/static/immutable/chunks/26_kjvxoedtei.css was preloaded using link preload but not used within a few seconds from the window's load event. Please make sure it has an appropriate `as` value and it is preloaded intentionally. @ https://vercel.com/rigo-melchor-s-projects/foxtrading/settings/git:0
[   92315ms] [WARNING] The resource https://vercel.com/_next/static/immutable/chunks/00rj9e71aqnzg.css was preloaded using link preload but not used within a few seconds from the window's load event. Please make sure it has an appropriate `as` value and it is preloaded intentionally. @ https://vercel.com/rigo-melchor-s-projects/foxtrading/settings/git:0
[  101268ms] [WARNING] The resource https://vercel.com/_next/static/immutable/chunks/1_9kzgnvckhta.css was preloaded using link preload but not used within a few seconds from the window's load event. Please make sure it has an appropriate `as` value and it is preloaded intentionally. @ https://vercel.com/rigo-melchor-s-projects/foxtrading/settings/git:0
[  101268ms] [WARNING] The resource https://vercel.com/_next/static/immutable/chunks/1y7np90zxj-un.css was preloaded using link preload but not used within a few seconds from the window's load event. Please make sure it has an appropriate `as` value and it is preloaded intentionally. @ https://vercel.com/rigo-melchor-s-projects/foxtrading/settings/git:0
[  101268ms] [WARNING] The resource https://vercel.com/_next/static/immutable/chunks/02duv4riu_ql6.css was preloaded using link preload but not used within a few seconds from the window's load event. Please make sure it has an appropriate `as` value and it is preloaded intentionally. @ https://vercel.com/rigo-melchor-s-projects/foxtrading/settings/git:0
[  101268ms] [WARNING] The resource https://vercel.com/_next/static/immutable/chunks/3d792zqltro0t.css was preloaded using link preload but not used within a few seconds from the window's load event. Please make sure it has an appropriate `as` value and it is preloaded intentionally. @ https://vercel.com/rigo-melchor-s-projects/foxtrading/settings/git:0
[  101268ms] [WARNING] The resource https://vercel.com/_next/static/immutable/chunks/3z9uffp9rqnx8.css was preloaded using link preload but not used within a few seconds from the window's load event. Please make sure it has an appropriate `as` value and it is preloaded intentionally. @ https://vercel.com/rigo-melchor-s-projects/foxtrading/settings/git:0
[  101268ms] [WARNING] The resource https://vercel.com/_next/static/immutable/chunks/0-shbsz3-8ybx.css was preloaded using link preload but not used within a few seconds from the window's load event. Please make sure it has an appropriate `as` value and it is preloaded intentionally. @ https://vercel.com/rigo-melchor-s-projects/foxtrading/settings/git:0
[  101268ms] [WARNING] The resource https://vercel.com/_next/static/immutable/chunks/3z36ncuffz89v.css was preloaded using link preload but not used within a few seconds from the window's load event. Please make sure it has an appropriate `as` value and it is preloaded intentionally. @ https://vercel.com/rigo-melchor-s-projects/foxtrading/settings/git:0
[  101268ms] [WARNING] The resource https://vercel.com/_next/static/immutable/chunks/1xg6gg5e39tni.css was preloaded using link preload but not used within a few seconds from the window's load event. Please make sure it has an appropriate `as` value and it is preloaded intentionally. @ https://vercel.com/rigo-melchor-s-projects/foxtrading/settings/git:0
[  101268ms] [WARNING] The resource https://vercel.com/_next/static/immutable/chunks/1hzff2kh3gano.css was preloaded using link preload but not used within a few seconds from the window's load event. Please make sure it has an appropriate `as` value and it is preloaded intentionally. @ https://vercel.com/rigo-melchor-s-projects/foxtrading/settings/git:0
[  101268ms] [WARNING] The resource https://vercel.com/_next/static/immutable/chunks/3wlp7de5275zh.css was preloaded using link preload but not used within a few seconds from the window's load event. Please make sure it has an appropriate `as` value and it is preloaded intentionally. @ https://vercel.com/rigo-melchor-s-projects/foxtrading/settings/git:0
[  101268ms] [WARNING] The resource https://vercel.com/_next/static/immutable/chunks/2trm0mcdarzxi.css was preloaded using link preload but not used within a few seconds from the window's load event. Please make sure it has an appropriate `as` value and it is preloaded intentionally. @ https://vercel.com/rigo-melchor-s-projects/foxtrading/settings/git:0
[  101268ms] [WARNING] The resource https://vercel.com/_next/static/immutable/chunks/1qn0by1dcdo0p.css was preloaded using link preload but not used within a few seconds from the window's load event. Please make sure it has an appropriate `as` value and it is preloaded intentionally. @ https://vercel.com/rigo-melchor-s-projects/foxtrading/settings/git:0
[  101268ms] [WARNING] The resource https://vercel.com/_next/static/immutable/chunks/0684o5f6tp9t5.css was preloaded using link preload but not used within a few seconds from the window's load event. Please make sure it has an appropriate `as` value and it is preloaded intentionally. @ https://vercel.com/rigo-melchor-s-projects/foxtrading/settings/git:0
[  101268ms] [WARNING] The resource https://vercel.com/_next/static/immutable/chunks/0rblmumf_9wz1.css was preloaded using link preload but not used within a few seconds from the window's load event. Please make sure it has an appropriate `as` value and it is preloaded intentionally. @ https://vercel.com/rigo-melchor-s-projects/foxtrading/settings/git:0
[  101268ms] [WARNING] The resource https://vercel.com/_next/static/immutable/chunks/1c374529bv7gx.css was preloaded using link preload but not used within a few seconds from the window's load event. Please make sure it has an appropriate `as` value and it is preloaded intentionally. @ https://vercel.com/rigo-melchor-s-projects/foxtrading/settings/git:0
[  101268ms] [WARNING] The resource https://vercel.com/_next/static/immutable/chunks/25nnd13fh_4k5.css was preloaded using link preload but not used within a few seconds from the window's load event. Please make sure it has an appropriate `as` value and it is preloaded intentionally. @ https://vercel.com/rigo-melchor-s-projects/foxtrading/settings/git:0
[  101268ms] [WARNING] The resource https://vercel.com/_next/static/immutable/chunks/3fd49nnoyujvi.css was preloaded using link preload but not used within a few seconds from the window's load event. Please make sure it has an appropriate `as` value and it is preloaded intentionally. @ https://vercel.com/rigo-melchor-s-projects/foxtrading/settings/git:0
[  101268ms] [WARNING] The resource https://vercel.com/_next/static/immutable/chunks/26_kjvxoedtei.css was preloaded using link preload but not used within a few seconds from the window's load event. Please make sure it has an appropriate `as` value and it is preloaded intentionally. @ https://vercel.com/rigo-melchor-s-projects/foxtrading/settings/git:0
[  101268ms] [WARNING] The resource https://vercel.com/_next/static/immutable/chunks/00rj9e71aqnzg.css was preloaded using link preload but not used within a few seconds from the window's load event. Please make sure it has an appropriate `as` value and it is preloaded intentionally. @ https://vercel.com/rigo-melchor-s-projects/foxtrading/settings/git:0
[  105306ms] [WARNING] The resource https://vercel.com/_next/static/immutable/chunks/1_9kzgnvckhta.css was preloaded using link preload but not used within a few seconds from the window's load event. Please make sure it has an appropriate `as` value and it is preloaded intentionally. @ https://vercel.com/rigo-melchor-s-projects/foxtrading/settings/git:0
[  105306ms] [WARNING] The resource https://vercel.com/_next/static/immutable/chunks/1y7np90zxj-un.css was preloaded using link preload but not used within a few seconds from the window's load event. Please make sure it has an appropriate `as` value and it is preloaded intentionally. @ https://vercel.com/rigo-melchor-s-projects/foxtrading/settings/git:0
[  105306ms] [WARNING] The resource https://vercel.com/_next/static/immutable/chunks/02duv4riu_ql6.css was preloaded using link preload but not used within a few seconds from the window's load event. Please make sure it has an appropriate `as` value and it is preloaded intentionally. @ https://vercel.com/rigo-melchor-s-projects/foxtrading/settings/git:0
[  105306ms] [WARNING] The resource https://vercel.com/_next/static/immutable/chunks/3d792zqltro0t.css was preloaded using link preload but not used within a few seconds from the window's load event. Please make sure it has an appropriate `as` value and it is preloaded intentionally. @ https://vercel.com/rigo-melchor-s-projects/foxtrading/settings/git:0
[  105306ms] [WARNING] The resource https://vercel.com/_next/static/immutable/chunks/3z9uffp9rqnx8.css was preloaded using link preload but not used within a few seconds from the window's load event. Please make sure it has an appropriate `as` value and it is preloaded intentionally. @ https://vercel.com/rigo-melchor-s-projects/foxtrading/settings/git:0
[  105306ms] [WARNING] The resource https://vercel.com/_next/static/immutable/chunks/0-shbsz3-8ybx.css was preloaded using link preload but not used within a few seconds from the window's load event. Please make sure it has an appropriate `as` value and it is preloaded intentionally. @ https://vercel.com/rigo-melchor-s-projects/foxtrading/settings/git:0
[  105306ms] [WARNING] The resource https://vercel.com/_next/static/immutable/chunks/3z36ncuffz89v.css was preloaded using link preload but not used within a few seconds from the window's load event. Please make sure it has an appropriate `as` value and it is preloaded intentionally. @ https://vercel.com/rigo-melchor-s-projects/foxtrading/settings/git:0
[  105306ms] [WARNING] The resource https://vercel.com/_next/static/immutable/chunks/1xg6gg5e39tni.css was preloaded using link preload but not used within a few seconds from the window's load event. Please make sure it has an appropriate `as` value and it is preloaded intentionally. @ https://vercel.com/rigo-melchor-s-projects/foxtrading/settings/git:0
[  105306ms] [WARNING] The resource https://vercel.com/_next/static/immutable/chunks/1hzff2kh3gano.css was preloaded using link preload but not used within a few seconds from the window's load event. Please make sure it has an appropriate `as` value and it is preloaded intentionally. @ https://vercel.com/rigo-melchor-s-projects/foxtrading/settings/git:0
[  105306ms] [WARNING] The resource https://vercel.com/_next/static/immutable/chunks/3wlp7de5275zh.css was preloaded using link preload but not used within a few seconds from the window's load event. Please make sure it has an appropriate `as` value and it is preloaded intentionally. @ https://vercel.com/rigo-melchor-s-projects/foxtrading/settings/git:0
[  105306ms] [WARNING] The resource https://vercel.com/_next/static/immutable/chunks/2trm0mcdarzxi.css was preloaded using link preload but not used within a few seconds from the window's load event. Please make sure it has an appropriate `as` value and it is preloaded intentionally. @ https://vercel.com/rigo-melchor-s-projects/foxtrading/settings/git:0
[  105306ms] [WARNING] The resource https://vercel.com/_next/static/immutable/chunks/1qn0by1dcdo0p.css was preloaded using link preload but not used within a few seconds from the window's load event. Please make sure it has an appropriate `as` value and it is preloaded intentionally. @ https://vercel.com/rigo-melchor-s-projects/foxtrading/settings/git:0
[  105306ms] [WARNING] The resource https://vercel.com/_next/static/immutable/chunks/0684o5f6tp9t5.css was preloaded using link preload but not used within a few seconds from the window's load event. Please make sure it has an appropriate `as` value and it is preloaded intentionally. @ https://vercel.com/rigo-melchor-s-projects/foxtrading/settings/git:0
[  105306ms] [WARNING] The resource https://vercel.com/_next/static/immutable/chunks/0rblmumf_9wz1.css was preloaded using link preload but not used within a few seconds from the window's load event. Please make sure it has an appropriate `as` value and it is preloaded intentionally. @ https://vercel.com/rigo-melchor-s-projects/foxtrading/settings/git:0
[  105306ms] [WARNING] The resource https://vercel.com/_next/static/immutable/chunks/1c374529bv7gx.css was preloaded using link preload but not used within a few seconds from the window's load event. Please make sure it has an appropriate `as` value and it is preloaded intentionally. @ https://vercel.com/rigo-melchor-s-projects/foxtrading/settings/git:0
[  105306ms] [WARNING] The resource https://vercel.com/_next/static/immutable/chunks/25nnd13fh_4k5.css was preloaded using link preload but not used within a few seconds from the window's load event. Please make sure it has an appropriate `as` value and it is preloaded intentionally. @ https://vercel.com/rigo-melchor-s-projects/foxtrading/settings/git:0
[  105306ms] [WARNING] The resource https://vercel.com/_next/static/immutable/chunks/3fd49nnoyujvi.css was preloaded using link preload but not used within a few seconds from the window's load event. Please make sure it has an appropriate `as` value and it is preloaded intentionally. @ https://vercel.com/rigo-melchor-s-projects/foxtrading/settings/git:0
[  105306ms] [WARNING] The resource https://vercel.com/_next/static/immutable/chunks/26_kjvxoedtei.css was preloaded using link preload but not used within a few seconds from the window's load event. Please make sure it has an appropriate `as` value and it is preloaded intentionally. @ https://vercel.com/rigo-melchor-s-projects/foxtrading/settings/git:0
[  105306ms] [WARNING] The resource https://vercel.com/_next/static/immutable/chunks/00rj9e71aqnzg.css was preloaded using link preload but not used within a few seconds from the window's load event. Please make sure it has an appropriate `as` value and it is preloaded intentionally. @ https://vercel.com/rigo-melchor-s-projects/foxtrading/settings/git:0
[  690841ms] [WARNING] The resource https://vercel.com/_next/static/immutable/chunks/1_9kzgnvckhta.css was preloaded using link preload but not used within a few seconds from the window's load event. Please make sure it has an appropriate `as` value and it is preloaded intentionally. @ https://vercel.com/rigo-melchor-s-projects/foxtrading/settings/git:0
[  690841ms] [WARNING] The resource https://vercel.com/_next/static/immutable/chunks/1y7np90zxj-un.css was preloaded using link preload but not used within a few seconds from the window's load event. Please make sure it has an appropriate `as` value and it is preloaded intentionally. @ https://vercel.com/rigo-melchor-s-projects/foxtrading/settings/git:0
[  690841ms] [WARNING] The resource https://vercel.com/_next/static/immutable/chunks/02duv4riu_ql6.css was preloaded using link preload but not used within a few seconds from the window's load event. Please make sure it has an appropriate `as` value and it is preloaded intentionally. @ https://vercel.com/rigo-melchor-s-projects/foxtrading/settings/git:0
[  690841ms] [WARNING] The resource https://vercel.com/_next/static/immutable/chunks/3d792zqltro0t.css was preloaded using link preload but not used within a few seconds from the window's load event. Please make sure it has an appropriate `as` value and it is preloaded intentionally. @ https://vercel.com/rigo-melchor-s-projects/foxtrading/settings/git:0
[  690841ms] [WARNING] The resource https://vercel.com/_next/static/immutable/chunks/3z9uffp9rqnx8.css was preloaded using link preload but not used within a few seconds from the window's load event. Please make sure it has an appropriate `as` value and it is preloaded intentionally. @ https://vercel.com/rigo-melchor-s-projects/foxtrading/settings/git:0
[  690841ms] [WARNING] The resource https://vercel.com/_next/static/immutable/chunks/0-shbsz3-8ybx.css was preloaded using link preload but not used within a few seconds from the window's load event. Please make sure it has an appropriate `as` value and it is preloaded intentionally. @ https://vercel.com/rigo-melchor-s-projects/foxtrading/settings/git:0
[  690841ms] [WARNING] The resource https://vercel.com/_next/static/immutable/chunks/3z36ncuffz89v.css was preloaded using link preload but not used within a few seconds from the window's load event. Please make sure it has an appropriate `as` value and it is preloaded intentionally. @ https://vercel.com/rigo-melchor-s-projects/foxtrading/settings/git:0
[  690841ms] [WARNING] The resource https://vercel.com/_next/static/immutable/chunks/1xg6gg5e39tni.css was preloaded using link preload but not used within a few seconds from the window's load event. Please make sure it has an appropriate `as` value and it is preloaded intentionally. @ https://vercel.com/rigo-melchor-s-projects/foxtrading/settings/git:0
[  690841ms] [WARNING] The resource https://vercel.com/_next/static/immutable/chunks/1hzff2kh3gano.css was preloaded using link preload but not used within a few seconds from the window's load event. Please make sure it has an appropriate `as` value and it is preloaded intentionally. @ https://vercel.com/rigo-melchor-s-projects/foxtrading/settings/git:0
[  690841ms] [WARNING] The resource https://vercel.com/_next/static/immutable/chunks/3wlp7de5275zh.css was preloaded using link preload but not used within a few seconds from the window's load event. Please make sure it has an appropriate `as` value and it is preloaded intentionally. @ https://vercel.com/rigo-melchor-s-projects/foxtrading/settings/git:0
[  690841ms] [WARNING] The resource https://vercel.com/_next/static/immutable/chunks/2trm0mcdarzxi.css was preloaded using link preload but not used within a few seconds from the window's load event. Please make sure it has an appropriate `as` value and it is preloaded intentionally. @ https://vercel.com/rigo-melchor-s-projects/foxtrading/settings/git:0
[  690841ms] [WARNING] The resource https://vercel.com/_next/static/immutable/chunks/1qn0by1dcdo0p.css was preloaded using link preload but not used within a few seconds from the window's load event. Please make sure it has an appropriate `as` value and it is preloaded intentionally. @ https://vercel.com/rigo-melchor-s-projects/foxtrading/settings/git:0
[  690841ms] [WARNING] The resource https://vercel.com/_next/static/immutable/chunks/0684o5f6tp9t5.css was preloaded using link preload but not used within a few seconds from the window's load event. Please make sure it has an appropriate `as` value and it is preloaded intentionally. @ https://vercel.com/rigo-melchor-s-projects/foxtrading/settings/git:0
[  690841ms] [WARNING] The resource https://vercel.com/_next/static/immutable/chunks/0rblmumf_9wz1.css was preloaded using link preload but not used within a few seconds from the window's load event. Please make sure it has an appropriate `as` value and it is preloaded intentionally. @ https://vercel.com/rigo-melchor-s-projects/foxtrading/settings/git:0
[  690841ms] [WARNING] The resource https://vercel.com/_next/static/immutable/chunks/1c374529bv7gx.css was preloaded using link preload but not used within a few seconds from the window's load event. Please make sure it has an appropriate `as` value and it is preloaded intentionally. @ https://vercel.com/rigo-melchor-s-projects/foxtrading/settings/git:0
[  690841ms] [WARNING] The resource https://vercel.com/_next/static/immutable/chunks/25nnd13fh_4k5.css was preloaded using link preload but not used within a few seconds from the window's load event. Please make sure it has an appropriate `as` value and it is preloaded intentionally. @ https://vercel.com/rigo-melchor-s-projects/foxtrading/settings/git:0
[  690841ms] [WARNING] The resource https://vercel.com/_next/static/immutable/chunks/3fd49nnoyujvi.css was preloaded using link preload but not used within a few seconds from the window's load event. Please make sure it has an appropriate `as` value and it is preloaded intentionally. @ https://vercel.com/rigo-melchor-s-projects/foxtrading/settings/git:0
[  690841ms] [WARNING] The resource https://vercel.com/_next/static/immutable/chunks/26_kjvxoedtei.css was preloaded using link preload but not used within a few seconds from the window's load event. Please make sure it has an appropriate `as` value and it is preloaded intentionally. @ https://vercel.com/rigo-melchor-s-projects/foxtrading/settings/git:0
[  690841ms] [WARNING] The resource https://vercel.com/_next/static/immutable/chunks/00rj9e71aqnzg.css was preloaded using link preload but not used within a few seconds from the window's load event. Please make sure it has an appropriate `as` value and it is preloaded intentionally. @ https://vercel.com/rigo-melchor-s-projects/foxtrading/settings/git:0
[ 3697198ms] [WARNING] The resource https://vercel.com/_next/static/immutable/chunks/1_9kzgnvckhta.css was preloaded using link preload but not used within a few seconds from the window's load event. Please make sure it has an appropriate `as` value and it is preloaded intentionally. @ https://vercel.com/rigo-melchor-s-projects/foxtrading/settings/git:0
[ 3697198ms] [WARNING] The resource https://vercel.com/_next/static/immutable/chunks/1y7np90zxj-un.css was preloaded using link preload but not used within a few seconds from the window's load event. Please make sure it has an appropriate `as` value and it is preloaded intentionally. @ https://vercel.com/rigo-melchor-s-projects/foxtrading/settings/git:0
[ 3697198ms] [WARNING] The resource https://vercel.com/_next/static/immutable/chunks/02duv4riu_ql6.css was preloaded using link preload but not used within a few seconds from the window's load event. Please make sure it has an appropriate `as` value and it is preloaded intentionally. @ https://vercel.com/rigo-melchor-s-projects/foxtrading/settings/git:0
[ 3697199ms] [WARNING] The resource https://vercel.com/_next/static/immutable/chunks/3d792zqltro0t.css was preloaded using link preload but not used within a few seconds from the window's load event. Please make sure it has an appropriate `as` value and it is preloaded intentionally. @ https://vercel.com/rigo-melchor-s-projects/foxtrading/settings/git:0
[ 3697199ms] [WARNING] The resource https://vercel.com/_next/static/immutable/chunks/3z9uffp9rqnx8.css was preloaded using link preload but not used within a few seconds from the window's load event. Please make sure it has an appropriate `as` value and it is preloaded intentionally. @ https://vercel.com/rigo-melchor-s-projects/foxtrading/settings/git:0
[ 3697199ms] [WARNING] The resource https://vercel.com/_next/static/immutable/chunks/0-shbsz3-8ybx.css was preloaded using link preload but not used within a few seconds from the window's load event. Please make sure it has an appropriate `as` value and it is preloaded intentionally. @ https://vercel.com/rigo-melchor-s-projects/foxtrading/settings/git:0
[ 3697199ms] [WARNING] The resource https://vercel.com/_next/static/immutable/chunks/3z36ncuffz89v.css was preloaded using link preload but not used within a few seconds from the window's load event. Please make sure it has an appropriate `as` value and it is preloaded intentionally. @ https://vercel.com/rigo-melchor-s-projects/foxtrading/settings/git:0
[ 3697199ms] [WARNING] The resource https://vercel.com/_next/static/immutable/chunks/1xg6gg5e39tni.css was preloaded using link preload but not used within a few seconds from the window's load event. Please make sure it has an appropriate `as` value and it is preloaded intentionally. @ https://vercel.com/rigo-melchor-s-projects/foxtrading/settings/git:0
[ 3697199ms] [WARNING] The resource https://vercel.com/_next/static/immutable/chunks/1hzff2kh3gano.css was preloaded using link preload but not used within a few seconds from the window's load event. Please make sure it has an appropriate `as` value and it is preloaded intentionally. @ https://vercel.com/rigo-melchor-s-projects/foxtrading/settings/git:0
[ 3697199ms] [WARNING] The resource https://vercel.com/_next/static/immutable/chunks/3wlp7de5275zh.css was preloaded using link preload but not used within a few seconds from the window's load event. Please make sure it has an appropriate `as` value and it is preloaded intentionally. @ https://vercel.com/rigo-melchor-s-projects/foxtrading/settings/git:0
[ 3697199ms] [WARNING] The resource https://vercel.com/_next/static/immutable/chunks/2trm0mcdarzxi.css was preloaded using link preload but not used within a few seconds from the window's load event. Please make sure it has an appropriate `as` value and it is preloaded intentionally. @ https://vercel.com/rigo-melchor-s-projects/foxtrading/settings/git:0
[ 3697199ms] [WARNING] The resource https://vercel.com/_next/static/immutable/chunks/1qn0by1dcdo0p.css was preloaded using link preload but not used within a few seconds from the window's load event. Please make sure it has an appropriate `as` value and it is preloaded intentionally. @ https://vercel.com/rigo-melchor-s-projects/foxtrading/settings/git:0
[ 3697199ms] [WARNING] The resource https://vercel.com/_next/static/immutable/chunks/0684o5f6tp9t5.css was preloaded using link preload but not used within a few seconds from the window's load event. Please make sure it has an appropriate `as` value and it is preloaded intentionally. @ https://vercel.com/rigo-melchor-s-projects/foxtrading/settings/git:0
[ 3697199ms] [WARNING] The resource https://vercel.com/_next/static/immutable/chunks/0rblmumf_9wz1.css was preloaded using link preload but not used within a few seconds from the window's load event. Please make sure it has an appropriate `as` value and it is preloaded intentionally. @ https://vercel.com/rigo-melchor-s-projects/foxtrading/settings/git:0
[ 3697199ms] [WARNING] The resource https://vercel.com/_next/static/immutable/chunks/1c374529bv7gx.css was preloaded using link preload but not used within a few seconds from the window's load event. Please make sure it has an appropriate `as` value and it is preloaded intentionally. @ https://vercel.com/rigo-melchor-s-projects/foxtrading/settings/git:0
[ 3697199ms] [WARNING] The resource https://vercel.com/_next/static/immutable/chunks/25nnd13fh_4k5.css was preloaded using link preload but not used within a few seconds from the window's load event. Please make sure it has an appropriate `as` value and it is preloaded intentionally. @ https://vercel.com/rigo-melchor-s-projects/foxtrading/settings/git:0
[ 3697199ms] [WARNING] The resource https://vercel.com/_next/static/immutable/chunks/3fd49nnoyujvi.css was preloaded using link preload but not used within a few seconds from the window's load event. Please make sure it has an appropriate `as` value and it is preloaded intentionally. @ https://vercel.com/rigo-melchor-s-projects/foxtrading/settings/git:0
[ 3697199ms] [WARNING] The resource https://vercel.com/_next/static/immutable/chunks/26_kjvxoedtei.css was preloaded using link preload but not used within a few seconds from the window's load event. Please make sure it has an appropriate `as` value and it is preloaded intentionally. @ https://vercel.com/rigo-melchor-s-projects/foxtrading/settings/git:0
[ 3697199ms] [WARNING] The resource https://vercel.com/_next/static/immutable/chunks/00rj9e71aqnzg.css was preloaded using link preload but not used within a few seconds from the window's load event. Please make sure it has an appropriate `as` value and it is preloaded intentionally. @ https://vercel.com/rigo-melchor-s-projects/foxtrading/settings/git:0
[ 4247035ms] [WARNING] The resource https://vercel.com/_next/static/immutable/chunks/1_9kzgnvckhta.css was preloaded using link preload but not used within a few seconds from the window's load event. Please make sure it has an appropriate `as` value and it is preloaded intentionally. @ https://vercel.com/rigo-melchor-s-projects/foxtrading/settings/git:0
[ 4247035ms] [WARNING] The resource https://vercel.com/_next/static/immutable/chunks/1y7np90zxj-un.css was preloaded using link preload but not used within a few seconds from the window's load event. Please make sure it has an appropriate `as` value and it is preloaded intentionally. @ https://vercel.com/rigo-melchor-s-projects/foxtrading/settings/git:0
[ 4247035ms] [WARNING] The resource https://vercel.com/_next/static/immutable/media/caa3a2e1cccd8315.p.0wgildi0cnwt9.woff2 was preloaded using link preload but not used within a few seconds from the window's load event. Please make sure it has an appropriate `as` value and it is preloaded intentionally. @ https://vercel.com/rigo-melchor-s-projects/foxtrading/settings/git:0
[ 4247035ms] [WARNING] The resource https://vercel.com/_next/static/immutable/chunks/02duv4riu_ql6.css was preloaded using link preload but not used within a few seconds from the window's load event. Please make sure it has an appropriate `as` value and it is preloaded intentionally. @ https://vercel.com/rigo-melchor-s-projects/foxtrading/settings/git:0
[ 4247035ms] [WARNING] The resource https://vercel.com/_next/static/immutable/media/GeistMono_Variable.p.1bcgm0qa26ixg.woff2 was preloaded using link preload but not used within a few seconds from the window's load event. Please make sure it has an appropriate `as` value and it is preloaded intentionally. @ https://vercel.com/rigo-melchor-s-projects/foxtrading/settings/git:0
[ 4247035ms] [WARNING] The resource https://vercel.com/_next/static/immutable/chunks/3d792zqltro0t.css was preloaded using link preload but not used within a few seconds from the window's load event. Please make sure it has an appropriate `as` value and it is preloaded intentionally. @ https://vercel.com/rigo-melchor-s-projects/foxtrading/settings/git:0
[ 4247035ms] [WARNING] The resource https://vercel.com/_next/static/immutable/chunks/3z9uffp9rqnx8.css was preloaded using link preload but not used within a few seconds from the window's load event. Please make sure it has an appropriate `as` value and it is preloaded intentionally. @ https://vercel.com/rigo-melchor-s-projects/foxtrading/settings/git:0
[ 4247035ms] [WARNING] The resource https://vercel.com/_next/static/immutable/chunks/0-shbsz3-8ybx.css was preloaded using link preload but not used within a few seconds from the window's load event. Please make sure it has an appropriate `as` value and it is preloaded intentionally. @ https://vercel.com/rigo-melchor-s-projects/foxtrading/settings/git:0
[ 4247035ms] [WARNING] The resource https://vercel.com/_next/static/immutable/chunks/3z36ncuffz89v.css was preloaded using link preload but not used within a few seconds from the window's load event. Please make sure it has an appropriate `as` value and it is preloaded intentionally. @ https://vercel.com/rigo-melchor-s-projects/foxtrading/settings/git:0
[ 4247035ms] [WARNING] The resource https://vercel.com/_next/static/immutable/chunks/1xg6gg5e39tni.css was preloaded using link preload but not used within a few seconds from the window's load event. Please make sure it has an appropriate `as` value and it is preloaded intentionally. @ https://vercel.com/rigo-melchor-s-projects/foxtrading/settings/git:0
[ 4247035ms] [WARNING] The resource https://vercel.com/_next/static/immutable/chunks/1hzff2kh3gano.css was preloaded using link preload but not used within a few seconds from the window's load event. Please make sure it has an appropriate `as` value and it is preloaded intentionally. @ https://vercel.com/rigo-melchor-s-projects/foxtrading/settings/git:0
[ 4247035ms] [WARNING] The resource https://vercel.com/_next/static/immutable/chunks/3wlp7de5275zh.css was preloaded using link preload but not used within a few seconds from the window's load event. Please make sure it has an appropriate `as` value and it is preloaded intentionally. @ https://vercel.com/rigo-melchor-s-projects/foxtrading/settings/git:0
[ 4247035ms] [WARNING] The resource https://vercel.com/_next/static/immutable/chunks/2trm0mcdarzxi.css was preloaded using link preload but not used within a few seconds from the window's load event. Please make sure it has an appropriate `as` value and it is preloaded intentionally. @ https://vercel.com/rigo-melchor-s-projects/foxtrading/settings/git:0
[ 4247035ms] [WARNING] The resource https://vercel.com/_next/static/immutable/chunks/1qn0by1dcdo0p.css was preloaded using link preload but not used within a few seconds from the window's load event. Please make sure it has an appropriate `as` value and it is preloaded intentionally. @ https://vercel.com/rigo-melchor-s-projects/foxtrading/settings/git:0
[ 4247035ms] [WARNING] The resource https://vercel.com/_next/static/immutable/chunks/0684o5f6tp9t5.css was preloaded using link preload but not used within a few seconds from the window's load event. Please make sure it has an appropriate `as` value and it is preloaded intentionally. @ https://vercel.com/rigo-melchor-s-projects/foxtrading/settings/git:0
[ 4247035ms] [WARNING] The resource https://vercel.com/_next/static/immutable/chunks/0rblmumf_9wz1.css was preloaded using link preload but not used within a few seconds from the window's load event. Please make sure it has an appropriate `as` value and it is preloaded intentionally. @ https://vercel.com/rigo-melchor-s-projects/foxtrading/settings/git:0
[ 4247035ms] [WARNING] The resource https://vercel.com/_next/static/immutable/chunks/1c374529bv7gx.css was preloaded using link preload but not used within a few seconds from the window's load event. Please make sure it has an appropriate `as` value and it is preloaded intentionally. @ https://vercel.com/rigo-melchor-s-projects/foxtrading/settings/git:0
[ 4247035ms] [WARNING] The resource https://vercel.com/_next/static/immutable/chunks/25nnd13fh_4k5.css was preloaded using link preload but not used within a few seconds from the window's load event. Please make sure it has an appropriate `as` value and it is preloaded intentionally. @ https://vercel.com/rigo-melchor-s-projects/foxtrading/settings/git:0
[ 4247035ms] [WARNING] The resource https://vercel.com/_next/static/immutable/chunks/3fd49nnoyujvi.css was preloaded using link preload but not used within a few seconds from the window's load event. Please make sure it has an appropriate `as` value and it is preloaded intentionally. @ https://vercel.com/rigo-melchor-s-projects/foxtrading/settings/git:0
[ 4247035ms] [WARNING] The resource https://vercel.com/_next/static/immutable/chunks/26_kjvxoedtei.css was preloaded using link preload but not used within a few seconds from the window's load event. Please make sure it has an appropriate `as` value and it is preloaded intentionally. @ https://vercel.com/rigo-melchor-s-projects/foxtrading/settings/git:0
[ 4247035ms] [WARNING] The resource https://vercel.com/_next/static/immutable/chunks/00rj9e71aqnzg.css was preloaded using link preload but not used within a few seconds from the window's load event. Please make sure it has an appropriate `as` value and it is preloaded intentionally. @ https://vercel.com/rigo-melchor-s-projects/foxtrading/settings/git:0
[ 4265787ms] [WARNING] The resource https://vercel.com/_next/static/immutable/chunks/1_9kzgnvckhta.css was preloaded using link preload but not used within a few seconds from the window's load event. Please make sure it has an appropriate `as` value and it is preloaded intentionally. @ https://vercel.com/rigo-melchor-s-projects/foxtrading/settings/git:0
[ 4265787ms] [WARNING] The resource https://vercel.com/_next/static/immutable/chunks/1y7np90zxj-un.css was preloaded using link preload but not used within a few seconds from the window's load event. Please make sure it has an appropriate `as` value and it is preloaded intentionally. @ https://vercel.com/rigo-melchor-s-projects/foxtrading/settings/git:0
[ 4265787ms] [WARNING] The resource https://vercel.com/_next/static/immutable/media/caa3a2e1cccd8315.p.0wgildi0cnwt9.woff2 was preloaded using link preload but not used within a few seconds from the window's load event. Please make sure it has an appropriate `as` value and it is preloaded intentionally. @ https://vercel.com/rigo-melchor-s-projects/foxtrading/settings/git:0
[ 4265787ms] [WARNING] The resource https://vercel.com/_next/static/immutable/chunks/02duv4riu_ql6.css was preloaded using link preload but not used within a few seconds from the window's load event. Please make sure it has an appropriate `as` value and it is preloaded intentionally. @ https://vercel.com/rigo-melchor-s-projects/foxtrading/settings/git:0
[ 4265787ms] [WARNING] The resource https://vercel.com/_next/static/immutable/media/GeistMono_Variable.p.1bcgm0qa26ixg.woff2 was preloaded using link preload but not used within a few seconds from the window's load event. Please make sure it has an appropriate `as` value and it is preloaded intentionally. @ https://vercel.com/rigo-melchor-s-projects/foxtrading/settings/git:0
[ 4265787ms] [WARNING] The resource https://vercel.com/_next/static/immutable/chunks/3d792zqltro0t.css was preloaded using link preload but not used within a few seconds from the window's load event. Please make sure it has an appropriate `as` value and it is preloaded intentionally. @ https://vercel.com/rigo-melchor-s-projects/foxtrading/settings/git:0
[ 4265787ms] [WARNING] The resource https://vercel.com/_next/static/immutable/chunks/3z9uffp9rqnx8.css was preloaded using link preload but not used within a few seconds from the window's load event. Please make sure it has an appropriate `as` value and it is preloaded intentionally. @ https://vercel.com/rigo-melchor-s-projects/foxtrading/settings/git:0
[ 4265787ms] [WARNING] The resource https://vercel.com/_next/static/immutable/chunks/0-shbsz3-8ybx.css was preloaded using link preload but not used within a few seconds from the window's load event. Please make sure it has an appropriate `as` value and it is preloaded intentionally. @ https://vercel.com/rigo-melchor-s-projects/foxtrading/settings/git:0
[ 4265787ms] [WARNING] The resource https://vercel.com/_next/static/immutable/chunks/3z36ncuffz89v.css was preloaded using link preload but not used within a few seconds from the window's load event. Please make sure it has an appropriate `as` value and it is preloaded intentionally. @ https://vercel.com/rigo-melchor-s-projects/foxtrading/settings/git:0
[ 4265787ms] [WARNING] The resource https://vercel.com/_next/static/immutable/chunks/1xg6gg5e39tni.css was preloaded using link preload but not used within a few seconds from the window's load event. Please make sure it has an appropriate `as` value and it is preloaded intentionally. @ https://vercel.com/rigo-melchor-s-projects/foxtrading/settings/git:0
[ 4265787ms] [WARNING] The resource https://vercel.com/_next/static/immutable/chunks/1hzff2kh3gano.css was preloaded using link preload but not used within a few seconds from the window's load event. Please make sure it has an appropriate `as` value and it is preloaded intentionally. @ https://vercel.com/rigo-melchor-s-projects/foxtrading/settings/git:0
[ 4265787ms] [WARNING] The resource https://vercel.com/_next/static/immutable/chunks/3wlp7de5275zh.css was preloaded using link preload but not used within a few seconds from the window's load event. Please make sure it has an appropriate `as` value and it is preloaded intentionally. @ https://vercel.com/rigo-melchor-s-projects/foxtrading/settings/git:0
[ 4265787ms] [WARNING] The resource https://vercel.com/_next/static/immutable/chunks/2trm0mcdarzxi.css was preloaded using link preload but not used within a few seconds from the window's load event. Please make sure it has an appropriate `as` value and it is preloaded intentionally. @ https://vercel.com/rigo-melchor-s-projects/foxtrading/settings/git:0
[ 4265787ms] [WARNING] The resource https://vercel.com/_next/static/immutable/chunks/1qn0by1dcdo0p.css was preloaded using link preload but not used within a few seconds from the window's load event. Please make sure it has an appropriate `as` value and it is preloaded intentionally. @ https://vercel.com/rigo-melchor-s-projects/foxtrading/settings/git:0
[ 4265787ms] [WARNING] The resource https://vercel.com/_next/static/immutable/chunks/0684o5f6tp9t5.css was preloaded using link preload but not used within a few seconds from the window's load event. Please make sure it has an appropriate `as` value and it is preloaded intentionally. @ https://vercel.com/rigo-melchor-s-projects/foxtrading/settings/git:0
[ 4265787ms] [WARNING] The resource https://vercel.com/_next/static/immutable/chunks/0rblmumf_9wz1.css was preloaded using link preload but not used within a few seconds from the window's load event. Please make sure it has an appropriate `as` value and it is preloaded intentionally. @ https://vercel.com/rigo-melchor-s-projects/foxtrading/settings/git:0
[ 4265787ms] [WARNING] The resource https://vercel.com/_next/static/immutable/chunks/1c374529bv7gx.css was preloaded using link preload but not used within a few seconds from the window's load event. Please make sure it has an appropriate `as` value and it is preloaded intentionally. @ https://vercel.com/rigo-melchor-s-projects/foxtrading/settings/git:0
[ 4265787ms] [WARNING] The resource https://vercel.com/_next/static/immutable/chunks/25nnd13fh_4k5.css was preloaded using link preload but not used within a few seconds from the window's load event. Please make sure it has an appropriate `as` value and it is preloaded intentionally. @ https://vercel.com/rigo-melchor-s-projects/foxtrading/settings/git:0
[ 4265787ms] [WARNING] The resource https://vercel.com/_next/static/immutable/chunks/3fd49nnoyujvi.css was preloaded using link preload but not used within a few seconds from the window's load event. Please make sure it has an appropriate `as` value and it is preloaded intentionally. @ https://vercel.com/rigo-melchor-s-projects/foxtrading/settings/git:0
[ 4265787ms] [WARNING] The resource https://vercel.com/_next/static/immutable/chunks/26_kjvxoedtei.css was preloaded using link preload but not used within a few seconds from the window's load event. Please make sure it has an appropriate `as` value and it is preloaded intentionally. @ https://vercel.com/rigo-melchor-s-projects/foxtrading/settings/git:0
[ 4265787ms] [WARNING] The resource https://vercel.com/_next/static/immutable/chunks/00rj9e71aqnzg.css was preloaded using link preload but not used within a few seconds from the window's load event. Please make sure it has an appropriate `as` value and it is preloaded intentionally. @ https://vercel.com/rigo-melchor-s-projects/foxtrading/settings/git:0
[ 4286941ms] [WARNING] The resource https://vercel.com/_next/static/immutable/chunks/1_9kzgnvckhta.css was preloaded using link preload but not used within a few seconds from the window's load event. Please make sure it has an appropriate `as` value and it is preloaded intentionally. @ https://vercel.com/rigo-melchor-s-projects/foxtrading/settings/git:0
[ 4286941ms] [WARNING] The resource https://vercel.com/_next/static/immutable/chunks/1y7np90zxj-un.css was preloaded using link preload but not used within a few seconds from the window's load event. Please make sure it has an appropriate `as` value and it is preloaded intentionally. @ https://vercel.com/rigo-melchor-s-projects/foxtrading/settings/git:0
[ 4286941ms] [WARNING] The resource https://vercel.com/_next/static/immutable/media/caa3a2e1cccd8315.p.0wgildi0cnwt9.woff2 was preloaded using link preload but not used within a few seconds from the window's load event. Please make sure it has an appropriate `as` value and it is preloaded intentionally. @ https://vercel.com/rigo-melchor-s-projects/foxtrading/settings/git:0
[ 4286941ms] [WARNING] The resource https://vercel.com/_next/static/immutable/chunks/02duv4riu_ql6.css was preloaded using link preload but not used within a few seconds from the window's load event. Please make sure it has an appropriate `as` value and it is preloaded intentionally. @ https://vercel.com/rigo-melchor-s-projects/foxtrading/settings/git:0
[ 4286941ms] [WARNING] The resource https://vercel.com/_next/static/immutable/media/GeistMono_Variable.p.1bcgm0qa26ixg.woff2 was preloaded using link preload but not used within a few seconds from the window's load event. Please make sure it has an appropriate `as` value and it is preloaded intentionally. @ https://vercel.com/rigo-melchor-s-projects/foxtrading/settings/git:0
[ 4286941ms] [WARNING] The resource https://vercel.com/_next/static/immutable/chunks/3d792zqltro0t.css was preloaded using link preload but not used within a few seconds from the window's load event. Please make sure it has an appropriate `as` value and it is preloaded intentionally. @ https://vercel.com/rigo-melchor-s-projects/foxtrading/settings/git:0
[ 4286941ms] [WARNING] The resource https://vercel.com/_next/static/immutable/chunks/3z9uffp9rqnx8.css was preloaded using link preload but not used within a few seconds from the window's load event. Please make sure it has an appropriate `as` value and it is preloaded intentionally. @ https://vercel.com/rigo-melchor-s-projects/foxtrading/settings/git:0
[ 4286941ms] [WARNING] The resource https://vercel.com/_next/static/immutable/chunks/0-shbsz3-8ybx.css was preloaded using link preload but not used within a few seconds from the window's load event. Please make sure it has an appropriate `as` value and it is preloaded intentionally. @ https://vercel.com/rigo-melchor-s-projects/foxtrading/settings/git:0
[ 4286941ms] [WARNING] The resource https://vercel.com/_next/static/immutable/chunks/3z36ncuffz89v.css was preloaded using link preload but not used within a few seconds from the window's load event. Please make sure it has an appropriate `as` value and it is preloaded intentionally. @ https://vercel.com/rigo-melchor-s-projects/foxtrading/settings/git:0
[ 4286941ms] [WARNING] The resource https://vercel.com/_next/static/immutable/chunks/1xg6gg5e39tni.css was preloaded using link preload but not used within a few seconds from the window's load event. Please make sure it has an appropriate `as` value and it is preloaded intentionally. @ https://vercel.com/rigo-melchor-s-projects/foxtrading/settings/git:0
[ 4286941ms] [WARNING] The resource https://vercel.com/_next/static/immutable/chunks/1hzff2kh3gano.css was preloaded using link preload but not used within a few seconds from the window's load event. Please make sure it has an appropriate `as` value and it is preloaded intentionally. @ https://vercel.com/rigo-melchor-s-projects/foxtrading/settings/git:0
[ 4286941ms] [WARNING] The resource https://vercel.com/_next/static/immutable/chunks/3wlp7de5275zh.css was preloaded using link preload but not used within a few seconds from the window's load event. Please make sure it has an appropriate `as` value and it is preloaded intentionally. @ https://vercel.com/rigo-melchor-s-projects/foxtrading/settings/git:0
[ 4286941ms] [WARNING] The resource https://vercel.com/_next/static/immutable/chunks/2trm0mcdarzxi.css was preloaded using link preload but not used within a few seconds from the window's load event. Please make sure it has an appropriate `as` value and it is preloaded intentionally. @ https://vercel.com/rigo-melchor-s-projects/foxtrading/settings/git:0
[ 4286941ms] [WARNING] The resource https://vercel.com/_next/static/immutable/chunks/1qn0by1dcdo0p.css was preloaded using link preload but not used within a few seconds from the window's load event. Please make sure it has an appropriate `as` value and it is preloaded intentionally. @ https://vercel.com/rigo-melchor-s-projects/foxtrading/settings/git:0
[ 4286941ms] [WARNING] The resource https://vercel.com/_next/static/immutable/chunks/0684o5f6tp9t5.css was preloaded using link preload but not used within a few seconds from the window's load event. Please make sure it has an appropriate `as` value and it is preloaded intentionally. @ https://vercel.com/rigo-melchor-s-projects/foxtrading/settings/git:0
[ 4286941ms] [WARNING] The resource https://vercel.com/_next/static/immutable/chunks/0rblmumf_9wz1.css was preloaded using link preload but not used within a few seconds from the window's load event. Please make sure it has an appropriate `as` value and it is preloaded intentionally. @ https://vercel.com/rigo-melchor-s-projects/foxtrading/settings/git:0
[ 4286941ms] [WARNING] The resource https://vercel.com/_next/static/immutable/chunks/1c374529bv7gx.css was preloaded using link preload but not used within a few seconds from the window's load event. Please make sure it has an appropriate `as` value and it is preloaded intentionally. @ https://vercel.com/rigo-melchor-s-projects/foxtrading/settings/git:0
[ 4286941ms] [WARNING] The resource https://vercel.com/_next/static/immutable/chunks/25nnd13fh_4k5.css was preloaded using link preload but not used within a few seconds from the window's load event. Please make sure it has an appropriate `as` value and it is preloaded intentionally. @ https://vercel.com/rigo-melchor-s-projects/foxtrading/settings/git:0
[ 4286941ms] [WARNING] The resource https://vercel.com/_next/static/immutable/chunks/3fd49nnoyujvi.css was preloaded using link preload but not used within a few seconds from the window's load event. Please make sure it has an appropriate `as` value and it is preloaded intentionally. @ https://vercel.com/rigo-melchor-s-projects/foxtrading/settings/git:0
[ 4286941ms] [WARNING] The resource https://vercel.com/_next/static/immutable/chunks/26_kjvxoedtei.css was preloaded using link preload but not used within a few seconds from the window's load event. Please make sure it has an appropriate `as` value and it is preloaded intentionally. @ https://vercel.com/rigo-melchor-s-projects/foxtrading/settings/git:0
[ 4286941ms] [WARNING] The resource https://vercel.com/_next/static/immutable/chunks/00rj9e71aqnzg.css was preloaded using link preload but not used within a few seconds from the window's load event. Please make sure it has an appropriate `as` value and it is preloaded intentionally. @ https://vercel.com/rigo-melchor-s-projects/foxtrading/settings/git:0
[ 4433846ms] [WARNING] The resource https://vercel.com/_next/static/immutable/chunks/1_9kzgnvckhta.css was preloaded using link preload but not used within a few seconds from the window's load event. Please make sure it has an appropriate `as` value and it is preloaded intentionally. @ https://vercel.com/rigo-melchor-s-projects/foxtrading/settings/git:0
[ 4433846ms] [WARNING] The resource https://vercel.com/_next/static/immutable/chunks/1y7np90zxj-un.css was preloaded using link preload but not used within a few seconds from the window's load event. Please make sure it has an appropriate `as` value and it is preloaded intentionally. @ https://vercel.com/rigo-melchor-s-projects/foxtrading/settings/git:0
[ 4433846ms] [WARNING] The resource https://vercel.com/_next/static/immutable/media/caa3a2e1cccd8315.p.0wgildi0cnwt9.woff2 was preloaded using link preload but not used within a few seconds from the window's load event. Please make sure it has an appropriate `as` value and it is preloaded intentionally. @ https://vercel.com/rigo-melchor-s-projects/foxtrading/settings/git:0
[ 4433846ms] [WARNING] The resource https://vercel.com/_next/static/immutable/chunks/02duv4riu_ql6.css was preloaded using link preload but not used within a few seconds from the window's load event. Please make sure it has an appropriate `as` value and it is preloaded intentionally. @ https://vercel.com/rigo-melchor-s-projects/foxtrading/settings/git:0
[ 4433846ms] [WARNING] The resource https://vercel.com/_next/static/immutable/media/GeistMono_Variable.p.1bcgm0qa26ixg.woff2 was preloaded using link preload but not used within a few seconds from the window's load event. Please make sure it has an appropriate `as` value and it is preloaded intentionally. @ https://vercel.com/rigo-melchor-s-projects/foxtrading/settings/git:0
[ 4433846ms] [WARNING] The resource https://vercel.com/_next/static/immutable/chunks/3d792zqltro0t.css was preloaded using link preload but not used within a few seconds from the window's load event. Please make sure it has an appropriate `as` value and it is preloaded intentionally. @ https://vercel.com/rigo-melchor-s-projects/foxtrading/settings/git:0
[ 4433846ms] [WARNING] The resource https://vercel.com/_next/static/immutable/chunks/3z9uffp9rqnx8.css was preloaded using link preload but not used within a few seconds from the window's load event. Please make sure it has an appropriate `as` value and it is preloaded intentionally. @ https://vercel.com/rigo-melchor-s-projects/foxtrading/settings/git:0
[ 4433846ms] [WARNING] The resource https://vercel.com/_next/static/immutable/chunks/0-shbsz3-8ybx.css was preloaded using link preload but not used within a few seconds from the window's load event. Please make sure it has an appropriate `as` value and it is preloaded intentionally. @ https://vercel.com/rigo-melchor-s-projects/foxtrading/settings/git:0
[ 4433846ms] [WARNING] The resource https://vercel.com/_next/static/immutable/chunks/3z36ncuffz89v.css was preloaded using link preload but not used within a few seconds from the window's load event. Please make sure it has an appropriate `as` value and it is preloaded intentionally. @ https://vercel.com/rigo-melchor-s-projects/foxtrading/settings/git:0
[ 4433846ms] [WARNING] The resource https://vercel.com/_next/static/immutable/chunks/1xg6gg5e39tni.css was preloaded using link preload but not used within a few seconds from the window's load event. Please make sure it has an appropriate `as` value and it is preloaded intentionally. @ https://vercel.com/rigo-melchor-s-projects/foxtrading/settings/git:0
[ 4433846ms] [WARNING] The resource https://vercel.com/_next/static/immutable/chunks/1hzff2kh3gano.css was preloaded using link preload but not used within a few seconds from the window's load event. Please make sure it has an appropriate `as` value and it is preloaded intentionally. @ https://vercel.com/rigo-melchor-s-projects/foxtrading/settings/git:0
[ 4433846ms] [WARNING] The resource https://vercel.com/_next/static/immutable/chunks/3wlp7de5275zh.css was preloaded using link preload but not used within a few seconds from the window's load event. Please make sure it has an appropriate `as` value and it is preloaded intentionally. @ https://vercel.com/rigo-melchor-s-projects/foxtrading/settings/git:0
[ 4433846ms] [WARNING] The resource https://vercel.com/_next/static/immutable/chunks/2trm0mcdarzxi.css was preloaded using link preload but not used within a few seconds from the window's load event. Please make sure it has an appropriate `as` value and it is preloaded intentionally. @ https://vercel.com/rigo-melchor-s-projects/foxtrading/settings/git:0
[ 4433846ms] [WARNING] The resource https://vercel.com/_next/static/immutable/chunks/1qn0by1dcdo0p.css was preloaded using link preload but not used within a few seconds from the window's load event. Please make sure it has an appropriate `as` value and it is preloaded intentionally. @ https://vercel.com/rigo-melchor-s-projects/foxtrading/settings/git:0
[ 4433846ms] [WARNING] The resource https://vercel.com/_next/static/immutable/chunks/0684o5f6tp9t5.css was preloaded using link preload but not used within a few seconds from the window's load event. Please make sure it has an appropriate `as` value and it is preloaded intentionally. @ https://vercel.com/rigo-melchor-s-projects/foxtrading/settings/git:0
[ 4433846ms] [WARNING] The resource https://vercel.com/_next/static/immutable/chunks/0rblmumf_9wz1.css was preloaded using link preload but not used within a few seconds from the window's load event. Please make sure it has an appropriate `as` value and it is preloaded intentionally. @ https://vercel.com/rigo-melchor-s-projects/foxtrading/settings/git:0
[ 4433846ms] [WARNING] The resource https://vercel.com/_next/static/immutable/chunks/1c374529bv7gx.css was preloaded using link preload but not used within a few seconds from the window's load event. Please make sure it has an appropriate `as` value and it is preloaded intentionally. @ https://vercel.com/rigo-melchor-s-projects/foxtrading/settings/git:0
[ 4433846ms] [WARNING] The resource https://vercel.com/_next/static/immutable/chunks/25nnd13fh_4k5.css was preloaded using link preload but not used within a few seconds from the window's load event. Please make sure it has an appropriate `as` value and it is preloaded intentionally. @ https://vercel.com/rigo-melchor-s-projects/foxtrading/settings/git:0
[ 4433846ms] [WARNING] The resource https://vercel.com/_next/static/immutable/chunks/3fd49nnoyujvi.css was preloaded using link preload but not used within a few seconds from the window's load event. Please make sure it has an appropriate `as` value and it is preloaded intentionally. @ https://vercel.com/rigo-melchor-s-projects/foxtrading/settings/git:0
[ 4433846ms] [WARNING] The resource https://vercel.com/_next/static/immutable/chunks/26_kjvxoedtei.css was preloaded using link preload but not used within a few seconds from the window's load event. Please make sure it has an appropriate `as` value and it is preloaded intentionally. @ https://vercel.com/rigo-melchor-s-projects/foxtrading/settings/git:0
[ 4433846ms] [WARNING] The resource https://vercel.com/_next/static/immutable/chunks/00rj9e71aqnzg.css was preloaded using link preload but not used within a few seconds from the window's load event. Please make sure it has an appropriate `as` value and it is preloaded intentionally. @ https://vercel.com/rigo-melchor-s-projects/foxtrading/settings/git:0
[ 4526519ms] [WARNING] The resource https://vercel.com/_next/static/immutable/chunks/1_9kzgnvckhta.css was preloaded using link preload but not used within a few seconds from the window's load event. Please make sure it has an appropriate `as` value and it is preloaded intentionally. @ https://vercel.com/rigo-melchor-s-projects/foxtrading/settings/git:0
[ 4526519ms] [WARNING] The resource https://vercel.com/_next/static/immutable/chunks/1y7np90zxj-un.css was preloaded using link preload but not used within a few seconds from the window's load event. Please make sure it has an appropriate `as` value and it is preloaded intentionally. @ https://vercel.com/rigo-melchor-s-projects/foxtrading/settings/git:0
[ 4526519ms] [WARNING] The resource https://vercel.com/_next/static/immutable/media/caa3a2e1cccd8315.p.0wgildi0cnwt9.woff2 was preloaded using link preload but not used within a few seconds from the window's load event. Please make sure it has an appropriate `as` value and it is preloaded intentionally. @ https://vercel.com/rigo-melchor-s-projects/foxtrading/settings/git:0
[ 4526519ms] [WARNING] The resource https://vercel.com/_next/static/immutable/chunks/02duv4riu_ql6.css was preloaded using link preload but not used within a few seconds from the window's load event. Please make sure it has an appropriate `as` value and it is preloaded intentionally. @ https://vercel.com/rigo-melchor-s-projects/foxtrading/settings/git:0
[ 4526520ms] [WARNING] The resource https://vercel.com/_next/static/immutable/media/GeistMono_Variable.p.1bcgm0qa26ixg.woff2 was preloaded using link preload but not used within a few seconds from the window's load event. Please make sure it has an appropriate `as` value and it is preloaded intentionally. @ https://vercel.com/rigo-melchor-s-projects/foxtrading/settings/git:0
[ 4526520ms] [WARNING] The resource https://vercel.com/_next/static/immutable/chunks/3d792zqltro0t.css was preloaded using link preload but not used within a few seconds from the window's load event. Please make sure it has an appropriate `as` value and it is preloaded intentionally. @ https://vercel.com/rigo-melchor-s-projects/foxtrading/settings/git:0
[ 4526520ms] [WARNING] The resource https://vercel.com/_next/static/immutable/chunks/3z9uffp9rqnx8.css was preloaded using link preload but not used within a few seconds from the window's load event. Please make sure it has an appropriate `as` value and it is preloaded intentionally. @ https://vercel.com/rigo-melchor-s-projects/foxtrading/settings/git:0
[ 4526520ms] [WARNING] The resource https://vercel.com/_next/static/immutable/chunks/0-shbsz3-8ybx.css was preloaded using link preload but not used within a few seconds from the window's load event. Please make sure it has an appropriate `as` value and it is preloaded intentionally. @ https://vercel.com/rigo-melchor-s-projects/foxtrading/settings/git:0
[ 4526520ms] [WARNING] The resource https://vercel.com/_next/static/immutable/chunks/3z36ncuffz89v.css was preloaded using link preload but not used within a few seconds from the window's load event. Please make sure it has an appropriate `as` value and it is preloaded intentionally. @ https://vercel.com/rigo-melchor-s-projects/foxtrading/settings/git:0
[ 4526520ms] [WARNING] The resource https://vercel.com/_next/static/immutable/chunks/1xg6gg5e39tni.css was preloaded using link preload but not used within a few seconds from the window's load event. Please make sure it has an appropriate `as` value and it is preloaded intentionally. @ https://vercel.com/rigo-melchor-s-projects/foxtrading/settings/git:0
[ 4526520ms] [WARNING] The resource https://vercel.com/_next/static/immutable/chunks/1hzff2kh3gano.css was preloaded using link preload but not used within a few seconds from the window's load event. Please make sure it has an appropriate `as` value and it is preloaded intentionally. @ https://vercel.com/rigo-melchor-s-projects/foxtrading/settings/git:0
[ 4526520ms] [WARNING] The resource https://vercel.com/_next/static/immutable/chunks/3wlp7de5275zh.css was preloaded using link preload but not used within a few seconds from the window's load event. Please make sure it has an appropriate `as` value and it is preloaded intentionally. @ https://vercel.com/rigo-melchor-s-projects/foxtrading/settings/git:0
[ 4526520ms] [WARNING] The resource https://vercel.com/_next/static/immutable/chunks/2trm0mcdarzxi.css was preloaded using link preload but not used within a few seconds from the window's load event. Please make sure it has an appropriate `as` value and it is preloaded intentionally. @ https://vercel.com/rigo-melchor-s-projects/foxtrading/settings/git:0
[ 4526520ms] [WARNING] The resource https://vercel.com/_next/static/immutable/chunks/1qn0by1dcdo0p.css was preloaded using link preload but not used within a few seconds from the window's load event. Please make sure it has an appropriate `as` value and it is preloaded intentionally. @ https://vercel.com/rigo-melchor-s-projects/foxtrading/settings/git:0
[ 4526520ms] [WARNING] The resource https://vercel.com/_next/static/immutable/chunks/0684o5f6tp9t5.css was preloaded using link preload but not used within a few seconds from the window's load event. Please make sure it has an appropriate `as` value and it is preloaded intentionally. @ https://vercel.com/rigo-melchor-s-projects/foxtrading/settings/git:0
[ 4526520ms] [WARNING] The resource https://vercel.com/_next/static/immutable/chunks/0rblmumf_9wz1.css was preloaded using link preload but not used within a few seconds from the window's load event. Please make sure it has an appropriate `as` value and it is preloaded intentionally. @ https://vercel.com/rigo-melchor-s-projects/foxtrading/settings/git:0
[ 4526520ms] [WARNING] The resource https://vercel.com/_next/static/immutable/chunks/1c374529bv7gx.css was preloaded using link preload but not used within a few seconds from the window's load event. Please make sure it has an appropriate `as` value and it is preloaded intentionally. @ https://vercel.com/rigo-melchor-s-projects/foxtrading/settings/git:0
[ 4526520ms] [WARNING] The resource https://vercel.com/_next/static/immutable/chunks/25nnd13fh_4k5.css was preloaded using link preload but not used within a few seconds from the window's load event. Please make sure it has an appropriate `as` value and it is preloaded intentionally. @ https://vercel.com/rigo-melchor-s-projects/foxtrading/settings/git:0
[ 4526520ms] [WARNING] The resource https://vercel.com/_next/static/immutable/chunks/3fd49nnoyujvi.css was preloaded using link preload but not used within a few seconds from the window's load event. Please make sure it has an appropriate `as` value and it is preloaded intentionally. @ https://vercel.com/rigo-melchor-s-projects/foxtrading/settings/git:0
[ 4526520ms] [WARNING] The resource https://vercel.com/_next/static/immutable/chunks/26_kjvxoedtei.css was preloaded using link preload but not used within a few seconds from the window's load event. Please make sure it has an appropriate `as` value and it is preloaded intentionally. @ https://vercel.com/rigo-melchor-s-projects/foxtrading/settings/git:0
[ 4526520ms] [WARNING] The resource https://vercel.com/_next/static/immutable/chunks/00rj9e71aqnzg.css was preloaded using link preload but not used within a few seconds from the window's load event. Please make sure it has an appropriate `as` value and it is preloaded intentionally. @ https://vercel.com/rigo-melchor-s-projects/foxtrading/settings/git:0
[ 7298171ms] [WARNING] The resource https://vercel.com/_next/static/immutable/chunks/1_9kzgnvckhta.css was preloaded using link preload but not used within a few seconds from the window's load event. Please make sure it has an appropriate `as` value and it is preloaded intentionally. @ https://vercel.com/rigo-melchor-s-projects/foxtrading/settings/git:0
[ 7298171ms] [WARNING] The resource https://vercel.com/_next/static/immutable/chunks/1y7np90zxj-un.css was preloaded using link preload but not used within a few seconds from the window's load event. Please make sure it has an appropriate `as` value and it is preloaded intentionally. @ https://vercel.com/rigo-melchor-s-projects/foxtrading/settings/git:0
[ 7298171ms] [WARNING] The resource https://vercel.com/_next/static/immutable/media/caa3a2e1cccd8315.p.0wgildi0cnwt9.woff2 was preloaded using link preload but not used within a few seconds from the window's load event. Please make sure it has an appropriate `as` value and it is preloaded intentionally. @ https://vercel.com/rigo-melchor-s-projects/foxtrading/settings/git:0
[ 7298171ms] [WARNING] The resource https://vercel.com/_next/static/immutable/chunks/02duv4riu_ql6.css was preloaded using link preload but not used within a few seconds from the window's load event. Please make sure it has an appropriate `as` value and it is preloaded intentionally. @ https://vercel.com/rigo-melchor-s-projects/foxtrading/settings/git:0
[ 7298171ms] [WARNING] The resource https://vercel.com/_next/static/immutable/media/GeistMono_Variable.p.1bcgm0qa26ixg.woff2 was preloaded using link preload but not used within a few seconds from the window's load event. Please make sure it has an appropriate `as` value and it is preloaded intentionally. @ https://vercel.com/rigo-melchor-s-projects/foxtrading/settings/git:0
[ 7298171ms] [WARNING] The resource https://vercel.com/_next/static/immutable/chunks/3d792zqltro0t.css was preloaded using link preload but not used within a few seconds from the window's load event. Please make sure it has an appropriate `as` value and it is preloaded intentionally. @ https://vercel.com/rigo-melchor-s-projects/foxtrading/settings/git:0
[ 7298171ms] [WARNING] The resource https://vercel.com/_next/static/immutable/chunks/3z9uffp9rqnx8.css was preloaded using link preload but not used within a few seconds from the window's load event. Please make sure it has an appropriate `as` value and it is preloaded intentionally. @ https://vercel.com/rigo-melchor-s-projects/foxtrading/settings/git:0
[ 7298171ms] [WARNING] The resource https://vercel.com/_next/static/immutable/chunks/0-shbsz3-8ybx.css was preloaded using link preload but not used within a few seconds from the window's load event. Please make sure it has an appropriate `as` value and it is preloaded intentionally. @ https://vercel.com/rigo-melchor-s-projects/foxtrading/settings/git:0
[ 7298171ms] [WARNING] The resource https://vercel.com/_next/static/immutable/chunks/3z36ncuffz89v.css was preloaded using link preload but not used within a few seconds from the window's load event. Please make sure it has an appropriate `as` value and it is preloaded intentionally. @ https://vercel.com/rigo-melchor-s-projects/foxtrading/settings/git:0
[ 7298172ms] [WARNING] The resource https://vercel.com/_next/static/immutable/chunks/1xg6gg5e39tni.css was preloaded using link preload but not used within a few seconds from the window's load event. Please make sure it has an appropriate `as` value and it is preloaded intentionally. @ https://vercel.com/rigo-melchor-s-projects/foxtrading/settings/git:0
[ 7298172ms] [WARNING] The resource https://vercel.com/_next/static/immutable/chunks/1hzff2kh3gano.css was preloaded using link preload but not used within a few seconds from the window's load event. Please make sure it has an appropriate `as` value and it is preloaded intentionally. @ https://vercel.com/rigo-melchor-s-projects/foxtrading/settings/git:0
[ 7298172ms] [WARNING] The resource https://vercel.com/_next/static/immutable/chunks/3wlp7de5275zh.css was preloaded using link preload but not used within a few seconds from the window's load event. Please make sure it has an appropriate `as` value and it is preloaded intentionally. @ https://vercel.com/rigo-melchor-s-projects/foxtrading/settings/git:0
[ 7298172ms] [WARNING] The resource https://vercel.com/_next/static/immutable/chunks/2trm0mcdarzxi.css was preloaded using link preload but not used within a few seconds from the window's load event. Please make sure it has an appropriate `as` value and it is preloaded intentionally. @ https://vercel.com/rigo-melchor-s-projects/foxtrading/settings/git:0
[ 7298172ms] [WARNING] The resource https://vercel.com/_next/static/immutable/chunks/1qn0by1dcdo0p.css was preloaded using link preload but not used within a few seconds from the window's load event. Please make sure it has an appropriate `as` value and it is preloaded intentionally. @ https://vercel.com/rigo-melchor-s-projects/foxtrading/settings/git:0
[ 7298172ms] [WARNING] The resource https://vercel.com/_next/static/immutable/chunks/0684o5f6tp9t5.css was preloaded using link preload but not used within a few seconds from the window's load event. Please make sure it has an appropriate `as` value and it is preloaded intentionally. @ https://vercel.com/rigo-melchor-s-projects/foxtrading/settings/git:0
[ 7298172ms] [WARNING] The resource https://vercel.com/_next/static/immutable/chunks/0rblmumf_9wz1.css was preloaded using link preload but not used within a few seconds from the window's load event. Please make sure it has an appropriate `as` value and it is preloaded intentionally. @ https://vercel.com/rigo-melchor-s-projects/foxtrading/settings/git:0
[ 7298172ms] [WARNING] The resource https://vercel.com/_next/static/immutable/chunks/1c374529bv7gx.css was preloaded using link preload but not used within a few seconds from the window's load event. Please make sure it has an appropriate `as` value and it is preloaded intentionally. @ https://vercel.com/rigo-melchor-s-projects/foxtrading/settings/git:0
[ 7298172ms] [WARNING] The resource https://vercel.com/_next/static/immutable/chunks/25nnd13fh_4k5.css was preloaded using link preload but not used within a few seconds from the window's load event. Please make sure it has an appropriate `as` value and it is preloaded intentionally. @ https://vercel.com/rigo-melchor-s-projects/foxtrading/settings/git:0
[ 7298172ms] [WARNING] The resource https://vercel.com/_next/static/immutable/chunks/3fd49nnoyujvi.css was preloaded using link preload but not used within a few seconds from the window's load event. Please make sure it has an appropriate `as` value and it is preloaded intentionally. @ https://vercel.com/rigo-melchor-s-projects/foxtrading/settings/git:0
[ 7298172ms] [WARNING] The resource https://vercel.com/_next/static/immutable/chunks/26_kjvxoedtei.css was preloaded using link preload but not used within a few seconds from the window's load event. Please make sure it has an appropriate `as` value and it is preloaded intentionally. @ https://vercel.com/rigo-melchor-s-projects/foxtrading/settings/git:0
[ 7298172ms] [WARNING] The resource https://vercel.com/_next/static/immutable/chunks/00rj9e71aqnzg.css was preloaded using link preload but not used within a few seconds from the window's load event. Please make sure it has an appropriate `as` value and it is preloaded intentionally. @ https://vercel.com/rigo-melchor-s-projects/foxtrading/settings/git:0
[ 9118860ms] [ERROR] WebSocket connection to 'wss://api.knock.app/ws/v1/websocket?user_token=eyJhbGciOiJSUzI1NiJ9.eyJzdWIiOiJ3YmpKdktESUQ4YnhFMm1OZ3gxYVpqNVkiLCJpYXQiOjE3ODA5OTQzODgsImV4cCI6MTc4MTA4MDc4OCwiZXhwbGljaXRfZ3JhbnRzIjpmYWxzZSwiZ3JhbnRzIjp7Imh0dHBzOi8vYXBpLmtub2NrLmFwcC92MS91c2Vycy93YmpKdktESUQ4YnhFMm1OZ3gxYVpqNVkiOnsidXNlci9yZWFkIjpbe31dfSwiaHR0cHM6Ly9hcGkua25vY2suYXBwL3YxL3RlbmFudHMvdGVhbV9PQ2Zxc2owcWFuY2NuVm5zVVVJTDQ3dGYiOnsidXNlci9mZWVkX3JlYWQiOlt7fV0sInVzZXIvZmVlZF93cml0ZSI6W3t9XSwicHJlZmVyZW5jZXMvcmVhZCI6W3t9XSwicHJlZmVyZW5jZXMvd3JpdGU...WqlHBiflTaWak4KBGJiLZsn-KGiM2Fu4RTAaBceCn-knofOQFsdUbm3G43MAh1Bip03X7AWxuYxWLR4Qw8qtaKLVTmNX9bMt6N0c9BsZeJ-nm4Nwyc51V987xg8_9oDYgAd0Fgr4YI6Hid67icLqQxjnXqToWtKO_hDthNEphg6Lvfr3RaM0K5VUdHKygFJyEOB1R8oOVzyUJPGv4CNzdQKLMKiTdDOX3a2p6ngmK9Is6rC9ET74Ee2hGGuVzb8ypr5GpwoKAGQaqvlqgCcY3ymdLDaddf5PUsX3bas3mz225POKi9lalqkX2kM8eZ7oYiW-fa98ggurRpmBTOi4tZ4nk1M-Nz8lytaoz17Wkg0IA3ZWmw8rAteXGBeKlV-RLkMBKsYYiTA2gPApJyN0ayhcNjAU1SdtrXKBBJuaXS9qZJGFLO1rmuvYp5Jt8&api_key=pk_sGyo5kwT7eSqbSJyN9XO3REsbzYSo9X_QH9gQLTr93o&vsn=2.0.0' failed: Error in connection establishment: net::ERR_NETWORK_IO_SUSPENDED @ https://vercel.com/_next/static/immutable/chunks/0dhd8edoyjrs3.js:1
[10898879ms] [WARNING] The resource https://vercel.com/_next/static/immutable/chunks/1_9kzgnvckhta.css was preloaded using link preload but not used within a few seconds from the window's load event. Please make sure it has an appropriate `as` value and it is preloaded intentionally. @ https://vercel.com/rigo-melchor-s-projects/foxtrading/settings/git:0
[10898880ms] [WARNING] The resource https://vercel.com/_next/static/immutable/chunks/1y7np90zxj-un.css was preloaded using link preload but not used within a few seconds from the window's load event. Please make sure it has an appropriate `as` value and it is preloaded intentionally. @ https://vercel.com/rigo-melchor-s-projects/foxtrading/settings/git:0
[10898880ms] [WARNING] The resource https://vercel.com/_next/static/immutable/media/caa3a2e1cccd8315.p.0wgildi0cnwt9.woff2 was preloaded using link preload but not used within a few seconds from the window's load event. Please make sure it has an appropriate `as` value and it is preloaded intentionally. @ https://vercel.com/rigo-melchor-s-projects/foxtrading/settings/git:0
[10898880ms] [WARNING] The resource https://vercel.com/_next/static/immutable/chunks/02duv4riu_ql6.css was preloaded using link preload but not used within a few seconds from the window's load event. Please make sure it has an appropriate `as` value and it is preloaded intentionally. @ https://vercel.com/rigo-melchor-s-projects/foxtrading/settings/git:0
[10898880ms] [WARNING] The resource https://vercel.com/_next/static/immutable/media/GeistMono_Variable.p.1bcgm0qa26ixg.woff2 was preloaded using link preload but not used within a few seconds from the window's load event. Please make sure it has an appropriate `as` value and it is preloaded intentionally. @ https://vercel.com/rigo-melchor-s-projects/foxtrading/settings/git:0
[10898880ms] [WARNING] The resource https://vercel.com/_next/static/immutable/chunks/3d792zqltro0t.css was preloaded using link preload but not used within a few seconds from the window's load event. Please make sure it has an appropriate `as` value and it is preloaded intentionally. @ https://vercel.com/rigo-melchor-s-projects/foxtrading/settings/git:0
[10898880ms] [WARNING] The resource https://vercel.com/_next/static/immutable/chunks/3z9uffp9rqnx8.css was preloaded using link preload but not used within a few seconds from the window's load event. Please make sure it has an appropriate `as` value and it is preloaded intentionally. @ https://vercel.com/rigo-melchor-s-projects/foxtrading/settings/git:0
[10898880ms] [WARNING] The resource https://vercel.com/_next/static/immutable/chunks/0-shbsz3-8ybx.css was preloaded using link preload but not used within a few seconds from the window's load event. Please make sure it has an appropriate `as` value and it is preloaded intentionally. @ https://vercel.com/rigo-melchor-s-projects/foxtrading/settings/git:0
[10898880ms] [WARNING] The resource https://vercel.com/_next/static/immutable/chunks/3z36ncuffz89v.css was preloaded using link preload but not used within a few seconds from the window's load event. Please make sure it has an appropriate `as` value and it is preloaded intentionally. @ https://vercel.com/rigo-melchor-s-projects/foxtrading/settings/git:0
[10898880ms] [WARNING] The resource https://vercel.com/_next/static/immutable/chunks/1xg6gg5e39tni.css was preloaded using link preload but not used within a few seconds from the window's load event. Please make sure it has an appropriate `as` value and it is preloaded intentionally. @ https://vercel.com/rigo-melchor-s-projects/foxtrading/settings/git:0
[10898880ms] [WARNING] The resource https://vercel.com/_next/static/immutable/chunks/1hzff2kh3gano.css was preloaded using link preload but not used within a few seconds from the window's load event. Please make sure it has an appropriate `as` value and it is preloaded intentionally. @ https://vercel.com/rigo-melchor-s-projects/foxtrading/settings/git:0
[10898880ms] [WARNING] The resource https://vercel.com/_next/static/immutable/chunks/3wlp7de5275zh.css was preloaded using link preload but not used within a few seconds from the window's load event. Please make sure it has an appropriate `as` value and it is preloaded intentionally. @ https://vercel.com/rigo-melchor-s-projects/foxtrading/settings/git:0
[10898880ms] [WARNING] The resource https://vercel.com/_next/static/immutable/chunks/2trm0mcdarzxi.css was preloaded using link preload but not used within a few seconds from the window's load event. Please make sure it has an appropriate `as` value and it is preloaded intentionally. @ https://vercel.com/rigo-melchor-s-projects/foxtrading/settings/git:0
[10898880ms] [WARNING] The resource https://vercel.com/_next/static/immutable/chunks/1qn0by1dcdo0p.css was preloaded using link preload but not used within a few seconds from the window's load event. Please make sure it has an appropriate `as` value and it is preloaded intentionally. @ https://vercel.com/rigo-melchor-s-projects/foxtrading/settings/git:0
[10898880ms] [WARNING] The resource https://vercel.com/_next/static/immutable/chunks/0684o5f6tp9t5.css was preloaded using link preload but not used within a few seconds from the window's load event. Please make sure it has an appropriate `as` value and it is preloaded intentionally. @ https://vercel.com/rigo-melchor-s-projects/foxtrading/settings/git:0
[10898880ms] [WARNING] The resource https://vercel.com/_next/static/immutable/chunks/0rblmumf_9wz1.css was preloaded using link preload but not used within a few seconds from the window's load event. Please make sure it has an appropriate `as` value and it is preloaded intentionally. @ https://vercel.com/rigo-melchor-s-projects/foxtrading/settings/git:0
[10898880ms] [WARNING] The resource https://vercel.com/_next/static/immutable/chunks/1c374529bv7gx.css was preloaded using link preload but not used within a few seconds from the window's load event. Please make sure it has an appropriate `as` value and it is preloaded intentionally. @ https://vercel.com/rigo-melchor-s-projects/foxtrading/settings/git:0
[10898880ms] [WARNING] The resource https://vercel.com/_next/static/immutable/chunks/25nnd13fh_4k5.css was preloaded using link preload but not used within a few seconds from the window's load event. Please make sure it has an appropriate `as` value and it is preloaded intentionally. @ https://vercel.com/rigo-melchor-s-projects/foxtrading/settings/git:0
[10898880ms] [WARNING] The resource https://vercel.com/_next/static/immutable/chunks/3fd49nnoyujvi.css was preloaded using link preload but not used within a few seconds from the window's load event. Please make sure it has an appropriate `as` value and it is preloaded intentionally. @ https://vercel.com/rigo-melchor-s-projects/foxtrading/settings/git:0
[10898880ms] [WARNING] The resource https://vercel.com/_next/static/immutable/chunks/26_kjvxoedtei.css was preloaded using link preload but not used within a few seconds from the window's load event. Please make sure it has an appropriate `as` value and it is preloaded intentionally. @ https://vercel.com/rigo-melchor-s-projects/foxtrading/settings/git:0
[10898880ms] [WARNING] The resource https://vercel.com/_next/static/immutable/chunks/00rj9e71aqnzg.css was preloaded using link preload but not used within a few seconds from the window's load event. Please make sure it has an appropriate `as` value and it is preloaded intentionally. @ https://vercel.com/rigo-melchor-s-projects/foxtrading/settings/git:0
[14499450ms] [WARNING] The resource https://vercel.com/_next/static/immutable/chunks/1_9kzgnvckhta.css was preloaded using link preload but not used within a few seconds from the window's load event. Please make sure it has an appropriate `as` value and it is preloaded intentionally. @ https://vercel.com/rigo-melchor-s-projects/foxtrading/settings/git:0
[14499450ms] [WARNING] The resource https://vercel.com/_next/static/immutable/chunks/1y7np90zxj-un.css was preloaded using link preload but not used within a few seconds from the window's load event. Please make sure it has an appropriate `as` value and it is preloaded intentionally. @ https://vercel.com/rigo-melchor-s-projects/foxtrading/settings/git:0
[14499450ms] [WARNING] The resource https://vercel.com/_next/static/immutable/media/caa3a2e1cccd8315.p.0wgildi0cnwt9.woff2 was preloaded using link preload but not used within a few seconds from the window's load event. Please make sure it has an appropriate `as` value and it is preloaded intentionally. @ https://vercel.com/rigo-melchor-s-projects/foxtrading/settings/git:0
[14499450ms] [WARNING] The resource https://vercel.com/_next/static/immutable/chunks/02duv4riu_ql6.css was preloaded using link preload but not used within a few seconds from the window's load event. Please make sure it has an appropriate `as` value and it is preloaded intentionally. @ https://vercel.com/rigo-melchor-s-projects/foxtrading/settings/git:0
[14499450ms] [WARNING] The resource https://vercel.com/_next/static/immutable/media/GeistMono_Variable.p.1bcgm0qa26ixg.woff2 was preloaded using link preload but not used within a few seconds from the window's load event. Please make sure it has an appropriate `as` value and it is preloaded intentionally. @ https://vercel.com/rigo-melchor-s-projects/foxtrading/settings/git:0
[14499450ms] [WARNING] The resource https://vercel.com/_next/static/immutable/chunks/3d792zqltro0t.css was preloaded using link preload but not used within a few seconds from the window's load event. Please make sure it has an appropriate `as` value and it is preloaded intentionally. @ https://vercel.com/rigo-melchor-s-projects/foxtrading/settings/git:0
[14499450ms] [WARNING] The resource https://vercel.com/_next/static/immutable/chunks/3z9uffp9rqnx8.css was preloaded using link preload but not used within a few seconds from the window's load event. Please make sure it has an appropriate `as` value and it is preloaded intentionally. @ https://vercel.com/rigo-melchor-s-projects/foxtrading/settings/git:0
[14499450ms] [WARNING] The resource https://vercel.com/_next/static/immutable/chunks/0-shbsz3-8ybx.css was preloaded using link preload but not used within a few seconds from the window's load event. Please make sure it has an appropriate `as` value and it is preloaded intentionally. @ https://vercel.com/rigo-melchor-s-projects/foxtrading/settings/git:0
[14499450ms] [WARNING] The resource https://vercel.com/_next/static/immutable/chunks/3z36ncuffz89v.css was preloaded using link preload but not used within a few seconds from the window's load event. Please make sure it has an appropriate `as` value and it is preloaded intentionally. @ https://vercel.com/rigo-melchor-s-projects/foxtrading/settings/git:0
[14499450ms] [WARNING] The resource https://vercel.com/_next/static/immutable/chunks/1xg6gg5e39tni.css was preloaded using link preload but not used within a few seconds from the window's load event. Please make sure it has an appropriate `as` value and it is preloaded intentionally. @ https://vercel.com/rigo-melchor-s-projects/foxtrading/settings/git:0
[14499450ms] [WARNING] The resource https://vercel.com/_next/static/immutable/chunks/1hzff2kh3gano.css was preloaded using link preload but not used within a few seconds from the window's load event. Please make sure it has an appropriate `as` value and it is preloaded intentionally. @ https://vercel.com/rigo-melchor-s-projects/foxtrading/settings/git:0
[14499450ms] [WARNING] The resource https://vercel.com/_next/static/immutable/chunks/3wlp7de5275zh.css was preloaded using link preload but not used within a few seconds from the window's load event. Please make sure it has an appropriate `as` value and it is preloaded intentionally. @ https://vercel.com/rigo-melchor-s-projects/foxtrading/settings/git:0
[14499450ms] [WARNING] The resource https://vercel.com/_next/static/immutable/chunks/2trm0mcdarzxi.css was preloaded using link preload but not used within a few seconds from the window's load event. Please make sure it has an appropriate `as` value and it is preloaded intentionally. @ https://vercel.com/rigo-melchor-s-projects/foxtrading/settings/git:0
[14499450ms] [WARNING] The resource https://vercel.com/_next/static/immutable/chunks/1qn0by1dcdo0p.css was preloaded using link preload but not used within a few seconds from the window's load event. Please make sure it has an appropriate `as` value and it is preloaded intentionally. @ https://vercel.com/rigo-melchor-s-projects/foxtrading/settings/git:0
[14499450ms] [WARNING] The resource https://vercel.com/_next/static/immutable/chunks/0684o5f6tp9t5.css was preloaded using link preload but not used within a few seconds from the window's load event. Please make sure it has an appropriate `as` value and it is preloaded intentionally. @ https://vercel.com/rigo-melchor-s-projects/foxtrading/settings/git:0
[14499450ms] [WARNING] The resource https://vercel.com/_next/static/immutable/chunks/0rblmumf_9wz1.css was preloaded using link preload but not used within a few seconds from the window's load event. Please make sure it has an appropriate `as` value and it is preloaded intentionally. @ https://vercel.com/rigo-melchor-s-projects/foxtrading/settings/git:0
[14499450ms] [WARNING] The resource https://vercel.com/_next/static/immutable/chunks/1c374529bv7gx.css was preloaded using link preload but not used within a few seconds from the window's load event. Please make sure it has an appropriate `as` value and it is preloaded intentionally. @ https://vercel.com/rigo-melchor-s-projects/foxtrading/settings/git:0
[14499450ms] [WARNING] The resource https://vercel.com/_next/static/immutable/chunks/25nnd13fh_4k5.css was preloaded using link preload but not used within a few seconds from the window's load event. Please make sure it has an appropriate `as` value and it is preloaded intentionally. @ https://vercel.com/rigo-melchor-s-projects/foxtrading/settings/git:0
[14499450ms] [WARNING] The resource https://vercel.com/_next/static/immutable/chunks/3fd49nnoyujvi.css was preloaded using link preload but not used within a few seconds from the window's load event. Please make sure it has an appropriate `as` value and it is preloaded intentionally. @ https://vercel.com/rigo-melchor-s-projects/foxtrading/settings/git:0
[14499450ms] [WARNING] The resource https://vercel.com/_next/static/immutable/chunks/26_kjvxoedtei.css was preloaded using link preload but not used within a few seconds from the window's load event. Please make sure it has an appropriate `as` value and it is preloaded intentionally. @ https://vercel.com/rigo-melchor-s-projects/foxtrading/settings/git:0
[14499450ms] [WARNING] The resource https://vercel.com/_next/static/immutable/chunks/00rj9e71aqnzg.css was preloaded using link preload but not used within a few seconds from the window's load event. Please make sure it has an appropriate `as` value and it is preloaded intentionally. @ https://vercel.com/rigo-melchor-s-projects/foxtrading/settings/git:0
[18100338ms] [WARNING] The resource https://vercel.com/_next/static/immutable/chunks/1_9kzgnvckhta.css was preloaded using link preload but not used within a few seconds from the window's load event. Please make sure it has an appropriate `as` value and it is preloaded intentionally. @ https://vercel.com/rigo-melchor-s-projects/foxtrading/settings/git:0
[18100338ms] [WARNING] The resource https://vercel.com/_next/static/immutable/chunks/1y7np90zxj-un.css was preloaded using link preload but not used within a few seconds from the window's load event. Please make sure it has an appropriate `as` value and it is preloaded intentionally. @ https://vercel.com/rigo-melchor-s-projects/foxtrading/settings/git:0
[18100338ms] [WARNING] The resource https://vercel.com/_next/static/immutable/media/caa3a2e1cccd8315.p.0wgildi0cnwt9.woff2 was preloaded using link preload but not used within a few seconds from the window's load event. Please make sure it has an appropriate `as` value and it is preloaded intentionally. @ https://vercel.com/rigo-melchor-s-projects/foxtrading/settings/git:0
[18100338ms] [WARNING] The resource https://vercel.com/_next/static/immutable/chunks/02duv4riu_ql6.css was preloaded using link preload but not used within a few seconds from the window's load event. Please make sure it has an appropriate `as` value and it is preloaded intentionally. @ https://vercel.com/rigo-melchor-s-projects/foxtrading/settings/git:0
[18100338ms] [WARNING] The resource https://vercel.com/_next/static/immutable/media/GeistMono_Variable.p.1bcgm0qa26ixg.woff2 was preloaded using link preload but not used within a few seconds from the window's load event. Please make sure it has an appropriate `as` value and it is preloaded intentionally. @ https://vercel.com/rigo-melchor-s-projects/foxtrading/settings/git:0
[18100338ms] [WARNING] The resource https://vercel.com/_next/static/immutable/chunks/3d792zqltro0t.css was preloaded using link preload but not used within a few seconds from the window's load event. Please make sure it has an appropriate `as` value and it is preloaded intentionally. @ https://vercel.com/rigo-melchor-s-projects/foxtrading/settings/git:0
[18100338ms] [WARNING] The resource https://vercel.com/_next/static/immutable/chunks/3z9uffp9rqnx8.css was preloaded using link preload but not used within a few seconds from the window's load event. Please make sure it has an appropriate `as` value and it is preloaded intentionally. @ https://vercel.com/rigo-melchor-s-projects/foxtrading/settings/git:0
[18100338ms] [WARNING] The resource https://vercel.com/_next/static/immutable/chunks/0-shbsz3-8ybx.css was preloaded using link preload but not used within a few seconds from the window's load event. Please make sure it has an appropriate `as` value and it is preloaded intentionally. @ https://vercel.com/rigo-melchor-s-projects/foxtrading/settings/git:0
[18100338ms] [WARNING] The resource https://vercel.com/_next/static/immutable/chunks/3z36ncuffz89v.css was preloaded using link preload but not used within a few seconds from the window's load event. Please make sure it has an appropriate `as` value and it is preloaded intentionally. @ https://vercel.com/rigo-melchor-s-projects/foxtrading/settings/git:0
[18100338ms] [WARNING] The resource https://vercel.com/_next/static/immutable/chunks/1xg6gg5e39tni.css was preloaded using link preload but not used within a few seconds from the window's load event. Please make sure it has an appropriate `as` value and it is preloaded intentionally. @ https://vercel.com/rigo-melchor-s-projects/foxtrading/settings/git:0
[18100338ms] [WARNING] The resource https://vercel.com/_next/static/immutable/chunks/1hzff2kh3gano.css was preloaded using link preload but not used within a few seconds from the window's load event. Please make sure it has an appropriate `as` value and it is preloaded intentionally. @ https://vercel.com/rigo-melchor-s-projects/foxtrading/settings/git:0
[18100338ms] [WARNING] The resource https://vercel.com/_next/static/immutable/chunks/3wlp7de5275zh.css was preloaded using link preload but not used within a few seconds from the window's load event. Please make sure it has an appropriate `as` value and it is preloaded intentionally. @ https://vercel.com/rigo-melchor-s-projects/foxtrading/settings/git:0
[18100338ms] [WARNING] The resource https://vercel.com/_next/static/immutable/chunks/2trm0mcdarzxi.css was preloaded using link preload but not used within a few seconds from the window's load event. Please make sure it has an appropriate `as` value and it is preloaded intentionally. @ https://vercel.com/rigo-melchor-s-projects/foxtrading/settings/git:0
[18100338ms] [WARNING] The resource https://vercel.com/_next/static/immutable/chunks/1qn0by1dcdo0p.css was preloaded using link preload but not used within a few seconds from the window's load event. Please make sure it has an appropriate `as` value and it is preloaded intentionally. @ https://vercel.com/rigo-melchor-s-projects/foxtrading/settings/git:0
[18100338ms] [WARNING] The resource https://vercel.com/_next/static/immutable/chunks/0684o5f6tp9t5.css was preloaded using link preload but not used within a few seconds from the window's load event. Please make sure it has an appropriate `as` value and it is preloaded intentionally. @ https://vercel.com/rigo-melchor-s-projects/foxtrading/settings/git:0
[18100338ms] [WARNING] The resource https://vercel.com/_next/static/immutable/chunks/0rblmumf_9wz1.css was preloaded using link preload but not used within a few seconds from the window's load event. Please make sure it has an appropriate `as` value and it is preloaded intentionally. @ https://vercel.com/rigo-melchor-s-projects/foxtrading/settings/git:0
[18100338ms] [WARNING] The resource https://vercel.com/_next/static/immutable/chunks/1c374529bv7gx.css was preloaded using link preload but not used within a few seconds from the window's load event. Please make sure it has an appropriate `as` value and it is preloaded intentionally. @ https://vercel.com/rigo-melchor-s-projects/foxtrading/settings/git:0
[18100338ms] [WARNING] The resource https://vercel.com/_next/static/immutable/chunks/25nnd13fh_4k5.css was preloaded using link preload but not used within a few seconds from the window's load event. Please make sure it has an appropriate `as` value and it is preloaded intentionally. @ https://vercel.com/rigo-melchor-s-projects/foxtrading/settings/git:0
[18100338ms] [WARNING] The resource https://vercel.com/_next/static/immutable/chunks/3fd49nnoyujvi.css was preloaded using link preload but not used within a few seconds from the window's load event. Please make sure it has an appropriate `as` value and it is preloaded intentionally. @ https://vercel.com/rigo-melchor-s-projects/foxtrading/settings/git:0
[18100338ms] [WARNING] The resource https://vercel.com/_next/static/immutable/chunks/26_kjvxoedtei.css was preloaded using link preload but not used within a few seconds from the window's load event. Please make sure it has an appropriate `as` value and it is preloaded intentionally. @ https://vercel.com/rigo-melchor-s-projects/foxtrading/settings/git:0
[18100338ms] [WARNING] The resource https://vercel.com/_next/static/immutable/chunks/00rj9e71aqnzg.css was preloaded using link preload but not used within a few seconds from the window's load event. Please make sure it has an appropriate `as` value and it is preloaded intentionally. @ https://vercel.com/rigo-melchor-s-projects/foxtrading/settings/git:0
[21710371ms] [WARNING] The resource https://vercel.com/_next/static/immutable/chunks/1_9kzgnvckhta.css was preloaded using link preload but not used within a few seconds from the window's load event. Please make sure it has an appropriate `as` value and it is preloaded intentionally. @ https://vercel.com/rigo-melchor-s-projects/foxtrading/settings/git:0
[21710371ms] [WARNING] The resource https://vercel.com/_next/static/immutable/chunks/1y7np90zxj-un.css was preloaded using link preload but not used within a few seconds from the window's load event. Please make sure it has an appropriate `as` value and it is preloaded intentionally. @ https://vercel.com/rigo-melchor-s-projects/foxtrading/settings/git:0
[21710371ms] [WARNING] The resource https://vercel.com/_next/static/immutable/media/caa3a2e1cccd8315.p.0wgildi0cnwt9.woff2 was preloaded using link preload but not used within a few seconds from the window's load event. Please make sure it has an appropriate `as` value and it is preloaded intentionally. @ https://vercel.com/rigo-melchor-s-projects/foxtrading/settings/git:0
[21710371ms] [WARNING] The resource https://vercel.com/_next/static/immutable/chunks/02duv4riu_ql6.css was preloaded using link preload but not used within a few seconds from the window's load event. Please make sure it has an appropriate `as` value and it is preloaded intentionally. @ https://vercel.com/rigo-melchor-s-projects/foxtrading/settings/git:0
[21710371ms] [WARNING] The resource https://vercel.com/_next/static/immutable/media/GeistMono_Variable.p.1bcgm0qa26ixg.woff2 was preloaded using link preload but not used within a few seconds from the window's load event. Please make sure it has an appropriate `as` value and it is preloaded intentionally. @ https://vercel.com/rigo-melchor-s-projects/foxtrading/settings/git:0
[21710371ms] [WARNING] The resource https://vercel.com/_next/static/immutable/chunks/3d792zqltro0t.css was preloaded using link preload but not used within a few seconds from the window's load event. Please make sure it has an appropriate `as` value and it is preloaded intentionally. @ https://vercel.com/rigo-melchor-s-projects/foxtrading/settings/git:0
[21710371ms] [WARNING] The resource https://vercel.com/_next/static/immutable/chunks/3z9uffp9rqnx8.css was preloaded using link preload but not used within a few seconds from the window's load event. Please make sure it has an appropriate `as` value and it is preloaded intentionally. @ https://vercel.com/rigo-melchor-s-projects/foxtrading/settings/git:0
[21710371ms] [WARNING] The resource https://vercel.com/_next/static/immutable/chunks/0-shbsz3-8ybx.css was preloaded using link preload but not used within a few seconds from the window's load event. Please make sure it has an appropriate `as` value and it is preloaded intentionally. @ https://vercel.com/rigo-melchor-s-projects/foxtrading/settings/git:0
[21710371ms] [WARNING] The resource https://vercel.com/_next/static/immutable/chunks/3z36ncuffz89v.css was preloaded using link preload but not used within a few seconds from the window's load event. Please make sure it has an appropriate `as` value and it is preloaded intentionally. @ https://vercel.com/rigo-melchor-s-projects/foxtrading/settings/git:0
[21710371ms] [WARNING] The resource https://vercel.com/_next/static/immutable/chunks/1xg6gg5e39tni.css was preloaded using link preload but not used within a few seconds from the window's load event. Please make sure it has an appropriate `as` value and it is preloaded intentionally. @ https://vercel.com/rigo-melchor-s-projects/foxtrading/settings/git:0
[21710371ms] [WARNING] The resource https://vercel.com/_next/static/immutable/chunks/1hzff2kh3gano.css was preloaded using link preload but not used within a few seconds from the window's load event. Please make sure it has an appropriate `as` value and it is preloaded intentionally. @ https://vercel.com/rigo-melchor-s-projects/foxtrading/settings/git:0
[21710371ms] [WARNING] The resource https://vercel.com/_next/static/immutable/chunks/3wlp7de5275zh.css was preloaded using link preload but not used within a few seconds from the window's load event. Please make sure it has an appropriate `as` value and it is preloaded intentionally. @ https://vercel.com/rigo-melchor-s-projects/foxtrading/settings/git:0
[21710371ms] [WARNING] The resource https://vercel.com/_next/static/immutable/chunks/2trm0mcdarzxi.css was preloaded using link preload but not used within a few seconds from the window's load event. Please make sure it has an appropriate `as` value and it is preloaded intentionally. @ https://vercel.com/rigo-melchor-s-projects/foxtrading/settings/git:0
[21710371ms] [WARNING] The resource https://vercel.com/_next/static/immutable/chunks/1qn0by1dcdo0p.css was preloaded using link preload but not used within a few seconds from the window's load event. Please make sure it has an appropriate `as` value and it is preloaded intentionally. @ https://vercel.com/rigo-melchor-s-projects/foxtrading/settings/git:0
[21710371ms] [WARNING] The resource https://vercel.com/_next/static/immutable/chunks/0684o5f6tp9t5.css was preloaded using link preload but not used within a few seconds from the window's load event. Please make sure it has an appropriate `as` value and it is preloaded intentionally. @ https://vercel.com/rigo-melchor-s-projects/foxtrading/settings/git:0
[21710371ms] [WARNING] The resource https://vercel.com/_next/static/immutable/chunks/0rblmumf_9wz1.css was preloaded using link preload but not used within a few seconds from the window's load event. Please make sure it has an appropriate `as` value and it is preloaded intentionally. @ https://vercel.com/rigo-melchor-s-projects/foxtrading/settings/git:0
[21710371ms] [WARNING] The resource https://vercel.com/_next/static/immutable/chunks/1c374529bv7gx.css was preloaded using link preload but not used within a few seconds from the window's load event. Please make sure it has an appropriate `as` value and it is preloaded intentionally. @ https://vercel.com/rigo-melchor-s-projects/foxtrading/settings/git:0
[21710371ms] [WARNING] The resource https://vercel.com/_next/static/immutable/chunks/25nnd13fh_4k5.css was preloaded using link preload but not used within a few seconds from the window's load event. Please make sure it has an appropriate `as` value and it is preloaded intentionally. @ https://vercel.com/rigo-melchor-s-projects/foxtrading/settings/git:0
[21710371ms] [WARNING] The resource https://vercel.com/_next/static/immutable/chunks/3fd49nnoyujvi.css was preloaded using link preload but not used within a few seconds from the window's load event. Please make sure it has an appropriate `as` value and it is preloaded intentionally. @ https://vercel.com/rigo-melchor-s-projects/foxtrading/settings/git:0
[21710371ms] [WARNING] The resource https://vercel.com/_next/static/immutable/chunks/26_kjvxoedtei.css was preloaded using link preload but not used within a few seconds from the window's load event. Please make sure it has an appropriate `as` value and it is preloaded intentionally. @ https://vercel.com/rigo-melchor-s-projects/foxtrading/settings/git:0
[21710371ms] [WARNING] The resource https://vercel.com/_next/static/immutable/chunks/00rj9e71aqnzg.css was preloaded using link preload but not used within a few seconds from the window's load event. Please make sure it has an appropriate `as` value and it is preloaded intentionally. @ https://vercel.com/rigo-melchor-s-projects/foxtrading/settings/git:0
[25312047ms] [WARNING] The resource https://vercel.com/_next/static/immutable/chunks/1_9kzgnvckhta.css was preloaded using link preload but not used within a few seconds from the window's load event. Please make sure it has an appropriate `as` value and it is preloaded intentionally. @ https://vercel.com/rigo-melchor-s-projects/foxtrading/settings/git:0
[25312047ms] [WARNING] The resource https://vercel.com/_next/static/immutable/chunks/1y7np90zxj-un.css was preloaded using link preload but not used within a few seconds from the window's load event. Please make sure it has an appropriate `as` value and it is preloaded intentionally. @ https://vercel.com/rigo-melchor-s-projects/foxtrading/settings/git:0
[25312047ms] [WARNING] The resource https://vercel.com/_next/static/immutable/media/caa3a2e1cccd8315.p.0wgildi0cnwt9.woff2 was preloaded using link preload but not used within a few seconds from the window's load event. Please make sure it has an appropriate `as` value and it is preloaded intentionally. @ https://vercel.com/rigo-melchor-s-projects/foxtrading/settings/git:0
[25312047ms] [WARNING] The resource https://vercel.com/_next/static/immutable/chunks/02duv4riu_ql6.css was preloaded using link preload but not used within a few seconds from the window's load event. Please make sure it has an appropriate `as` value and it is preloaded intentionally. @ https://vercel.com/rigo-melchor-s-projects/foxtrading/settings/git:0
[25312047ms] [WARNING] The resource https://vercel.com/_next/static/immutable/media/GeistMono_Variable.p.1bcgm0qa26ixg.woff2 was preloaded using link preload but not used within a few seconds from the window's load event. Please make sure it has an appropriate `as` value and it is preloaded intentionally. @ https://vercel.com/rigo-melchor-s-projects/foxtrading/settings/git:0
[25312047ms] [WARNING] The resource https://vercel.com/_next/static/immutable/chunks/3d792zqltro0t.css was preloaded using link preload but not used within a few seconds from the window's load event. Please make sure it has an appropriate `as` value and it is preloaded intentionally. @ https://vercel.com/rigo-melchor-s-projects/foxtrading/settings/git:0
[25312047ms] [WARNING] The resource https://vercel.com/_next/static/immutable/chunks/3z9uffp9rqnx8.css was preloaded using link preload but not used within a few seconds from the window's load event. Please make sure it has an appropriate `as` value and it is preloaded intentionally. @ https://vercel.com/rigo-melchor-s-projects/foxtrading/settings/git:0
[25312047ms] [WARNING] The resource https://vercel.com/_next/static/immutable/chunks/0-shbsz3-8ybx.css was preloaded using link preload but not used within a few seconds from the window's load event. Please make sure it has an appropriate `as` value and it is preloaded intentionally. @ https://vercel.com/rigo-melchor-s-projects/foxtrading/settings/git:0
[25312047ms] [WARNING] The resource https://vercel.com/_next/static/immutable/chunks/3z36ncuffz89v.css was preloaded using link preload but not used within a few seconds from the window's load event. Please make sure it has an appropriate `as` value and it is preloaded intentionally. @ https://vercel.com/rigo-melchor-s-projects/foxtrading/settings/git:0
[25312047ms] [WARNING] The resource https://vercel.com/_next/static/immutable/chunks/1xg6gg5e39tni.css was preloaded using link preload but not used within a few seconds from the window's load event. Please make sure it has an appropriate `as` value and it is preloaded intentionally. @ https://vercel.com/rigo-melchor-s-projects/foxtrading/settings/git:0
[25312047ms] [WARNING] The resource https://vercel.com/_next/static/immutable/chunks/1hzff2kh3gano.css was preloaded using link preload but not used within a few seconds from the window's load event. Please make sure it has an appropriate `as` value and it is preloaded intentionally. @ https://vercel.com/rigo-melchor-s-projects/foxtrading/settings/git:0
[25312047ms] [WARNING] The resource https://vercel.com/_next/static/immutable/chunks/3wlp7de5275zh.css was preloaded using link preload but not used within a few seconds from the window's load event. Please make sure it has an appropriate `as` value and it is preloaded intentionally. @ https://vercel.com/rigo-melchor-s-projects/foxtrading/settings/git:0
[25312047ms] [WARNING] The resource https://vercel.com/_next/static/immutable/chunks/2trm0mcdarzxi.css was preloaded using link preload but not used within a few seconds from the window's load event. Please make sure it has an appropriate `as` value and it is preloaded intentionally. @ https://vercel.com/rigo-melchor-s-projects/foxtrading/settings/git:0
[25312047ms] [WARNING] The resource https://vercel.com/_next/static/immutable/chunks/1qn0by1dcdo0p.css was preloaded using link preload but not used within a few seconds from the window's load event. Please make sure it has an appropriate `as` value and it is preloaded intentionally. @ https://vercel.com/rigo-melchor-s-projects/foxtrading/settings/git:0
[25312047ms] [WARNING] The resource https://vercel.com/_next/static/immutable/chunks/0684o5f6tp9t5.css was preloaded using link preload but not used within a few seconds from the window's load event. Please make sure it has an appropriate `as` value and it is preloaded intentionally. @ https://vercel.com/rigo-melchor-s-projects/foxtrading/settings/git:0
[25312047ms] [WARNING] The resource https://vercel.com/_next/static/immutable/chunks/0rblmumf_9wz1.css was preloaded using link preload but not used within a few seconds from the window's load event. Please make sure it has an appropriate `as` value and it is preloaded intentionally. @ https://vercel.com/rigo-melchor-s-projects/foxtrading/settings/git:0
[25312047ms] [WARNING] The resource https://vercel.com/_next/static/immutable/chunks/1c374529bv7gx.css was preloaded using link preload but not used within a few seconds from the window's load event. Please make sure it has an appropriate `as` value and it is preloaded intentionally. @ https://vercel.com/rigo-melchor-s-projects/foxtrading/settings/git:0
[25312047ms] [WARNING] The resource https://vercel.com/_next/static/immutable/chunks/25nnd13fh_4k5.css was preloaded using link preload but not used within a few seconds from the window's load event. Please make sure it has an appropriate `as` value and it is preloaded intentionally. @ https://vercel.com/rigo-melchor-s-projects/foxtrading/settings/git:0
[25312047ms] [WARNING] The resource https://vercel.com/_next/static/immutable/chunks/3fd49nnoyujvi.css was preloaded using link preload but not used within a few seconds from the window's load event. Please make sure it has an appropriate `as` value and it is preloaded intentionally. @ https://vercel.com/rigo-melchor-s-projects/foxtrading/settings/git:0
[25312047ms] [WARNING] The resource https://vercel.com/_next/static/immutable/chunks/26_kjvxoedtei.css was preloaded using link preload but not used within a few seconds from the window's load event. Please make sure it has an appropriate `as` value and it is preloaded intentionally. @ https://vercel.com/rigo-melchor-s-projects/foxtrading/settings/git:0
[25312047ms] [WARNING] The resource https://vercel.com/_next/static/immutable/chunks/00rj9e71aqnzg.css was preloaded using link preload but not used within a few seconds from the window's load event. Please make sure it has an appropriate `as` value and it is preloaded intentionally. @ https://vercel.com/rigo-melchor-s-projects/foxtrading/settings/git:0
[28912439ms] [WARNING] The resource https://vercel.com/_next/static/immutable/chunks/1_9kzgnvckhta.css was preloaded using link preload but not used within a few seconds from the window's load event. Please make sure it has an appropriate `as` value and it is preloaded intentionally. @ https://vercel.com/rigo-melchor-s-projects/foxtrading/settings/git:0
[28912439ms] [WARNING] The resource https://vercel.com/_next/static/immutable/chunks/1y7np90zxj-un.css was preloaded using link preload but not used within a few seconds from the window's load event. Please make sure it has an appropriate `as` value and it is preloaded intentionally. @ https://vercel.com/rigo-melchor-s-projects/foxtrading/settings/git:0
[28912439ms] [WARNING] The resource https://vercel.com/_next/static/immutable/media/caa3a2e1cccd8315.p.0wgildi0cnwt9.woff2 was preloaded using link preload but not used within a few seconds from the window's load event. Please make sure it has an appropriate `as` value and it is preloaded intentionally. @ https://vercel.com/rigo-melchor-s-projects/foxtrading/settings/git:0
[28912439ms] [WARNING] The resource https://vercel.com/_next/static/immutable/chunks/02duv4riu_ql6.css was preloaded using link preload but not used within a few seconds from the window's load event. Please make sure it has an appropriate `as` value and it is preloaded intentionally. @ https://vercel.com/rigo-melchor-s-projects/foxtrading/settings/git:0
[28912439ms] [WARNING] The resource https://vercel.com/_next/static/immutable/media/GeistMono_Variable.p.1bcgm0qa26ixg.woff2 was preloaded using link preload but not used within a few seconds from the window's load event. Please make sure it has an appropriate `as` value and it is preloaded intentionally. @ https://vercel.com/rigo-melchor-s-projects/foxtrading/settings/git:0
[28912439ms] [WARNING] The resource https://vercel.com/_next/static/immutable/chunks/3d792zqltro0t.css was preloaded using link preload but not used within a few seconds from the window's load event. Please make sure it has an appropriate `as` value and it is preloaded intentionally. @ https://vercel.com/rigo-melchor-s-projects/foxtrading/settings/git:0
[28912440ms] [WARNING] The resource https://vercel.com/_next/static/immutable/chunks/3z9uffp9rqnx8.css was preloaded using link preload but not used within a few seconds from the window's load event. Please make sure it has an appropriate `as` value and it is preloaded intentionally. @ https://vercel.com/rigo-melchor-s-projects/foxtrading/settings/git:0
[28912440ms] [WARNING] The resource https://vercel.com/_next/static/immutable/chunks/0-shbsz3-8ybx.css was preloaded using link preload but not used within a few seconds from the window's load event. Please make sure it has an appropriate `as` value and it is preloaded intentionally. @ https://vercel.com/rigo-melchor-s-projects/foxtrading/settings/git:0
[28912440ms] [WARNING] The resource https://vercel.com/_next/static/immutable/chunks/3z36ncuffz89v.css was preloaded using link preload but not used within a few seconds from the window's load event. Please make sure it has an appropriate `as` value and it is preloaded intentionally. @ https://vercel.com/rigo-melchor-s-projects/foxtrading/settings/git:0
[28912440ms] [WARNING] The resource https://vercel.com/_next/static/immutable/chunks/1xg6gg5e39tni.css was preloaded using link preload but not used within a few seconds from the window's load event. Please make sure it has an appropriate `as` value and it is preloaded intentionally. @ https://vercel.com/rigo-melchor-s-projects/foxtrading/settings/git:0
[28912440ms] [WARNING] The resource https://vercel.com/_next/static/immutable/chunks/1hzff2kh3gano.css was preloaded using link preload but not used within a few seconds from the window's load event. Please make sure it has an appropriate `as` value and it is preloaded intentionally. @ https://vercel.com/rigo-melchor-s-projects/foxtrading/settings/git:0
[28912441ms] [WARNING] The resource https://vercel.com/_next/static/immutable/chunks/3wlp7de5275zh.css was preloaded using link preload but not used within a few seconds from the window's load event. Please make sure it has an appropriate `as` value and it is preloaded intentionally. @ https://vercel.com/rigo-melchor-s-projects/foxtrading/settings/git:0
[28912441ms] [WARNING] The resource https://vercel.com/_next/static/immutable/chunks/2trm0mcdarzxi.css was preloaded using link preload but not used within a few seconds from the window's load event. Please make sure it has an appropriate `as` value and it is preloaded intentionally. @ https://vercel.com/rigo-melchor-s-projects/foxtrading/settings/git:0
[28912441ms] [WARNING] The resource https://vercel.com/_next/static/immutable/chunks/1qn0by1dcdo0p.css was preloaded using link preload but not used within a few seconds from the window's load event. Please make sure it has an appropriate `as` value and it is preloaded intentionally. @ https://vercel.com/rigo-melchor-s-projects/foxtrading/settings/git:0
[28912441ms] [WARNING] The resource https://vercel.com/_next/static/immutable/chunks/0684o5f6tp9t5.css was preloaded using link preload but not used within a few seconds from the window's load event. Please make sure it has an appropriate `as` value and it is preloaded intentionally. @ https://vercel.com/rigo-melchor-s-projects/foxtrading/settings/git:0
[28912441ms] [WARNING] The resource https://vercel.com/_next/static/immutable/chunks/0rblmumf_9wz1.css was preloaded using link preload but not used within a few seconds from the window's load event. Please make sure it has an appropriate `as` value and it is preloaded intentionally. @ https://vercel.com/rigo-melchor-s-projects/foxtrading/settings/git:0
[28912442ms] [WARNING] The resource https://vercel.com/_next/static/immutable/chunks/1c374529bv7gx.css was preloaded using link preload but not used within a few seconds from the window's load event. Please make sure it has an appropriate `as` value and it is preloaded intentionally. @ https://vercel.com/rigo-melchor-s-projects/foxtrading/settings/git:0
[28912442ms] [WARNING] The resource https://vercel.com/_next/static/immutable/chunks/25nnd13fh_4k5.css was preloaded using link preload but not used within a few seconds from the window's load event. Please make sure it has an appropriate `as` value and it is preloaded intentionally. @ https://vercel.com/rigo-melchor-s-projects/foxtrading/settings/git:0
[28912442ms] [WARNING] The resource https://vercel.com/_next/static/immutable/chunks/3fd49nnoyujvi.css was preloaded using link preload but not used within a few seconds from the window's load event. Please make sure it has an appropriate `as` value and it is preloaded intentionally. @ https://vercel.com/rigo-melchor-s-projects/foxtrading/settings/git:0
[28912442ms] [WARNING] The resource https://vercel.com/_next/static/immutable/chunks/26_kjvxoedtei.css was preloaded using link preload but not used within a few seconds from the window's load event. Please make sure it has an appropriate `as` value and it is preloaded intentionally. @ https://vercel.com/rigo-melchor-s-projects/foxtrading/settings/git:0
[28912442ms] [WARNING] The resource https://vercel.com/_next/static/immutable/chunks/00rj9e71aqnzg.css was preloaded using link preload but not used within a few seconds from the window's load event. Please make sure it has an appropriate `as` value and it is preloaded intentionally. @ https://vercel.com/rigo-melchor-s-projects/foxtrading/settings/git:0
