[    1325ms] [LOG] %c
▲

 _____ _              _                    _   _             __
|_   _| |__   ___    / \   __ _  ___ _ __ | |_(_) ___       / /
  | | | '_ \ / _ \  / _ \ / _` |/ _ \ '_ \| __| |/ __|     / /
  | | | | | |  __/ / ___ \ (_| |  __/ | | | |_| | (__     /_/
  |_| |_| |_|\___|/_/   \_\__, |\___|_| |_|\__|_|\___|    (_)
                           |___/
 ___        __               _                   _                 _
|_ _|_ __  / _|_ __ __ _ ___| |_ _ __ _   _  ___| |_ _   _ _ __ ___
 | || '_ \| |_| '__/ _` / __| __| '__| | | |/ __| __| | | | '__/ _ \
 | || | | |  _| | | (_| \__ \ |_| |  | |_| | (__| |_| |_| | | |  __/
|___|_| |_|_| |_|  \__,_|___/\__|_|   \__,_|\___|\__|\__,_|_|  \___|
  

Hello!

- Open Source https://vercel.com/oss
- Careers https://vercel.com/careers
- Status https://vercel-status.com

 font-family: "Geist Mono", monospace; white-space: pre; line-height: 1; @ https://vercel.com/_next/static/immutable/chunks/10bipm_r0kfgr.js:78
[    1852ms] [WARNING] iso_swr: SSR fetch failed for "/api/v9/projects/foxtrading/domains?limit=91&teamId=rigo-melchor-s-projects" {error: iso_swr_fetch_error, message: The request is missing an authentication token} @ https://vercel.com/rigo-melchor-s-projects/foxtrading/settings/domains:624
[    2330ms] [WARNING] iso_swr[warn] [client] fallback error for key: "/api/v9/projects/foxtrading/domains?limit=91&teamId=rigo-melchor-s-projects" {error: iso_swr_fetch_error, message: The request is missing an authentication token} @ https://vercel.com/_next/static/immutable/chunks/29b5t6w0adlfp.js:2
[    2561ms] [WARNING] Deprecated API for given entry type. @ https://vercel.com/_next/static/immutable/chunks/3-tnb_jpr7237.js:18
[    2665ms] [ERROR] Failed to load resource: the server responded with a status of 404 () @ https://vercel.com/api/chat/sPqpcEB9Y3HxUljt/stream:0
[    2685ms] [WARNING] [omniagent] chat stream failed Error: {"error":{"code":"not_found","message":"The requested API endpoint was not found."}}
    at oS.reconnectToStream (https://vercel.com/_next/static/immutable/chunks/2deoqshqycxk0.js:38:48063)
    at async ae.makeRequest (https://vercel.com/_next/static/immutable/chunks/2deoqshqycxk0.js:23:47520)
    at async ae.resumeStream (https://vercel.com/_next/static/immutable/chunks/2deoqshqycxk0.js:23:44598) @ https://vercel.com/_next/static/immutable/chunks/3-tnb_jpr7237.js:16
[    2718ms] [ERROR] Failed to load resource: the server responded with a status of 429 () @ https://o205439.ingest.sentry.io/api/1323670/envelope/?sentry_key=d00780d432ac4ccf882f60dd02062e14&sentry_version=7&sentry_client=sentry.javascript.browser%2F7.111.0:0
[    2826ms] [ERROR] Failed to load resource: the server responded with a status of 403 () @ https://vercel.com/api/v6/domains/ftsgp.net?teamId=rigo-melchor-s-projects:0
[    2844ms] [ERROR] Failed to load resource: the server responded with a status of 403 () @ https://vercel.com/api/v6/domains/foxtradingsingapore.com?teamId=rigo-melchor-s-projects:0
[    2844ms] [ERROR] Failed to load resource: the server responded with a status of 403 () @ https://vercel.com/api/v6/domains/www.ftsgp.net?teamId=rigo-melchor-s-projects:0
[    2844ms] [ERROR] Failed to load resource: the server responded with a status of 403 () @ https://vercel.com/api/v6/domains/www.foxtradingsingapore.com?teamId=rigo-melchor-s-projects:0
[    2851ms] [ERROR] Failed to load resource: the server responded with a status of 403 () @ https://vercel.com/api/v6/domains/ftsgp.com?teamId=rigo-melchor-s-projects:0
[    2865ms] [ERROR] Failed to load resource: the server responded with a status of 400 () @ https://vercel.com/api/front-domains/domain-connect/status?domain=foxtradingsingapore.com:0
[    2866ms] [ERROR] Failed to load resource: the server responded with a status of 400 () @ https://vercel.com/api/front-domains/domain-connect/status?domain=www.foxtradingsingapore.com:0
[    2872ms] [LOG] Ignored request error CustomFetchError: Unexpected response: text/plain Domain connect record not found
    at g (https://vercel.com/_next/static/immutable/chunks/3sm5e1b93o0jy.js:2:37791)
    at async https://vercel.com/_next/static/immutable/chunks/1gvyyr3h4217j.js:2:12183 @ https://vercel.com/_next/static/immutable/chunks/3-tnb_jpr7237.js:16
[    2874ms] [LOG] Ignored request error CustomFetchError: Unexpected response: text/plain Domain connect record not found
    at g (https://vercel.com/_next/static/immutable/chunks/3sm5e1b93o0jy.js:2:37791)
    at async https://vercel.com/_next/static/immutable/chunks/1gvyyr3h4217j.js:2:12183 @ https://vercel.com/_next/static/immutable/chunks/3-tnb_jpr7237.js:16
[    3135ms] [ERROR] Failed to load resource: the server responded with a status of 403 () @ https://vercel.com/api/v6/domains/www.ftsgp.com?teamId=rigo-melchor-s-projects:0
[   18987ms] [ERROR] Failed to load resource: the server responded with a status of 404 () @ https://vercel.com/api/v3/projects/foxtrading/link?teamId=team_OCfqsj0qanccnVnsUUIL47tf:0
[   25741ms] [WARNING] The resource https://vercel.com/_next/static/immutable/chunks/1y7np90zxj-un.css was preloaded using link preload but not used within a few seconds from the window's load event. Please make sure it has an appropriate `as` value and it is preloaded intentionally. @ https://vercel.com/rigo-melchor-s-projects/foxtrading/settings/git:0
[   25741ms] [WARNING] The resource https://vercel.com/_next/static/immutable/chunks/1_9kzgnvckhta.css was preloaded using link preload but not used within a few seconds from the window's load event. Please make sure it has an appropriate `as` value and it is preloaded intentionally. @ https://vercel.com/rigo-melchor-s-projects/foxtrading/settings/git:0
[   25741ms] [WARNING] The resource https://vercel.com/_next/static/immutable/media/logo-vercel-dark.28zbfuuys0x7i.svg was preloaded using link preload but not used within a few seconds from the window's load event. Please make sure it has an appropriate `as` value and it is preloaded intentionally. @ https://vercel.com/rigo-melchor-s-projects/foxtrading/settings/git:0
[   25741ms] [WARNING] The resource https://vercel.com/_next/static/immutable/chunks/02duv4riu_ql6.css was preloaded using link preload but not used within a few seconds from the window's load event. Please make sure it has an appropriate `as` value and it is preloaded intentionally. @ https://vercel.com/rigo-melchor-s-projects/foxtrading/settings/git:0
[   25741ms] [WARNING] The resource https://vercel.com/_next/static/immutable/chunks/0vmhpedf_b0j8.css was preloaded using link preload but not used within a few seconds from the window's load event. Please make sure it has an appropriate `as` value and it is preloaded intentionally. @ https://vercel.com/rigo-melchor-s-projects/foxtrading/settings/git:0
[   25741ms] [WARNING] The resource https://vercel.com/_next/static/immutable/chunks/012p6cwa_e92y.css was preloaded using link preload but not used within a few seconds from the window's load event. Please make sure it has an appropriate `as` value and it is preloaded intentionally. @ https://vercel.com/rigo-melchor-s-projects/foxtrading/settings/git:0
[   25741ms] [WARNING] The resource https://vercel.com/_next/static/immutable/chunks/1cqt2xba0-dxw.css was preloaded using link preload but not used within a few seconds from the window's load event. Please make sure it has an appropriate `as` value and it is preloaded intentionally. @ https://vercel.com/rigo-melchor-s-projects/foxtrading/settings/git:0
[   25741ms] [WARNING] The resource https://vercel.com/_next/static/immutable/chunks/3d792zqltro0t.css was preloaded using link preload but not used within a few seconds from the window's load event. Please make sure it has an appropriate `as` value and it is preloaded intentionally. @ https://vercel.com/rigo-melchor-s-projects/foxtrading/settings/git:0
[   25741ms] [WARNING] The resource https://vercel.com/_next/static/immutable/chunks/1yl8955ma4q4-.css was preloaded using link preload but not used within a few seconds from the window's load event. Please make sure it has an appropriate `as` value and it is preloaded intentionally. @ https://vercel.com/rigo-melchor-s-projects/foxtrading/settings/git:0
[   25741ms] [WARNING] The resource https://vercel.com/_next/static/immutable/chunks/0-shbsz3-8ybx.css was preloaded using link preload but not used within a few seconds from the window's load event. Please make sure it has an appropriate `as` value and it is preloaded intentionally. @ https://vercel.com/rigo-melchor-s-projects/foxtrading/settings/git:0
[   25741ms] [WARNING] The resource https://vercel.com/_next/static/immutable/chunks/1qpjfmo0jgtu2.css was preloaded using link preload but not used within a few seconds from the window's load event. Please make sure it has an appropriate `as` value and it is preloaded intentionally. @ https://vercel.com/rigo-melchor-s-projects/foxtrading/settings/git:0
[   25741ms] [WARNING] The resource https://vercel.com/_next/static/immutable/chunks/3z36ncuffz89v.css was preloaded using link preload but not used within a few seconds from the window's load event. Please make sure it has an appropriate `as` value and it is preloaded intentionally. @ https://vercel.com/rigo-melchor-s-projects/foxtrading/settings/git:0
[   25741ms] [WARNING] The resource https://vercel.com/_next/static/immutable/chunks/3z9uffp9rqnx8.css was preloaded using link preload but not used within a few seconds from the window's load event. Please make sure it has an appropriate `as` value and it is preloaded intentionally. @ https://vercel.com/rigo-melchor-s-projects/foxtrading/settings/git:0
[   25741ms] [WARNING] The resource https://vercel.com/_next/static/immutable/chunks/1xg6gg5e39tni.css was preloaded using link preload but not used within a few seconds from the window's load event. Please make sure it has an appropriate `as` value and it is preloaded intentionally. @ https://vercel.com/rigo-melchor-s-projects/foxtrading/settings/git:0
[   25741ms] [WARNING] The resource https://vercel.com/_next/static/immutable/chunks/1hzff2kh3gano.css was preloaded using link preload but not used within a few seconds from the window's load event. Please make sure it has an appropriate `as` value and it is preloaded intentionally. @ https://vercel.com/rigo-melchor-s-projects/foxtrading/settings/git:0
[   25741ms] [WARNING] The resource https://vercel.com/_next/static/immutable/chunks/3wlp7de5275zh.css was preloaded using link preload but not used within a few seconds from the window's load event. Please make sure it has an appropriate `as` value and it is preloaded intentionally. @ https://vercel.com/rigo-melchor-s-projects/foxtrading/settings/git:0
[   25741ms] [WARNING] The resource https://vercel.com/_next/static/immutable/media/logo-vercel-light.3an2_9g6dt4xn.svg was preloaded using link preload but not used within a few seconds from the window's load event. Please make sure it has an appropriate `as` value and it is preloaded intentionally. @ https://vercel.com/rigo-melchor-s-projects/foxtrading/settings/git:0
[   25741ms] [WARNING] The resource https://vercel.com/_next/static/immutable/chunks/1qn0by1dcdo0p.css was preloaded using link preload but not used within a few seconds from the window's load event. Please make sure it has an appropriate `as` value and it is preloaded intentionally. @ https://vercel.com/rigo-melchor-s-projects/foxtrading/settings/git:0
[   25741ms] [WARNING] The resource https://vercel.com/_next/static/immutable/chunks/0684o5f6tp9t5.css was preloaded using link preload but not used within a few seconds from the window's load event. Please make sure it has an appropriate `as` value and it is preloaded intentionally. @ https://vercel.com/rigo-melchor-s-projects/foxtrading/settings/git:0
[   25741ms] [WARNING] The resource https://vercel.com/_next/static/immutable/chunks/0rblmumf_9wz1.css was preloaded using link preload but not used within a few seconds from the window's load event. Please make sure it has an appropriate `as` value and it is preloaded intentionally. @ https://vercel.com/rigo-melchor-s-projects/foxtrading/settings/git:0
[   25741ms] [WARNING] The resource https://vercel.com/_next/static/immutable/chunks/2qegur97i-cye.css was preloaded using link preload but not used within a few seconds from the window's load event. Please make sure it has an appropriate `as` value and it is preloaded intentionally. @ https://vercel.com/rigo-melchor-s-projects/foxtrading/settings/git:0
[   25741ms] [WARNING] The resource https://vercel.com/_next/static/immutable/chunks/25nnd13fh_4k5.css was preloaded using link preload but not used within a few seconds from the window's load event. Please make sure it has an appropriate `as` value and it is preloaded intentionally. @ https://vercel.com/rigo-melchor-s-projects/foxtrading/settings/git:0
[   25741ms] [WARNING] The resource https://vercel.com/_next/static/immutable/chunks/3p9g28no3_hj-.css was preloaded using link preload but not used within a few seconds from the window's load event. Please make sure it has an appropriate `as` value and it is preloaded intentionally. @ https://vercel.com/rigo-melchor-s-projects/foxtrading/settings/git:0
[   25741ms] [WARNING] The resource https://vercel.com/_next/static/immutable/chunks/3fd49nnoyujvi.css was preloaded using link preload but not used within a few seconds from the window's load event. Please make sure it has an appropriate `as` value and it is preloaded intentionally. @ https://vercel.com/rigo-melchor-s-projects/foxtrading/settings/git:0
[   25741ms] [WARNING] The resource https://vercel.com/_next/static/immutable/chunks/1c374529bv7gx.css was preloaded using link preload but not used within a few seconds from the window's load event. Please make sure it has an appropriate `as` value and it is preloaded intentionally. @ https://vercel.com/rigo-melchor-s-projects/foxtrading/settings/git:0
[   25741ms] [WARNING] The resource https://vercel.com/_next/static/immutable/chunks/26_kjvxoedtei.css was preloaded using link preload but not used within a few seconds from the window's load event. Please make sure it has an appropriate `as` value and it is preloaded intentionally. @ https://vercel.com/rigo-melchor-s-projects/foxtrading/settings/git:0
[   25741ms] [WARNING] The resource https://vercel.com/_next/static/immutable/chunks/2cegy48-lpb69.css was preloaded using link preload but not used within a few seconds from the window's load event. Please make sure it has an appropriate `as` value and it is preloaded intentionally. @ https://vercel.com/rigo-melchor-s-projects/foxtrading/settings/git:0
[   25741ms] [WARNING] The resource https://vercel.com/_next/static/immutable/chunks/00rj9e71aqnzg.css was preloaded using link preload but not used within a few seconds from the window's load event. Please make sure it has an appropriate `as` value and it is preloaded intentionally. @ https://vercel.com/rigo-melchor-s-projects/foxtrading/settings/git:0
[   32903ms] [WARNING] The resource https://vercel.com/_next/static/immutable/chunks/1y7np90zxj-un.css was preloaded using link preload but not used within a few seconds from the window's load event. Please make sure it has an appropriate `as` value and it is preloaded intentionally. @ https://vercel.com/rigo-melchor-s-projects/foxtrading/settings/git:0
[   32903ms] [WARNING] The resource https://vercel.com/_next/static/immutable/chunks/1_9kzgnvckhta.css was preloaded using link preload but not used within a few seconds from the window's load event. Please make sure it has an appropriate `as` value and it is preloaded intentionally. @ https://vercel.com/rigo-melchor-s-projects/foxtrading/settings/git:0
[   32903ms] [WARNING] The resource https://vercel.com/_next/static/immutable/media/logo-vercel-dark.28zbfuuys0x7i.svg was preloaded using link preload but not used within a few seconds from the window's load event. Please make sure it has an appropriate `as` value and it is preloaded intentionally. @ https://vercel.com/rigo-melchor-s-projects/foxtrading/settings/git:0
[   32903ms] [WARNING] The resource https://vercel.com/_next/static/immutable/chunks/02duv4riu_ql6.css was preloaded using link preload but not used within a few seconds from the window's load event. Please make sure it has an appropriate `as` value and it is preloaded intentionally. @ https://vercel.com/rigo-melchor-s-projects/foxtrading/settings/git:0
[   32903ms] [WARNING] The resource https://vercel.com/_next/static/immutable/chunks/0vmhpedf_b0j8.css was preloaded using link preload but not used within a few seconds from the window's load event. Please make sure it has an appropriate `as` value and it is preloaded intentionally. @ https://vercel.com/rigo-melchor-s-projects/foxtrading/settings/git:0
[   32903ms] [WARNING] The resource https://vercel.com/_next/static/immutable/chunks/012p6cwa_e92y.css was preloaded using link preload but not used within a few seconds from the window's load event. Please make sure it has an appropriate `as` value and it is preloaded intentionally. @ https://vercel.com/rigo-melchor-s-projects/foxtrading/settings/git:0
[   32903ms] [WARNING] The resource https://vercel.com/_next/static/immutable/chunks/1cqt2xba0-dxw.css was preloaded using link preload but not used within a few seconds from the window's load event. Please make sure it has an appropriate `as` value and it is preloaded intentionally. @ https://vercel.com/rigo-melchor-s-projects/foxtrading/settings/git:0
[   32903ms] [WARNING] The resource https://vercel.com/_next/static/immutable/chunks/3d792zqltro0t.css was preloaded using link preload but not used within a few seconds from the window's load event. Please make sure it has an appropriate `as` value and it is preloaded intentionally. @ https://vercel.com/rigo-melchor-s-projects/foxtrading/settings/git:0
[   32903ms] [WARNING] The resource https://vercel.com/_next/static/immutable/chunks/1yl8955ma4q4-.css was preloaded using link preload but not used within a few seconds from the window's load event. Please make sure it has an appropriate `as` value and it is preloaded intentionally. @ https://vercel.com/rigo-melchor-s-projects/foxtrading/settings/git:0
[   32903ms] [WARNING] The resource https://vercel.com/_next/static/immutable/chunks/0-shbsz3-8ybx.css was preloaded using link preload but not used within a few seconds from the window's load event. Please make sure it has an appropriate `as` value and it is preloaded intentionally. @ https://vercel.com/rigo-melchor-s-projects/foxtrading/settings/git:0
[   32903ms] [WARNING] The resource https://vercel.com/_next/static/immutable/chunks/1qpjfmo0jgtu2.css was preloaded using link preload but not used within a few seconds from the window's load event. Please make sure it has an appropriate `as` value and it is preloaded intentionally. @ https://vercel.com/rigo-melchor-s-projects/foxtrading/settings/git:0
[   32903ms] [WARNING] The resource https://vercel.com/_next/static/immutable/chunks/3z36ncuffz89v.css was preloaded using link preload but not used within a few seconds from the window's load event. Please make sure it has an appropriate `as` value and it is preloaded intentionally. @ https://vercel.com/rigo-melchor-s-projects/foxtrading/settings/git:0
[   32903ms] [WARNING] The resource https://vercel.com/_next/static/immutable/chunks/3z9uffp9rqnx8.css was preloaded using link preload but not used within a few seconds from the window's load event. Please make sure it has an appropriate `as` value and it is preloaded intentionally. @ https://vercel.com/rigo-melchor-s-projects/foxtrading/settings/git:0
[   32903ms] [WARNING] The resource https://vercel.com/_next/static/immutable/chunks/1xg6gg5e39tni.css was preloaded using link preload but not used within a few seconds from the window's load event. Please make sure it has an appropriate `as` value and it is preloaded intentionally. @ https://vercel.com/rigo-melchor-s-projects/foxtrading/settings/git:0
[   32903ms] [WARNING] The resource https://vercel.com/_next/static/immutable/chunks/1hzff2kh3gano.css was preloaded using link preload but not used within a few seconds from the window's load event. Please make sure it has an appropriate `as` value and it is preloaded intentionally. @ https://vercel.com/rigo-melchor-s-projects/foxtrading/settings/git:0
[   32903ms] [WARNING] The resource https://vercel.com/_next/static/immutable/chunks/3wlp7de5275zh.css was preloaded using link preload but not used within a few seconds from the window's load event. Please make sure it has an appropriate `as` value and it is preloaded intentionally. @ https://vercel.com/rigo-melchor-s-projects/foxtrading/settings/git:0
[   32903ms] [WARNING] The resource https://vercel.com/_next/static/immutable/media/logo-vercel-light.3an2_9g6dt4xn.svg was preloaded using link preload but not used within a few seconds from the window's load event. Please make sure it has an appropriate `as` value and it is preloaded intentionally. @ https://vercel.com/rigo-melchor-s-projects/foxtrading/settings/git:0
[   32903ms] [WARNING] The resource https://vercel.com/_next/static/immutable/chunks/1qn0by1dcdo0p.css was preloaded using link preload but not used within a few seconds from the window's load event. Please make sure it has an appropriate `as` value and it is preloaded intentionally. @ https://vercel.com/rigo-melchor-s-projects/foxtrading/settings/git:0
[   32903ms] [WARNING] The resource https://vercel.com/_next/static/immutable/chunks/0684o5f6tp9t5.css was preloaded using link preload but not used within a few seconds from the window's load event. Please make sure it has an appropriate `as` value and it is preloaded intentionally. @ https://vercel.com/rigo-melchor-s-projects/foxtrading/settings/git:0
[   32903ms] [WARNING] The resource https://vercel.com/_next/static/immutable/chunks/0rblmumf_9wz1.css was preloaded using link preload but not used within a few seconds from the window's load event. Please make sure it has an appropriate `as` value and it is preloaded intentionally. @ https://vercel.com/rigo-melchor-s-projects/foxtrading/settings/git:0
[   32904ms] [WARNING] The resource https://vercel.com/_next/static/immutable/chunks/2qegur97i-cye.css was preloaded using link preload but not used within a few seconds from the window's load event. Please make sure it has an appropriate `as` value and it is preloaded intentionally. @ https://vercel.com/rigo-melchor-s-projects/foxtrading/settings/git:0
[   32904ms] [WARNING] The resource https://vercel.com/_next/static/immutable/chunks/25nnd13fh_4k5.css was preloaded using link preload but not used within a few seconds from the window's load event. Please make sure it has an appropriate `as` value and it is preloaded intentionally. @ https://vercel.com/rigo-melchor-s-projects/foxtrading/settings/git:0
[   32904ms] [WARNING] The resource https://vercel.com/_next/static/immutable/chunks/3p9g28no3_hj-.css was preloaded using link preload but not used within a few seconds from the window's load event. Please make sure it has an appropriate `as` value and it is preloaded intentionally. @ https://vercel.com/rigo-melchor-s-projects/foxtrading/settings/git:0
[   32904ms] [WARNING] The resource https://vercel.com/_next/static/immutable/chunks/3fd49nnoyujvi.css was preloaded using link preload but not used within a few seconds from the window's load event. Please make sure it has an appropriate `as` value and it is preloaded intentionally. @ https://vercel.com/rigo-melchor-s-projects/foxtrading/settings/git:0
[   32904ms] [WARNING] The resource https://vercel.com/_next/static/immutable/chunks/1c374529bv7gx.css was preloaded using link preload but not used within a few seconds from the window's load event. Please make sure it has an appropriate `as` value and it is preloaded intentionally. @ https://vercel.com/rigo-melchor-s-projects/foxtrading/settings/git:0
[   32904ms] [WARNING] The resource https://vercel.com/_next/static/immutable/chunks/26_kjvxoedtei.css was preloaded using link preload but not used within a few seconds from the window's load event. Please make sure it has an appropriate `as` value and it is preloaded intentionally. @ https://vercel.com/rigo-melchor-s-projects/foxtrading/settings/git:0
[   32904ms] [WARNING] The resource https://vercel.com/_next/static/immutable/chunks/2cegy48-lpb69.css was preloaded using link preload but not used within a few seconds from the window's load event. Please make sure it has an appropriate `as` value and it is preloaded intentionally. @ https://vercel.com/rigo-melchor-s-projects/foxtrading/settings/git:0
[   32904ms] [WARNING] The resource https://vercel.com/_next/static/immutable/chunks/00rj9e71aqnzg.css was preloaded using link preload but not used within a few seconds from the window's load event. Please make sure it has an appropriate `as` value and it is preloaded intentionally. @ https://vercel.com/rigo-melchor-s-projects/foxtrading/settings/git:0
[   77403ms] [WARNING] The resource https://vercel.com/_next/static/immutable/chunks/1y7np90zxj-un.css was preloaded using link preload but not used within a few seconds from the window's load event. Please make sure it has an appropriate `as` value and it is preloaded intentionally. @ https://vercel.com/rigo-melchor-s-projects/foxtrading/settings/git:0
[   77403ms] [WARNING] The resource https://vercel.com/_next/static/immutable/chunks/1_9kzgnvckhta.css was preloaded using link preload but not used within a few seconds from the window's load event. Please make sure it has an appropriate `as` value and it is preloaded intentionally. @ https://vercel.com/rigo-melchor-s-projects/foxtrading/settings/git:0
[   77403ms] [WARNING] The resource https://vercel.com/_next/static/immutable/media/logo-vercel-dark.28zbfuuys0x7i.svg was preloaded using link preload but not used within a few seconds from the window's load event. Please make sure it has an appropriate `as` value and it is preloaded intentionally. @ https://vercel.com/rigo-melchor-s-projects/foxtrading/settings/git:0
[   77403ms] [WARNING] The resource https://vercel.com/_next/static/immutable/chunks/02duv4riu_ql6.css was preloaded using link preload but not used within a few seconds from the window's load event. Please make sure it has an appropriate `as` value and it is preloaded intentionally. @ https://vercel.com/rigo-melchor-s-projects/foxtrading/settings/git:0
[   77403ms] [WARNING] The resource https://vercel.com/_next/static/immutable/chunks/0vmhpedf_b0j8.css was preloaded using link preload but not used within a few seconds from the window's load event. Please make sure it has an appropriate `as` value and it is preloaded intentionally. @ https://vercel.com/rigo-melchor-s-projects/foxtrading/settings/git:0
[   77403ms] [WARNING] The resource https://vercel.com/_next/static/immutable/chunks/012p6cwa_e92y.css was preloaded using link preload but not used within a few seconds from the window's load event. Please make sure it has an appropriate `as` value and it is preloaded intentionally. @ https://vercel.com/rigo-melchor-s-projects/foxtrading/settings/git:0
[   77403ms] [WARNING] The resource https://vercel.com/_next/static/immutable/chunks/1cqt2xba0-dxw.css was preloaded using link preload but not used within a few seconds from the window's load event. Please make sure it has an appropriate `as` value and it is preloaded intentionally. @ https://vercel.com/rigo-melchor-s-projects/foxtrading/settings/git:0
[   77403ms] [WARNING] The resource https://vercel.com/_next/static/immutable/chunks/3d792zqltro0t.css was preloaded using link preload but not used within a few seconds from the window's load event. Please make sure it has an appropriate `as` value and it is preloaded intentionally. @ https://vercel.com/rigo-melchor-s-projects/foxtrading/settings/git:0
[   77403ms] [WARNING] The resource https://vercel.com/_next/static/immutable/chunks/1yl8955ma4q4-.css was preloaded using link preload but not used within a few seconds from the window's load event. Please make sure it has an appropriate `as` value and it is preloaded intentionally. @ https://vercel.com/rigo-melchor-s-projects/foxtrading/settings/git:0
[   77403ms] [WARNING] The resource https://vercel.com/_next/static/immutable/chunks/0-shbsz3-8ybx.css was preloaded using link preload but not used within a few seconds from the window's load event. Please make sure it has an appropriate `as` value and it is preloaded intentionally. @ https://vercel.com/rigo-melchor-s-projects/foxtrading/settings/git:0
[   77404ms] [WARNING] The resource https://vercel.com/_next/static/immutable/chunks/1qpjfmo0jgtu2.css was preloaded using link preload but not used within a few seconds from the window's load event. Please make sure it has an appropriate `as` value and it is preloaded intentionally. @ https://vercel.com/rigo-melchor-s-projects/foxtrading/settings/git:0
[   77404ms] [WARNING] The resource https://vercel.com/_next/static/immutable/chunks/3z36ncuffz89v.css was preloaded using link preload but not used within a few seconds from the window's load event. Please make sure it has an appropriate `as` value and it is preloaded intentionally. @ https://vercel.com/rigo-melchor-s-projects/foxtrading/settings/git:0
[   77404ms] [WARNING] The resource https://vercel.com/_next/static/immutable/chunks/3z9uffp9rqnx8.css was preloaded using link preload but not used within a few seconds from the window's load event. Please make sure it has an appropriate `as` value and it is preloaded intentionally. @ https://vercel.com/rigo-melchor-s-projects/foxtrading/settings/git:0
[   77404ms] [WARNING] The resource https://vercel.com/_next/static/immutable/chunks/1xg6gg5e39tni.css was preloaded using link preload but not used within a few seconds from the window's load event. Please make sure it has an appropriate `as` value and it is preloaded intentionally. @ https://vercel.com/rigo-melchor-s-projects/foxtrading/settings/git:0
[   77404ms] [WARNING] The resource https://vercel.com/_next/static/immutable/chunks/1hzff2kh3gano.css was preloaded using link preload but not used within a few seconds from the window's load event. Please make sure it has an appropriate `as` value and it is preloaded intentionally. @ https://vercel.com/rigo-melchor-s-projects/foxtrading/settings/git:0
[   77404ms] [WARNING] The resource https://vercel.com/_next/static/immutable/chunks/3wlp7de5275zh.css was preloaded using link preload but not used within a few seconds from the window's load event. Please make sure it has an appropriate `as` value and it is preloaded intentionally. @ https://vercel.com/rigo-melchor-s-projects/foxtrading/settings/git:0
[   77404ms] [WARNING] The resource https://vercel.com/_next/static/immutable/media/logo-vercel-light.3an2_9g6dt4xn.svg was preloaded using link preload but not used within a few seconds from the window's load event. Please make sure it has an appropriate `as` value and it is preloaded intentionally. @ https://vercel.com/rigo-melchor-s-projects/foxtrading/settings/git:0
[   77404ms] [WARNING] The resource https://vercel.com/_next/static/immutable/chunks/1qn0by1dcdo0p.css was preloaded using link preload but not used within a few seconds from the window's load event. Please make sure it has an appropriate `as` value and it is preloaded intentionally. @ https://vercel.com/rigo-melchor-s-projects/foxtrading/settings/git:0
[   77404ms] [WARNING] The resource https://vercel.com/_next/static/immutable/chunks/0684o5f6tp9t5.css was preloaded using link preload but not used within a few seconds from the window's load event. Please make sure it has an appropriate `as` value and it is preloaded intentionally. @ https://vercel.com/rigo-melchor-s-projects/foxtrading/settings/git:0
[   77404ms] [WARNING] The resource https://vercel.com/_next/static/immutable/chunks/0rblmumf_9wz1.css was preloaded using link preload but not used within a few seconds from the window's load event. Please make sure it has an appropriate `as` value and it is preloaded intentionally. @ https://vercel.com/rigo-melchor-s-projects/foxtrading/settings/git:0
[   77404ms] [WARNING] The resource https://vercel.com/_next/static/immutable/chunks/2qegur97i-cye.css was preloaded using link preload but not used within a few seconds from the window's load event. Please make sure it has an appropriate `as` value and it is preloaded intentionally. @ https://vercel.com/rigo-melchor-s-projects/foxtrading/settings/git:0
[   77404ms] [WARNING] The resource https://vercel.com/_next/static/immutable/chunks/25nnd13fh_4k5.css was preloaded using link preload but not used within a few seconds from the window's load event. Please make sure it has an appropriate `as` value and it is preloaded intentionally. @ https://vercel.com/rigo-melchor-s-projects/foxtrading/settings/git:0
[   77404ms] [WARNING] The resource https://vercel.com/_next/static/immutable/chunks/3p9g28no3_hj-.css was preloaded using link preload but not used within a few seconds from the window's load event. Please make sure it has an appropriate `as` value and it is preloaded intentionally. @ https://vercel.com/rigo-melchor-s-projects/foxtrading/settings/git:0
[   77404ms] [WARNING] The resource https://vercel.com/_next/static/immutable/chunks/3fd49nnoyujvi.css was preloaded using link preload but not used within a few seconds from the window's load event. Please make sure it has an appropriate `as` value and it is preloaded intentionally. @ https://vercel.com/rigo-melchor-s-projects/foxtrading/settings/git:0
[   77404ms] [WARNING] The resource https://vercel.com/_next/static/immutable/chunks/1c374529bv7gx.css was preloaded using link preload but not used within a few seconds from the window's load event. Please make sure it has an appropriate `as` value and it is preloaded intentionally. @ https://vercel.com/rigo-melchor-s-projects/foxtrading/settings/git:0
[   77404ms] [WARNING] The resource https://vercel.com/_next/static/immutable/chunks/26_kjvxoedtei.css was preloaded using link preload but not used within a few seconds from the window's load event. Please make sure it has an appropriate `as` value and it is preloaded intentionally. @ https://vercel.com/rigo-melchor-s-projects/foxtrading/settings/git:0
[   77404ms] [WARNING] The resource https://vercel.com/_next/static/immutable/chunks/2cegy48-lpb69.css was preloaded using link preload but not used within a few seconds from the window's load event. Please make sure it has an appropriate `as` value and it is preloaded intentionally. @ https://vercel.com/rigo-melchor-s-projects/foxtrading/settings/git:0
[   77404ms] [WARNING] The resource https://vercel.com/_next/static/immutable/chunks/00rj9e71aqnzg.css was preloaded using link preload but not used within a few seconds from the window's load event. Please make sure it has an appropriate `as` value and it is preloaded intentionally. @ https://vercel.com/rigo-melchor-s-projects/foxtrading/settings/git:0
[   82409ms] [WARNING] The resource https://vercel.com/_next/static/immutable/chunks/1y7np90zxj-un.css was preloaded using link preload but not used within a few seconds from the window's load event. Please make sure it has an appropriate `as` value and it is preloaded intentionally. @ https://vercel.com/rigo-melchor-s-projects/foxtrading/settings/git:0
[   82409ms] [WARNING] The resource https://vercel.com/_next/static/immutable/chunks/1_9kzgnvckhta.css was preloaded using link preload but not used within a few seconds from the window's load event. Please make sure it has an appropriate `as` value and it is preloaded intentionally. @ https://vercel.com/rigo-melchor-s-projects/foxtrading/settings/git:0
[   82409ms] [WARNING] The resource https://vercel.com/_next/static/immutable/media/logo-vercel-dark.28zbfuuys0x7i.svg was preloaded using link preload but not used within a few seconds from the window's load event. Please make sure it has an appropriate `as` value and it is preloaded intentionally. @ https://vercel.com/rigo-melchor-s-projects/foxtrading/settings/git:0
[   82409ms] [WARNING] The resource https://vercel.com/_next/static/immutable/chunks/02duv4riu_ql6.css was preloaded using link preload but not used within a few seconds from the window's load event. Please make sure it has an appropriate `as` value and it is preloaded intentionally. @ https://vercel.com/rigo-melchor-s-projects/foxtrading/settings/git:0
[   82409ms] [WARNING] The resource https://vercel.com/_next/static/immutable/chunks/0vmhpedf_b0j8.css was preloaded using link preload but not used within a few seconds from the window's load event. Please make sure it has an appropriate `as` value and it is preloaded intentionally. @ https://vercel.com/rigo-melchor-s-projects/foxtrading/settings/git:0
[   82409ms] [WARNING] The resource https://vercel.com/_next/static/immutable/chunks/012p6cwa_e92y.css was preloaded using link preload but not used within a few seconds from the window's load event. Please make sure it has an appropriate `as` value and it is preloaded intentionally. @ https://vercel.com/rigo-melchor-s-projects/foxtrading/settings/git:0
[   82409ms] [WARNING] The resource https://vercel.com/_next/static/immutable/chunks/1cqt2xba0-dxw.css was preloaded using link preload but not used within a few seconds from the window's load event. Please make sure it has an appropriate `as` value and it is preloaded intentionally. @ https://vercel.com/rigo-melchor-s-projects/foxtrading/settings/git:0
[   82409ms] [WARNING] The resource https://vercel.com/_next/static/immutable/chunks/3d792zqltro0t.css was preloaded using link preload but not used within a few seconds from the window's load event. Please make sure it has an appropriate `as` value and it is preloaded intentionally. @ https://vercel.com/rigo-melchor-s-projects/foxtrading/settings/git:0
[   82409ms] [WARNING] The resource https://vercel.com/_next/static/immutable/chunks/1yl8955ma4q4-.css was preloaded using link preload but not used within a few seconds from the window's load event. Please make sure it has an appropriate `as` value and it is preloaded intentionally. @ https://vercel.com/rigo-melchor-s-projects/foxtrading/settings/git:0
[   82409ms] [WARNING] The resource https://vercel.com/_next/static/immutable/chunks/0-shbsz3-8ybx.css was preloaded using link preload but not used within a few seconds from the window's load event. Please make sure it has an appropriate `as` value and it is preloaded intentionally. @ https://vercel.com/rigo-melchor-s-projects/foxtrading/settings/git:0
[   82409ms] [WARNING] The resource https://vercel.com/_next/static/immutable/chunks/1qpjfmo0jgtu2.css was preloaded using link preload but not used within a few seconds from the window's load event. Please make sure it has an appropriate `as` value and it is preloaded intentionally. @ https://vercel.com/rigo-melchor-s-projects/foxtrading/settings/git:0
[   82409ms] [WARNING] The resource https://vercel.com/_next/static/immutable/chunks/3z36ncuffz89v.css was preloaded using link preload but not used within a few seconds from the window's load event. Please make sure it has an appropriate `as` value and it is preloaded intentionally. @ https://vercel.com/rigo-melchor-s-projects/foxtrading/settings/git:0
[   82409ms] [WARNING] The resource https://vercel.com/_next/static/immutable/chunks/3z9uffp9rqnx8.css was preloaded using link preload but not used within a few seconds from the window's load event. Please make sure it has an appropriate `as` value and it is preloaded intentionally. @ https://vercel.com/rigo-melchor-s-projects/foxtrading/settings/git:0
[   82409ms] [WARNING] The resource https://vercel.com/_next/static/immutable/chunks/1xg6gg5e39tni.css was preloaded using link preload but not used within a few seconds from the window's load event. Please make sure it has an appropriate `as` value and it is preloaded intentionally. @ https://vercel.com/rigo-melchor-s-projects/foxtrading/settings/git:0
[   82409ms] [WARNING] The resource https://vercel.com/_next/static/immutable/chunks/1hzff2kh3gano.css was preloaded using link preload but not used within a few seconds from the window's load event. Please make sure it has an appropriate `as` value and it is preloaded intentionally. @ https://vercel.com/rigo-melchor-s-projects/foxtrading/settings/git:0
[   82409ms] [WARNING] The resource https://vercel.com/_next/static/immutable/chunks/3wlp7de5275zh.css was preloaded using link preload but not used within a few seconds from the window's load event. Please make sure it has an appropriate `as` value and it is preloaded intentionally. @ https://vercel.com/rigo-melchor-s-projects/foxtrading/settings/git:0
[   82409ms] [WARNING] The resource https://vercel.com/_next/static/immutable/media/logo-vercel-light.3an2_9g6dt4xn.svg was preloaded using link preload but not used within a few seconds from the window's load event. Please make sure it has an appropriate `as` value and it is preloaded intentionally. @ https://vercel.com/rigo-melchor-s-projects/foxtrading/settings/git:0
[   82409ms] [WARNING] The resource https://vercel.com/_next/static/immutable/chunks/1qn0by1dcdo0p.css was preloaded using link preload but not used within a few seconds from the window's load event. Please make sure it has an appropriate `as` value and it is preloaded intentionally. @ https://vercel.com/rigo-melchor-s-projects/foxtrading/settings/git:0
[   82409ms] [WARNING] The resource https://vercel.com/_next/static/immutable/chunks/0684o5f6tp9t5.css was preloaded using link preload but not used within a few seconds from the window's load event. Please make sure it has an appropriate `as` value and it is preloaded intentionally. @ https://vercel.com/rigo-melchor-s-projects/foxtrading/settings/git:0
[   82409ms] [WARNING] The resource https://vercel.com/_next/static/immutable/chunks/0rblmumf_9wz1.css was preloaded using link preload but not used within a few seconds from the window's load event. Please make sure it has an appropriate `as` value and it is preloaded intentionally. @ https://vercel.com/rigo-melchor-s-projects/foxtrading/settings/git:0
[   82409ms] [WARNING] The resource https://vercel.com/_next/static/immutable/chunks/2qegur97i-cye.css was preloaded using link preload but not used within a few seconds from the window's load event. Please make sure it has an appropriate `as` value and it is preloaded intentionally. @ https://vercel.com/rigo-melchor-s-projects/foxtrading/settings/git:0
[   82409ms] [WARNING] The resource https://vercel.com/_next/static/immutable/chunks/25nnd13fh_4k5.css was preloaded using link preload but not used within a few seconds from the window's load event. Please make sure it has an appropriate `as` value and it is preloaded intentionally. @ https://vercel.com/rigo-melchor-s-projects/foxtrading/settings/git:0
[   82409ms] [WARNING] The resource https://vercel.com/_next/static/immutable/chunks/3p9g28no3_hj-.css was preloaded using link preload but not used within a few seconds from the window's load event. Please make sure it has an appropriate `as` value and it is preloaded intentionally. @ https://vercel.com/rigo-melchor-s-projects/foxtrading/settings/git:0
[   82409ms] [WARNING] The resource https://vercel.com/_next/static/immutable/chunks/3fd49nnoyujvi.css was preloaded using link preload but not used within a few seconds from the window's load event. Please make sure it has an appropriate `as` value and it is preloaded intentionally. @ https://vercel.com/rigo-melchor-s-projects/foxtrading/settings/git:0
[   82409ms] [WARNING] The resource https://vercel.com/_next/static/immutable/chunks/1c374529bv7gx.css was preloaded using link preload but not used within a few seconds from the window's load event. Please make sure it has an appropriate `as` value and it is preloaded intentionally. @ https://vercel.com/rigo-melchor-s-projects/foxtrading/settings/git:0
[   82409ms] [WARNING] The resource https://vercel.com/_next/static/immutable/chunks/26_kjvxoedtei.css was preloaded using link preload but not used within a few seconds from the window's load event. Please make sure it has an appropriate `as` value and it is preloaded intentionally. @ https://vercel.com/rigo-melchor-s-projects/foxtrading/settings/git:0
[   82409ms] [WARNING] The resource https://vercel.com/_next/static/immutable/chunks/2cegy48-lpb69.css was preloaded using link preload but not used within a few seconds from the window's load event. Please make sure it has an appropriate `as` value and it is preloaded intentionally. @ https://vercel.com/rigo-melchor-s-projects/foxtrading/settings/git:0
[   82409ms] [WARNING] The resource https://vercel.com/_next/static/immutable/chunks/00rj9e71aqnzg.css was preloaded using link preload but not used within a few seconds from the window's load event. Please make sure it has an appropriate `as` value and it is preloaded intentionally. @ https://vercel.com/rigo-melchor-s-projects/foxtrading/settings/git:0
[  129763ms] [WARNING] The resource https://vercel.com/_next/static/immutable/chunks/1y7np90zxj-un.css was preloaded using link preload but not used within a few seconds from the window's load event. Please make sure it has an appropriate `as` value and it is preloaded intentionally. @ https://vercel.com/rigo-melchor-s-projects/foxtrading/settings/git:0
[  129763ms] [WARNING] The resource https://vercel.com/_next/static/immutable/chunks/1_9kzgnvckhta.css was preloaded using link preload but not used within a few seconds from the window's load event. Please make sure it has an appropriate `as` value and it is preloaded intentionally. @ https://vercel.com/rigo-melchor-s-projects/foxtrading/settings/git:0
[  129763ms] [WARNING] The resource https://vercel.com/_next/static/immutable/media/logo-vercel-dark.28zbfuuys0x7i.svg was preloaded using link preload but not used within a few seconds from the window's load event. Please make sure it has an appropriate `as` value and it is preloaded intentionally. @ https://vercel.com/rigo-melchor-s-projects/foxtrading/settings/git:0
[  129763ms] [WARNING] The resource https://vercel.com/_next/static/immutable/chunks/02duv4riu_ql6.css was preloaded using link preload but not used within a few seconds from the window's load event. Please make sure it has an appropriate `as` value and it is preloaded intentionally. @ https://vercel.com/rigo-melchor-s-projects/foxtrading/settings/git:0
[  129763ms] [WARNING] The resource https://vercel.com/_next/static/immutable/chunks/0vmhpedf_b0j8.css was preloaded using link preload but not used within a few seconds from the window's load event. Please make sure it has an appropriate `as` value and it is preloaded intentionally. @ https://vercel.com/rigo-melchor-s-projects/foxtrading/settings/git:0
[  129763ms] [WARNING] The resource https://vercel.com/_next/static/immutable/chunks/012p6cwa_e92y.css was preloaded using link preload but not used within a few seconds from the window's load event. Please make sure it has an appropriate `as` value and it is preloaded intentionally. @ https://vercel.com/rigo-melchor-s-projects/foxtrading/settings/git:0
[  129763ms] [WARNING] The resource https://vercel.com/_next/static/immutable/chunks/1cqt2xba0-dxw.css was preloaded using link preload but not used within a few seconds from the window's load event. Please make sure it has an appropriate `as` value and it is preloaded intentionally. @ https://vercel.com/rigo-melchor-s-projects/foxtrading/settings/git:0
[  129763ms] [WARNING] The resource https://vercel.com/_next/static/immutable/chunks/3d792zqltro0t.css was preloaded using link preload but not used within a few seconds from the window's load event. Please make sure it has an appropriate `as` value and it is preloaded intentionally. @ https://vercel.com/rigo-melchor-s-projects/foxtrading/settings/git:0
[  129763ms] [WARNING] The resource https://vercel.com/_next/static/immutable/chunks/1yl8955ma4q4-.css was preloaded using link preload but not used within a few seconds from the window's load event. Please make sure it has an appropriate `as` value and it is preloaded intentionally. @ https://vercel.com/rigo-melchor-s-projects/foxtrading/settings/git:0
[  129763ms] [WARNING] The resource https://vercel.com/_next/static/immutable/chunks/0-shbsz3-8ybx.css was preloaded using link preload but not used within a few seconds from the window's load event. Please make sure it has an appropriate `as` value and it is preloaded intentionally. @ https://vercel.com/rigo-melchor-s-projects/foxtrading/settings/git:0
[  129763ms] [WARNING] The resource https://vercel.com/_next/static/immutable/chunks/1qpjfmo0jgtu2.css was preloaded using link preload but not used within a few seconds from the window's load event. Please make sure it has an appropriate `as` value and it is preloaded intentionally. @ https://vercel.com/rigo-melchor-s-projects/foxtrading/settings/git:0
[  129763ms] [WARNING] The resource https://vercel.com/_next/static/immutable/chunks/3z36ncuffz89v.css was preloaded using link preload but not used within a few seconds from the window's load event. Please make sure it has an appropriate `as` value and it is preloaded intentionally. @ https://vercel.com/rigo-melchor-s-projects/foxtrading/settings/git:0
[  129763ms] [WARNING] The resource https://vercel.com/_next/static/immutable/chunks/3z9uffp9rqnx8.css was preloaded using link preload but not used within a few seconds from the window's load event. Please make sure it has an appropriate `as` value and it is preloaded intentionally. @ https://vercel.com/rigo-melchor-s-projects/foxtrading/settings/git:0
[  129763ms] [WARNING] The resource https://vercel.com/_next/static/immutable/chunks/1xg6gg5e39tni.css was preloaded using link preload but not used within a few seconds from the window's load event. Please make sure it has an appropriate `as` value and it is preloaded intentionally. @ https://vercel.com/rigo-melchor-s-projects/foxtrading/settings/git:0
[  129763ms] [WARNING] The resource https://vercel.com/_next/static/immutable/chunks/1hzff2kh3gano.css was preloaded using link preload but not used within a few seconds from the window's load event. Please make sure it has an appropriate `as` value and it is preloaded intentionally. @ https://vercel.com/rigo-melchor-s-projects/foxtrading/settings/git:0
[  129763ms] [WARNING] The resource https://vercel.com/_next/static/immutable/chunks/3wlp7de5275zh.css was preloaded using link preload but not used within a few seconds from the window's load event. Please make sure it has an appropriate `as` value and it is preloaded intentionally. @ https://vercel.com/rigo-melchor-s-projects/foxtrading/settings/git:0
[  129763ms] [WARNING] The resource https://vercel.com/_next/static/immutable/media/logo-vercel-light.3an2_9g6dt4xn.svg was preloaded using link preload but not used within a few seconds from the window's load event. Please make sure it has an appropriate `as` value and it is preloaded intentionally. @ https://vercel.com/rigo-melchor-s-projects/foxtrading/settings/git:0
[  129763ms] [WARNING] The resource https://vercel.com/_next/static/immutable/chunks/1qn0by1dcdo0p.css was preloaded using link preload but not used within a few seconds from the window's load event. Please make sure it has an appropriate `as` value and it is preloaded intentionally. @ https://vercel.com/rigo-melchor-s-projects/foxtrading/settings/git:0
[  129763ms] [WARNING] The resource https://vercel.com/_next/static/immutable/chunks/0684o5f6tp9t5.css was preloaded using link preload but not used within a few seconds from the window's load event. Please make sure it has an appropriate `as` value and it is preloaded intentionally. @ https://vercel.com/rigo-melchor-s-projects/foxtrading/settings/git:0
[  129763ms] [WARNING] The resource https://vercel.com/_next/static/immutable/chunks/0rblmumf_9wz1.css was preloaded using link preload but not used within a few seconds from the window's load event. Please make sure it has an appropriate `as` value and it is preloaded intentionally. @ https://vercel.com/rigo-melchor-s-projects/foxtrading/settings/git:0
[  129763ms] [WARNING] The resource https://vercel.com/_next/static/immutable/chunks/2qegur97i-cye.css was preloaded using link preload but not used within a few seconds from the window's load event. Please make sure it has an appropriate `as` value and it is preloaded intentionally. @ https://vercel.com/rigo-melchor-s-projects/foxtrading/settings/git:0
[  129763ms] [WARNING] The resource https://vercel.com/_next/static/immutable/chunks/25nnd13fh_4k5.css was preloaded using link preload but not used within a few seconds from the window's load event. Please make sure it has an appropriate `as` value and it is preloaded intentionally. @ https://vercel.com/rigo-melchor-s-projects/foxtrading/settings/git:0
[  129763ms] [WARNING] The resource https://vercel.com/_next/static/immutable/chunks/3p9g28no3_hj-.css was preloaded using link preload but not used within a few seconds from the window's load event. Please make sure it has an appropriate `as` value and it is preloaded intentionally. @ https://vercel.com/rigo-melchor-s-projects/foxtrading/settings/git:0
[  129763ms] [WARNING] The resource https://vercel.com/_next/static/immutable/chunks/3fd49nnoyujvi.css was preloaded using link preload but not used within a few seconds from the window's load event. Please make sure it has an appropriate `as` value and it is preloaded intentionally. @ https://vercel.com/rigo-melchor-s-projects/foxtrading/settings/git:0
[  129763ms] [WARNING] The resource https://vercel.com/_next/static/immutable/chunks/1c374529bv7gx.css was preloaded using link preload but not used within a few seconds from the window's load event. Please make sure it has an appropriate `as` value and it is preloaded intentionally. @ https://vercel.com/rigo-melchor-s-projects/foxtrading/settings/git:0
[  129763ms] [WARNING] The resource https://vercel.com/_next/static/immutable/chunks/26_kjvxoedtei.css was preloaded using link preload but not used within a few seconds from the window's load event. Please make sure it has an appropriate `as` value and it is preloaded intentionally. @ https://vercel.com/rigo-melchor-s-projects/foxtrading/settings/git:0
[  129763ms] [WARNING] The resource https://vercel.com/_next/static/immutable/chunks/2cegy48-lpb69.css was preloaded using link preload but not used within a few seconds from the window's load event. Please make sure it has an appropriate `as` value and it is preloaded intentionally. @ https://vercel.com/rigo-melchor-s-projects/foxtrading/settings/git:0
[  129763ms] [WARNING] The resource https://vercel.com/_next/static/immutable/chunks/00rj9e71aqnzg.css was preloaded using link preload but not used within a few seconds from the window's load event. Please make sure it has an appropriate `as` value and it is preloaded intentionally. @ https://vercel.com/rigo-melchor-s-projects/foxtrading/settings/git:0
[  139225ms] [LOG] %c
▲

    ________   _ __ _          ____           __
   /  _/ __/  (_) /( )_____   / __/___ ______/ /_
   / // /_   / / __/// ___/  / /_/ __ `/ ___/ __/
 _/ // __/  / / /_  (__  )  / __/ /_/ (__  ) /_
/___/_/    /_/\__/ /____/  /_/  \__,_/____/\__/
    _ __ _                         _    __                    __
   (_) /( )_____   ____  ____     | |  / /__  _____________  / /
  / / __/// ___/  / __ \/ __ \    | | / / _ \/ ___/ ___/ _ \/ /
 / / /_  (__  )  / /_/ / / / /    | |/ /  __/ /  / /__/  __/ /
/_/\__/ /____/   \____/_/ /_/     |___/\___/_/   \___/\___/_/
  

Hello!

- Open Source https://vercel.com/oss
- Careers https://vercel.com/careers
- Status https://vercel-status.com

 font-family: "Geist Mono", monospace; white-space: pre; line-height: 1; @ https://vercel.com/_next/static/immutable/chunks/10bipm_r0kfgr.js:78
[  140573ms] [ERROR] Failed to load resource: the server responded with a status of 404 () @ https://vercel.com/api/chat/JCwigoq98Hbe9XjE/stream:0
[  140574ms] [WARNING] [omniagent] chat stream failed Error: {"error":{"code":"not_found","message":"The requested API endpoint was not found."}}
    at oS.reconnectToStream (https://vercel.com/_next/static/immutable/chunks/2deoqshqycxk0.js:38:48063)
    at async ae.makeRequest (https://vercel.com/_next/static/immutable/chunks/2deoqshqycxk0.js:23:47520)
    at async ae.resumeStream (https://vercel.com/_next/static/immutable/chunks/2deoqshqycxk0.js:23:44598) @ https://vercel.com/_next/static/immutable/chunks/2eetp7vuq3fj-.js:1
[  140730ms] [WARNING] Deprecated API for given entry type. @ https://vercel.com/_next/static/immutable/chunks/3-tnb_jpr7237.js:18
[  140819ms] [ERROR] Failed to load resource: the server responded with a status of 429 () @ https://o205439.ingest.sentry.io/api/1323670/envelope/?sentry_key=d00780d432ac4ccf882f60dd02062e14&sentry_version=7&sentry_client=sentry.javascript.browser%2F7.111.0:0
[  148587ms] [ERROR] Failed to load resource: the server responded with a status of 404 () @ https://vercel.com/api/v3/projects/insourceful-website/link?teamId=team_OCfqsj0qanccnVnsUUIL47tf:0
[  152220ms] [ERROR] Failed to load resource: the server responded with a status of 404 () @ https://vercel.com/api/v3/projects/insourceful-website/link?teamId=team_OCfqsj0qanccnVnsUUIL47tf:0
[  161451ms] [WARNING] The resource https://vercel.com/_next/static/immutable/chunks/1y7np90zxj-un.css was preloaded using link preload but not used within a few seconds from the window's load event. Please make sure it has an appropriate `as` value and it is preloaded intentionally. @ https://vercel.com/rigo-melchor-s-projects/insourceful-website/settings/git:0
[  161451ms] [WARNING] The resource https://vercel.com/_next/static/immutable/chunks/1_9kzgnvckhta.css was preloaded using link preload but not used within a few seconds from the window's load event. Please make sure it has an appropriate `as` value and it is preloaded intentionally. @ https://vercel.com/rigo-melchor-s-projects/insourceful-website/settings/git:0
[  161451ms] [WARNING] The resource https://vercel.com/_next/static/immutable/chunks/02duv4riu_ql6.css was preloaded using link preload but not used within a few seconds from the window's load event. Please make sure it has an appropriate `as` value and it is preloaded intentionally. @ https://vercel.com/rigo-melchor-s-projects/insourceful-website/settings/git:0
[  161451ms] [WARNING] The resource https://vercel.com/_next/static/immutable/chunks/012p6cwa_e92y.css was preloaded using link preload but not used within a few seconds from the window's load event. Please make sure it has an appropriate `as` value and it is preloaded intentionally. @ https://vercel.com/rigo-melchor-s-projects/insourceful-website/settings/git:0
[  161451ms] [WARNING] The resource https://vercel.com/_next/static/immutable/chunks/1cqt2xba0-dxw.css was preloaded using link preload but not used within a few seconds from the window's load event. Please make sure it has an appropriate `as` value and it is preloaded intentionally. @ https://vercel.com/rigo-melchor-s-projects/insourceful-website/settings/git:0
[  161451ms] [WARNING] The resource https://vercel.com/_next/static/immutable/chunks/3z9uffp9rqnx8.css was preloaded using link preload but not used within a few seconds from the window's load event. Please make sure it has an appropriate `as` value and it is preloaded intentionally. @ https://vercel.com/rigo-melchor-s-projects/insourceful-website/settings/git:0
[  161451ms] [WARNING] The resource https://vercel.com/_next/static/immutable/chunks/0-shbsz3-8ybx.css was preloaded using link preload but not used within a few seconds from the window's load event. Please make sure it has an appropriate `as` value and it is preloaded intentionally. @ https://vercel.com/rigo-melchor-s-projects/insourceful-website/settings/git:0
[  161451ms] [WARNING] The resource https://vercel.com/_next/static/immutable/chunks/1qpjfmo0jgtu2.css was preloaded using link preload but not used within a few seconds from the window's load event. Please make sure it has an appropriate `as` value and it is preloaded intentionally. @ https://vercel.com/rigo-melchor-s-projects/insourceful-website/settings/git:0
[  161451ms] [WARNING] The resource https://vercel.com/_next/static/immutable/chunks/3z36ncuffz89v.css was preloaded using link preload but not used within a few seconds from the window's load event. Please make sure it has an appropriate `as` value and it is preloaded intentionally. @ https://vercel.com/rigo-melchor-s-projects/insourceful-website/settings/git:0
[  161451ms] [WARNING] The resource https://vercel.com/_next/static/immutable/chunks/1xg6gg5e39tni.css was preloaded using link preload but not used within a few seconds from the window's load event. Please make sure it has an appropriate `as` value and it is preloaded intentionally. @ https://vercel.com/rigo-melchor-s-projects/insourceful-website/settings/git:0
[  161451ms] [WARNING] The resource https://vercel.com/_next/static/immutable/chunks/1hzff2kh3gano.css was preloaded using link preload but not used within a few seconds from the window's load event. Please make sure it has an appropriate `as` value and it is preloaded intentionally. @ https://vercel.com/rigo-melchor-s-projects/insourceful-website/settings/git:0
[  161451ms] [WARNING] The resource https://vercel.com/_next/static/immutable/chunks/3wlp7de5275zh.css was preloaded using link preload but not used within a few seconds from the window's load event. Please make sure it has an appropriate `as` value and it is preloaded intentionally. @ https://vercel.com/rigo-melchor-s-projects/insourceful-website/settings/git:0
[  161451ms] [WARNING] The resource https://vercel.com/_next/static/immutable/chunks/1qn0by1dcdo0p.css was preloaded using link preload but not used within a few seconds from the window's load event. Please make sure it has an appropriate `as` value and it is preloaded intentionally. @ https://vercel.com/rigo-melchor-s-projects/insourceful-website/settings/git:0
[  161451ms] [WARNING] The resource https://vercel.com/_next/static/immutable/chunks/0684o5f6tp9t5.css was preloaded using link preload but not used within a few seconds from the window's load event. Please make sure it has an appropriate `as` value and it is preloaded intentionally. @ https://vercel.com/rigo-melchor-s-projects/insourceful-website/settings/git:0
[  161451ms] [WARNING] The resource https://vercel.com/_next/static/immutable/chunks/0rblmumf_9wz1.css was preloaded using link preload but not used within a few seconds from the window's load event. Please make sure it has an appropriate `as` value and it is preloaded intentionally. @ https://vercel.com/rigo-melchor-s-projects/insourceful-website/settings/git:0
[  161451ms] [WARNING] The resource https://vercel.com/_next/static/immutable/chunks/2qegur97i-cye.css was preloaded using link preload but not used within a few seconds from the window's load event. Please make sure it has an appropriate `as` value and it is preloaded intentionally. @ https://vercel.com/rigo-melchor-s-projects/insourceful-website/settings/git:0
[  161451ms] [WARNING] The resource https://vercel.com/_next/static/immutable/chunks/25nnd13fh_4k5.css was preloaded using link preload but not used within a few seconds from the window's load event. Please make sure it has an appropriate `as` value and it is preloaded intentionally. @ https://vercel.com/rigo-melchor-s-projects/insourceful-website/settings/git:0
[  161451ms] [WARNING] The resource https://vercel.com/_next/static/immutable/chunks/3p9g28no3_hj-.css was preloaded using link preload but not used within a few seconds from the window's load event. Please make sure it has an appropriate `as` value and it is preloaded intentionally. @ https://vercel.com/rigo-melchor-s-projects/insourceful-website/settings/git:0
[  161452ms] [WARNING] The resource https://vercel.com/_next/static/immutable/chunks/3fd49nnoyujvi.css was preloaded using link preload but not used within a few seconds from the window's load event. Please make sure it has an appropriate `as` value and it is preloaded intentionally. @ https://vercel.com/rigo-melchor-s-projects/insourceful-website/settings/git:0
[  161452ms] [WARNING] The resource https://vercel.com/_next/static/immutable/chunks/1c374529bv7gx.css was preloaded using link preload but not used within a few seconds from the window's load event. Please make sure it has an appropriate `as` value and it is preloaded intentionally. @ https://vercel.com/rigo-melchor-s-projects/insourceful-website/settings/git:0
[  161452ms] [WARNING] The resource https://vercel.com/_next/static/immutable/chunks/26_kjvxoedtei.css was preloaded using link preload but not used within a few seconds from the window's load event. Please make sure it has an appropriate `as` value and it is preloaded intentionally. @ https://vercel.com/rigo-melchor-s-projects/insourceful-website/settings/git:0
[  161452ms] [WARNING] The resource https://vercel.com/_next/static/immutable/chunks/2cegy48-lpb69.css was preloaded using link preload but not used within a few seconds from the window's load event. Please make sure it has an appropriate `as` value and it is preloaded intentionally. @ https://vercel.com/rigo-melchor-s-projects/insourceful-website/settings/git:0
[  161452ms] [WARNING] The resource https://vercel.com/_next/static/immutable/chunks/00rj9e71aqnzg.css was preloaded using link preload but not used within a few seconds from the window's load event. Please make sure it has an appropriate `as` value and it is preloaded intentionally. @ https://vercel.com/rigo-melchor-s-projects/insourceful-website/settings/git:0
[  165112ms] [WARNING] The resource https://vercel.com/_next/static/immutable/chunks/1y7np90zxj-un.css was preloaded using link preload but not used within a few seconds from the window's load event. Please make sure it has an appropriate `as` value and it is preloaded intentionally. @ https://vercel.com/rigo-melchor-s-projects/insourceful-website/settings/git:0
[  165112ms] [WARNING] The resource https://vercel.com/_next/static/immutable/chunks/1_9kzgnvckhta.css was preloaded using link preload but not used within a few seconds from the window's load event. Please make sure it has an appropriate `as` value and it is preloaded intentionally. @ https://vercel.com/rigo-melchor-s-projects/insourceful-website/settings/git:0
[  165112ms] [WARNING] The resource https://vercel.com/_next/static/immutable/chunks/02duv4riu_ql6.css was preloaded using link preload but not used within a few seconds from the window's load event. Please make sure it has an appropriate `as` value and it is preloaded intentionally. @ https://vercel.com/rigo-melchor-s-projects/insourceful-website/settings/git:0
[  165112ms] [WARNING] The resource https://vercel.com/_next/static/immutable/chunks/012p6cwa_e92y.css was preloaded using link preload but not used within a few seconds from the window's load event. Please make sure it has an appropriate `as` value and it is preloaded intentionally. @ https://vercel.com/rigo-melchor-s-projects/insourceful-website/settings/git:0
[  165112ms] [WARNING] The resource https://vercel.com/_next/static/immutable/chunks/1cqt2xba0-dxw.css was preloaded using link preload but not used within a few seconds from the window's load event. Please make sure it has an appropriate `as` value and it is preloaded intentionally. @ https://vercel.com/rigo-melchor-s-projects/insourceful-website/settings/git:0
[  165112ms] [WARNING] The resource https://vercel.com/_next/static/immutable/chunks/3z9uffp9rqnx8.css was preloaded using link preload but not used within a few seconds from the window's load event. Please make sure it has an appropriate `as` value and it is preloaded intentionally. @ https://vercel.com/rigo-melchor-s-projects/insourceful-website/settings/git:0
[  165112ms] [WARNING] The resource https://vercel.com/_next/static/immutable/chunks/0-shbsz3-8ybx.css was preloaded using link preload but not used within a few seconds from the window's load event. Please make sure it has an appropriate `as` value and it is preloaded intentionally. @ https://vercel.com/rigo-melchor-s-projects/insourceful-website/settings/git:0
[  165112ms] [WARNING] The resource https://vercel.com/_next/static/immutable/chunks/1qpjfmo0jgtu2.css was preloaded using link preload but not used within a few seconds from the window's load event. Please make sure it has an appropriate `as` value and it is preloaded intentionally. @ https://vercel.com/rigo-melchor-s-projects/insourceful-website/settings/git:0
[  165112ms] [WARNING] The resource https://vercel.com/_next/static/immutable/chunks/3z36ncuffz89v.css was preloaded using link preload but not used within a few seconds from the window's load event. Please make sure it has an appropriate `as` value and it is preloaded intentionally. @ https://vercel.com/rigo-melchor-s-projects/insourceful-website/settings/git:0
[  165112ms] [WARNING] The resource https://vercel.com/_next/static/immutable/chunks/1xg6gg5e39tni.css was preloaded using link preload but not used within a few seconds from the window's load event. Please make sure it has an appropriate `as` value and it is preloaded intentionally. @ https://vercel.com/rigo-melchor-s-projects/insourceful-website/settings/git:0
[  165112ms] [WARNING] The resource https://vercel.com/_next/static/immutable/chunks/1hzff2kh3gano.css was preloaded using link preload but not used within a few seconds from the window's load event. Please make sure it has an appropriate `as` value and it is preloaded intentionally. @ https://vercel.com/rigo-melchor-s-projects/insourceful-website/settings/git:0
[  165112ms] [WARNING] The resource https://vercel.com/_next/static/immutable/chunks/3wlp7de5275zh.css was preloaded using link preload but not used within a few seconds from the window's load event. Please make sure it has an appropriate `as` value and it is preloaded intentionally. @ https://vercel.com/rigo-melchor-s-projects/insourceful-website/settings/git:0
[  165112ms] [WARNING] The resource https://vercel.com/_next/static/immutable/chunks/1qn0by1dcdo0p.css was preloaded using link preload but not used within a few seconds from the window's load event. Please make sure it has an appropriate `as` value and it is preloaded intentionally. @ https://vercel.com/rigo-melchor-s-projects/insourceful-website/settings/git:0
[  165112ms] [WARNING] The resource https://vercel.com/_next/static/immutable/chunks/0684o5f6tp9t5.css was preloaded using link preload but not used within a few seconds from the window's load event. Please make sure it has an appropriate `as` value and it is preloaded intentionally. @ https://vercel.com/rigo-melchor-s-projects/insourceful-website/settings/git:0
[  165112ms] [WARNING] The resource https://vercel.com/_next/static/immutable/chunks/0rblmumf_9wz1.css was preloaded using link preload but not used within a few seconds from the window's load event. Please make sure it has an appropriate `as` value and it is preloaded intentionally. @ https://vercel.com/rigo-melchor-s-projects/insourceful-website/settings/git:0
[  165112ms] [WARNING] The resource https://vercel.com/_next/static/immutable/chunks/2qegur97i-cye.css was preloaded using link preload but not used within a few seconds from the window's load event. Please make sure it has an appropriate `as` value and it is preloaded intentionally. @ https://vercel.com/rigo-melchor-s-projects/insourceful-website/settings/git:0
[  165112ms] [WARNING] The resource https://vercel.com/_next/static/immutable/chunks/25nnd13fh_4k5.css was preloaded using link preload but not used within a few seconds from the window's load event. Please make sure it has an appropriate `as` value and it is preloaded intentionally. @ https://vercel.com/rigo-melchor-s-projects/insourceful-website/settings/git:0
[  165112ms] [WARNING] The resource https://vercel.com/_next/static/immutable/chunks/3p9g28no3_hj-.css was preloaded using link preload but not used within a few seconds from the window's load event. Please make sure it has an appropriate `as` value and it is preloaded intentionally. @ https://vercel.com/rigo-melchor-s-projects/insourceful-website/settings/git:0
[  165112ms] [WARNING] The resource https://vercel.com/_next/static/immutable/chunks/3fd49nnoyujvi.css was preloaded using link preload but not used within a few seconds from the window's load event. Please make sure it has an appropriate `as` value and it is preloaded intentionally. @ https://vercel.com/rigo-melchor-s-projects/insourceful-website/settings/git:0
[  165112ms] [WARNING] The resource https://vercel.com/_next/static/immutable/chunks/1c374529bv7gx.css was preloaded using link preload but not used within a few seconds from the window's load event. Please make sure it has an appropriate `as` value and it is preloaded intentionally. @ https://vercel.com/rigo-melchor-s-projects/insourceful-website/settings/git:0
[  165112ms] [WARNING] The resource https://vercel.com/_next/static/immutable/chunks/26_kjvxoedtei.css was preloaded using link preload but not used within a few seconds from the window's load event. Please make sure it has an appropriate `as` value and it is preloaded intentionally. @ https://vercel.com/rigo-melchor-s-projects/insourceful-website/settings/git:0
[  165112ms] [WARNING] The resource https://vercel.com/_next/static/immutable/chunks/2cegy48-lpb69.css was preloaded using link preload but not used within a few seconds from the window's load event. Please make sure it has an appropriate `as` value and it is preloaded intentionally. @ https://vercel.com/rigo-melchor-s-projects/insourceful-website/settings/git:0
[  165112ms] [WARNING] The resource https://vercel.com/_next/static/immutable/chunks/00rj9e71aqnzg.css was preloaded using link preload but not used within a few seconds from the window's load event. Please make sure it has an appropriate `as` value and it is preloaded intentionally. @ https://vercel.com/rigo-melchor-s-projects/insourceful-website/settings/git:0
[  184998ms] [WARNING] The resource https://vercel.com/_next/static/immutable/chunks/1y7np90zxj-un.css was preloaded using link preload but not used within a few seconds from the window's load event. Please make sure it has an appropriate `as` value and it is preloaded intentionally. @ https://vercel.com/rigo-melchor-s-projects/insourceful-website/settings/git:0
[  184998ms] [WARNING] The resource https://vercel.com/_next/static/immutable/chunks/1_9kzgnvckhta.css was preloaded using link preload but not used within a few seconds from the window's load event. Please make sure it has an appropriate `as` value and it is preloaded intentionally. @ https://vercel.com/rigo-melchor-s-projects/insourceful-website/settings/git:0
[  184998ms] [WARNING] The resource https://vercel.com/_next/static/immutable/chunks/02duv4riu_ql6.css was preloaded using link preload but not used within a few seconds from the window's load event. Please make sure it has an appropriate `as` value and it is preloaded intentionally. @ https://vercel.com/rigo-melchor-s-projects/insourceful-website/settings/git:0
[  184998ms] [WARNING] The resource https://vercel.com/_next/static/immutable/chunks/012p6cwa_e92y.css was preloaded using link preload but not used within a few seconds from the window's load event. Please make sure it has an appropriate `as` value and it is preloaded intentionally. @ https://vercel.com/rigo-melchor-s-projects/insourceful-website/settings/git:0
[  184998ms] [WARNING] The resource https://vercel.com/_next/static/immutable/chunks/1cqt2xba0-dxw.css was preloaded using link preload but not used within a few seconds from the window's load event. Please make sure it has an appropriate `as` value and it is preloaded intentionally. @ https://vercel.com/rigo-melchor-s-projects/insourceful-website/settings/git:0
[  184998ms] [WARNING] The resource https://vercel.com/_next/static/immutable/chunks/3z9uffp9rqnx8.css was preloaded using link preload but not used within a few seconds from the window's load event. Please make sure it has an appropriate `as` value and it is preloaded intentionally. @ https://vercel.com/rigo-melchor-s-projects/insourceful-website/settings/git:0
[  184998ms] [WARNING] The resource https://vercel.com/_next/static/immutable/chunks/0-shbsz3-8ybx.css was preloaded using link preload but not used within a few seconds from the window's load event. Please make sure it has an appropriate `as` value and it is preloaded intentionally. @ https://vercel.com/rigo-melchor-s-projects/insourceful-website/settings/git:0
[  184998ms] [WARNING] The resource https://vercel.com/_next/static/immutable/chunks/1qpjfmo0jgtu2.css was preloaded using link preload but not used within a few seconds from the window's load event. Please make sure it has an appropriate `as` value and it is preloaded intentionally. @ https://vercel.com/rigo-melchor-s-projects/insourceful-website/settings/git:0
[  184998ms] [WARNING] The resource https://vercel.com/_next/static/immutable/chunks/3z36ncuffz89v.css was preloaded using link preload but not used within a few seconds from the window's load event. Please make sure it has an appropriate `as` value and it is preloaded intentionally. @ https://vercel.com/rigo-melchor-s-projects/insourceful-website/settings/git:0
[  184998ms] [WARNING] The resource https://vercel.com/_next/static/immutable/chunks/1xg6gg5e39tni.css was preloaded using link preload but not used within a few seconds from the window's load event. Please make sure it has an appropriate `as` value and it is preloaded intentionally. @ https://vercel.com/rigo-melchor-s-projects/insourceful-website/settings/git:0
[  184998ms] [WARNING] The resource https://vercel.com/_next/static/immutable/chunks/1hzff2kh3gano.css was preloaded using link preload but not used within a few seconds from the window's load event. Please make sure it has an appropriate `as` value and it is preloaded intentionally. @ https://vercel.com/rigo-melchor-s-projects/insourceful-website/settings/git:0
[  184998ms] [WARNING] The resource https://vercel.com/_next/static/immutable/chunks/3wlp7de5275zh.css was preloaded using link preload but not used within a few seconds from the window's load event. Please make sure it has an appropriate `as` value and it is preloaded intentionally. @ https://vercel.com/rigo-melchor-s-projects/insourceful-website/settings/git:0
[  184998ms] [WARNING] The resource https://vercel.com/_next/static/immutable/chunks/1qn0by1dcdo0p.css was preloaded using link preload but not used within a few seconds from the window's load event. Please make sure it has an appropriate `as` value and it is preloaded intentionally. @ https://vercel.com/rigo-melchor-s-projects/insourceful-website/settings/git:0
[  184998ms] [WARNING] The resource https://vercel.com/_next/static/immutable/chunks/0684o5f6tp9t5.css was preloaded using link preload but not used within a few seconds from the window's load event. Please make sure it has an appropriate `as` value and it is preloaded intentionally. @ https://vercel.com/rigo-melchor-s-projects/insourceful-website/settings/git:0
[  184998ms] [WARNING] The resource https://vercel.com/_next/static/immutable/chunks/0rblmumf_9wz1.css was preloaded using link preload but not used within a few seconds from the window's load event. Please make sure it has an appropriate `as` value and it is preloaded intentionally. @ https://vercel.com/rigo-melchor-s-projects/insourceful-website/settings/git:0
[  184998ms] [WARNING] The resource https://vercel.com/_next/static/immutable/chunks/2qegur97i-cye.css was preloaded using link preload but not used within a few seconds from the window's load event. Please make sure it has an appropriate `as` value and it is preloaded intentionally. @ https://vercel.com/rigo-melchor-s-projects/insourceful-website/settings/git:0
[  184998ms] [WARNING] The resource https://vercel.com/_next/static/immutable/chunks/25nnd13fh_4k5.css was preloaded using link preload but not used within a few seconds from the window's load event. Please make sure it has an appropriate `as` value and it is preloaded intentionally. @ https://vercel.com/rigo-melchor-s-projects/insourceful-website/settings/git:0
[  184998ms] [WARNING] The resource https://vercel.com/_next/static/immutable/chunks/3p9g28no3_hj-.css was preloaded using link preload but not used within a few seconds from the window's load event. Please make sure it has an appropriate `as` value and it is preloaded intentionally. @ https://vercel.com/rigo-melchor-s-projects/insourceful-website/settings/git:0
[  184998ms] [WARNING] The resource https://vercel.com/_next/static/immutable/chunks/3fd49nnoyujvi.css was preloaded using link preload but not used within a few seconds from the window's load event. Please make sure it has an appropriate `as` value and it is preloaded intentionally. @ https://vercel.com/rigo-melchor-s-projects/insourceful-website/settings/git:0
[  184998ms] [WARNING] The resource https://vercel.com/_next/static/immutable/chunks/1c374529bv7gx.css was preloaded using link preload but not used within a few seconds from the window's load event. Please make sure it has an appropriate `as` value and it is preloaded intentionally. @ https://vercel.com/rigo-melchor-s-projects/insourceful-website/settings/git:0
[  184998ms] [WARNING] The resource https://vercel.com/_next/static/immutable/chunks/26_kjvxoedtei.css was preloaded using link preload but not used within a few seconds from the window's load event. Please make sure it has an appropriate `as` value and it is preloaded intentionally. @ https://vercel.com/rigo-melchor-s-projects/insourceful-website/settings/git:0
[  184998ms] [WARNING] The resource https://vercel.com/_next/static/immutable/chunks/2cegy48-lpb69.css was preloaded using link preload but not used within a few seconds from the window's load event. Please make sure it has an appropriate `as` value and it is preloaded intentionally. @ https://vercel.com/rigo-melchor-s-projects/insourceful-website/settings/git:0
[  184998ms] [WARNING] The resource https://vercel.com/_next/static/immutable/chunks/00rj9e71aqnzg.css was preloaded using link preload but not used within a few seconds from the window's load event. Please make sure it has an appropriate `as` value and it is preloaded intentionally. @ https://vercel.com/rigo-melchor-s-projects/insourceful-website/settings/git:0
[  743541ms] [WARNING] The resource https://vercel.com/_next/static/immutable/chunks/1y7np90zxj-un.css was preloaded using link preload but not used within a few seconds from the window's load event. Please make sure it has an appropriate `as` value and it is preloaded intentionally. @ https://vercel.com/rigo-melchor-s-projects/insourceful-website/settings/git:0
[  743541ms] [WARNING] The resource https://vercel.com/_next/static/immutable/chunks/1_9kzgnvckhta.css was preloaded using link preload but not used within a few seconds from the window's load event. Please make sure it has an appropriate `as` value and it is preloaded intentionally. @ https://vercel.com/rigo-melchor-s-projects/insourceful-website/settings/git:0
[  743541ms] [WARNING] The resource https://vercel.com/_next/static/immutable/chunks/02duv4riu_ql6.css was preloaded using link preload but not used within a few seconds from the window's load event. Please make sure it has an appropriate `as` value and it is preloaded intentionally. @ https://vercel.com/rigo-melchor-s-projects/insourceful-website/settings/git:0
[  743541ms] [WARNING] The resource https://vercel.com/_next/static/immutable/chunks/012p6cwa_e92y.css was preloaded using link preload but not used within a few seconds from the window's load event. Please make sure it has an appropriate `as` value and it is preloaded intentionally. @ https://vercel.com/rigo-melchor-s-projects/insourceful-website/settings/git:0
[  743541ms] [WARNING] The resource https://vercel.com/_next/static/immutable/chunks/1cqt2xba0-dxw.css was preloaded using link preload but not used within a few seconds from the window's load event. Please make sure it has an appropriate `as` value and it is preloaded intentionally. @ https://vercel.com/rigo-melchor-s-projects/insourceful-website/settings/git:0
[  743541ms] [WARNING] The resource https://vercel.com/_next/static/immutable/chunks/3z9uffp9rqnx8.css was preloaded using link preload but not used within a few seconds from the window's load event. Please make sure it has an appropriate `as` value and it is preloaded intentionally. @ https://vercel.com/rigo-melchor-s-projects/insourceful-website/settings/git:0
[  743541ms] [WARNING] The resource https://vercel.com/_next/static/immutable/chunks/0-shbsz3-8ybx.css was preloaded using link preload but not used within a few seconds from the window's load event. Please make sure it has an appropriate `as` value and it is preloaded intentionally. @ https://vercel.com/rigo-melchor-s-projects/insourceful-website/settings/git:0
[  743541ms] [WARNING] The resource https://vercel.com/_next/static/immutable/chunks/1qpjfmo0jgtu2.css was preloaded using link preload but not used within a few seconds from the window's load event. Please make sure it has an appropriate `as` value and it is preloaded intentionally. @ https://vercel.com/rigo-melchor-s-projects/insourceful-website/settings/git:0
[  743541ms] [WARNING] The resource https://vercel.com/_next/static/immutable/chunks/3z36ncuffz89v.css was preloaded using link preload but not used within a few seconds from the window's load event. Please make sure it has an appropriate `as` value and it is preloaded intentionally. @ https://vercel.com/rigo-melchor-s-projects/insourceful-website/settings/git:0
[  743541ms] [WARNING] The resource https://vercel.com/_next/static/immutable/chunks/1xg6gg5e39tni.css was preloaded using link preload but not used within a few seconds from the window's load event. Please make sure it has an appropriate `as` value and it is preloaded intentionally. @ https://vercel.com/rigo-melchor-s-projects/insourceful-website/settings/git:0
[  743541ms] [WARNING] The resource https://vercel.com/_next/static/immutable/chunks/1hzff2kh3gano.css was preloaded using link preload but not used within a few seconds from the window's load event. Please make sure it has an appropriate `as` value and it is preloaded intentionally. @ https://vercel.com/rigo-melchor-s-projects/insourceful-website/settings/git:0
[  743541ms] [WARNING] The resource https://vercel.com/_next/static/immutable/chunks/3wlp7de5275zh.css was preloaded using link preload but not used within a few seconds from the window's load event. Please make sure it has an appropriate `as` value and it is preloaded intentionally. @ https://vercel.com/rigo-melchor-s-projects/insourceful-website/settings/git:0
[  743541ms] [WARNING] The resource https://vercel.com/_next/static/immutable/chunks/1qn0by1dcdo0p.css was preloaded using link preload but not used within a few seconds from the window's load event. Please make sure it has an appropriate `as` value and it is preloaded intentionally. @ https://vercel.com/rigo-melchor-s-projects/insourceful-website/settings/git:0
[  743541ms] [WARNING] The resource https://vercel.com/_next/static/immutable/chunks/0684o5f6tp9t5.css was preloaded using link preload but not used within a few seconds from the window's load event. Please make sure it has an appropriate `as` value and it is preloaded intentionally. @ https://vercel.com/rigo-melchor-s-projects/insourceful-website/settings/git:0
[  743541ms] [WARNING] The resource https://vercel.com/_next/static/immutable/chunks/0rblmumf_9wz1.css was preloaded using link preload but not used within a few seconds from the window's load event. Please make sure it has an appropriate `as` value and it is preloaded intentionally. @ https://vercel.com/rigo-melchor-s-projects/insourceful-website/settings/git:0
[  743541ms] [WARNING] The resource https://vercel.com/_next/static/immutable/chunks/2qegur97i-cye.css was preloaded using link preload but not used within a few seconds from the window's load event. Please make sure it has an appropriate `as` value and it is preloaded intentionally. @ https://vercel.com/rigo-melchor-s-projects/insourceful-website/settings/git:0
[  743541ms] [WARNING] The resource https://vercel.com/_next/static/immutable/chunks/25nnd13fh_4k5.css was preloaded using link preload but not used within a few seconds from the window's load event. Please make sure it has an appropriate `as` value and it is preloaded intentionally. @ https://vercel.com/rigo-melchor-s-projects/insourceful-website/settings/git:0
[  743542ms] [WARNING] The resource https://vercel.com/_next/static/immutable/chunks/3p9g28no3_hj-.css was preloaded using link preload but not used within a few seconds from the window's load event. Please make sure it has an appropriate `as` value and it is preloaded intentionally. @ https://vercel.com/rigo-melchor-s-projects/insourceful-website/settings/git:0
[  743542ms] [WARNING] The resource https://vercel.com/_next/static/immutable/chunks/3fd49nnoyujvi.css was preloaded using link preload but not used within a few seconds from the window's load event. Please make sure it has an appropriate `as` value and it is preloaded intentionally. @ https://vercel.com/rigo-melchor-s-projects/insourceful-website/settings/git:0
[  743542ms] [WARNING] The resource https://vercel.com/_next/static/immutable/chunks/1c374529bv7gx.css was preloaded using link preload but not used within a few seconds from the window's load event. Please make sure it has an appropriate `as` value and it is preloaded intentionally. @ https://vercel.com/rigo-melchor-s-projects/insourceful-website/settings/git:0
[  743542ms] [WARNING] The resource https://vercel.com/_next/static/immutable/chunks/26_kjvxoedtei.css was preloaded using link preload but not used within a few seconds from the window's load event. Please make sure it has an appropriate `as` value and it is preloaded intentionally. @ https://vercel.com/rigo-melchor-s-projects/insourceful-website/settings/git:0
[  743542ms] [WARNING] The resource https://vercel.com/_next/static/immutable/chunks/2cegy48-lpb69.css was preloaded using link preload but not used within a few seconds from the window's load event. Please make sure it has an appropriate `as` value and it is preloaded intentionally. @ https://vercel.com/rigo-melchor-s-projects/insourceful-website/settings/git:0
[  743542ms] [WARNING] The resource https://vercel.com/_next/static/immutable/chunks/00rj9e71aqnzg.css was preloaded using link preload but not used within a few seconds from the window's load event. Please make sure it has an appropriate `as` value and it is preloaded intentionally. @ https://vercel.com/rigo-melchor-s-projects/insourceful-website/settings/git:0
[ 3743871ms] [WARNING] The resource https://vercel.com/_next/static/immutable/chunks/1y7np90zxj-un.css was preloaded using link preload but not used within a few seconds from the window's load event. Please make sure it has an appropriate `as` value and it is preloaded intentionally. @ https://vercel.com/rigo-melchor-s-projects/insourceful-website/settings/git:0
[ 3743871ms] [WARNING] The resource https://vercel.com/_next/static/immutable/chunks/1_9kzgnvckhta.css was preloaded using link preload but not used within a few seconds from the window's load event. Please make sure it has an appropriate `as` value and it is preloaded intentionally. @ https://vercel.com/rigo-melchor-s-projects/insourceful-website/settings/git:0
[ 3743871ms] [WARNING] The resource https://vercel.com/_next/static/immutable/chunks/02duv4riu_ql6.css was preloaded using link preload but not used within a few seconds from the window's load event. Please make sure it has an appropriate `as` value and it is preloaded intentionally. @ https://vercel.com/rigo-melchor-s-projects/insourceful-website/settings/git:0
[ 3743871ms] [WARNING] The resource https://vercel.com/_next/static/immutable/chunks/012p6cwa_e92y.css was preloaded using link preload but not used within a few seconds from the window's load event. Please make sure it has an appropriate `as` value and it is preloaded intentionally. @ https://vercel.com/rigo-melchor-s-projects/insourceful-website/settings/git:0
[ 3743872ms] [WARNING] The resource https://vercel.com/_next/static/immutable/chunks/1cqt2xba0-dxw.css was preloaded using link preload but not used within a few seconds from the window's load event. Please make sure it has an appropriate `as` value and it is preloaded intentionally. @ https://vercel.com/rigo-melchor-s-projects/insourceful-website/settings/git:0
[ 3743872ms] [WARNING] The resource https://vercel.com/_next/static/immutable/chunks/3z9uffp9rqnx8.css was preloaded using link preload but not used within a few seconds from the window's load event. Please make sure it has an appropriate `as` value and it is preloaded intentionally. @ https://vercel.com/rigo-melchor-s-projects/insourceful-website/settings/git:0
[ 3743872ms] [WARNING] The resource https://vercel.com/_next/static/immutable/chunks/0-shbsz3-8ybx.css was preloaded using link preload but not used within a few seconds from the window's load event. Please make sure it has an appropriate `as` value and it is preloaded intentionally. @ https://vercel.com/rigo-melchor-s-projects/insourceful-website/settings/git:0
[ 3743872ms] [WARNING] The resource https://vercel.com/_next/static/immutable/chunks/1qpjfmo0jgtu2.css was preloaded using link preload but not used within a few seconds from the window's load event. Please make sure it has an appropriate `as` value and it is preloaded intentionally. @ https://vercel.com/rigo-melchor-s-projects/insourceful-website/settings/git:0
[ 3743872ms] [WARNING] The resource https://vercel.com/_next/static/immutable/chunks/3z36ncuffz89v.css was preloaded using link preload but not used within a few seconds from the window's load event. Please make sure it has an appropriate `as` value and it is preloaded intentionally. @ https://vercel.com/rigo-melchor-s-projects/insourceful-website/settings/git:0
[ 3743872ms] [WARNING] The resource https://vercel.com/_next/static/immutable/chunks/1xg6gg5e39tni.css was preloaded using link preload but not used within a few seconds from the window's load event. Please make sure it has an appropriate `as` value and it is preloaded intentionally. @ https://vercel.com/rigo-melchor-s-projects/insourceful-website/settings/git:0
[ 3743872ms] [WARNING] The resource https://vercel.com/_next/static/immutable/chunks/1hzff2kh3gano.css was preloaded using link preload but not used within a few seconds from the window's load event. Please make sure it has an appropriate `as` value and it is preloaded intentionally. @ https://vercel.com/rigo-melchor-s-projects/insourceful-website/settings/git:0
[ 3743872ms] [WARNING] The resource https://vercel.com/_next/static/immutable/chunks/3wlp7de5275zh.css was preloaded using link preload but not used within a few seconds from the window's load event. Please make sure it has an appropriate `as` value and it is preloaded intentionally. @ https://vercel.com/rigo-melchor-s-projects/insourceful-website/settings/git:0
[ 3743872ms] [WARNING] The resource https://vercel.com/_next/static/immutable/chunks/1qn0by1dcdo0p.css was preloaded using link preload but not used within a few seconds from the window's load event. Please make sure it has an appropriate `as` value and it is preloaded intentionally. @ https://vercel.com/rigo-melchor-s-projects/insourceful-website/settings/git:0
[ 3743872ms] [WARNING] The resource https://vercel.com/_next/static/immutable/chunks/0684o5f6tp9t5.css was preloaded using link preload but not used within a few seconds from the window's load event. Please make sure it has an appropriate `as` value and it is preloaded intentionally. @ https://vercel.com/rigo-melchor-s-projects/insourceful-website/settings/git:0
[ 3743872ms] [WARNING] The resource https://vercel.com/_next/static/immutable/chunks/0rblmumf_9wz1.css was preloaded using link preload but not used within a few seconds from the window's load event. Please make sure it has an appropriate `as` value and it is preloaded intentionally. @ https://vercel.com/rigo-melchor-s-projects/insourceful-website/settings/git:0
[ 3743872ms] [WARNING] The resource https://vercel.com/_next/static/immutable/chunks/2qegur97i-cye.css was preloaded using link preload but not used within a few seconds from the window's load event. Please make sure it has an appropriate `as` value and it is preloaded intentionally. @ https://vercel.com/rigo-melchor-s-projects/insourceful-website/settings/git:0
[ 3743872ms] [WARNING] The resource https://vercel.com/_next/static/immutable/chunks/25nnd13fh_4k5.css was preloaded using link preload but not used within a few seconds from the window's load event. Please make sure it has an appropriate `as` value and it is preloaded intentionally. @ https://vercel.com/rigo-melchor-s-projects/insourceful-website/settings/git:0
[ 3743872ms] [WARNING] The resource https://vercel.com/_next/static/immutable/chunks/3p9g28no3_hj-.css was preloaded using link preload but not used within a few seconds from the window's load event. Please make sure it has an appropriate `as` value and it is preloaded intentionally. @ https://vercel.com/rigo-melchor-s-projects/insourceful-website/settings/git:0
[ 3743872ms] [WARNING] The resource https://vercel.com/_next/static/immutable/chunks/3fd49nnoyujvi.css was preloaded using link preload but not used within a few seconds from the window's load event. Please make sure it has an appropriate `as` value and it is preloaded intentionally. @ https://vercel.com/rigo-melchor-s-projects/insourceful-website/settings/git:0
[ 3743872ms] [WARNING] The resource https://vercel.com/_next/static/immutable/chunks/1c374529bv7gx.css was preloaded using link preload but not used within a few seconds from the window's load event. Please make sure it has an appropriate `as` value and it is preloaded intentionally. @ https://vercel.com/rigo-melchor-s-projects/insourceful-website/settings/git:0
[ 3743872ms] [WARNING] The resource https://vercel.com/_next/static/immutable/chunks/26_kjvxoedtei.css was preloaded using link preload but not used within a few seconds from the window's load event. Please make sure it has an appropriate `as` value and it is preloaded intentionally. @ https://vercel.com/rigo-melchor-s-projects/insourceful-website/settings/git:0
[ 3743872ms] [WARNING] The resource https://vercel.com/_next/static/immutable/chunks/2cegy48-lpb69.css was preloaded using link preload but not used within a few seconds from the window's load event. Please make sure it has an appropriate `as` value and it is preloaded intentionally. @ https://vercel.com/rigo-melchor-s-projects/insourceful-website/settings/git:0
[ 3743872ms] [WARNING] The resource https://vercel.com/_next/static/immutable/chunks/00rj9e71aqnzg.css was preloaded using link preload but not used within a few seconds from the window's load event. Please make sure it has an appropriate `as` value and it is preloaded intentionally. @ https://vercel.com/rigo-melchor-s-projects/insourceful-website/settings/git:0
[ 4341126ms] [WARNING] The resource https://vercel.com/_next/static/immutable/chunks/1y7np90zxj-un.css was preloaded using link preload but not used within a few seconds from the window's load event. Please make sure it has an appropriate `as` value and it is preloaded intentionally. @ https://vercel.com/rigo-melchor-s-projects/insourceful-website/settings/git:0
[ 4341126ms] [WARNING] The resource https://vercel.com/_next/static/immutable/chunks/1_9kzgnvckhta.css was preloaded using link preload but not used within a few seconds from the window's load event. Please make sure it has an appropriate `as` value and it is preloaded intentionally. @ https://vercel.com/rigo-melchor-s-projects/insourceful-website/settings/git:0
[ 4341126ms] [WARNING] The resource https://vercel.com/_next/static/immutable/chunks/02duv4riu_ql6.css was preloaded using link preload but not used within a few seconds from the window's load event. Please make sure it has an appropriate `as` value and it is preloaded intentionally. @ https://vercel.com/rigo-melchor-s-projects/insourceful-website/settings/git:0
[ 4341126ms] [WARNING] The resource https://vercel.com/_next/static/immutable/chunks/012p6cwa_e92y.css was preloaded using link preload but not used within a few seconds from the window's load event. Please make sure it has an appropriate `as` value and it is preloaded intentionally. @ https://vercel.com/rigo-melchor-s-projects/insourceful-website/settings/git:0
[ 4341127ms] [WARNING] The resource https://vercel.com/_next/static/immutable/chunks/1cqt2xba0-dxw.css was preloaded using link preload but not used within a few seconds from the window's load event. Please make sure it has an appropriate `as` value and it is preloaded intentionally. @ https://vercel.com/rigo-melchor-s-projects/insourceful-website/settings/git:0
[ 4341127ms] [WARNING] The resource https://vercel.com/_next/static/immutable/chunks/3z9uffp9rqnx8.css was preloaded using link preload but not used within a few seconds from the window's load event. Please make sure it has an appropriate `as` value and it is preloaded intentionally. @ https://vercel.com/rigo-melchor-s-projects/insourceful-website/settings/git:0
[ 4341127ms] [WARNING] The resource https://vercel.com/_next/static/immutable/chunks/0-shbsz3-8ybx.css was preloaded using link preload but not used within a few seconds from the window's load event. Please make sure it has an appropriate `as` value and it is preloaded intentionally. @ https://vercel.com/rigo-melchor-s-projects/insourceful-website/settings/git:0
[ 4341127ms] [WARNING] The resource https://vercel.com/_next/static/immutable/chunks/1qpjfmo0jgtu2.css was preloaded using link preload but not used within a few seconds from the window's load event. Please make sure it has an appropriate `as` value and it is preloaded intentionally. @ https://vercel.com/rigo-melchor-s-projects/insourceful-website/settings/git:0
[ 4341127ms] [WARNING] The resource https://vercel.com/_next/static/immutable/chunks/3z36ncuffz89v.css was preloaded using link preload but not used within a few seconds from the window's load event. Please make sure it has an appropriate `as` value and it is preloaded intentionally. @ https://vercel.com/rigo-melchor-s-projects/insourceful-website/settings/git:0
[ 4341127ms] [WARNING] The resource https://vercel.com/_next/static/immutable/chunks/1xg6gg5e39tni.css was preloaded using link preload but not used within a few seconds from the window's load event. Please make sure it has an appropriate `as` value and it is preloaded intentionally. @ https://vercel.com/rigo-melchor-s-projects/insourceful-website/settings/git:0
[ 4341127ms] [WARNING] The resource https://vercel.com/_next/static/immutable/chunks/1hzff2kh3gano.css was preloaded using link preload but not used within a few seconds from the window's load event. Please make sure it has an appropriate `as` value and it is preloaded intentionally. @ https://vercel.com/rigo-melchor-s-projects/insourceful-website/settings/git:0
[ 4341127ms] [WARNING] The resource https://vercel.com/_next/static/immutable/chunks/3wlp7de5275zh.css was preloaded using link preload but not used within a few seconds from the window's load event. Please make sure it has an appropriate `as` value and it is preloaded intentionally. @ https://vercel.com/rigo-melchor-s-projects/insourceful-website/settings/git:0
[ 4341127ms] [WARNING] The resource https://vercel.com/_next/static/immutable/chunks/1qn0by1dcdo0p.css was preloaded using link preload but not used within a few seconds from the window's load event. Please make sure it has an appropriate `as` value and it is preloaded intentionally. @ https://vercel.com/rigo-melchor-s-projects/insourceful-website/settings/git:0
[ 4341127ms] [WARNING] The resource https://vercel.com/_next/static/immutable/chunks/0684o5f6tp9t5.css was preloaded using link preload but not used within a few seconds from the window's load event. Please make sure it has an appropriate `as` value and it is preloaded intentionally. @ https://vercel.com/rigo-melchor-s-projects/insourceful-website/settings/git:0
[ 4341127ms] [WARNING] The resource https://vercel.com/_next/static/immutable/chunks/0rblmumf_9wz1.css was preloaded using link preload but not used within a few seconds from the window's load event. Please make sure it has an appropriate `as` value and it is preloaded intentionally. @ https://vercel.com/rigo-melchor-s-projects/insourceful-website/settings/git:0
[ 4341127ms] [WARNING] The resource https://vercel.com/_next/static/immutable/chunks/2qegur97i-cye.css was preloaded using link preload but not used within a few seconds from the window's load event. Please make sure it has an appropriate `as` value and it is preloaded intentionally. @ https://vercel.com/rigo-melchor-s-projects/insourceful-website/settings/git:0
[ 4341127ms] [WARNING] The resource https://vercel.com/_next/static/immutable/chunks/25nnd13fh_4k5.css was preloaded using link preload but not used within a few seconds from the window's load event. Please make sure it has an appropriate `as` value and it is preloaded intentionally. @ https://vercel.com/rigo-melchor-s-projects/insourceful-website/settings/git:0
[ 4341127ms] [WARNING] The resource https://vercel.com/_next/static/immutable/chunks/3p9g28no3_hj-.css was preloaded using link preload but not used within a few seconds from the window's load event. Please make sure it has an appropriate `as` value and it is preloaded intentionally. @ https://vercel.com/rigo-melchor-s-projects/insourceful-website/settings/git:0
[ 4341127ms] [WARNING] The resource https://vercel.com/_next/static/immutable/chunks/3fd49nnoyujvi.css was preloaded using link preload but not used within a few seconds from the window's load event. Please make sure it has an appropriate `as` value and it is preloaded intentionally. @ https://vercel.com/rigo-melchor-s-projects/insourceful-website/settings/git:0
[ 4341127ms] [WARNING] The resource https://vercel.com/_next/static/immutable/chunks/1c374529bv7gx.css was preloaded using link preload but not used within a few seconds from the window's load event. Please make sure it has an appropriate `as` value and it is preloaded intentionally. @ https://vercel.com/rigo-melchor-s-projects/insourceful-website/settings/git:0
[ 4341127ms] [WARNING] The resource https://vercel.com/_next/static/immutable/chunks/26_kjvxoedtei.css was preloaded using link preload but not used within a few seconds from the window's load event. Please make sure it has an appropriate `as` value and it is preloaded intentionally. @ https://vercel.com/rigo-melchor-s-projects/insourceful-website/settings/git:0
[ 4341127ms] [WARNING] The resource https://vercel.com/_next/static/immutable/chunks/2cegy48-lpb69.css was preloaded using link preload but not used within a few seconds from the window's load event. Please make sure it has an appropriate `as` value and it is preloaded intentionally. @ https://vercel.com/rigo-melchor-s-projects/insourceful-website/settings/git:0
[ 4341127ms] [WARNING] The resource https://vercel.com/_next/static/immutable/chunks/00rj9e71aqnzg.css was preloaded using link preload but not used within a few seconds from the window's load event. Please make sure it has an appropriate `as` value and it is preloaded intentionally. @ https://vercel.com/rigo-melchor-s-projects/insourceful-website/settings/git:0
