[    1779ms] [LOG] %c
▲

    ____                               _ __
   / __ \________  ____ _____ ___     (_) /_
  / / / / ___/ _ \/ __ `/ __ `__ \   / / __/
 / /_/ / /  /  __/ /_/ / / / / / /  / / /__
/_____/_/   \___/\__,_/_/ /_/ /_/  /_/\__( )
   _____ __    _          _ __           |/
  / ___// /_  (_)___     (_) /_
  \__ \/ __ \/ / __ \   / / __/
 ___/ / / / / / /_/ /  / / /_
/____/_/ /_/_/ .___/  /_/\__/
            /_/
  

Hello!

- Open Source https://vercel.com/oss
- Careers https://vercel.com/careers
- Status https://vercel-status.com

 font-family: "Geist Mono", monospace; white-space: pre; line-height: 1; @ https://vercel.com/_next/static/immutable/chunks/10bipm_r0kfgr.js:78
[    2125ms] [WARNING] iso_swr: SSR fetch failed for "/api/v9/projects/foxtrading/domains?limit=91&teamId=rigo-melchor-s-projects" {error: iso_swr_fetch_error, message: The request is missing an authentication token} @ https://vercel.com/rigo-melchor-s-projects/foxtrading/settings/domains:624
[    2548ms] [WARNING] iso_swr[warn] [client] fallback error for key: "/api/v9/projects/foxtrading/domains?limit=91&teamId=rigo-melchor-s-projects" {error: iso_swr_fetch_error, message: The request is missing an authentication token} @ https://vercel.com/_next/static/immutable/chunks/3s_6nuylxj3ys.js:2
[    2684ms] [WARNING] Deprecated API for given entry type. @ https://vercel.com/_next/static/immutable/chunks/3-tnb_jpr7237.js:18
[    2796ms] [ERROR] Failed to load resource: the server responded with a status of 429 () @ https://o205439.ingest.sentry.io/api/1323670/envelope/?sentry_key=d00780d432ac4ccf882f60dd02062e14&sentry_version=7&sentry_client=sentry.javascript.browser%2F7.111.0:0
[    2907ms] [ERROR] Failed to load resource: the server responded with a status of 404 () @ https://vercel.com/api/chat/wPYENlNSgmH1Yxn2/stream:0
[    2907ms] [WARNING] [omniagent] chat stream failed Error: {"error":{"code":"not_found","message":"The requested API endpoint was not found."}}
    at oS.reconnectToStream (https://vercel.com/_next/static/immutable/chunks/2deoqshqycxk0.js:38:48063)
    at async ae.makeRequest (https://vercel.com/_next/static/immutable/chunks/2deoqshqycxk0.js:23:47520)
    at async ae.resumeStream (https://vercel.com/_next/static/immutable/chunks/2deoqshqycxk0.js:23:44598) @ https://vercel.com/_next/static/immutable/chunks/3-tnb_jpr7237.js:16
[    3073ms] [ERROR] Failed to load resource: the server responded with a status of 403 () @ https://vercel.com/api/v6/domains/www.ftsgp.com?teamId=rigo-melchor-s-projects:0
[    3073ms] [ERROR] Failed to load resource: the server responded with a status of 403 () @ https://vercel.com/api/v6/domains/foxtradingsingapore.com?teamId=rigo-melchor-s-projects:0
[    3110ms] [ERROR] Failed to load resource: the server responded with a status of 400 () @ https://vercel.com/api/front-domains/domain-connect/status?domain=www.foxtradingsingapore.com:0
[    3111ms] [LOG] Ignored request error CustomFetchError: Unexpected response: text/plain Domain connect record not found
    at g (https://vercel.com/_next/static/immutable/chunks/3sm5e1b93o0jy.js:2:37791)
    at async https://vercel.com/_next/static/immutable/chunks/1gvyyr3h4217j.js:2:12183 @ https://vercel.com/_next/static/immutable/chunks/3-tnb_jpr7237.js:16
[    3174ms] [ERROR] Failed to load resource: the server responded with a status of 400 () @ https://vercel.com/api/front-domains/domain-connect/status?domain=foxtradingsingapore.com:0
[    3174ms] [LOG] Ignored request error CustomFetchError: Unexpected response: text/plain Domain connect record not found
    at g (https://vercel.com/_next/static/immutable/chunks/3sm5e1b93o0jy.js:2:37791)
    at async https://vercel.com/_next/static/immutable/chunks/1gvyyr3h4217j.js:2:12183 @ https://vercel.com/_next/static/immutable/chunks/3-tnb_jpr7237.js:16
[    3350ms] [ERROR] Failed to load resource: the server responded with a status of 403 () @ https://vercel.com/api/v6/domains/ftsgp.net?teamId=rigo-melchor-s-projects:0
[    3366ms] [ERROR] Failed to load resource: the server responded with a status of 403 () @ https://vercel.com/api/v6/domains/www.foxtradingsingapore.com?teamId=rigo-melchor-s-projects:0
[    3384ms] [ERROR] Failed to load resource: the server responded with a status of 403 () @ https://vercel.com/api/v6/domains/ftsgp.com?teamId=rigo-melchor-s-projects:0
[    4110ms] [WARNING] iso_swr: SSR fetch failed for "/api/v2/teams/rigo-melchor-s-projects" {error: iso_swr_timeout, message: timeout: 2000} @ https://vercel.com/_next/static/immutable/chunks/3-tnb_jpr7237.js:16
[    4957ms] [WARNING] iso_swr[warn] [client] fallback error for key: "/api/v2/teams/rigo-melchor-s-projects" {error: iso_swr_timeout, message: timeout: 2000} @ https://vercel.com/_next/static/immutable/chunks/3s_6nuylxj3ys.js:2
[    5633ms] [ERROR] Failed to load resource: the server responded with a status of 403 () @ https://vercel.com/api/v6/domains/www.ftsgp.net?teamId=rigo-melchor-s-projects:0
[   13354ms] [WARNING] The resource https://vercel.com/_next/static/immutable/chunks/1y7np90zxj-un.css was preloaded using link preload but not used within a few seconds from the window's load event. Please make sure it has an appropriate `as` value and it is preloaded intentionally. @ https://vercel.com/rigo-melchor-s-projects/foxtrading/deployments:0
[   13354ms] [WARNING] The resource https://vercel.com/_next/static/immutable/chunks/2xsdyifozdz06.css was preloaded using link preload but not used within a few seconds from the window's load event. Please make sure it has an appropriate `as` value and it is preloaded intentionally. @ https://vercel.com/rigo-melchor-s-projects/foxtrading/deployments:0
[   13354ms] [WARNING] The resource https://vercel.com/_next/static/immutable/media/logo-vercel-dark.28zbfuuys0x7i.svg was preloaded using link preload but not used within a few seconds from the window's load event. Please make sure it has an appropriate `as` value and it is preloaded intentionally. @ https://vercel.com/rigo-melchor-s-projects/foxtrading/deployments:0
[   13354ms] [WARNING] The resource https://vercel.com/_next/static/immutable/chunks/0vmhpedf_b0j8.css was preloaded using link preload but not used within a few seconds from the window's load event. Please make sure it has an appropriate `as` value and it is preloaded intentionally. @ https://vercel.com/rigo-melchor-s-projects/foxtrading/deployments:0
[   13354ms] [WARNING] The resource https://vercel.com/_next/static/immutable/chunks/3d792zqltro0t.css was preloaded using link preload but not used within a few seconds from the window's load event. Please make sure it has an appropriate `as` value and it is preloaded intentionally. @ https://vercel.com/rigo-melchor-s-projects/foxtrading/deployments:0
[   13354ms] [WARNING] The resource https://vercel.com/_next/static/immutable/chunks/3z9uffp9rqnx8.css was preloaded using link preload but not used within a few seconds from the window's load event. Please make sure it has an appropriate `as` value and it is preloaded intentionally. @ https://vercel.com/rigo-melchor-s-projects/foxtrading/deployments:0
[   13354ms] [WARNING] The resource https://vercel.com/_next/static/immutable/chunks/1yl8955ma4q4-.css was preloaded using link preload but not used within a few seconds from the window's load event. Please make sure it has an appropriate `as` value and it is preloaded intentionally. @ https://vercel.com/rigo-melchor-s-projects/foxtrading/deployments:0
[   13354ms] [WARNING] The resource https://vercel.com/_next/static/immutable/chunks/0-shbsz3-8ybx.css was preloaded using link preload but not used within a few seconds from the window's load event. Please make sure it has an appropriate `as` value and it is preloaded intentionally. @ https://vercel.com/rigo-melchor-s-projects/foxtrading/deployments:0
[   13354ms] [WARNING] The resource https://vercel.com/_next/static/immutable/chunks/3z36ncuffz89v.css was preloaded using link preload but not used within a few seconds from the window's load event. Please make sure it has an appropriate `as` value and it is preloaded intentionally. @ https://vercel.com/rigo-melchor-s-projects/foxtrading/deployments:0
[   13354ms] [WARNING] The resource https://vercel.com/_next/static/immutable/chunks/1xg6gg5e39tni.css was preloaded using link preload but not used within a few seconds from the window's load event. Please make sure it has an appropriate `as` value and it is preloaded intentionally. @ https://vercel.com/rigo-melchor-s-projects/foxtrading/deployments:0
[   13354ms] [WARNING] The resource https://vercel.com/_next/static/immutable/chunks/1hzff2kh3gano.css was preloaded using link preload but not used within a few seconds from the window's load event. Please make sure it has an appropriate `as` value and it is preloaded intentionally. @ https://vercel.com/rigo-melchor-s-projects/foxtrading/deployments:0
[   13354ms] [WARNING] The resource https://vercel.com/_next/static/immutable/chunks/044vmykz7q7vs.css was preloaded using link preload but not used within a few seconds from the window's load event. Please make sure it has an appropriate `as` value and it is preloaded intentionally. @ https://vercel.com/rigo-melchor-s-projects/foxtrading/deployments:0
[   13354ms] [WARNING] The resource https://vercel.com/_next/static/immutable/media/logo-vercel-light.3an2_9g6dt4xn.svg was preloaded using link preload but not used within a few seconds from the window's load event. Please make sure it has an appropriate `as` value and it is preloaded intentionally. @ https://vercel.com/rigo-melchor-s-projects/foxtrading/deployments:0
[   13354ms] [WARNING] The resource https://vercel.com/_next/static/immutable/chunks/0rblmumf_9wz1.css was preloaded using link preload but not used within a few seconds from the window's load event. Please make sure it has an appropriate `as` value and it is preloaded intentionally. @ https://vercel.com/rigo-melchor-s-projects/foxtrading/deployments:0
[   13354ms] [WARNING] The resource https://vercel.com/_next/static/immutable/chunks/25nnd13fh_4k5.css was preloaded using link preload but not used within a few seconds from the window's load event. Please make sure it has an appropriate `as` value and it is preloaded intentionally. @ https://vercel.com/rigo-melchor-s-projects/foxtrading/deployments:0
[   13354ms] [WARNING] The resource https://vercel.com/_next/static/immutable/chunks/3p9g28no3_hj-.css was preloaded using link preload but not used within a few seconds from the window's load event. Please make sure it has an appropriate `as` value and it is preloaded intentionally. @ https://vercel.com/rigo-melchor-s-projects/foxtrading/deployments:0
[   13355ms] [WARNING] The resource https://vercel.com/_next/static/immutable/chunks/3fd49nnoyujvi.css was preloaded using link preload but not used within a few seconds from the window's load event. Please make sure it has an appropriate `as` value and it is preloaded intentionally. @ https://vercel.com/rigo-melchor-s-projects/foxtrading/deployments:0
[   13355ms] [WARNING] The resource https://vercel.com/_next/static/immutable/chunks/2cegy48-lpb69.css was preloaded using link preload but not used within a few seconds from the window's load event. Please make sure it has an appropriate `as` value and it is preloaded intentionally. @ https://vercel.com/rigo-melchor-s-projects/foxtrading/deployments:0
[   13355ms] [WARNING] The resource https://vercel.com/_next/static/immutable/chunks/26_kjvxoedtei.css was preloaded using link preload but not used within a few seconds from the window's load event. Please make sure it has an appropriate `as` value and it is preloaded intentionally. @ https://vercel.com/rigo-melchor-s-projects/foxtrading/deployments:0
[   15813ms] [ERROR] Failed to load resource: the server responded with a status of 502 () @ https://vercel.com/api/teams?flags=true&permissions=true&entitlements=true:0
[   18259ms] [WARNING] The resource https://vercel.com/_next/static/immutable/chunks/1y7np90zxj-un.css was preloaded using link preload but not used within a few seconds from the window's load event. Please make sure it has an appropriate `as` value and it is preloaded intentionally. @ https://vercel.com/rigo-melchor-s-projects/foxtrading:0
[   18259ms] [WARNING] The resource https://vercel.com/_next/static/immutable/chunks/2xsdyifozdz06.css was preloaded using link preload but not used within a few seconds from the window's load event. Please make sure it has an appropriate `as` value and it is preloaded intentionally. @ https://vercel.com/rigo-melchor-s-projects/foxtrading:0
[   18259ms] [WARNING] The resource https://vercel.com/_next/static/immutable/media/logo-vercel-dark.28zbfuuys0x7i.svg was preloaded using link preload but not used within a few seconds from the window's load event. Please make sure it has an appropriate `as` value and it is preloaded intentionally. @ https://vercel.com/rigo-melchor-s-projects/foxtrading:0
[   18259ms] [WARNING] The resource https://vercel.com/_next/static/immutable/chunks/0vmhpedf_b0j8.css was preloaded using link preload but not used within a few seconds from the window's load event. Please make sure it has an appropriate `as` value and it is preloaded intentionally. @ https://vercel.com/rigo-melchor-s-projects/foxtrading:0
[   18259ms] [WARNING] The resource https://vercel.com/_next/static/immutable/chunks/2mvavehoxc309.css was preloaded using link preload but not used within a few seconds from the window's load event. Please make sure it has an appropriate `as` value and it is preloaded intentionally. @ https://vercel.com/rigo-melchor-s-projects/foxtrading:0
[   18259ms] [WARNING] The resource https://vercel.com/_next/static/immutable/chunks/3d792zqltro0t.css was preloaded using link preload but not used within a few seconds from the window's load event. Please make sure it has an appropriate `as` value and it is preloaded intentionally. @ https://vercel.com/rigo-melchor-s-projects/foxtrading:0
[   18259ms] [WARNING] The resource https://vercel.com/_next/static/immutable/chunks/3z9uffp9rqnx8.css was preloaded using link preload but not used within a few seconds from the window's load event. Please make sure it has an appropriate `as` value and it is preloaded intentionally. @ https://vercel.com/rigo-melchor-s-projects/foxtrading:0
[   18259ms] [WARNING] The resource https://vercel.com/_next/static/immutable/chunks/1yl8955ma4q4-.css was preloaded using link preload but not used within a few seconds from the window's load event. Please make sure it has an appropriate `as` value and it is preloaded intentionally. @ https://vercel.com/rigo-melchor-s-projects/foxtrading:0
[   18259ms] [WARNING] The resource https://vercel.com/_next/static/immutable/chunks/0-shbsz3-8ybx.css was preloaded using link preload but not used within a few seconds from the window's load event. Please make sure it has an appropriate `as` value and it is preloaded intentionally. @ https://vercel.com/rigo-melchor-s-projects/foxtrading:0
[   18259ms] [WARNING] The resource https://vercel.com/_next/static/immutable/chunks/3z36ncuffz89v.css was preloaded using link preload but not used within a few seconds from the window's load event. Please make sure it has an appropriate `as` value and it is preloaded intentionally. @ https://vercel.com/rigo-melchor-s-projects/foxtrading:0
[   18259ms] [WARNING] The resource https://vercel.com/_next/static/immutable/chunks/1xg6gg5e39tni.css was preloaded using link preload but not used within a few seconds from the window's load event. Please make sure it has an appropriate `as` value and it is preloaded intentionally. @ https://vercel.com/rigo-melchor-s-projects/foxtrading:0
[   18259ms] [WARNING] The resource https://vercel.com/_next/static/immutable/chunks/1hzff2kh3gano.css was preloaded using link preload but not used within a few seconds from the window's load event. Please make sure it has an appropriate `as` value and it is preloaded intentionally. @ https://vercel.com/rigo-melchor-s-projects/foxtrading:0
[   18259ms] [WARNING] The resource https://vercel.com/_next/static/immutable/chunks/044vmykz7q7vs.css was preloaded using link preload but not used within a few seconds from the window's load event. Please make sure it has an appropriate `as` value and it is preloaded intentionally. @ https://vercel.com/rigo-melchor-s-projects/foxtrading:0
[   18259ms] [WARNING] The resource https://vercel.com/_next/static/immutable/media/logo-vercel-light.3an2_9g6dt4xn.svg was preloaded using link preload but not used within a few seconds from the window's load event. Please make sure it has an appropriate `as` value and it is preloaded intentionally. @ https://vercel.com/rigo-melchor-s-projects/foxtrading:0
[   18260ms] [WARNING] The resource https://vercel.com/_next/static/immutable/chunks/0rblmumf_9wz1.css was preloaded using link preload but not used within a few seconds from the window's load event. Please make sure it has an appropriate `as` value and it is preloaded intentionally. @ https://vercel.com/rigo-melchor-s-projects/foxtrading:0
[   18260ms] [WARNING] The resource https://vercel.com/_next/static/immutable/chunks/25nnd13fh_4k5.css was preloaded using link preload but not used within a few seconds from the window's load event. Please make sure it has an appropriate `as` value and it is preloaded intentionally. @ https://vercel.com/rigo-melchor-s-projects/foxtrading:0
[   18260ms] [WARNING] The resource https://vercel.com/_next/static/immutable/chunks/3p9g28no3_hj-.css was preloaded using link preload but not used within a few seconds from the window's load event. Please make sure it has an appropriate `as` value and it is preloaded intentionally. @ https://vercel.com/rigo-melchor-s-projects/foxtrading:0
[   18260ms] [WARNING] The resource https://vercel.com/_next/static/immutable/chunks/3fd49nnoyujvi.css was preloaded using link preload but not used within a few seconds from the window's load event. Please make sure it has an appropriate `as` value and it is preloaded intentionally. @ https://vercel.com/rigo-melchor-s-projects/foxtrading:0
[   18260ms] [WARNING] The resource https://vercel.com/_next/static/immutable/chunks/2cegy48-lpb69.css was preloaded using link preload but not used within a few seconds from the window's load event. Please make sure it has an appropriate `as` value and it is preloaded intentionally. @ https://vercel.com/rigo-melchor-s-projects/foxtrading:0
[   18260ms] [WARNING] The resource https://vercel.com/_next/static/immutable/chunks/26_kjvxoedtei.css was preloaded using link preload but not used within a few seconds from the window's load event. Please make sure it has an appropriate `as` value and it is preloaded intentionally. @ https://vercel.com/rigo-melchor-s-projects/foxtrading:0
[   29216ms] [ERROR] Failed to load resource: the server responded with a status of 502 () @ https://vercel.com/api/v2/teams/rigo-melchor-s-projects:0
[   29216ms] [TABLE] CustomFetchError: Unexpected response: text/html <html>
<head><title>502 Bad Gateway</title></head>
<body>
<center><h1>502 Bad Gateway</h1></center>
<hr><center>nginx</center>
</body>
</html>
<!-- a padding to disable MSIE and Chrome friendly error page -->
<!-- a padding to disable MSIE and Chrome friendly error page -->
<!-- a padding to disable MSIE and Chrome friendly error page -->
<!-- a padding to disable MSIE and Chrome friendly error page -->
<!-- a padding to disable MSIE and Chrome friendly error page -->
<!-- a padding to disable MSIE and Chrome friendly error page -->

    at g (https://vercel.com/_next/static/immutable/chunks/3sm5e1b93o0jy.js:2:37791)
    at async https://vercel.com/_next/static/immutable/chunks/1gvyyr3h4217j.js:2:12183 @ https://vercel.com/_next/static/immutable/chunks/3na213g55ghth.js:8
[   29217ms] [ERROR] CustomFetchError: Unexpected response: text/html <html>
<head><title>502 Bad Gateway</title></head>
<body>
<center><h1>502 Bad Gateway</h1></center>
<hr><center>nginx</center>
</body>
</html>
<!-- a padding to disable MSIE and Chrome friendly error page -->
<!-- a padding to disable MSIE and Chrome friendly error page -->
<!-- a padding to disable MSIE and Chrome friendly error page -->
<!-- a padding to disable MSIE and Chrome friendly error page -->
<!-- a padding to disable MSIE and Chrome friendly error page -->
<!-- a padding to disable MSIE and Chrome friendly error page -->

    at g (https://vercel.com/_next/static/immutable/chunks/3sm5e1b93o0jy.js:2:37791)
    at async https://vercel.com/_next/static/immutable/chunks/1gvyyr3h4217j.js:2:12183 @ https://vercel.com/_next/static/immutable/chunks/289qy9s_uvb51.js:1
[   29278ms] [ERROR] Failed to load resource: the server responded with a status of 429 () @ https://o205439.ingest.sentry.io/api/1323670/envelope/?sentry_key=d00780d432ac4ccf882f60dd02062e14&sentry_version=7&sentry_client=sentry.javascript.browser%2F7.111.0:0
[   31492ms] [ERROR] Failed to load resource: the server responded with a status of 403 () @ https://vercel.com/api/observability/metrics?slug=rigo-melchor-s-projects:0
[   31493ms] [LOG] Ignored request error CustomFetchError: Unauthorized, team not found
    at w (https://vercel.com/_next/static/immutable/chunks/3diivzriarao7.js:31:10905)
    at async o (https://vercel.com/_next/static/immutable/chunks/0hqtpf00kegvs.js:2:3862)
    at async https://vercel.com/_next/static/immutable/chunks/1gvyyr3h4217j.js:2:12183 @ https://vercel.com/_next/static/immutable/chunks/3-tnb_jpr7237.js:16
[   33000ms] [ERROR] Failed to load resource: the server responded with a status of 403 () @ https://vercel.com/api/observability/metrics?slug=rigo-melchor-s-projects:0
[   33000ms] [LOG] Ignored request error CustomFetchError: Unauthorized, team not found
    at w (https://vercel.com/_next/static/immutable/chunks/3diivzriarao7.js:31:10905)
    at async o (https://vercel.com/_next/static/immutable/chunks/0hqtpf00kegvs.js:2:3862)
    at async https://vercel.com/_next/static/immutable/chunks/1gvyyr3h4217j.js:2:12183 @ https://vercel.com/_next/static/immutable/chunks/3-tnb_jpr7237.js:16
[   33163ms] [ERROR] Failed to load resource: the server responded with a status of 500 () @ https://vercel.com/api/screenshot/v2?dark=0&deploymentId=dpl_BynpNzXDt5eRBNDEGgzNDQKy2xnt&teamId=rigo-melchor-s-projects&withStatus=1:0
[   35401ms] [ERROR] Failed to load resource: the server responded with a status of 500 () @ https://vercel.com/api/observability/metrics?slug=rigo-melchor-s-projects:0
[   35402ms] [LOG] Ignored request error CustomFetchError: Unexpected response: text/plain(Internal Server Error

Internal Server Error
3Sh3moJOs26GaB38FcAUI45BTGiAGcER)
    at w (https://vercel.com/_next/static/immutable/chunks/3diivzriarao7.js:31:11140)
    at async o (https://vercel.com/_next/static/immutable/chunks/0hqtpf00kegvs.js:2:3862)
    at async https://vercel.com/_next/static/immutable/chunks/1gvyyr3h4217j.js:2:12183 @ https://vercel.com/_next/static/immutable/chunks/3-tnb_jpr7237.js:16
[   41116ms] [WARNING] The resource https://vercel.com/_next/static/immutable/chunks/1y7np90zxj-un.css was preloaded using link preload but not used within a few seconds from the window's load event. Please make sure it has an appropriate `as` value and it is preloaded intentionally. @ https://vercel.com/rigo-melchor-s-projects/insourceful-website/deployments:0
[   41116ms] [WARNING] The resource https://vercel.com/_next/static/immutable/chunks/2xsdyifozdz06.css was preloaded using link preload but not used within a few seconds from the window's load event. Please make sure it has an appropriate `as` value and it is preloaded intentionally. @ https://vercel.com/rigo-melchor-s-projects/insourceful-website/deployments:0
[   41116ms] [WARNING] The resource https://vercel.com/_next/static/immutable/media/logo-vercel-dark.28zbfuuys0x7i.svg was preloaded using link preload but not used within a few seconds from the window's load event. Please make sure it has an appropriate `as` value and it is preloaded intentionally. @ https://vercel.com/rigo-melchor-s-projects/insourceful-website/deployments:0
[   41116ms] [WARNING] The resource https://vercel.com/_next/static/immutable/chunks/0vmhpedf_b0j8.css was preloaded using link preload but not used within a few seconds from the window's load event. Please make sure it has an appropriate `as` value and it is preloaded intentionally. @ https://vercel.com/rigo-melchor-s-projects/insourceful-website/deployments:0
[   41116ms] [WARNING] The resource https://vercel.com/_next/static/immutable/chunks/2mvavehoxc309.css was preloaded using link preload but not used within a few seconds from the window's load event. Please make sure it has an appropriate `as` value and it is preloaded intentionally. @ https://vercel.com/rigo-melchor-s-projects/insourceful-website/deployments:0
[   41116ms] [WARNING] The resource https://vercel.com/_next/static/immutable/chunks/3d792zqltro0t.css was preloaded using link preload but not used within a few seconds from the window's load event. Please make sure it has an appropriate `as` value and it is preloaded intentionally. @ https://vercel.com/rigo-melchor-s-projects/insourceful-website/deployments:0
[   41116ms] [WARNING] The resource https://vercel.com/_next/static/immutable/chunks/3z9uffp9rqnx8.css was preloaded using link preload but not used within a few seconds from the window's load event. Please make sure it has an appropriate `as` value and it is preloaded intentionally. @ https://vercel.com/rigo-melchor-s-projects/insourceful-website/deployments:0
[   41116ms] [WARNING] The resource https://vercel.com/_next/static/immutable/chunks/1yl8955ma4q4-.css was preloaded using link preload but not used within a few seconds from the window's load event. Please make sure it has an appropriate `as` value and it is preloaded intentionally. @ https://vercel.com/rigo-melchor-s-projects/insourceful-website/deployments:0
[   41116ms] [WARNING] The resource https://vercel.com/_next/static/immutable/chunks/0-shbsz3-8ybx.css was preloaded using link preload but not used within a few seconds from the window's load event. Please make sure it has an appropriate `as` value and it is preloaded intentionally. @ https://vercel.com/rigo-melchor-s-projects/insourceful-website/deployments:0
[   41116ms] [WARNING] The resource https://vercel.com/_next/static/immutable/chunks/3z36ncuffz89v.css was preloaded using link preload but not used within a few seconds from the window's load event. Please make sure it has an appropriate `as` value and it is preloaded intentionally. @ https://vercel.com/rigo-melchor-s-projects/insourceful-website/deployments:0
[   41116ms] [WARNING] The resource https://vercel.com/_next/static/immutable/chunks/1xg6gg5e39tni.css was preloaded using link preload but not used within a few seconds from the window's load event. Please make sure it has an appropriate `as` value and it is preloaded intentionally. @ https://vercel.com/rigo-melchor-s-projects/insourceful-website/deployments:0
[   41116ms] [WARNING] The resource https://vercel.com/_next/static/immutable/chunks/1hzff2kh3gano.css was preloaded using link preload but not used within a few seconds from the window's load event. Please make sure it has an appropriate `as` value and it is preloaded intentionally. @ https://vercel.com/rigo-melchor-s-projects/insourceful-website/deployments:0
[   41116ms] [WARNING] The resource https://vercel.com/_next/static/immutable/chunks/044vmykz7q7vs.css was preloaded using link preload but not used within a few seconds from the window's load event. Please make sure it has an appropriate `as` value and it is preloaded intentionally. @ https://vercel.com/rigo-melchor-s-projects/insourceful-website/deployments:0
[   41116ms] [WARNING] The resource https://vercel.com/_next/static/immutable/media/logo-vercel-light.3an2_9g6dt4xn.svg was preloaded using link preload but not used within a few seconds from the window's load event. Please make sure it has an appropriate `as` value and it is preloaded intentionally. @ https://vercel.com/rigo-melchor-s-projects/insourceful-website/deployments:0
[   41116ms] [WARNING] The resource https://vercel.com/_next/static/immutable/chunks/0rblmumf_9wz1.css was preloaded using link preload but not used within a few seconds from the window's load event. Please make sure it has an appropriate `as` value and it is preloaded intentionally. @ https://vercel.com/rigo-melchor-s-projects/insourceful-website/deployments:0
[   41116ms] [WARNING] The resource https://vercel.com/_next/static/immutable/chunks/25nnd13fh_4k5.css was preloaded using link preload but not used within a few seconds from the window's load event. Please make sure it has an appropriate `as` value and it is preloaded intentionally. @ https://vercel.com/rigo-melchor-s-projects/insourceful-website/deployments:0
[   41116ms] [WARNING] The resource https://vercel.com/_next/static/immutable/chunks/3p9g28no3_hj-.css was preloaded using link preload but not used within a few seconds from the window's load event. Please make sure it has an appropriate `as` value and it is preloaded intentionally. @ https://vercel.com/rigo-melchor-s-projects/insourceful-website/deployments:0
[   41116ms] [WARNING] The resource https://vercel.com/_next/static/immutable/chunks/3fd49nnoyujvi.css was preloaded using link preload but not used within a few seconds from the window's load event. Please make sure it has an appropriate `as` value and it is preloaded intentionally. @ https://vercel.com/rigo-melchor-s-projects/insourceful-website/deployments:0
[   41116ms] [WARNING] The resource https://vercel.com/_next/static/immutable/chunks/2cegy48-lpb69.css was preloaded using link preload but not used within a few seconds from the window's load event. Please make sure it has an appropriate `as` value and it is preloaded intentionally. @ https://vercel.com/rigo-melchor-s-projects/insourceful-website/deployments:0
[   41116ms] [WARNING] The resource https://vercel.com/_next/static/immutable/chunks/26_kjvxoedtei.css was preloaded using link preload but not used within a few seconds from the window's load event. Please make sure it has an appropriate `as` value and it is preloaded intentionally. @ https://vercel.com/rigo-melchor-s-projects/insourceful-website/deployments:0
[   49276ms] [ERROR] Failed to load resource: the server responded with a status of 504 () @ https://vercel.com/api/nav/sidebar/badges?scope=project&teamId=rigo-melchor-s-projects&projectId=insourceful-website:0
[   52258ms] [ERROR] Failed to load resource: the server responded with a status of 502 () @ https://vercel.com/api/teams/team_OCfqsj0qanccnVnsUUIL47tf/program:0
[   52259ms] [LOG] Ignored request error CustomFetchError: Unexpected response: text/html <html>
<head><title>502 Bad Gateway</title></head>
<body>
<center><h1>502 Bad Gateway</h1></center>
<hr><center>nginx</center>
</body>
</html>
<!-- a padding to disable MSIE and Chrome friendly error page -->
<!-- a padding to disable MSIE and Chrome friendly error page -->
<!-- a padding to disable MSIE and Chrome friendly error page -->
<!-- a padding to disable MSIE and Chrome friendly error page -->
<!-- a padding to disable MSIE and Chrome friendly error page -->
<!-- a padding to disable MSIE and Chrome friendly error page -->

    at g (https://vercel.com/_next/static/immutable/chunks/3sm5e1b93o0jy.js:2:37791)
    at async https://vercel.com/_next/static/immutable/chunks/1gvyyr3h4217j.js:2:12183 @ https://vercel.com/_next/static/immutable/chunks/3-tnb_jpr7237.js:16
[   57770ms] [WARNING] The resource https://vercel.com/_next/static/immutable/chunks/1y7np90zxj-un.css was preloaded using link preload but not used within a few seconds from the window's load event. Please make sure it has an appropriate `as` value and it is preloaded intentionally. @ https://vercel.com/rigo-melchor-s-projects/insourceful-website/deployments:0
[   57770ms] [WARNING] The resource https://vercel.com/_next/static/immutable/chunks/2xsdyifozdz06.css was preloaded using link preload but not used within a few seconds from the window's load event. Please make sure it has an appropriate `as` value and it is preloaded intentionally. @ https://vercel.com/rigo-melchor-s-projects/insourceful-website/deployments:0
[   57770ms] [WARNING] The resource https://vercel.com/_next/static/immutable/media/logo-vercel-dark.28zbfuuys0x7i.svg was preloaded using link preload but not used within a few seconds from the window's load event. Please make sure it has an appropriate `as` value and it is preloaded intentionally. @ https://vercel.com/rigo-melchor-s-projects/insourceful-website/deployments:0
[   57770ms] [WARNING] The resource https://vercel.com/_next/static/immutable/chunks/0vmhpedf_b0j8.css was preloaded using link preload but not used within a few seconds from the window's load event. Please make sure it has an appropriate `as` value and it is preloaded intentionally. @ https://vercel.com/rigo-melchor-s-projects/insourceful-website/deployments:0
[   57770ms] [WARNING] The resource https://vercel.com/_next/static/immutable/chunks/2mvavehoxc309.css was preloaded using link preload but not used within a few seconds from the window's load event. Please make sure it has an appropriate `as` value and it is preloaded intentionally. @ https://vercel.com/rigo-melchor-s-projects/insourceful-website/deployments:0
[   57770ms] [WARNING] The resource https://vercel.com/_next/static/immutable/chunks/3d792zqltro0t.css was preloaded using link preload but not used within a few seconds from the window's load event. Please make sure it has an appropriate `as` value and it is preloaded intentionally. @ https://vercel.com/rigo-melchor-s-projects/insourceful-website/deployments:0
[   57770ms] [WARNING] The resource https://vercel.com/_next/static/immutable/chunks/3z9uffp9rqnx8.css was preloaded using link preload but not used within a few seconds from the window's load event. Please make sure it has an appropriate `as` value and it is preloaded intentionally. @ https://vercel.com/rigo-melchor-s-projects/insourceful-website/deployments:0
[   57770ms] [WARNING] The resource https://vercel.com/_next/static/immutable/chunks/1yl8955ma4q4-.css was preloaded using link preload but not used within a few seconds from the window's load event. Please make sure it has an appropriate `as` value and it is preloaded intentionally. @ https://vercel.com/rigo-melchor-s-projects/insourceful-website/deployments:0
[   57770ms] [WARNING] The resource https://vercel.com/_next/static/immutable/chunks/0-shbsz3-8ybx.css was preloaded using link preload but not used within a few seconds from the window's load event. Please make sure it has an appropriate `as` value and it is preloaded intentionally. @ https://vercel.com/rigo-melchor-s-projects/insourceful-website/deployments:0
[   57770ms] [WARNING] The resource https://vercel.com/_next/static/immutable/chunks/3z36ncuffz89v.css was preloaded using link preload but not used within a few seconds from the window's load event. Please make sure it has an appropriate `as` value and it is preloaded intentionally. @ https://vercel.com/rigo-melchor-s-projects/insourceful-website/deployments:0
[   57770ms] [WARNING] The resource https://vercel.com/_next/static/immutable/chunks/1xg6gg5e39tni.css was preloaded using link preload but not used within a few seconds from the window's load event. Please make sure it has an appropriate `as` value and it is preloaded intentionally. @ https://vercel.com/rigo-melchor-s-projects/insourceful-website/deployments:0
[   57770ms] [WARNING] The resource https://vercel.com/_next/static/immutable/chunks/1hzff2kh3gano.css was preloaded using link preload but not used within a few seconds from the window's load event. Please make sure it has an appropriate `as` value and it is preloaded intentionally. @ https://vercel.com/rigo-melchor-s-projects/insourceful-website/deployments:0
[   57770ms] [WARNING] The resource https://vercel.com/_next/static/immutable/chunks/044vmykz7q7vs.css was preloaded using link preload but not used within a few seconds from the window's load event. Please make sure it has an appropriate `as` value and it is preloaded intentionally. @ https://vercel.com/rigo-melchor-s-projects/insourceful-website/deployments:0
[   57770ms] [WARNING] The resource https://vercel.com/_next/static/immutable/media/logo-vercel-light.3an2_9g6dt4xn.svg was preloaded using link preload but not used within a few seconds from the window's load event. Please make sure it has an appropriate `as` value and it is preloaded intentionally. @ https://vercel.com/rigo-melchor-s-projects/insourceful-website/deployments:0
[   57770ms] [WARNING] The resource https://vercel.com/_next/static/immutable/chunks/0rblmumf_9wz1.css was preloaded using link preload but not used within a few seconds from the window's load event. Please make sure it has an appropriate `as` value and it is preloaded intentionally. @ https://vercel.com/rigo-melchor-s-projects/insourceful-website/deployments:0
[   57770ms] [WARNING] The resource https://vercel.com/_next/static/immutable/chunks/25nnd13fh_4k5.css was preloaded using link preload but not used within a few seconds from the window's load event. Please make sure it has an appropriate `as` value and it is preloaded intentionally. @ https://vercel.com/rigo-melchor-s-projects/insourceful-website/deployments:0
[   57770ms] [WARNING] The resource https://vercel.com/_next/static/immutable/chunks/3p9g28no3_hj-.css was preloaded using link preload but not used within a few seconds from the window's load event. Please make sure it has an appropriate `as` value and it is preloaded intentionally. @ https://vercel.com/rigo-melchor-s-projects/insourceful-website/deployments:0
[   57771ms] [WARNING] The resource https://vercel.com/_next/static/immutable/chunks/3fd49nnoyujvi.css was preloaded using link preload but not used within a few seconds from the window's load event. Please make sure it has an appropriate `as` value and it is preloaded intentionally. @ https://vercel.com/rigo-melchor-s-projects/insourceful-website/deployments:0
[   57771ms] [WARNING] The resource https://vercel.com/_next/static/immutable/chunks/2cegy48-lpb69.css was preloaded using link preload but not used within a few seconds from the window's load event. Please make sure it has an appropriate `as` value and it is preloaded intentionally. @ https://vercel.com/rigo-melchor-s-projects/insourceful-website/deployments:0
[   57771ms] [WARNING] The resource https://vercel.com/_next/static/immutable/chunks/26_kjvxoedtei.css was preloaded using link preload but not used within a few seconds from the window's load event. Please make sure it has an appropriate `as` value and it is preloaded intentionally. @ https://vercel.com/rigo-melchor-s-projects/insourceful-website/deployments:0
[   60794ms] [WARNING] The resource https://vercel.com/_next/static/immutable/chunks/1y7np90zxj-un.css was preloaded using link preload but not used within a few seconds from the window's load event. Please make sure it has an appropriate `as` value and it is preloaded intentionally. @ https://vercel.com/rigo-melchor-s-projects/insourceful-website/deployments:0
[   60794ms] [WARNING] The resource https://vercel.com/_next/static/immutable/chunks/2xsdyifozdz06.css was preloaded using link preload but not used within a few seconds from the window's load event. Please make sure it has an appropriate `as` value and it is preloaded intentionally. @ https://vercel.com/rigo-melchor-s-projects/insourceful-website/deployments:0
[   60794ms] [WARNING] The resource https://vercel.com/_next/static/immutable/media/logo-vercel-dark.28zbfuuys0x7i.svg was preloaded using link preload but not used within a few seconds from the window's load event. Please make sure it has an appropriate `as` value and it is preloaded intentionally. @ https://vercel.com/rigo-melchor-s-projects/insourceful-website/deployments:0
[   60794ms] [WARNING] The resource https://vercel.com/_next/static/immutable/chunks/0vmhpedf_b0j8.css was preloaded using link preload but not used within a few seconds from the window's load event. Please make sure it has an appropriate `as` value and it is preloaded intentionally. @ https://vercel.com/rigo-melchor-s-projects/insourceful-website/deployments:0
[   60794ms] [WARNING] The resource https://vercel.com/_next/static/immutable/chunks/2mvavehoxc309.css was preloaded using link preload but not used within a few seconds from the window's load event. Please make sure it has an appropriate `as` value and it is preloaded intentionally. @ https://vercel.com/rigo-melchor-s-projects/insourceful-website/deployments:0
[   60794ms] [WARNING] The resource https://vercel.com/_next/static/immutable/chunks/3d792zqltro0t.css was preloaded using link preload but not used within a few seconds from the window's load event. Please make sure it has an appropriate `as` value and it is preloaded intentionally. @ https://vercel.com/rigo-melchor-s-projects/insourceful-website/deployments:0
[   60794ms] [WARNING] The resource https://vercel.com/_next/static/immutable/chunks/3z9uffp9rqnx8.css was preloaded using link preload but not used within a few seconds from the window's load event. Please make sure it has an appropriate `as` value and it is preloaded intentionally. @ https://vercel.com/rigo-melchor-s-projects/insourceful-website/deployments:0
[   60794ms] [WARNING] The resource https://vercel.com/_next/static/immutable/chunks/1yl8955ma4q4-.css was preloaded using link preload but not used within a few seconds from the window's load event. Please make sure it has an appropriate `as` value and it is preloaded intentionally. @ https://vercel.com/rigo-melchor-s-projects/insourceful-website/deployments:0
[   60794ms] [WARNING] The resource https://vercel.com/_next/static/immutable/chunks/0-shbsz3-8ybx.css was preloaded using link preload but not used within a few seconds from the window's load event. Please make sure it has an appropriate `as` value and it is preloaded intentionally. @ https://vercel.com/rigo-melchor-s-projects/insourceful-website/deployments:0
[   60794ms] [WARNING] The resource https://vercel.com/_next/static/immutable/chunks/3z36ncuffz89v.css was preloaded using link preload but not used within a few seconds from the window's load event. Please make sure it has an appropriate `as` value and it is preloaded intentionally. @ https://vercel.com/rigo-melchor-s-projects/insourceful-website/deployments:0
[   60794ms] [WARNING] The resource https://vercel.com/_next/static/immutable/chunks/1xg6gg5e39tni.css was preloaded using link preload but not used within a few seconds from the window's load event. Please make sure it has an appropriate `as` value and it is preloaded intentionally. @ https://vercel.com/rigo-melchor-s-projects/insourceful-website/deployments:0
[   60794ms] [WARNING] The resource https://vercel.com/_next/static/immutable/chunks/1hzff2kh3gano.css was preloaded using link preload but not used within a few seconds from the window's load event. Please make sure it has an appropriate `as` value and it is preloaded intentionally. @ https://vercel.com/rigo-melchor-s-projects/insourceful-website/deployments:0
[   60794ms] [WARNING] The resource https://vercel.com/_next/static/immutable/chunks/044vmykz7q7vs.css was preloaded using link preload but not used within a few seconds from the window's load event. Please make sure it has an appropriate `as` value and it is preloaded intentionally. @ https://vercel.com/rigo-melchor-s-projects/insourceful-website/deployments:0
[   60794ms] [WARNING] The resource https://vercel.com/_next/static/immutable/media/logo-vercel-light.3an2_9g6dt4xn.svg was preloaded using link preload but not used within a few seconds from the window's load event. Please make sure it has an appropriate `as` value and it is preloaded intentionally. @ https://vercel.com/rigo-melchor-s-projects/insourceful-website/deployments:0
[   60794ms] [WARNING] The resource https://vercel.com/_next/static/immutable/chunks/0rblmumf_9wz1.css was preloaded using link preload but not used within a few seconds from the window's load event. Please make sure it has an appropriate `as` value and it is preloaded intentionally. @ https://vercel.com/rigo-melchor-s-projects/insourceful-website/deployments:0
[   60794ms] [WARNING] The resource https://vercel.com/_next/static/immutable/chunks/25nnd13fh_4k5.css was preloaded using link preload but not used within a few seconds from the window's load event. Please make sure it has an appropriate `as` value and it is preloaded intentionally. @ https://vercel.com/rigo-melchor-s-projects/insourceful-website/deployments:0
[   60794ms] [WARNING] The resource https://vercel.com/_next/static/immutable/chunks/3p9g28no3_hj-.css was preloaded using link preload but not used within a few seconds from the window's load event. Please make sure it has an appropriate `as` value and it is preloaded intentionally. @ https://vercel.com/rigo-melchor-s-projects/insourceful-website/deployments:0
[   60794ms] [WARNING] The resource https://vercel.com/_next/static/immutable/chunks/3fd49nnoyujvi.css was preloaded using link preload but not used within a few seconds from the window's load event. Please make sure it has an appropriate `as` value and it is preloaded intentionally. @ https://vercel.com/rigo-melchor-s-projects/insourceful-website/deployments:0
[   60794ms] [WARNING] The resource https://vercel.com/_next/static/immutable/chunks/2cegy48-lpb69.css was preloaded using link preload but not used within a few seconds from the window's load event. Please make sure it has an appropriate `as` value and it is preloaded intentionally. @ https://vercel.com/rigo-melchor-s-projects/insourceful-website/deployments:0
[   60794ms] [WARNING] The resource https://vercel.com/_next/static/immutable/chunks/26_kjvxoedtei.css was preloaded using link preload but not used within a few seconds from the window's load event. Please make sure it has an appropriate `as` value and it is preloaded intentionally. @ https://vercel.com/rigo-melchor-s-projects/insourceful-website/deployments:0
[   65920ms] [WARNING] The resource https://vercel.com/_next/static/immutable/chunks/1y7np90zxj-un.css was preloaded using link preload but not used within a few seconds from the window's load event. Please make sure it has an appropriate `as` value and it is preloaded intentionally. @ https://vercel.com/rigo-melchor-s-projects/insourceful-website/deployments:0
[   65920ms] [WARNING] The resource https://vercel.com/_next/static/immutable/chunks/2xsdyifozdz06.css was preloaded using link preload but not used within a few seconds from the window's load event. Please make sure it has an appropriate `as` value and it is preloaded intentionally. @ https://vercel.com/rigo-melchor-s-projects/insourceful-website/deployments:0
[   65920ms] [WARNING] The resource https://vercel.com/_next/static/immutable/media/logo-vercel-dark.28zbfuuys0x7i.svg was preloaded using link preload but not used within a few seconds from the window's load event. Please make sure it has an appropriate `as` value and it is preloaded intentionally. @ https://vercel.com/rigo-melchor-s-projects/insourceful-website/deployments:0
[   65920ms] [WARNING] The resource https://vercel.com/_next/static/immutable/chunks/0vmhpedf_b0j8.css was preloaded using link preload but not used within a few seconds from the window's load event. Please make sure it has an appropriate `as` value and it is preloaded intentionally. @ https://vercel.com/rigo-melchor-s-projects/insourceful-website/deployments:0
[   65920ms] [WARNING] The resource https://vercel.com/_next/static/immutable/chunks/2mvavehoxc309.css was preloaded using link preload but not used within a few seconds from the window's load event. Please make sure it has an appropriate `as` value and it is preloaded intentionally. @ https://vercel.com/rigo-melchor-s-projects/insourceful-website/deployments:0
[   65920ms] [WARNING] The resource https://vercel.com/_next/static/immutable/chunks/3d792zqltro0t.css was preloaded using link preload but not used within a few seconds from the window's load event. Please make sure it has an appropriate `as` value and it is preloaded intentionally. @ https://vercel.com/rigo-melchor-s-projects/insourceful-website/deployments:0
[   65920ms] [WARNING] The resource https://vercel.com/_next/static/immutable/chunks/3z9uffp9rqnx8.css was preloaded using link preload but not used within a few seconds from the window's load event. Please make sure it has an appropriate `as` value and it is preloaded intentionally. @ https://vercel.com/rigo-melchor-s-projects/insourceful-website/deployments:0
[   65920ms] [WARNING] The resource https://vercel.com/_next/static/immutable/chunks/1yl8955ma4q4-.css was preloaded using link preload but not used within a few seconds from the window's load event. Please make sure it has an appropriate `as` value and it is preloaded intentionally. @ https://vercel.com/rigo-melchor-s-projects/insourceful-website/deployments:0
[   65920ms] [WARNING] The resource https://vercel.com/_next/static/immutable/chunks/0-shbsz3-8ybx.css was preloaded using link preload but not used within a few seconds from the window's load event. Please make sure it has an appropriate `as` value and it is preloaded intentionally. @ https://vercel.com/rigo-melchor-s-projects/insourceful-website/deployments:0
[   65920ms] [WARNING] The resource https://vercel.com/_next/static/immutable/chunks/3z36ncuffz89v.css was preloaded using link preload but not used within a few seconds from the window's load event. Please make sure it has an appropriate `as` value and it is preloaded intentionally. @ https://vercel.com/rigo-melchor-s-projects/insourceful-website/deployments:0
[   65920ms] [WARNING] The resource https://vercel.com/_next/static/immutable/chunks/1xg6gg5e39tni.css was preloaded using link preload but not used within a few seconds from the window's load event. Please make sure it has an appropriate `as` value and it is preloaded intentionally. @ https://vercel.com/rigo-melchor-s-projects/insourceful-website/deployments:0
[   65920ms] [WARNING] The resource https://vercel.com/_next/static/immutable/chunks/1hzff2kh3gano.css was preloaded using link preload but not used within a few seconds from the window's load event. Please make sure it has an appropriate `as` value and it is preloaded intentionally. @ https://vercel.com/rigo-melchor-s-projects/insourceful-website/deployments:0
[   65920ms] [WARNING] The resource https://vercel.com/_next/static/immutable/chunks/044vmykz7q7vs.css was preloaded using link preload but not used within a few seconds from the window's load event. Please make sure it has an appropriate `as` value and it is preloaded intentionally. @ https://vercel.com/rigo-melchor-s-projects/insourceful-website/deployments:0
[   65920ms] [WARNING] The resource https://vercel.com/_next/static/immutable/media/logo-vercel-light.3an2_9g6dt4xn.svg was preloaded using link preload but not used within a few seconds from the window's load event. Please make sure it has an appropriate `as` value and it is preloaded intentionally. @ https://vercel.com/rigo-melchor-s-projects/insourceful-website/deployments:0
[   65920ms] [WARNING] The resource https://vercel.com/_next/static/immutable/chunks/0rblmumf_9wz1.css was preloaded using link preload but not used within a few seconds from the window's load event. Please make sure it has an appropriate `as` value and it is preloaded intentionally. @ https://vercel.com/rigo-melchor-s-projects/insourceful-website/deployments:0
[   65920ms] [WARNING] The resource https://vercel.com/_next/static/immutable/chunks/25nnd13fh_4k5.css was preloaded using link preload but not used within a few seconds from the window's load event. Please make sure it has an appropriate `as` value and it is preloaded intentionally. @ https://vercel.com/rigo-melchor-s-projects/insourceful-website/deployments:0
[   65920ms] [WARNING] The resource https://vercel.com/_next/static/immutable/chunks/3p9g28no3_hj-.css was preloaded using link preload but not used within a few seconds from the window's load event. Please make sure it has an appropriate `as` value and it is preloaded intentionally. @ https://vercel.com/rigo-melchor-s-projects/insourceful-website/deployments:0
[   65920ms] [WARNING] The resource https://vercel.com/_next/static/immutable/chunks/3fd49nnoyujvi.css was preloaded using link preload but not used within a few seconds from the window's load event. Please make sure it has an appropriate `as` value and it is preloaded intentionally. @ https://vercel.com/rigo-melchor-s-projects/insourceful-website/deployments:0
[   65921ms] [WARNING] The resource https://vercel.com/_next/static/immutable/chunks/2cegy48-lpb69.css was preloaded using link preload but not used within a few seconds from the window's load event. Please make sure it has an appropriate `as` value and it is preloaded intentionally. @ https://vercel.com/rigo-melchor-s-projects/insourceful-website/deployments:0
[   65921ms] [WARNING] The resource https://vercel.com/_next/static/immutable/chunks/26_kjvxoedtei.css was preloaded using link preload but not used within a few seconds from the window's load event. Please make sure it has an appropriate `as` value and it is preloaded intentionally. @ https://vercel.com/rigo-melchor-s-projects/insourceful-website/deployments:0
[   75468ms] [WARNING] The resource https://vercel.com/_next/static/immutable/chunks/1y7np90zxj-un.css was preloaded using link preload but not used within a few seconds from the window's load event. Please make sure it has an appropriate `as` value and it is preloaded intentionally. @ https://vercel.com/rigo-melchor-s-projects/insourceful-website/deployments:0
[   75468ms] [WARNING] The resource https://vercel.com/_next/static/immutable/chunks/2xsdyifozdz06.css was preloaded using link preload but not used within a few seconds from the window's load event. Please make sure it has an appropriate `as` value and it is preloaded intentionally. @ https://vercel.com/rigo-melchor-s-projects/insourceful-website/deployments:0
[   75468ms] [WARNING] The resource https://vercel.com/_next/static/immutable/media/logo-vercel-dark.28zbfuuys0x7i.svg was preloaded using link preload but not used within a few seconds from the window's load event. Please make sure it has an appropriate `as` value and it is preloaded intentionally. @ https://vercel.com/rigo-melchor-s-projects/insourceful-website/deployments:0
[   75468ms] [WARNING] The resource https://vercel.com/_next/static/immutable/chunks/0vmhpedf_b0j8.css was preloaded using link preload but not used within a few seconds from the window's load event. Please make sure it has an appropriate `as` value and it is preloaded intentionally. @ https://vercel.com/rigo-melchor-s-projects/insourceful-website/deployments:0
[   75468ms] [WARNING] The resource https://vercel.com/_next/static/immutable/chunks/2mvavehoxc309.css was preloaded using link preload but not used within a few seconds from the window's load event. Please make sure it has an appropriate `as` value and it is preloaded intentionally. @ https://vercel.com/rigo-melchor-s-projects/insourceful-website/deployments:0
[   75468ms] [WARNING] The resource https://vercel.com/_next/static/immutable/chunks/3d792zqltro0t.css was preloaded using link preload but not used within a few seconds from the window's load event. Please make sure it has an appropriate `as` value and it is preloaded intentionally. @ https://vercel.com/rigo-melchor-s-projects/insourceful-website/deployments:0
[   75468ms] [WARNING] The resource https://vercel.com/_next/static/immutable/chunks/3z9uffp9rqnx8.css was preloaded using link preload but not used within a few seconds from the window's load event. Please make sure it has an appropriate `as` value and it is preloaded intentionally. @ https://vercel.com/rigo-melchor-s-projects/insourceful-website/deployments:0
[   75468ms] [WARNING] The resource https://vercel.com/_next/static/immutable/chunks/1yl8955ma4q4-.css was preloaded using link preload but not used within a few seconds from the window's load event. Please make sure it has an appropriate `as` value and it is preloaded intentionally. @ https://vercel.com/rigo-melchor-s-projects/insourceful-website/deployments:0
[   75468ms] [WARNING] The resource https://vercel.com/_next/static/immutable/chunks/0-shbsz3-8ybx.css was preloaded using link preload but not used within a few seconds from the window's load event. Please make sure it has an appropriate `as` value and it is preloaded intentionally. @ https://vercel.com/rigo-melchor-s-projects/insourceful-website/deployments:0
[   75468ms] [WARNING] The resource https://vercel.com/_next/static/immutable/chunks/3z36ncuffz89v.css was preloaded using link preload but not used within a few seconds from the window's load event. Please make sure it has an appropriate `as` value and it is preloaded intentionally. @ https://vercel.com/rigo-melchor-s-projects/insourceful-website/deployments:0
[   75468ms] [WARNING] The resource https://vercel.com/_next/static/immutable/chunks/1xg6gg5e39tni.css was preloaded using link preload but not used within a few seconds from the window's load event. Please make sure it has an appropriate `as` value and it is preloaded intentionally. @ https://vercel.com/rigo-melchor-s-projects/insourceful-website/deployments:0
[   75468ms] [WARNING] The resource https://vercel.com/_next/static/immutable/chunks/1hzff2kh3gano.css was preloaded using link preload but not used within a few seconds from the window's load event. Please make sure it has an appropriate `as` value and it is preloaded intentionally. @ https://vercel.com/rigo-melchor-s-projects/insourceful-website/deployments:0
[   75468ms] [WARNING] The resource https://vercel.com/_next/static/immutable/chunks/044vmykz7q7vs.css was preloaded using link preload but not used within a few seconds from the window's load event. Please make sure it has an appropriate `as` value and it is preloaded intentionally. @ https://vercel.com/rigo-melchor-s-projects/insourceful-website/deployments:0
[   75468ms] [WARNING] The resource https://vercel.com/_next/static/immutable/media/logo-vercel-light.3an2_9g6dt4xn.svg was preloaded using link preload but not used within a few seconds from the window's load event. Please make sure it has an appropriate `as` value and it is preloaded intentionally. @ https://vercel.com/rigo-melchor-s-projects/insourceful-website/deployments:0
[   75468ms] [WARNING] The resource https://vercel.com/_next/static/immutable/chunks/0rblmumf_9wz1.css was preloaded using link preload but not used within a few seconds from the window's load event. Please make sure it has an appropriate `as` value and it is preloaded intentionally. @ https://vercel.com/rigo-melchor-s-projects/insourceful-website/deployments:0
[   75468ms] [WARNING] The resource https://vercel.com/_next/static/immutable/chunks/25nnd13fh_4k5.css was preloaded using link preload but not used within a few seconds from the window's load event. Please make sure it has an appropriate `as` value and it is preloaded intentionally. @ https://vercel.com/rigo-melchor-s-projects/insourceful-website/deployments:0
[   75468ms] [WARNING] The resource https://vercel.com/_next/static/immutable/chunks/3p9g28no3_hj-.css was preloaded using link preload but not used within a few seconds from the window's load event. Please make sure it has an appropriate `as` value and it is preloaded intentionally. @ https://vercel.com/rigo-melchor-s-projects/insourceful-website/deployments:0
[   75468ms] [WARNING] The resource https://vercel.com/_next/static/immutable/chunks/3fd49nnoyujvi.css was preloaded using link preload but not used within a few seconds from the window's load event. Please make sure it has an appropriate `as` value and it is preloaded intentionally. @ https://vercel.com/rigo-melchor-s-projects/insourceful-website/deployments:0
[   75468ms] [WARNING] The resource https://vercel.com/_next/static/immutable/chunks/2cegy48-lpb69.css was preloaded using link preload but not used within a few seconds from the window's load event. Please make sure it has an appropriate `as` value and it is preloaded intentionally. @ https://vercel.com/rigo-melchor-s-projects/insourceful-website/deployments:0
[   75468ms] [WARNING] The resource https://vercel.com/_next/static/immutable/chunks/26_kjvxoedtei.css was preloaded using link preload but not used within a few seconds from the window's load event. Please make sure it has an appropriate `as` value and it is preloaded intentionally. @ https://vercel.com/rigo-melchor-s-projects/insourceful-website/deployments:0
[   84991ms] [WARNING] The resource https://vercel.com/_next/static/immutable/chunks/1y7np90zxj-un.css was preloaded using link preload but not used within a few seconds from the window's load event. Please make sure it has an appropriate `as` value and it is preloaded intentionally. @ https://vercel.com/rigo-melchor-s-projects/insourceful-website/deployments:0
[   84991ms] [WARNING] The resource https://vercel.com/_next/static/immutable/chunks/2xsdyifozdz06.css was preloaded using link preload but not used within a few seconds from the window's load event. Please make sure it has an appropriate `as` value and it is preloaded intentionally. @ https://vercel.com/rigo-melchor-s-projects/insourceful-website/deployments:0
[   84991ms] [WARNING] The resource https://vercel.com/_next/static/immutable/media/logo-vercel-dark.28zbfuuys0x7i.svg was preloaded using link preload but not used within a few seconds from the window's load event. Please make sure it has an appropriate `as` value and it is preloaded intentionally. @ https://vercel.com/rigo-melchor-s-projects/insourceful-website/deployments:0
[   84991ms] [WARNING] The resource https://vercel.com/_next/static/immutable/chunks/0vmhpedf_b0j8.css was preloaded using link preload but not used within a few seconds from the window's load event. Please make sure it has an appropriate `as` value and it is preloaded intentionally. @ https://vercel.com/rigo-melchor-s-projects/insourceful-website/deployments:0
[   84991ms] [WARNING] The resource https://vercel.com/_next/static/immutable/chunks/2mvavehoxc309.css was preloaded using link preload but not used within a few seconds from the window's load event. Please make sure it has an appropriate `as` value and it is preloaded intentionally. @ https://vercel.com/rigo-melchor-s-projects/insourceful-website/deployments:0
[   84991ms] [WARNING] The resource https://vercel.com/_next/static/immutable/chunks/3d792zqltro0t.css was preloaded using link preload but not used within a few seconds from the window's load event. Please make sure it has an appropriate `as` value and it is preloaded intentionally. @ https://vercel.com/rigo-melchor-s-projects/insourceful-website/deployments:0
[   84991ms] [WARNING] The resource https://vercel.com/_next/static/immutable/chunks/3z9uffp9rqnx8.css was preloaded using link preload but not used within a few seconds from the window's load event. Please make sure it has an appropriate `as` value and it is preloaded intentionally. @ https://vercel.com/rigo-melchor-s-projects/insourceful-website/deployments:0
[   84991ms] [WARNING] The resource https://vercel.com/_next/static/immutable/chunks/1yl8955ma4q4-.css was preloaded using link preload but not used within a few seconds from the window's load event. Please make sure it has an appropriate `as` value and it is preloaded intentionally. @ https://vercel.com/rigo-melchor-s-projects/insourceful-website/deployments:0
[   84991ms] [WARNING] The resource https://vercel.com/_next/static/immutable/chunks/0-shbsz3-8ybx.css was preloaded using link preload but not used within a few seconds from the window's load event. Please make sure it has an appropriate `as` value and it is preloaded intentionally. @ https://vercel.com/rigo-melchor-s-projects/insourceful-website/deployments:0
[   84991ms] [WARNING] The resource https://vercel.com/_next/static/immutable/chunks/3z36ncuffz89v.css was preloaded using link preload but not used within a few seconds from the window's load event. Please make sure it has an appropriate `as` value and it is preloaded intentionally. @ https://vercel.com/rigo-melchor-s-projects/insourceful-website/deployments:0
[   84991ms] [WARNING] The resource https://vercel.com/_next/static/immutable/chunks/1xg6gg5e39tni.css was preloaded using link preload but not used within a few seconds from the window's load event. Please make sure it has an appropriate `as` value and it is preloaded intentionally. @ https://vercel.com/rigo-melchor-s-projects/insourceful-website/deployments:0
[   84991ms] [WARNING] The resource https://vercel.com/_next/static/immutable/chunks/1hzff2kh3gano.css was preloaded using link preload but not used within a few seconds from the window's load event. Please make sure it has an appropriate `as` value and it is preloaded intentionally. @ https://vercel.com/rigo-melchor-s-projects/insourceful-website/deployments:0
[   84991ms] [WARNING] The resource https://vercel.com/_next/static/immutable/chunks/044vmykz7q7vs.css was preloaded using link preload but not used within a few seconds from the window's load event. Please make sure it has an appropriate `as` value and it is preloaded intentionally. @ https://vercel.com/rigo-melchor-s-projects/insourceful-website/deployments:0
[   84991ms] [WARNING] The resource https://vercel.com/_next/static/immutable/media/logo-vercel-light.3an2_9g6dt4xn.svg was preloaded using link preload but not used within a few seconds from the window's load event. Please make sure it has an appropriate `as` value and it is preloaded intentionally. @ https://vercel.com/rigo-melchor-s-projects/insourceful-website/deployments:0
[   84991ms] [WARNING] The resource https://vercel.com/_next/static/immutable/chunks/0rblmumf_9wz1.css was preloaded using link preload but not used within a few seconds from the window's load event. Please make sure it has an appropriate `as` value and it is preloaded intentionally. @ https://vercel.com/rigo-melchor-s-projects/insourceful-website/deployments:0
[   84991ms] [WARNING] The resource https://vercel.com/_next/static/immutable/chunks/25nnd13fh_4k5.css was preloaded using link preload but not used within a few seconds from the window's load event. Please make sure it has an appropriate `as` value and it is preloaded intentionally. @ https://vercel.com/rigo-melchor-s-projects/insourceful-website/deployments:0
[   84991ms] [WARNING] The resource https://vercel.com/_next/static/immutable/chunks/3p9g28no3_hj-.css was preloaded using link preload but not used within a few seconds from the window's load event. Please make sure it has an appropriate `as` value and it is preloaded intentionally. @ https://vercel.com/rigo-melchor-s-projects/insourceful-website/deployments:0
[   84992ms] [WARNING] The resource https://vercel.com/_next/static/immutable/chunks/3fd49nnoyujvi.css was preloaded using link preload but not used within a few seconds from the window's load event. Please make sure it has an appropriate `as` value and it is preloaded intentionally. @ https://vercel.com/rigo-melchor-s-projects/insourceful-website/deployments:0
[   84992ms] [WARNING] The resource https://vercel.com/_next/static/immutable/chunks/2cegy48-lpb69.css was preloaded using link preload but not used within a few seconds from the window's load event. Please make sure it has an appropriate `as` value and it is preloaded intentionally. @ https://vercel.com/rigo-melchor-s-projects/insourceful-website/deployments:0
[   84992ms] [WARNING] The resource https://vercel.com/_next/static/immutable/chunks/26_kjvxoedtei.css was preloaded using link preload but not used within a few seconds from the window's load event. Please make sure it has an appropriate `as` value and it is preloaded intentionally. @ https://vercel.com/rigo-melchor-s-projects/insourceful-website/deployments:0
[   98682ms] [WARNING] The resource https://vercel.com/_next/static/immutable/chunks/1y7np90zxj-un.css was preloaded using link preload but not used within a few seconds from the window's load event. Please make sure it has an appropriate `as` value and it is preloaded intentionally. @ https://vercel.com/rigo-melchor-s-projects/insourceful-website/deployments:0
[   98682ms] [WARNING] The resource https://vercel.com/_next/static/immutable/chunks/2xsdyifozdz06.css was preloaded using link preload but not used within a few seconds from the window's load event. Please make sure it has an appropriate `as` value and it is preloaded intentionally. @ https://vercel.com/rigo-melchor-s-projects/insourceful-website/deployments:0
[   98682ms] [WARNING] The resource https://vercel.com/_next/static/immutable/media/logo-vercel-dark.28zbfuuys0x7i.svg was preloaded using link preload but not used within a few seconds from the window's load event. Please make sure it has an appropriate `as` value and it is preloaded intentionally. @ https://vercel.com/rigo-melchor-s-projects/insourceful-website/deployments:0
[   98682ms] [WARNING] The resource https://vercel.com/_next/static/immutable/chunks/0vmhpedf_b0j8.css was preloaded using link preload but not used within a few seconds from the window's load event. Please make sure it has an appropriate `as` value and it is preloaded intentionally. @ https://vercel.com/rigo-melchor-s-projects/insourceful-website/deployments:0
[   98682ms] [WARNING] The resource https://vercel.com/_next/static/immutable/chunks/2mvavehoxc309.css was preloaded using link preload but not used within a few seconds from the window's load event. Please make sure it has an appropriate `as` value and it is preloaded intentionally. @ https://vercel.com/rigo-melchor-s-projects/insourceful-website/deployments:0
[   98682ms] [WARNING] The resource https://vercel.com/_next/static/immutable/chunks/3d792zqltro0t.css was preloaded using link preload but not used within a few seconds from the window's load event. Please make sure it has an appropriate `as` value and it is preloaded intentionally. @ https://vercel.com/rigo-melchor-s-projects/insourceful-website/deployments:0
[   98682ms] [WARNING] The resource https://vercel.com/_next/static/immutable/chunks/3z9uffp9rqnx8.css was preloaded using link preload but not used within a few seconds from the window's load event. Please make sure it has an appropriate `as` value and it is preloaded intentionally. @ https://vercel.com/rigo-melchor-s-projects/insourceful-website/deployments:0
[   98682ms] [WARNING] The resource https://vercel.com/_next/static/immutable/chunks/1yl8955ma4q4-.css was preloaded using link preload but not used within a few seconds from the window's load event. Please make sure it has an appropriate `as` value and it is preloaded intentionally. @ https://vercel.com/rigo-melchor-s-projects/insourceful-website/deployments:0
[   98682ms] [WARNING] The resource https://vercel.com/_next/static/immutable/chunks/0-shbsz3-8ybx.css was preloaded using link preload but not used within a few seconds from the window's load event. Please make sure it has an appropriate `as` value and it is preloaded intentionally. @ https://vercel.com/rigo-melchor-s-projects/insourceful-website/deployments:0
[   98682ms] [WARNING] The resource https://vercel.com/_next/static/immutable/chunks/3z36ncuffz89v.css was preloaded using link preload but not used within a few seconds from the window's load event. Please make sure it has an appropriate `as` value and it is preloaded intentionally. @ https://vercel.com/rigo-melchor-s-projects/insourceful-website/deployments:0
[   98682ms] [WARNING] The resource https://vercel.com/_next/static/immutable/chunks/1xg6gg5e39tni.css was preloaded using link preload but not used within a few seconds from the window's load event. Please make sure it has an appropriate `as` value and it is preloaded intentionally. @ https://vercel.com/rigo-melchor-s-projects/insourceful-website/deployments:0
[   98682ms] [WARNING] The resource https://vercel.com/_next/static/immutable/chunks/1hzff2kh3gano.css was preloaded using link preload but not used within a few seconds from the window's load event. Please make sure it has an appropriate `as` value and it is preloaded intentionally. @ https://vercel.com/rigo-melchor-s-projects/insourceful-website/deployments:0
[   98682ms] [WARNING] The resource https://vercel.com/_next/static/immutable/chunks/044vmykz7q7vs.css was preloaded using link preload but not used within a few seconds from the window's load event. Please make sure it has an appropriate `as` value and it is preloaded intentionally. @ https://vercel.com/rigo-melchor-s-projects/insourceful-website/deployments:0
[   98682ms] [WARNING] The resource https://vercel.com/_next/static/immutable/media/logo-vercel-light.3an2_9g6dt4xn.svg was preloaded using link preload but not used within a few seconds from the window's load event. Please make sure it has an appropriate `as` value and it is preloaded intentionally. @ https://vercel.com/rigo-melchor-s-projects/insourceful-website/deployments:0
[   98682ms] [WARNING] The resource https://vercel.com/_next/static/immutable/chunks/0rblmumf_9wz1.css was preloaded using link preload but not used within a few seconds from the window's load event. Please make sure it has an appropriate `as` value and it is preloaded intentionally. @ https://vercel.com/rigo-melchor-s-projects/insourceful-website/deployments:0
[   98682ms] [WARNING] The resource https://vercel.com/_next/static/immutable/chunks/25nnd13fh_4k5.css was preloaded using link preload but not used within a few seconds from the window's load event. Please make sure it has an appropriate `as` value and it is preloaded intentionally. @ https://vercel.com/rigo-melchor-s-projects/insourceful-website/deployments:0
[   98682ms] [WARNING] The resource https://vercel.com/_next/static/immutable/chunks/3p9g28no3_hj-.css was preloaded using link preload but not used within a few seconds from the window's load event. Please make sure it has an appropriate `as` value and it is preloaded intentionally. @ https://vercel.com/rigo-melchor-s-projects/insourceful-website/deployments:0
[   98682ms] [WARNING] The resource https://vercel.com/_next/static/immutable/chunks/3fd49nnoyujvi.css was preloaded using link preload but not used within a few seconds from the window's load event. Please make sure it has an appropriate `as` value and it is preloaded intentionally. @ https://vercel.com/rigo-melchor-s-projects/insourceful-website/deployments:0
[   98682ms] [WARNING] The resource https://vercel.com/_next/static/immutable/chunks/2cegy48-lpb69.css was preloaded using link preload but not used within a few seconds from the window's load event. Please make sure it has an appropriate `as` value and it is preloaded intentionally. @ https://vercel.com/rigo-melchor-s-projects/insourceful-website/deployments:0
[   98682ms] [WARNING] The resource https://vercel.com/_next/static/immutable/chunks/26_kjvxoedtei.css was preloaded using link preload but not used within a few seconds from the window's load event. Please make sure it has an appropriate `as` value and it is preloaded intentionally. @ https://vercel.com/rigo-melchor-s-projects/insourceful-website/deployments:0
[  107198ms] [WARNING] The resource https://vercel.com/_next/static/immutable/chunks/1y7np90zxj-un.css was preloaded using link preload but not used within a few seconds from the window's load event. Please make sure it has an appropriate `as` value and it is preloaded intentionally. @ https://vercel.com/rigo-melchor-s-projects/insourceful-website/deployments:0
[  107198ms] [WARNING] The resource https://vercel.com/_next/static/immutable/chunks/2xsdyifozdz06.css was preloaded using link preload but not used within a few seconds from the window's load event. Please make sure it has an appropriate `as` value and it is preloaded intentionally. @ https://vercel.com/rigo-melchor-s-projects/insourceful-website/deployments:0
[  107198ms] [WARNING] The resource https://vercel.com/_next/static/immutable/media/logo-vercel-dark.28zbfuuys0x7i.svg was preloaded using link preload but not used within a few seconds from the window's load event. Please make sure it has an appropriate `as` value and it is preloaded intentionally. @ https://vercel.com/rigo-melchor-s-projects/insourceful-website/deployments:0
[  107198ms] [WARNING] The resource https://vercel.com/_next/static/immutable/chunks/0vmhpedf_b0j8.css was preloaded using link preload but not used within a few seconds from the window's load event. Please make sure it has an appropriate `as` value and it is preloaded intentionally. @ https://vercel.com/rigo-melchor-s-projects/insourceful-website/deployments:0
[  107198ms] [WARNING] The resource https://vercel.com/_next/static/immutable/chunks/2mvavehoxc309.css was preloaded using link preload but not used within a few seconds from the window's load event. Please make sure it has an appropriate `as` value and it is preloaded intentionally. @ https://vercel.com/rigo-melchor-s-projects/insourceful-website/deployments:0
[  107198ms] [WARNING] The resource https://vercel.com/_next/static/immutable/chunks/3d792zqltro0t.css was preloaded using link preload but not used within a few seconds from the window's load event. Please make sure it has an appropriate `as` value and it is preloaded intentionally. @ https://vercel.com/rigo-melchor-s-projects/insourceful-website/deployments:0
[  107198ms] [WARNING] The resource https://vercel.com/_next/static/immutable/chunks/3z9uffp9rqnx8.css was preloaded using link preload but not used within a few seconds from the window's load event. Please make sure it has an appropriate `as` value and it is preloaded intentionally. @ https://vercel.com/rigo-melchor-s-projects/insourceful-website/deployments:0
[  107198ms] [WARNING] The resource https://vercel.com/_next/static/immutable/chunks/1yl8955ma4q4-.css was preloaded using link preload but not used within a few seconds from the window's load event. Please make sure it has an appropriate `as` value and it is preloaded intentionally. @ https://vercel.com/rigo-melchor-s-projects/insourceful-website/deployments:0
[  107198ms] [WARNING] The resource https://vercel.com/_next/static/immutable/chunks/0-shbsz3-8ybx.css was preloaded using link preload but not used within a few seconds from the window's load event. Please make sure it has an appropriate `as` value and it is preloaded intentionally. @ https://vercel.com/rigo-melchor-s-projects/insourceful-website/deployments:0
[  107198ms] [WARNING] The resource https://vercel.com/_next/static/immutable/chunks/3z36ncuffz89v.css was preloaded using link preload but not used within a few seconds from the window's load event. Please make sure it has an appropriate `as` value and it is preloaded intentionally. @ https://vercel.com/rigo-melchor-s-projects/insourceful-website/deployments:0
[  107198ms] [WARNING] The resource https://vercel.com/_next/static/immutable/chunks/1xg6gg5e39tni.css was preloaded using link preload but not used within a few seconds from the window's load event. Please make sure it has an appropriate `as` value and it is preloaded intentionally. @ https://vercel.com/rigo-melchor-s-projects/insourceful-website/deployments:0
[  107198ms] [WARNING] The resource https://vercel.com/_next/static/immutable/chunks/1hzff2kh3gano.css was preloaded using link preload but not used within a few seconds from the window's load event. Please make sure it has an appropriate `as` value and it is preloaded intentionally. @ https://vercel.com/rigo-melchor-s-projects/insourceful-website/deployments:0
[  107198ms] [WARNING] The resource https://vercel.com/_next/static/immutable/chunks/044vmykz7q7vs.css was preloaded using link preload but not used within a few seconds from the window's load event. Please make sure it has an appropriate `as` value and it is preloaded intentionally. @ https://vercel.com/rigo-melchor-s-projects/insourceful-website/deployments:0
[  107198ms] [WARNING] The resource https://vercel.com/_next/static/immutable/media/logo-vercel-light.3an2_9g6dt4xn.svg was preloaded using link preload but not used within a few seconds from the window's load event. Please make sure it has an appropriate `as` value and it is preloaded intentionally. @ https://vercel.com/rigo-melchor-s-projects/insourceful-website/deployments:0
[  107198ms] [WARNING] The resource https://vercel.com/_next/static/immutable/chunks/0rblmumf_9wz1.css was preloaded using link preload but not used within a few seconds from the window's load event. Please make sure it has an appropriate `as` value and it is preloaded intentionally. @ https://vercel.com/rigo-melchor-s-projects/insourceful-website/deployments:0
[  107198ms] [WARNING] The resource https://vercel.com/_next/static/immutable/chunks/25nnd13fh_4k5.css was preloaded using link preload but not used within a few seconds from the window's load event. Please make sure it has an appropriate `as` value and it is preloaded intentionally. @ https://vercel.com/rigo-melchor-s-projects/insourceful-website/deployments:0
[  107198ms] [WARNING] The resource https://vercel.com/_next/static/immutable/chunks/3p9g28no3_hj-.css was preloaded using link preload but not used within a few seconds from the window's load event. Please make sure it has an appropriate `as` value and it is preloaded intentionally. @ https://vercel.com/rigo-melchor-s-projects/insourceful-website/deployments:0
[  107198ms] [WARNING] The resource https://vercel.com/_next/static/immutable/chunks/3fd49nnoyujvi.css was preloaded using link preload but not used within a few seconds from the window's load event. Please make sure it has an appropriate `as` value and it is preloaded intentionally. @ https://vercel.com/rigo-melchor-s-projects/insourceful-website/deployments:0
[  107198ms] [WARNING] The resource https://vercel.com/_next/static/immutable/chunks/2cegy48-lpb69.css was preloaded using link preload but not used within a few seconds from the window's load event. Please make sure it has an appropriate `as` value and it is preloaded intentionally. @ https://vercel.com/rigo-melchor-s-projects/insourceful-website/deployments:0
[  107198ms] [WARNING] The resource https://vercel.com/_next/static/immutable/chunks/26_kjvxoedtei.css was preloaded using link preload but not used within a few seconds from the window's load event. Please make sure it has an appropriate `as` value and it is preloaded intentionally. @ https://vercel.com/rigo-melchor-s-projects/insourceful-website/deployments:0
[  115425ms] [WARNING] The resource https://vercel.com/_next/static/immutable/chunks/1y7np90zxj-un.css was preloaded using link preload but not used within a few seconds from the window's load event. Please make sure it has an appropriate `as` value and it is preloaded intentionally. @ https://vercel.com/rigo-melchor-s-projects/insourceful-website/deployments:0
[  115425ms] [WARNING] The resource https://vercel.com/_next/static/immutable/chunks/2xsdyifozdz06.css was preloaded using link preload but not used within a few seconds from the window's load event. Please make sure it has an appropriate `as` value and it is preloaded intentionally. @ https://vercel.com/rigo-melchor-s-projects/insourceful-website/deployments:0
[  115425ms] [WARNING] The resource https://vercel.com/_next/static/immutable/media/logo-vercel-dark.28zbfuuys0x7i.svg was preloaded using link preload but not used within a few seconds from the window's load event. Please make sure it has an appropriate `as` value and it is preloaded intentionally. @ https://vercel.com/rigo-melchor-s-projects/insourceful-website/deployments:0
[  115425ms] [WARNING] The resource https://vercel.com/_next/static/immutable/chunks/0vmhpedf_b0j8.css was preloaded using link preload but not used within a few seconds from the window's load event. Please make sure it has an appropriate `as` value and it is preloaded intentionally. @ https://vercel.com/rigo-melchor-s-projects/insourceful-website/deployments:0
[  115425ms] [WARNING] The resource https://vercel.com/_next/static/immutable/chunks/2mvavehoxc309.css was preloaded using link preload but not used within a few seconds from the window's load event. Please make sure it has an appropriate `as` value and it is preloaded intentionally. @ https://vercel.com/rigo-melchor-s-projects/insourceful-website/deployments:0
[  115425ms] [WARNING] The resource https://vercel.com/_next/static/immutable/chunks/3d792zqltro0t.css was preloaded using link preload but not used within a few seconds from the window's load event. Please make sure it has an appropriate `as` value and it is preloaded intentionally. @ https://vercel.com/rigo-melchor-s-projects/insourceful-website/deployments:0
[  115425ms] [WARNING] The resource https://vercel.com/_next/static/immutable/chunks/3z9uffp9rqnx8.css was preloaded using link preload but not used within a few seconds from the window's load event. Please make sure it has an appropriate `as` value and it is preloaded intentionally. @ https://vercel.com/rigo-melchor-s-projects/insourceful-website/deployments:0
[  115425ms] [WARNING] The resource https://vercel.com/_next/static/immutable/chunks/1yl8955ma4q4-.css was preloaded using link preload but not used within a few seconds from the window's load event. Please make sure it has an appropriate `as` value and it is preloaded intentionally. @ https://vercel.com/rigo-melchor-s-projects/insourceful-website/deployments:0
[  115425ms] [WARNING] The resource https://vercel.com/_next/static/immutable/chunks/0-shbsz3-8ybx.css was preloaded using link preload but not used within a few seconds from the window's load event. Please make sure it has an appropriate `as` value and it is preloaded intentionally. @ https://vercel.com/rigo-melchor-s-projects/insourceful-website/deployments:0
[  115425ms] [WARNING] The resource https://vercel.com/_next/static/immutable/chunks/3z36ncuffz89v.css was preloaded using link preload but not used within a few seconds from the window's load event. Please make sure it has an appropriate `as` value and it is preloaded intentionally. @ https://vercel.com/rigo-melchor-s-projects/insourceful-website/deployments:0
[  115425ms] [WARNING] The resource https://vercel.com/_next/static/immutable/chunks/1xg6gg5e39tni.css was preloaded using link preload but not used within a few seconds from the window's load event. Please make sure it has an appropriate `as` value and it is preloaded intentionally. @ https://vercel.com/rigo-melchor-s-projects/insourceful-website/deployments:0
[  115425ms] [WARNING] The resource https://vercel.com/_next/static/immutable/chunks/1hzff2kh3gano.css was preloaded using link preload but not used within a few seconds from the window's load event. Please make sure it has an appropriate `as` value and it is preloaded intentionally. @ https://vercel.com/rigo-melchor-s-projects/insourceful-website/deployments:0
[  115425ms] [WARNING] The resource https://vercel.com/_next/static/immutable/chunks/044vmykz7q7vs.css was preloaded using link preload but not used within a few seconds from the window's load event. Please make sure it has an appropriate `as` value and it is preloaded intentionally. @ https://vercel.com/rigo-melchor-s-projects/insourceful-website/deployments:0
[  115425ms] [WARNING] The resource https://vercel.com/_next/static/immutable/media/logo-vercel-light.3an2_9g6dt4xn.svg was preloaded using link preload but not used within a few seconds from the window's load event. Please make sure it has an appropriate `as` value and it is preloaded intentionally. @ https://vercel.com/rigo-melchor-s-projects/insourceful-website/deployments:0
[  115425ms] [WARNING] The resource https://vercel.com/_next/static/immutable/chunks/0rblmumf_9wz1.css was preloaded using link preload but not used within a few seconds from the window's load event. Please make sure it has an appropriate `as` value and it is preloaded intentionally. @ https://vercel.com/rigo-melchor-s-projects/insourceful-website/deployments:0
[  115425ms] [WARNING] The resource https://vercel.com/_next/static/immutable/chunks/25nnd13fh_4k5.css was preloaded using link preload but not used within a few seconds from the window's load event. Please make sure it has an appropriate `as` value and it is preloaded intentionally. @ https://vercel.com/rigo-melchor-s-projects/insourceful-website/deployments:0
[  115425ms] [WARNING] The resource https://vercel.com/_next/static/immutable/chunks/3p9g28no3_hj-.css was preloaded using link preload but not used within a few seconds from the window's load event. Please make sure it has an appropriate `as` value and it is preloaded intentionally. @ https://vercel.com/rigo-melchor-s-projects/insourceful-website/deployments:0
[  115425ms] [WARNING] The resource https://vercel.com/_next/static/immutable/chunks/3fd49nnoyujvi.css was preloaded using link preload but not used within a few seconds from the window's load event. Please make sure it has an appropriate `as` value and it is preloaded intentionally. @ https://vercel.com/rigo-melchor-s-projects/insourceful-website/deployments:0
[  115425ms] [WARNING] The resource https://vercel.com/_next/static/immutable/chunks/2cegy48-lpb69.css was preloaded using link preload but not used within a few seconds from the window's load event. Please make sure it has an appropriate `as` value and it is preloaded intentionally. @ https://vercel.com/rigo-melchor-s-projects/insourceful-website/deployments:0
[  115425ms] [WARNING] The resource https://vercel.com/_next/static/immutable/chunks/26_kjvxoedtei.css was preloaded using link preload but not used within a few seconds from the window's load event. Please make sure it has an appropriate `as` value and it is preloaded intentionally. @ https://vercel.com/rigo-melchor-s-projects/insourceful-website/deployments:0
[  124070ms] [WARNING] The resource https://vercel.com/_next/static/immutable/chunks/1y7np90zxj-un.css was preloaded using link preload but not used within a few seconds from the window's load event. Please make sure it has an appropriate `as` value and it is preloaded intentionally. @ https://vercel.com/rigo-melchor-s-projects/insourceful-website/deployments:0
[  124070ms] [WARNING] The resource https://vercel.com/_next/static/immutable/chunks/2xsdyifozdz06.css was preloaded using link preload but not used within a few seconds from the window's load event. Please make sure it has an appropriate `as` value and it is preloaded intentionally. @ https://vercel.com/rigo-melchor-s-projects/insourceful-website/deployments:0
[  124070ms] [WARNING] The resource https://vercel.com/_next/static/immutable/media/logo-vercel-dark.28zbfuuys0x7i.svg was preloaded using link preload but not used within a few seconds from the window's load event. Please make sure it has an appropriate `as` value and it is preloaded intentionally. @ https://vercel.com/rigo-melchor-s-projects/insourceful-website/deployments:0
[  124070ms] [WARNING] The resource https://vercel.com/_next/static/immutable/chunks/0vmhpedf_b0j8.css was preloaded using link preload but not used within a few seconds from the window's load event. Please make sure it has an appropriate `as` value and it is preloaded intentionally. @ https://vercel.com/rigo-melchor-s-projects/insourceful-website/deployments:0
[  124070ms] [WARNING] The resource https://vercel.com/_next/static/immutable/chunks/2mvavehoxc309.css was preloaded using link preload but not used within a few seconds from the window's load event. Please make sure it has an appropriate `as` value and it is preloaded intentionally. @ https://vercel.com/rigo-melchor-s-projects/insourceful-website/deployments:0
[  124070ms] [WARNING] The resource https://vercel.com/_next/static/immutable/chunks/3d792zqltro0t.css was preloaded using link preload but not used within a few seconds from the window's load event. Please make sure it has an appropriate `as` value and it is preloaded intentionally. @ https://vercel.com/rigo-melchor-s-projects/insourceful-website/deployments:0
[  124070ms] [WARNING] The resource https://vercel.com/_next/static/immutable/chunks/3z9uffp9rqnx8.css was preloaded using link preload but not used within a few seconds from the window's load event. Please make sure it has an appropriate `as` value and it is preloaded intentionally. @ https://vercel.com/rigo-melchor-s-projects/insourceful-website/deployments:0
[  124070ms] [WARNING] The resource https://vercel.com/_next/static/immutable/chunks/1yl8955ma4q4-.css was preloaded using link preload but not used within a few seconds from the window's load event. Please make sure it has an appropriate `as` value and it is preloaded intentionally. @ https://vercel.com/rigo-melchor-s-projects/insourceful-website/deployments:0
[  124070ms] [WARNING] The resource https://vercel.com/_next/static/immutable/chunks/0-shbsz3-8ybx.css was preloaded using link preload but not used within a few seconds from the window's load event. Please make sure it has an appropriate `as` value and it is preloaded intentionally. @ https://vercel.com/rigo-melchor-s-projects/insourceful-website/deployments:0
[  124070ms] [WARNING] The resource https://vercel.com/_next/static/immutable/chunks/3z36ncuffz89v.css was preloaded using link preload but not used within a few seconds from the window's load event. Please make sure it has an appropriate `as` value and it is preloaded intentionally. @ https://vercel.com/rigo-melchor-s-projects/insourceful-website/deployments:0
[  124070ms] [WARNING] The resource https://vercel.com/_next/static/immutable/chunks/1xg6gg5e39tni.css was preloaded using link preload but not used within a few seconds from the window's load event. Please make sure it has an appropriate `as` value and it is preloaded intentionally. @ https://vercel.com/rigo-melchor-s-projects/insourceful-website/deployments:0
[  124070ms] [WARNING] The resource https://vercel.com/_next/static/immutable/chunks/1hzff2kh3gano.css was preloaded using link preload but not used within a few seconds from the window's load event. Please make sure it has an appropriate `as` value and it is preloaded intentionally. @ https://vercel.com/rigo-melchor-s-projects/insourceful-website/deployments:0
[  124071ms] [WARNING] The resource https://vercel.com/_next/static/immutable/chunks/044vmykz7q7vs.css was preloaded using link preload but not used within a few seconds from the window's load event. Please make sure it has an appropriate `as` value and it is preloaded intentionally. @ https://vercel.com/rigo-melchor-s-projects/insourceful-website/deployments:0
[  124071ms] [WARNING] The resource https://vercel.com/_next/static/immutable/media/logo-vercel-light.3an2_9g6dt4xn.svg was preloaded using link preload but not used within a few seconds from the window's load event. Please make sure it has an appropriate `as` value and it is preloaded intentionally. @ https://vercel.com/rigo-melchor-s-projects/insourceful-website/deployments:0
[  124071ms] [WARNING] The resource https://vercel.com/_next/static/immutable/chunks/0rblmumf_9wz1.css was preloaded using link preload but not used within a few seconds from the window's load event. Please make sure it has an appropriate `as` value and it is preloaded intentionally. @ https://vercel.com/rigo-melchor-s-projects/insourceful-website/deployments:0
[  124071ms] [WARNING] The resource https://vercel.com/_next/static/immutable/chunks/25nnd13fh_4k5.css was preloaded using link preload but not used within a few seconds from the window's load event. Please make sure it has an appropriate `as` value and it is preloaded intentionally. @ https://vercel.com/rigo-melchor-s-projects/insourceful-website/deployments:0
[  124071ms] [WARNING] The resource https://vercel.com/_next/static/immutable/chunks/3p9g28no3_hj-.css was preloaded using link preload but not used within a few seconds from the window's load event. Please make sure it has an appropriate `as` value and it is preloaded intentionally. @ https://vercel.com/rigo-melchor-s-projects/insourceful-website/deployments:0
[  124071ms] [WARNING] The resource https://vercel.com/_next/static/immutable/chunks/3fd49nnoyujvi.css was preloaded using link preload but not used within a few seconds from the window's load event. Please make sure it has an appropriate `as` value and it is preloaded intentionally. @ https://vercel.com/rigo-melchor-s-projects/insourceful-website/deployments:0
[  124071ms] [WARNING] The resource https://vercel.com/_next/static/immutable/chunks/2cegy48-lpb69.css was preloaded using link preload but not used within a few seconds from the window's load event. Please make sure it has an appropriate `as` value and it is preloaded intentionally. @ https://vercel.com/rigo-melchor-s-projects/insourceful-website/deployments:0
[  124071ms] [WARNING] The resource https://vercel.com/_next/static/immutable/chunks/26_kjvxoedtei.css was preloaded using link preload but not used within a few seconds from the window's load event. Please make sure it has an appropriate `as` value and it is preloaded intentionally. @ https://vercel.com/rigo-melchor-s-projects/insourceful-website/deployments:0
[  132615ms] [WARNING] The resource https://vercel.com/_next/static/immutable/chunks/1y7np90zxj-un.css was preloaded using link preload but not used within a few seconds from the window's load event. Please make sure it has an appropriate `as` value and it is preloaded intentionally. @ https://vercel.com/rigo-melchor-s-projects/insourceful-website/deployments:0
[  132615ms] [WARNING] The resource https://vercel.com/_next/static/immutable/chunks/2xsdyifozdz06.css was preloaded using link preload but not used within a few seconds from the window's load event. Please make sure it has an appropriate `as` value and it is preloaded intentionally. @ https://vercel.com/rigo-melchor-s-projects/insourceful-website/deployments:0
[  132615ms] [WARNING] The resource https://vercel.com/_next/static/immutable/media/logo-vercel-dark.28zbfuuys0x7i.svg was preloaded using link preload but not used within a few seconds from the window's load event. Please make sure it has an appropriate `as` value and it is preloaded intentionally. @ https://vercel.com/rigo-melchor-s-projects/insourceful-website/deployments:0
[  132615ms] [WARNING] The resource https://vercel.com/_next/static/immutable/chunks/0vmhpedf_b0j8.css was preloaded using link preload but not used within a few seconds from the window's load event. Please make sure it has an appropriate `as` value and it is preloaded intentionally. @ https://vercel.com/rigo-melchor-s-projects/insourceful-website/deployments:0
[  132615ms] [WARNING] The resource https://vercel.com/_next/static/immutable/chunks/2mvavehoxc309.css was preloaded using link preload but not used within a few seconds from the window's load event. Please make sure it has an appropriate `as` value and it is preloaded intentionally. @ https://vercel.com/rigo-melchor-s-projects/insourceful-website/deployments:0
[  132615ms] [WARNING] The resource https://vercel.com/_next/static/immutable/chunks/3d792zqltro0t.css was preloaded using link preload but not used within a few seconds from the window's load event. Please make sure it has an appropriate `as` value and it is preloaded intentionally. @ https://vercel.com/rigo-melchor-s-projects/insourceful-website/deployments:0
[  132615ms] [WARNING] The resource https://vercel.com/_next/static/immutable/chunks/3z9uffp9rqnx8.css was preloaded using link preload but not used within a few seconds from the window's load event. Please make sure it has an appropriate `as` value and it is preloaded intentionally. @ https://vercel.com/rigo-melchor-s-projects/insourceful-website/deployments:0
[  132615ms] [WARNING] The resource https://vercel.com/_next/static/immutable/chunks/1yl8955ma4q4-.css was preloaded using link preload but not used within a few seconds from the window's load event. Please make sure it has an appropriate `as` value and it is preloaded intentionally. @ https://vercel.com/rigo-melchor-s-projects/insourceful-website/deployments:0
[  132615ms] [WARNING] The resource https://vercel.com/_next/static/immutable/chunks/0-shbsz3-8ybx.css was preloaded using link preload but not used within a few seconds from the window's load event. Please make sure it has an appropriate `as` value and it is preloaded intentionally. @ https://vercel.com/rigo-melchor-s-projects/insourceful-website/deployments:0
[  132615ms] [WARNING] The resource https://vercel.com/_next/static/immutable/chunks/3z36ncuffz89v.css was preloaded using link preload but not used within a few seconds from the window's load event. Please make sure it has an appropriate `as` value and it is preloaded intentionally. @ https://vercel.com/rigo-melchor-s-projects/insourceful-website/deployments:0
[  132615ms] [WARNING] The resource https://vercel.com/_next/static/immutable/chunks/1xg6gg5e39tni.css was preloaded using link preload but not used within a few seconds from the window's load event. Please make sure it has an appropriate `as` value and it is preloaded intentionally. @ https://vercel.com/rigo-melchor-s-projects/insourceful-website/deployments:0
[  132615ms] [WARNING] The resource https://vercel.com/_next/static/immutable/chunks/1hzff2kh3gano.css was preloaded using link preload but not used within a few seconds from the window's load event. Please make sure it has an appropriate `as` value and it is preloaded intentionally. @ https://vercel.com/rigo-melchor-s-projects/insourceful-website/deployments:0
[  132615ms] [WARNING] The resource https://vercel.com/_next/static/immutable/chunks/044vmykz7q7vs.css was preloaded using link preload but not used within a few seconds from the window's load event. Please make sure it has an appropriate `as` value and it is preloaded intentionally. @ https://vercel.com/rigo-melchor-s-projects/insourceful-website/deployments:0
[  132615ms] [WARNING] The resource https://vercel.com/_next/static/immutable/media/logo-vercel-light.3an2_9g6dt4xn.svg was preloaded using link preload but not used within a few seconds from the window's load event. Please make sure it has an appropriate `as` value and it is preloaded intentionally. @ https://vercel.com/rigo-melchor-s-projects/insourceful-website/deployments:0
[  132615ms] [WARNING] The resource https://vercel.com/_next/static/immutable/chunks/0rblmumf_9wz1.css was preloaded using link preload but not used within a few seconds from the window's load event. Please make sure it has an appropriate `as` value and it is preloaded intentionally. @ https://vercel.com/rigo-melchor-s-projects/insourceful-website/deployments:0
[  132615ms] [WARNING] The resource https://vercel.com/_next/static/immutable/chunks/25nnd13fh_4k5.css was preloaded using link preload but not used within a few seconds from the window's load event. Please make sure it has an appropriate `as` value and it is preloaded intentionally. @ https://vercel.com/rigo-melchor-s-projects/insourceful-website/deployments:0
[  132615ms] [WARNING] The resource https://vercel.com/_next/static/immutable/chunks/3p9g28no3_hj-.css was preloaded using link preload but not used within a few seconds from the window's load event. Please make sure it has an appropriate `as` value and it is preloaded intentionally. @ https://vercel.com/rigo-melchor-s-projects/insourceful-website/deployments:0
[  132615ms] [WARNING] The resource https://vercel.com/_next/static/immutable/chunks/3fd49nnoyujvi.css was preloaded using link preload but not used within a few seconds from the window's load event. Please make sure it has an appropriate `as` value and it is preloaded intentionally. @ https://vercel.com/rigo-melchor-s-projects/insourceful-website/deployments:0
[  132616ms] [WARNING] The resource https://vercel.com/_next/static/immutable/chunks/2cegy48-lpb69.css was preloaded using link preload but not used within a few seconds from the window's load event. Please make sure it has an appropriate `as` value and it is preloaded intentionally. @ https://vercel.com/rigo-melchor-s-projects/insourceful-website/deployments:0
[  132616ms] [WARNING] The resource https://vercel.com/_next/static/immutable/chunks/26_kjvxoedtei.css was preloaded using link preload but not used within a few seconds from the window's load event. Please make sure it has an appropriate `as` value and it is preloaded intentionally. @ https://vercel.com/rigo-melchor-s-projects/insourceful-website/deployments:0
[  140831ms] [WARNING] The resource https://vercel.com/_next/static/immutable/chunks/1y7np90zxj-un.css was preloaded using link preload but not used within a few seconds from the window's load event. Please make sure it has an appropriate `as` value and it is preloaded intentionally. @ https://vercel.com/rigo-melchor-s-projects/insourceful-website/deployments:0
[  140831ms] [WARNING] The resource https://vercel.com/_next/static/immutable/chunks/2xsdyifozdz06.css was preloaded using link preload but not used within a few seconds from the window's load event. Please make sure it has an appropriate `as` value and it is preloaded intentionally. @ https://vercel.com/rigo-melchor-s-projects/insourceful-website/deployments:0
[  140831ms] [WARNING] The resource https://vercel.com/_next/static/immutable/media/logo-vercel-dark.28zbfuuys0x7i.svg was preloaded using link preload but not used within a few seconds from the window's load event. Please make sure it has an appropriate `as` value and it is preloaded intentionally. @ https://vercel.com/rigo-melchor-s-projects/insourceful-website/deployments:0
[  140831ms] [WARNING] The resource https://vercel.com/_next/static/immutable/chunks/0vmhpedf_b0j8.css was preloaded using link preload but not used within a few seconds from the window's load event. Please make sure it has an appropriate `as` value and it is preloaded intentionally. @ https://vercel.com/rigo-melchor-s-projects/insourceful-website/deployments:0
[  140831ms] [WARNING] The resource https://vercel.com/_next/static/immutable/chunks/2mvavehoxc309.css was preloaded using link preload but not used within a few seconds from the window's load event. Please make sure it has an appropriate `as` value and it is preloaded intentionally. @ https://vercel.com/rigo-melchor-s-projects/insourceful-website/deployments:0
[  140831ms] [WARNING] The resource https://vercel.com/_next/static/immutable/chunks/3d792zqltro0t.css was preloaded using link preload but not used within a few seconds from the window's load event. Please make sure it has an appropriate `as` value and it is preloaded intentionally. @ https://vercel.com/rigo-melchor-s-projects/insourceful-website/deployments:0
[  140831ms] [WARNING] The resource https://vercel.com/_next/static/immutable/chunks/3z9uffp9rqnx8.css was preloaded using link preload but not used within a few seconds from the window's load event. Please make sure it has an appropriate `as` value and it is preloaded intentionally. @ https://vercel.com/rigo-melchor-s-projects/insourceful-website/deployments:0
[  140831ms] [WARNING] The resource https://vercel.com/_next/static/immutable/chunks/1yl8955ma4q4-.css was preloaded using link preload but not used within a few seconds from the window's load event. Please make sure it has an appropriate `as` value and it is preloaded intentionally. @ https://vercel.com/rigo-melchor-s-projects/insourceful-website/deployments:0
[  140831ms] [WARNING] The resource https://vercel.com/_next/static/immutable/chunks/0-shbsz3-8ybx.css was preloaded using link preload but not used within a few seconds from the window's load event. Please make sure it has an appropriate `as` value and it is preloaded intentionally. @ https://vercel.com/rigo-melchor-s-projects/insourceful-website/deployments:0
[  140831ms] [WARNING] The resource https://vercel.com/_next/static/immutable/chunks/3z36ncuffz89v.css was preloaded using link preload but not used within a few seconds from the window's load event. Please make sure it has an appropriate `as` value and it is preloaded intentionally. @ https://vercel.com/rigo-melchor-s-projects/insourceful-website/deployments:0
[  140831ms] [WARNING] The resource https://vercel.com/_next/static/immutable/chunks/1xg6gg5e39tni.css was preloaded using link preload but not used within a few seconds from the window's load event. Please make sure it has an appropriate `as` value and it is preloaded intentionally. @ https://vercel.com/rigo-melchor-s-projects/insourceful-website/deployments:0
[  140831ms] [WARNING] The resource https://vercel.com/_next/static/immutable/chunks/1hzff2kh3gano.css was preloaded using link preload but not used within a few seconds from the window's load event. Please make sure it has an appropriate `as` value and it is preloaded intentionally. @ https://vercel.com/rigo-melchor-s-projects/insourceful-website/deployments:0
[  140831ms] [WARNING] The resource https://vercel.com/_next/static/immutable/chunks/044vmykz7q7vs.css was preloaded using link preload but not used within a few seconds from the window's load event. Please make sure it has an appropriate `as` value and it is preloaded intentionally. @ https://vercel.com/rigo-melchor-s-projects/insourceful-website/deployments:0
[  140831ms] [WARNING] The resource https://vercel.com/_next/static/immutable/media/logo-vercel-light.3an2_9g6dt4xn.svg was preloaded using link preload but not used within a few seconds from the window's load event. Please make sure it has an appropriate `as` value and it is preloaded intentionally. @ https://vercel.com/rigo-melchor-s-projects/insourceful-website/deployments:0
[  140831ms] [WARNING] The resource https://vercel.com/_next/static/immutable/chunks/0rblmumf_9wz1.css was preloaded using link preload but not used within a few seconds from the window's load event. Please make sure it has an appropriate `as` value and it is preloaded intentionally. @ https://vercel.com/rigo-melchor-s-projects/insourceful-website/deployments:0
[  140831ms] [WARNING] The resource https://vercel.com/_next/static/immutable/chunks/25nnd13fh_4k5.css was preloaded using link preload but not used within a few seconds from the window's load event. Please make sure it has an appropriate `as` value and it is preloaded intentionally. @ https://vercel.com/rigo-melchor-s-projects/insourceful-website/deployments:0
[  140831ms] [WARNING] The resource https://vercel.com/_next/static/immutable/chunks/3p9g28no3_hj-.css was preloaded using link preload but not used within a few seconds from the window's load event. Please make sure it has an appropriate `as` value and it is preloaded intentionally. @ https://vercel.com/rigo-melchor-s-projects/insourceful-website/deployments:0
[  140831ms] [WARNING] The resource https://vercel.com/_next/static/immutable/chunks/3fd49nnoyujvi.css was preloaded using link preload but not used within a few seconds from the window's load event. Please make sure it has an appropriate `as` value and it is preloaded intentionally. @ https://vercel.com/rigo-melchor-s-projects/insourceful-website/deployments:0
[  140831ms] [WARNING] The resource https://vercel.com/_next/static/immutable/chunks/2cegy48-lpb69.css was preloaded using link preload but not used within a few seconds from the window's load event. Please make sure it has an appropriate `as` value and it is preloaded intentionally. @ https://vercel.com/rigo-melchor-s-projects/insourceful-website/deployments:0
[  140831ms] [WARNING] The resource https://vercel.com/_next/static/immutable/chunks/26_kjvxoedtei.css was preloaded using link preload but not used within a few seconds from the window's load event. Please make sure it has an appropriate `as` value and it is preloaded intentionally. @ https://vercel.com/rigo-melchor-s-projects/insourceful-website/deployments:0
[  149079ms] [WARNING] The resource https://vercel.com/_next/static/immutable/chunks/1y7np90zxj-un.css was preloaded using link preload but not used within a few seconds from the window's load event. Please make sure it has an appropriate `as` value and it is preloaded intentionally. @ https://vercel.com/rigo-melchor-s-projects/insourceful-website/deployments:0
[  149079ms] [WARNING] The resource https://vercel.com/_next/static/immutable/chunks/2xsdyifozdz06.css was preloaded using link preload but not used within a few seconds from the window's load event. Please make sure it has an appropriate `as` value and it is preloaded intentionally. @ https://vercel.com/rigo-melchor-s-projects/insourceful-website/deployments:0
[  149079ms] [WARNING] The resource https://vercel.com/_next/static/immutable/media/logo-vercel-dark.28zbfuuys0x7i.svg was preloaded using link preload but not used within a few seconds from the window's load event. Please make sure it has an appropriate `as` value and it is preloaded intentionally. @ https://vercel.com/rigo-melchor-s-projects/insourceful-website/deployments:0
[  149079ms] [WARNING] The resource https://vercel.com/_next/static/immutable/chunks/0vmhpedf_b0j8.css was preloaded using link preload but not used within a few seconds from the window's load event. Please make sure it has an appropriate `as` value and it is preloaded intentionally. @ https://vercel.com/rigo-melchor-s-projects/insourceful-website/deployments:0
[  149079ms] [WARNING] The resource https://vercel.com/_next/static/immutable/chunks/2mvavehoxc309.css was preloaded using link preload but not used within a few seconds from the window's load event. Please make sure it has an appropriate `as` value and it is preloaded intentionally. @ https://vercel.com/rigo-melchor-s-projects/insourceful-website/deployments:0
[  149079ms] [WARNING] The resource https://vercel.com/_next/static/immutable/chunks/3d792zqltro0t.css was preloaded using link preload but not used within a few seconds from the window's load event. Please make sure it has an appropriate `as` value and it is preloaded intentionally. @ https://vercel.com/rigo-melchor-s-projects/insourceful-website/deployments:0
[  149079ms] [WARNING] The resource https://vercel.com/_next/static/immutable/chunks/3z9uffp9rqnx8.css was preloaded using link preload but not used within a few seconds from the window's load event. Please make sure it has an appropriate `as` value and it is preloaded intentionally. @ https://vercel.com/rigo-melchor-s-projects/insourceful-website/deployments:0
[  149079ms] [WARNING] The resource https://vercel.com/_next/static/immutable/chunks/1yl8955ma4q4-.css was preloaded using link preload but not used within a few seconds from the window's load event. Please make sure it has an appropriate `as` value and it is preloaded intentionally. @ https://vercel.com/rigo-melchor-s-projects/insourceful-website/deployments:0
[  149079ms] [WARNING] The resource https://vercel.com/_next/static/immutable/chunks/0-shbsz3-8ybx.css was preloaded using link preload but not used within a few seconds from the window's load event. Please make sure it has an appropriate `as` value and it is preloaded intentionally. @ https://vercel.com/rigo-melchor-s-projects/insourceful-website/deployments:0
[  149079ms] [WARNING] The resource https://vercel.com/_next/static/immutable/chunks/3z36ncuffz89v.css was preloaded using link preload but not used within a few seconds from the window's load event. Please make sure it has an appropriate `as` value and it is preloaded intentionally. @ https://vercel.com/rigo-melchor-s-projects/insourceful-website/deployments:0
[  149079ms] [WARNING] The resource https://vercel.com/_next/static/immutable/chunks/1xg6gg5e39tni.css was preloaded using link preload but not used within a few seconds from the window's load event. Please make sure it has an appropriate `as` value and it is preloaded intentionally. @ https://vercel.com/rigo-melchor-s-projects/insourceful-website/deployments:0
[  149079ms] [WARNING] The resource https://vercel.com/_next/static/immutable/chunks/1hzff2kh3gano.css was preloaded using link preload but not used within a few seconds from the window's load event. Please make sure it has an appropriate `as` value and it is preloaded intentionally. @ https://vercel.com/rigo-melchor-s-projects/insourceful-website/deployments:0
[  149079ms] [WARNING] The resource https://vercel.com/_next/static/immutable/chunks/044vmykz7q7vs.css was preloaded using link preload but not used within a few seconds from the window's load event. Please make sure it has an appropriate `as` value and it is preloaded intentionally. @ https://vercel.com/rigo-melchor-s-projects/insourceful-website/deployments:0
[  149079ms] [WARNING] The resource https://vercel.com/_next/static/immutable/media/logo-vercel-light.3an2_9g6dt4xn.svg was preloaded using link preload but not used within a few seconds from the window's load event. Please make sure it has an appropriate `as` value and it is preloaded intentionally. @ https://vercel.com/rigo-melchor-s-projects/insourceful-website/deployments:0
[  149079ms] [WARNING] The resource https://vercel.com/_next/static/immutable/chunks/0rblmumf_9wz1.css was preloaded using link preload but not used within a few seconds from the window's load event. Please make sure it has an appropriate `as` value and it is preloaded intentionally. @ https://vercel.com/rigo-melchor-s-projects/insourceful-website/deployments:0
[  149080ms] [WARNING] The resource https://vercel.com/_next/static/immutable/chunks/25nnd13fh_4k5.css was preloaded using link preload but not used within a few seconds from the window's load event. Please make sure it has an appropriate `as` value and it is preloaded intentionally. @ https://vercel.com/rigo-melchor-s-projects/insourceful-website/deployments:0
[  149080ms] [WARNING] The resource https://vercel.com/_next/static/immutable/chunks/3p9g28no3_hj-.css was preloaded using link preload but not used within a few seconds from the window's load event. Please make sure it has an appropriate `as` value and it is preloaded intentionally. @ https://vercel.com/rigo-melchor-s-projects/insourceful-website/deployments:0
[  149080ms] [WARNING] The resource https://vercel.com/_next/static/immutable/chunks/3fd49nnoyujvi.css was preloaded using link preload but not used within a few seconds from the window's load event. Please make sure it has an appropriate `as` value and it is preloaded intentionally. @ https://vercel.com/rigo-melchor-s-projects/insourceful-website/deployments:0
[  149080ms] [WARNING] The resource https://vercel.com/_next/static/immutable/chunks/2cegy48-lpb69.css was preloaded using link preload but not used within a few seconds from the window's load event. Please make sure it has an appropriate `as` value and it is preloaded intentionally. @ https://vercel.com/rigo-melchor-s-projects/insourceful-website/deployments:0
[  149080ms] [WARNING] The resource https://vercel.com/_next/static/immutable/chunks/26_kjvxoedtei.css was preloaded using link preload but not used within a few seconds from the window's load event. Please make sure it has an appropriate `as` value and it is preloaded intentionally. @ https://vercel.com/rigo-melchor-s-projects/insourceful-website/deployments:0
[  175773ms] [WARNING] The resource https://vercel.com/_next/static/immutable/chunks/1y7np90zxj-un.css was preloaded using link preload but not used within a few seconds from the window's load event. Please make sure it has an appropriate `as` value and it is preloaded intentionally. @ https://vercel.com/rigo-melchor-s-projects/insourceful-website/deployments:0
[  175773ms] [WARNING] The resource https://vercel.com/_next/static/immutable/chunks/2xsdyifozdz06.css was preloaded using link preload but not used within a few seconds from the window's load event. Please make sure it has an appropriate `as` value and it is preloaded intentionally. @ https://vercel.com/rigo-melchor-s-projects/insourceful-website/deployments:0
[  175773ms] [WARNING] The resource https://vercel.com/_next/static/immutable/media/logo-vercel-dark.28zbfuuys0x7i.svg was preloaded using link preload but not used within a few seconds from the window's load event. Please make sure it has an appropriate `as` value and it is preloaded intentionally. @ https://vercel.com/rigo-melchor-s-projects/insourceful-website/deployments:0
[  175774ms] [WARNING] The resource https://vercel.com/_next/static/immutable/chunks/0vmhpedf_b0j8.css was preloaded using link preload but not used within a few seconds from the window's load event. Please make sure it has an appropriate `as` value and it is preloaded intentionally. @ https://vercel.com/rigo-melchor-s-projects/insourceful-website/deployments:0
[  175774ms] [WARNING] The resource https://vercel.com/_next/static/immutable/chunks/2mvavehoxc309.css was preloaded using link preload but not used within a few seconds from the window's load event. Please make sure it has an appropriate `as` value and it is preloaded intentionally. @ https://vercel.com/rigo-melchor-s-projects/insourceful-website/deployments:0
[  175774ms] [WARNING] The resource https://vercel.com/_next/static/immutable/chunks/3d792zqltro0t.css was preloaded using link preload but not used within a few seconds from the window's load event. Please make sure it has an appropriate `as` value and it is preloaded intentionally. @ https://vercel.com/rigo-melchor-s-projects/insourceful-website/deployments:0
[  175774ms] [WARNING] The resource https://vercel.com/_next/static/immutable/chunks/3z9uffp9rqnx8.css was preloaded using link preload but not used within a few seconds from the window's load event. Please make sure it has an appropriate `as` value and it is preloaded intentionally. @ https://vercel.com/rigo-melchor-s-projects/insourceful-website/deployments:0
[  175774ms] [WARNING] The resource https://vercel.com/_next/static/immutable/chunks/1yl8955ma4q4-.css was preloaded using link preload but not used within a few seconds from the window's load event. Please make sure it has an appropriate `as` value and it is preloaded intentionally. @ https://vercel.com/rigo-melchor-s-projects/insourceful-website/deployments:0
[  175774ms] [WARNING] The resource https://vercel.com/_next/static/immutable/chunks/0-shbsz3-8ybx.css was preloaded using link preload but not used within a few seconds from the window's load event. Please make sure it has an appropriate `as` value and it is preloaded intentionally. @ https://vercel.com/rigo-melchor-s-projects/insourceful-website/deployments:0
[  175774ms] [WARNING] The resource https://vercel.com/_next/static/immutable/chunks/3z36ncuffz89v.css was preloaded using link preload but not used within a few seconds from the window's load event. Please make sure it has an appropriate `as` value and it is preloaded intentionally. @ https://vercel.com/rigo-melchor-s-projects/insourceful-website/deployments:0
[  175774ms] [WARNING] The resource https://vercel.com/_next/static/immutable/chunks/1xg6gg5e39tni.css was preloaded using link preload but not used within a few seconds from the window's load event. Please make sure it has an appropriate `as` value and it is preloaded intentionally. @ https://vercel.com/rigo-melchor-s-projects/insourceful-website/deployments:0
[  175774ms] [WARNING] The resource https://vercel.com/_next/static/immutable/chunks/1hzff2kh3gano.css was preloaded using link preload but not used within a few seconds from the window's load event. Please make sure it has an appropriate `as` value and it is preloaded intentionally. @ https://vercel.com/rigo-melchor-s-projects/insourceful-website/deployments:0
[  175774ms] [WARNING] The resource https://vercel.com/_next/static/immutable/chunks/044vmykz7q7vs.css was preloaded using link preload but not used within a few seconds from the window's load event. Please make sure it has an appropriate `as` value and it is preloaded intentionally. @ https://vercel.com/rigo-melchor-s-projects/insourceful-website/deployments:0
[  175774ms] [WARNING] The resource https://vercel.com/_next/static/immutable/media/logo-vercel-light.3an2_9g6dt4xn.svg was preloaded using link preload but not used within a few seconds from the window's load event. Please make sure it has an appropriate `as` value and it is preloaded intentionally. @ https://vercel.com/rigo-melchor-s-projects/insourceful-website/deployments:0
[  175774ms] [WARNING] The resource https://vercel.com/_next/static/immutable/chunks/0rblmumf_9wz1.css was preloaded using link preload but not used within a few seconds from the window's load event. Please make sure it has an appropriate `as` value and it is preloaded intentionally. @ https://vercel.com/rigo-melchor-s-projects/insourceful-website/deployments:0
[  175774ms] [WARNING] The resource https://vercel.com/_next/static/immutable/chunks/25nnd13fh_4k5.css was preloaded using link preload but not used within a few seconds from the window's load event. Please make sure it has an appropriate `as` value and it is preloaded intentionally. @ https://vercel.com/rigo-melchor-s-projects/insourceful-website/deployments:0
[  175774ms] [WARNING] The resource https://vercel.com/_next/static/immutable/chunks/3p9g28no3_hj-.css was preloaded using link preload but not used within a few seconds from the window's load event. Please make sure it has an appropriate `as` value and it is preloaded intentionally. @ https://vercel.com/rigo-melchor-s-projects/insourceful-website/deployments:0
[  175774ms] [WARNING] The resource https://vercel.com/_next/static/immutable/chunks/3fd49nnoyujvi.css was preloaded using link preload but not used within a few seconds from the window's load event. Please make sure it has an appropriate `as` value and it is preloaded intentionally. @ https://vercel.com/rigo-melchor-s-projects/insourceful-website/deployments:0
[  175774ms] [WARNING] The resource https://vercel.com/_next/static/immutable/chunks/2cegy48-lpb69.css was preloaded using link preload but not used within a few seconds from the window's load event. Please make sure it has an appropriate `as` value and it is preloaded intentionally. @ https://vercel.com/rigo-melchor-s-projects/insourceful-website/deployments:0
[  175774ms] [WARNING] The resource https://vercel.com/_next/static/immutable/chunks/26_kjvxoedtei.css was preloaded using link preload but not used within a few seconds from the window's load event. Please make sure it has an appropriate `as` value and it is preloaded intentionally. @ https://vercel.com/rigo-melchor-s-projects/insourceful-website/deployments:0
[  184635ms] [WARNING] The resource https://vercel.com/_next/static/immutable/chunks/1y7np90zxj-un.css was preloaded using link preload but not used within a few seconds from the window's load event. Please make sure it has an appropriate `as` value and it is preloaded intentionally. @ https://vercel.com/rigo-melchor-s-projects/insourceful-website/deployments:0
[  184635ms] [WARNING] The resource https://vercel.com/_next/static/immutable/chunks/2xsdyifozdz06.css was preloaded using link preload but not used within a few seconds from the window's load event. Please make sure it has an appropriate `as` value and it is preloaded intentionally. @ https://vercel.com/rigo-melchor-s-projects/insourceful-website/deployments:0
[  184635ms] [WARNING] The resource https://vercel.com/_next/static/immutable/media/logo-vercel-dark.28zbfuuys0x7i.svg was preloaded using link preload but not used within a few seconds from the window's load event. Please make sure it has an appropriate `as` value and it is preloaded intentionally. @ https://vercel.com/rigo-melchor-s-projects/insourceful-website/deployments:0
[  184635ms] [WARNING] The resource https://vercel.com/_next/static/immutable/chunks/0vmhpedf_b0j8.css was preloaded using link preload but not used within a few seconds from the window's load event. Please make sure it has an appropriate `as` value and it is preloaded intentionally. @ https://vercel.com/rigo-melchor-s-projects/insourceful-website/deployments:0
[  184635ms] [WARNING] The resource https://vercel.com/_next/static/immutable/chunks/2mvavehoxc309.css was preloaded using link preload but not used within a few seconds from the window's load event. Please make sure it has an appropriate `as` value and it is preloaded intentionally. @ https://vercel.com/rigo-melchor-s-projects/insourceful-website/deployments:0
[  184635ms] [WARNING] The resource https://vercel.com/_next/static/immutable/chunks/3d792zqltro0t.css was preloaded using link preload but not used within a few seconds from the window's load event. Please make sure it has an appropriate `as` value and it is preloaded intentionally. @ https://vercel.com/rigo-melchor-s-projects/insourceful-website/deployments:0
[  184635ms] [WARNING] The resource https://vercel.com/_next/static/immutable/chunks/3z9uffp9rqnx8.css was preloaded using link preload but not used within a few seconds from the window's load event. Please make sure it has an appropriate `as` value and it is preloaded intentionally. @ https://vercel.com/rigo-melchor-s-projects/insourceful-website/deployments:0
[  184635ms] [WARNING] The resource https://vercel.com/_next/static/immutable/chunks/1yl8955ma4q4-.css was preloaded using link preload but not used within a few seconds from the window's load event. Please make sure it has an appropriate `as` value and it is preloaded intentionally. @ https://vercel.com/rigo-melchor-s-projects/insourceful-website/deployments:0
[  184635ms] [WARNING] The resource https://vercel.com/_next/static/immutable/chunks/0-shbsz3-8ybx.css was preloaded using link preload but not used within a few seconds from the window's load event. Please make sure it has an appropriate `as` value and it is preloaded intentionally. @ https://vercel.com/rigo-melchor-s-projects/insourceful-website/deployments:0
[  184635ms] [WARNING] The resource https://vercel.com/_next/static/immutable/chunks/3z36ncuffz89v.css was preloaded using link preload but not used within a few seconds from the window's load event. Please make sure it has an appropriate `as` value and it is preloaded intentionally. @ https://vercel.com/rigo-melchor-s-projects/insourceful-website/deployments:0
[  184635ms] [WARNING] The resource https://vercel.com/_next/static/immutable/chunks/1xg6gg5e39tni.css was preloaded using link preload but not used within a few seconds from the window's load event. Please make sure it has an appropriate `as` value and it is preloaded intentionally. @ https://vercel.com/rigo-melchor-s-projects/insourceful-website/deployments:0
[  184635ms] [WARNING] The resource https://vercel.com/_next/static/immutable/chunks/1hzff2kh3gano.css was preloaded using link preload but not used within a few seconds from the window's load event. Please make sure it has an appropriate `as` value and it is preloaded intentionally. @ https://vercel.com/rigo-melchor-s-projects/insourceful-website/deployments:0
[  184635ms] [WARNING] The resource https://vercel.com/_next/static/immutable/chunks/044vmykz7q7vs.css was preloaded using link preload but not used within a few seconds from the window's load event. Please make sure it has an appropriate `as` value and it is preloaded intentionally. @ https://vercel.com/rigo-melchor-s-projects/insourceful-website/deployments:0
[  184635ms] [WARNING] The resource https://vercel.com/_next/static/immutable/media/logo-vercel-light.3an2_9g6dt4xn.svg was preloaded using link preload but not used within a few seconds from the window's load event. Please make sure it has an appropriate `as` value and it is preloaded intentionally. @ https://vercel.com/rigo-melchor-s-projects/insourceful-website/deployments:0
[  184635ms] [WARNING] The resource https://vercel.com/_next/static/immutable/chunks/0rblmumf_9wz1.css was preloaded using link preload but not used within a few seconds from the window's load event. Please make sure it has an appropriate `as` value and it is preloaded intentionally. @ https://vercel.com/rigo-melchor-s-projects/insourceful-website/deployments:0
[  184635ms] [WARNING] The resource https://vercel.com/_next/static/immutable/chunks/25nnd13fh_4k5.css was preloaded using link preload but not used within a few seconds from the window's load event. Please make sure it has an appropriate `as` value and it is preloaded intentionally. @ https://vercel.com/rigo-melchor-s-projects/insourceful-website/deployments:0
[  184635ms] [WARNING] The resource https://vercel.com/_next/static/immutable/chunks/3p9g28no3_hj-.css was preloaded using link preload but not used within a few seconds from the window's load event. Please make sure it has an appropriate `as` value and it is preloaded intentionally. @ https://vercel.com/rigo-melchor-s-projects/insourceful-website/deployments:0
[  184635ms] [WARNING] The resource https://vercel.com/_next/static/immutable/chunks/3fd49nnoyujvi.css was preloaded using link preload but not used within a few seconds from the window's load event. Please make sure it has an appropriate `as` value and it is preloaded intentionally. @ https://vercel.com/rigo-melchor-s-projects/insourceful-website/deployments:0
[  184635ms] [WARNING] The resource https://vercel.com/_next/static/immutable/chunks/2cegy48-lpb69.css was preloaded using link preload but not used within a few seconds from the window's load event. Please make sure it has an appropriate `as` value and it is preloaded intentionally. @ https://vercel.com/rigo-melchor-s-projects/insourceful-website/deployments:0
[  184635ms] [WARNING] The resource https://vercel.com/_next/static/immutable/chunks/26_kjvxoedtei.css was preloaded using link preload but not used within a few seconds from the window's load event. Please make sure it has an appropriate `as` value and it is preloaded intentionally. @ https://vercel.com/rigo-melchor-s-projects/insourceful-website/deployments:0
[  206039ms] [WARNING] The resource https://vercel.com/_next/static/immutable/chunks/1y7np90zxj-un.css was preloaded using link preload but not used within a few seconds from the window's load event. Please make sure it has an appropriate `as` value and it is preloaded intentionally. @ https://vercel.com/rigo-melchor-s-projects/insourceful-website/deployments:0
[  206039ms] [WARNING] The resource https://vercel.com/_next/static/immutable/chunks/2xsdyifozdz06.css was preloaded using link preload but not used within a few seconds from the window's load event. Please make sure it has an appropriate `as` value and it is preloaded intentionally. @ https://vercel.com/rigo-melchor-s-projects/insourceful-website/deployments:0
[  206039ms] [WARNING] The resource https://vercel.com/_next/static/immutable/media/logo-vercel-dark.28zbfuuys0x7i.svg was preloaded using link preload but not used within a few seconds from the window's load event. Please make sure it has an appropriate `as` value and it is preloaded intentionally. @ https://vercel.com/rigo-melchor-s-projects/insourceful-website/deployments:0
[  206039ms] [WARNING] The resource https://vercel.com/_next/static/immutable/chunks/0vmhpedf_b0j8.css was preloaded using link preload but not used within a few seconds from the window's load event. Please make sure it has an appropriate `as` value and it is preloaded intentionally. @ https://vercel.com/rigo-melchor-s-projects/insourceful-website/deployments:0
[  206039ms] [WARNING] The resource https://vercel.com/_next/static/immutable/chunks/2mvavehoxc309.css was preloaded using link preload but not used within a few seconds from the window's load event. Please make sure it has an appropriate `as` value and it is preloaded intentionally. @ https://vercel.com/rigo-melchor-s-projects/insourceful-website/deployments:0
[  206039ms] [WARNING] The resource https://vercel.com/_next/static/immutable/chunks/3d792zqltro0t.css was preloaded using link preload but not used within a few seconds from the window's load event. Please make sure it has an appropriate `as` value and it is preloaded intentionally. @ https://vercel.com/rigo-melchor-s-projects/insourceful-website/deployments:0
[  206039ms] [WARNING] The resource https://vercel.com/_next/static/immutable/chunks/3z9uffp9rqnx8.css was preloaded using link preload but not used within a few seconds from the window's load event. Please make sure it has an appropriate `as` value and it is preloaded intentionally. @ https://vercel.com/rigo-melchor-s-projects/insourceful-website/deployments:0
[  206040ms] [WARNING] The resource https://vercel.com/_next/static/immutable/chunks/1yl8955ma4q4-.css was preloaded using link preload but not used within a few seconds from the window's load event. Please make sure it has an appropriate `as` value and it is preloaded intentionally. @ https://vercel.com/rigo-melchor-s-projects/insourceful-website/deployments:0
[  206040ms] [WARNING] The resource https://vercel.com/_next/static/immutable/chunks/0-shbsz3-8ybx.css was preloaded using link preload but not used within a few seconds from the window's load event. Please make sure it has an appropriate `as` value and it is preloaded intentionally. @ https://vercel.com/rigo-melchor-s-projects/insourceful-website/deployments:0
[  206040ms] [WARNING] The resource https://vercel.com/_next/static/immutable/chunks/3z36ncuffz89v.css was preloaded using link preload but not used within a few seconds from the window's load event. Please make sure it has an appropriate `as` value and it is preloaded intentionally. @ https://vercel.com/rigo-melchor-s-projects/insourceful-website/deployments:0
[  206040ms] [WARNING] The resource https://vercel.com/_next/static/immutable/chunks/1xg6gg5e39tni.css was preloaded using link preload but not used within a few seconds from the window's load event. Please make sure it has an appropriate `as` value and it is preloaded intentionally. @ https://vercel.com/rigo-melchor-s-projects/insourceful-website/deployments:0
[  206040ms] [WARNING] The resource https://vercel.com/_next/static/immutable/chunks/1hzff2kh3gano.css was preloaded using link preload but not used within a few seconds from the window's load event. Please make sure it has an appropriate `as` value and it is preloaded intentionally. @ https://vercel.com/rigo-melchor-s-projects/insourceful-website/deployments:0
[  206040ms] [WARNING] The resource https://vercel.com/_next/static/immutable/chunks/044vmykz7q7vs.css was preloaded using link preload but not used within a few seconds from the window's load event. Please make sure it has an appropriate `as` value and it is preloaded intentionally. @ https://vercel.com/rigo-melchor-s-projects/insourceful-website/deployments:0
[  206040ms] [WARNING] The resource https://vercel.com/_next/static/immutable/media/logo-vercel-light.3an2_9g6dt4xn.svg was preloaded using link preload but not used within a few seconds from the window's load event. Please make sure it has an appropriate `as` value and it is preloaded intentionally. @ https://vercel.com/rigo-melchor-s-projects/insourceful-website/deployments:0
[  206040ms] [WARNING] The resource https://vercel.com/_next/static/immutable/chunks/0rblmumf_9wz1.css was preloaded using link preload but not used within a few seconds from the window's load event. Please make sure it has an appropriate `as` value and it is preloaded intentionally. @ https://vercel.com/rigo-melchor-s-projects/insourceful-website/deployments:0
[  206040ms] [WARNING] The resource https://vercel.com/_next/static/immutable/chunks/25nnd13fh_4k5.css was preloaded using link preload but not used within a few seconds from the window's load event. Please make sure it has an appropriate `as` value and it is preloaded intentionally. @ https://vercel.com/rigo-melchor-s-projects/insourceful-website/deployments:0
[  206040ms] [WARNING] The resource https://vercel.com/_next/static/immutable/chunks/3p9g28no3_hj-.css was preloaded using link preload but not used within a few seconds from the window's load event. Please make sure it has an appropriate `as` value and it is preloaded intentionally. @ https://vercel.com/rigo-melchor-s-projects/insourceful-website/deployments:0
[  206040ms] [WARNING] The resource https://vercel.com/_next/static/immutable/chunks/3fd49nnoyujvi.css was preloaded using link preload but not used within a few seconds from the window's load event. Please make sure it has an appropriate `as` value and it is preloaded intentionally. @ https://vercel.com/rigo-melchor-s-projects/insourceful-website/deployments:0
[  206040ms] [WARNING] The resource https://vercel.com/_next/static/immutable/chunks/2cegy48-lpb69.css was preloaded using link preload but not used within a few seconds from the window's load event. Please make sure it has an appropriate `as` value and it is preloaded intentionally. @ https://vercel.com/rigo-melchor-s-projects/insourceful-website/deployments:0
[  206040ms] [WARNING] The resource https://vercel.com/_next/static/immutable/chunks/26_kjvxoedtei.css was preloaded using link preload but not used within a few seconds from the window's load event. Please make sure it has an appropriate `as` value and it is preloaded intentionally. @ https://vercel.com/rigo-melchor-s-projects/insourceful-website/deployments:0
[  214900ms] [WARNING] The resource https://vercel.com/_next/static/immutable/chunks/1y7np90zxj-un.css was preloaded using link preload but not used within a few seconds from the window's load event. Please make sure it has an appropriate `as` value and it is preloaded intentionally. @ https://vercel.com/rigo-melchor-s-projects/insourceful-website/deployments:0
[  214900ms] [WARNING] The resource https://vercel.com/_next/static/immutable/chunks/2xsdyifozdz06.css was preloaded using link preload but not used within a few seconds from the window's load event. Please make sure it has an appropriate `as` value and it is preloaded intentionally. @ https://vercel.com/rigo-melchor-s-projects/insourceful-website/deployments:0
[  214900ms] [WARNING] The resource https://vercel.com/_next/static/immutable/media/logo-vercel-dark.28zbfuuys0x7i.svg was preloaded using link preload but not used within a few seconds from the window's load event. Please make sure it has an appropriate `as` value and it is preloaded intentionally. @ https://vercel.com/rigo-melchor-s-projects/insourceful-website/deployments:0
[  214900ms] [WARNING] The resource https://vercel.com/_next/static/immutable/chunks/0vmhpedf_b0j8.css was preloaded using link preload but not used within a few seconds from the window's load event. Please make sure it has an appropriate `as` value and it is preloaded intentionally. @ https://vercel.com/rigo-melchor-s-projects/insourceful-website/deployments:0
[  214900ms] [WARNING] The resource https://vercel.com/_next/static/immutable/chunks/2mvavehoxc309.css was preloaded using link preload but not used within a few seconds from the window's load event. Please make sure it has an appropriate `as` value and it is preloaded intentionally. @ https://vercel.com/rigo-melchor-s-projects/insourceful-website/deployments:0
[  214900ms] [WARNING] The resource https://vercel.com/_next/static/immutable/chunks/3d792zqltro0t.css was preloaded using link preload but not used within a few seconds from the window's load event. Please make sure it has an appropriate `as` value and it is preloaded intentionally. @ https://vercel.com/rigo-melchor-s-projects/insourceful-website/deployments:0
[  214900ms] [WARNING] The resource https://vercel.com/_next/static/immutable/chunks/3z9uffp9rqnx8.css was preloaded using link preload but not used within a few seconds from the window's load event. Please make sure it has an appropriate `as` value and it is preloaded intentionally. @ https://vercel.com/rigo-melchor-s-projects/insourceful-website/deployments:0
[  214900ms] [WARNING] The resource https://vercel.com/_next/static/immutable/chunks/1yl8955ma4q4-.css was preloaded using link preload but not used within a few seconds from the window's load event. Please make sure it has an appropriate `as` value and it is preloaded intentionally. @ https://vercel.com/rigo-melchor-s-projects/insourceful-website/deployments:0
[  214900ms] [WARNING] The resource https://vercel.com/_next/static/immutable/chunks/0-shbsz3-8ybx.css was preloaded using link preload but not used within a few seconds from the window's load event. Please make sure it has an appropriate `as` value and it is preloaded intentionally. @ https://vercel.com/rigo-melchor-s-projects/insourceful-website/deployments:0
[  214900ms] [WARNING] The resource https://vercel.com/_next/static/immutable/chunks/3z36ncuffz89v.css was preloaded using link preload but not used within a few seconds from the window's load event. Please make sure it has an appropriate `as` value and it is preloaded intentionally. @ https://vercel.com/rigo-melchor-s-projects/insourceful-website/deployments:0
[  214900ms] [WARNING] The resource https://vercel.com/_next/static/immutable/chunks/1xg6gg5e39tni.css was preloaded using link preload but not used within a few seconds from the window's load event. Please make sure it has an appropriate `as` value and it is preloaded intentionally. @ https://vercel.com/rigo-melchor-s-projects/insourceful-website/deployments:0
[  214900ms] [WARNING] The resource https://vercel.com/_next/static/immutable/chunks/1hzff2kh3gano.css was preloaded using link preload but not used within a few seconds from the window's load event. Please make sure it has an appropriate `as` value and it is preloaded intentionally. @ https://vercel.com/rigo-melchor-s-projects/insourceful-website/deployments:0
[  214900ms] [WARNING] The resource https://vercel.com/_next/static/immutable/chunks/044vmykz7q7vs.css was preloaded using link preload but not used within a few seconds from the window's load event. Please make sure it has an appropriate `as` value and it is preloaded intentionally. @ https://vercel.com/rigo-melchor-s-projects/insourceful-website/deployments:0
[  214900ms] [WARNING] The resource https://vercel.com/_next/static/immutable/media/logo-vercel-light.3an2_9g6dt4xn.svg was preloaded using link preload but not used within a few seconds from the window's load event. Please make sure it has an appropriate `as` value and it is preloaded intentionally. @ https://vercel.com/rigo-melchor-s-projects/insourceful-website/deployments:0
[  214900ms] [WARNING] The resource https://vercel.com/_next/static/immutable/chunks/0rblmumf_9wz1.css was preloaded using link preload but not used within a few seconds from the window's load event. Please make sure it has an appropriate `as` value and it is preloaded intentionally. @ https://vercel.com/rigo-melchor-s-projects/insourceful-website/deployments:0
[  214900ms] [WARNING] The resource https://vercel.com/_next/static/immutable/chunks/25nnd13fh_4k5.css was preloaded using link preload but not used within a few seconds from the window's load event. Please make sure it has an appropriate `as` value and it is preloaded intentionally. @ https://vercel.com/rigo-melchor-s-projects/insourceful-website/deployments:0
[  214900ms] [WARNING] The resource https://vercel.com/_next/static/immutable/chunks/3p9g28no3_hj-.css was preloaded using link preload but not used within a few seconds from the window's load event. Please make sure it has an appropriate `as` value and it is preloaded intentionally. @ https://vercel.com/rigo-melchor-s-projects/insourceful-website/deployments:0
[  214900ms] [WARNING] The resource https://vercel.com/_next/static/immutable/chunks/3fd49nnoyujvi.css was preloaded using link preload but not used within a few seconds from the window's load event. Please make sure it has an appropriate `as` value and it is preloaded intentionally. @ https://vercel.com/rigo-melchor-s-projects/insourceful-website/deployments:0
[  214900ms] [WARNING] The resource https://vercel.com/_next/static/immutable/chunks/2cegy48-lpb69.css was preloaded using link preload but not used within a few seconds from the window's load event. Please make sure it has an appropriate `as` value and it is preloaded intentionally. @ https://vercel.com/rigo-melchor-s-projects/insourceful-website/deployments:0
[  214900ms] [WARNING] The resource https://vercel.com/_next/static/immutable/chunks/26_kjvxoedtei.css was preloaded using link preload but not used within a few seconds from the window's load event. Please make sure it has an appropriate `as` value and it is preloaded intentionally. @ https://vercel.com/rigo-melchor-s-projects/insourceful-website/deployments:0
[  236449ms] [WARNING] The resource https://vercel.com/_next/static/immutable/chunks/1y7np90zxj-un.css was preloaded using link preload but not used within a few seconds from the window's load event. Please make sure it has an appropriate `as` value and it is preloaded intentionally. @ https://vercel.com/rigo-melchor-s-projects/insourceful-website/deployments:0
[  236449ms] [WARNING] The resource https://vercel.com/_next/static/immutable/chunks/2xsdyifozdz06.css was preloaded using link preload but not used within a few seconds from the window's load event. Please make sure it has an appropriate `as` value and it is preloaded intentionally. @ https://vercel.com/rigo-melchor-s-projects/insourceful-website/deployments:0
[  236450ms] [WARNING] The resource https://vercel.com/_next/static/immutable/media/logo-vercel-dark.28zbfuuys0x7i.svg was preloaded using link preload but not used within a few seconds from the window's load event. Please make sure it has an appropriate `as` value and it is preloaded intentionally. @ https://vercel.com/rigo-melchor-s-projects/insourceful-website/deployments:0
[  236450ms] [WARNING] The resource https://vercel.com/_next/static/immutable/chunks/0vmhpedf_b0j8.css was preloaded using link preload but not used within a few seconds from the window's load event. Please make sure it has an appropriate `as` value and it is preloaded intentionally. @ https://vercel.com/rigo-melchor-s-projects/insourceful-website/deployments:0
[  236450ms] [WARNING] The resource https://vercel.com/_next/static/immutable/chunks/2mvavehoxc309.css was preloaded using link preload but not used within a few seconds from the window's load event. Please make sure it has an appropriate `as` value and it is preloaded intentionally. @ https://vercel.com/rigo-melchor-s-projects/insourceful-website/deployments:0
[  236450ms] [WARNING] The resource https://vercel.com/_next/static/immutable/chunks/3d792zqltro0t.css was preloaded using link preload but not used within a few seconds from the window's load event. Please make sure it has an appropriate `as` value and it is preloaded intentionally. @ https://vercel.com/rigo-melchor-s-projects/insourceful-website/deployments:0
[  236450ms] [WARNING] The resource https://vercel.com/_next/static/immutable/chunks/3z9uffp9rqnx8.css was preloaded using link preload but not used within a few seconds from the window's load event. Please make sure it has an appropriate `as` value and it is preloaded intentionally. @ https://vercel.com/rigo-melchor-s-projects/insourceful-website/deployments:0
[  236450ms] [WARNING] The resource https://vercel.com/_next/static/immutable/chunks/1yl8955ma4q4-.css was preloaded using link preload but not used within a few seconds from the window's load event. Please make sure it has an appropriate `as` value and it is preloaded intentionally. @ https://vercel.com/rigo-melchor-s-projects/insourceful-website/deployments:0
[  236450ms] [WARNING] The resource https://vercel.com/_next/static/immutable/chunks/0-shbsz3-8ybx.css was preloaded using link preload but not used within a few seconds from the window's load event. Please make sure it has an appropriate `as` value and it is preloaded intentionally. @ https://vercel.com/rigo-melchor-s-projects/insourceful-website/deployments:0
[  236450ms] [WARNING] The resource https://vercel.com/_next/static/immutable/chunks/3z36ncuffz89v.css was preloaded using link preload but not used within a few seconds from the window's load event. Please make sure it has an appropriate `as` value and it is preloaded intentionally. @ https://vercel.com/rigo-melchor-s-projects/insourceful-website/deployments:0
[  236450ms] [WARNING] The resource https://vercel.com/_next/static/immutable/chunks/1xg6gg5e39tni.css was preloaded using link preload but not used within a few seconds from the window's load event. Please make sure it has an appropriate `as` value and it is preloaded intentionally. @ https://vercel.com/rigo-melchor-s-projects/insourceful-website/deployments:0
[  236450ms] [WARNING] The resource https://vercel.com/_next/static/immutable/chunks/1hzff2kh3gano.css was preloaded using link preload but not used within a few seconds from the window's load event. Please make sure it has an appropriate `as` value and it is preloaded intentionally. @ https://vercel.com/rigo-melchor-s-projects/insourceful-website/deployments:0
[  236450ms] [WARNING] The resource https://vercel.com/_next/static/immutable/chunks/044vmykz7q7vs.css was preloaded using link preload but not used within a few seconds from the window's load event. Please make sure it has an appropriate `as` value and it is preloaded intentionally. @ https://vercel.com/rigo-melchor-s-projects/insourceful-website/deployments:0
[  236450ms] [WARNING] The resource https://vercel.com/_next/static/immutable/media/logo-vercel-light.3an2_9g6dt4xn.svg was preloaded using link preload but not used within a few seconds from the window's load event. Please make sure it has an appropriate `as` value and it is preloaded intentionally. @ https://vercel.com/rigo-melchor-s-projects/insourceful-website/deployments:0
[  236450ms] [WARNING] The resource https://vercel.com/_next/static/immutable/chunks/0rblmumf_9wz1.css was preloaded using link preload but not used within a few seconds from the window's load event. Please make sure it has an appropriate `as` value and it is preloaded intentionally. @ https://vercel.com/rigo-melchor-s-projects/insourceful-website/deployments:0
[  236450ms] [WARNING] The resource https://vercel.com/_next/static/immutable/chunks/25nnd13fh_4k5.css was preloaded using link preload but not used within a few seconds from the window's load event. Please make sure it has an appropriate `as` value and it is preloaded intentionally. @ https://vercel.com/rigo-melchor-s-projects/insourceful-website/deployments:0
[  236450ms] [WARNING] The resource https://vercel.com/_next/static/immutable/chunks/3p9g28no3_hj-.css was preloaded using link preload but not used within a few seconds from the window's load event. Please make sure it has an appropriate `as` value and it is preloaded intentionally. @ https://vercel.com/rigo-melchor-s-projects/insourceful-website/deployments:0
[  236450ms] [WARNING] The resource https://vercel.com/_next/static/immutable/chunks/3fd49nnoyujvi.css was preloaded using link preload but not used within a few seconds from the window's load event. Please make sure it has an appropriate `as` value and it is preloaded intentionally. @ https://vercel.com/rigo-melchor-s-projects/insourceful-website/deployments:0
[  236450ms] [WARNING] The resource https://vercel.com/_next/static/immutable/chunks/2cegy48-lpb69.css was preloaded using link preload but not used within a few seconds from the window's load event. Please make sure it has an appropriate `as` value and it is preloaded intentionally. @ https://vercel.com/rigo-melchor-s-projects/insourceful-website/deployments:0
[  236450ms] [WARNING] The resource https://vercel.com/_next/static/immutable/chunks/26_kjvxoedtei.css was preloaded using link preload but not used within a few seconds from the window's load event. Please make sure it has an appropriate `as` value and it is preloaded intentionally. @ https://vercel.com/rigo-melchor-s-projects/insourceful-website/deployments:0
[  245138ms] [WARNING] The resource https://vercel.com/_next/static/immutable/chunks/1y7np90zxj-un.css was preloaded using link preload but not used within a few seconds from the window's load event. Please make sure it has an appropriate `as` value and it is preloaded intentionally. @ https://vercel.com/rigo-melchor-s-projects/insourceful-website/deployments:0
[  245138ms] [WARNING] The resource https://vercel.com/_next/static/immutable/chunks/2xsdyifozdz06.css was preloaded using link preload but not used within a few seconds from the window's load event. Please make sure it has an appropriate `as` value and it is preloaded intentionally. @ https://vercel.com/rigo-melchor-s-projects/insourceful-website/deployments:0
[  245138ms] [WARNING] The resource https://vercel.com/_next/static/immutable/media/logo-vercel-dark.28zbfuuys0x7i.svg was preloaded using link preload but not used within a few seconds from the window's load event. Please make sure it has an appropriate `as` value and it is preloaded intentionally. @ https://vercel.com/rigo-melchor-s-projects/insourceful-website/deployments:0
[  245138ms] [WARNING] The resource https://vercel.com/_next/static/immutable/chunks/0vmhpedf_b0j8.css was preloaded using link preload but not used within a few seconds from the window's load event. Please make sure it has an appropriate `as` value and it is preloaded intentionally. @ https://vercel.com/rigo-melchor-s-projects/insourceful-website/deployments:0
[  245138ms] [WARNING] The resource https://vercel.com/_next/static/immutable/chunks/2mvavehoxc309.css was preloaded using link preload but not used within a few seconds from the window's load event. Please make sure it has an appropriate `as` value and it is preloaded intentionally. @ https://vercel.com/rigo-melchor-s-projects/insourceful-website/deployments:0
[  245138ms] [WARNING] The resource https://vercel.com/_next/static/immutable/chunks/3d792zqltro0t.css was preloaded using link preload but not used within a few seconds from the window's load event. Please make sure it has an appropriate `as` value and it is preloaded intentionally. @ https://vercel.com/rigo-melchor-s-projects/insourceful-website/deployments:0
[  245138ms] [WARNING] The resource https://vercel.com/_next/static/immutable/chunks/3z9uffp9rqnx8.css was preloaded using link preload but not used within a few seconds from the window's load event. Please make sure it has an appropriate `as` value and it is preloaded intentionally. @ https://vercel.com/rigo-melchor-s-projects/insourceful-website/deployments:0
[  245139ms] [WARNING] The resource https://vercel.com/_next/static/immutable/chunks/1yl8955ma4q4-.css was preloaded using link preload but not used within a few seconds from the window's load event. Please make sure it has an appropriate `as` value and it is preloaded intentionally. @ https://vercel.com/rigo-melchor-s-projects/insourceful-website/deployments:0
[  245139ms] [WARNING] The resource https://vercel.com/_next/static/immutable/chunks/0-shbsz3-8ybx.css was preloaded using link preload but not used within a few seconds from the window's load event. Please make sure it has an appropriate `as` value and it is preloaded intentionally. @ https://vercel.com/rigo-melchor-s-projects/insourceful-website/deployments:0
[  245139ms] [WARNING] The resource https://vercel.com/_next/static/immutable/chunks/3z36ncuffz89v.css was preloaded using link preload but not used within a few seconds from the window's load event. Please make sure it has an appropriate `as` value and it is preloaded intentionally. @ https://vercel.com/rigo-melchor-s-projects/insourceful-website/deployments:0
[  245139ms] [WARNING] The resource https://vercel.com/_next/static/immutable/chunks/1xg6gg5e39tni.css was preloaded using link preload but not used within a few seconds from the window's load event. Please make sure it has an appropriate `as` value and it is preloaded intentionally. @ https://vercel.com/rigo-melchor-s-projects/insourceful-website/deployments:0
[  245139ms] [WARNING] The resource https://vercel.com/_next/static/immutable/chunks/1hzff2kh3gano.css was preloaded using link preload but not used within a few seconds from the window's load event. Please make sure it has an appropriate `as` value and it is preloaded intentionally. @ https://vercel.com/rigo-melchor-s-projects/insourceful-website/deployments:0
[  245139ms] [WARNING] The resource https://vercel.com/_next/static/immutable/chunks/044vmykz7q7vs.css was preloaded using link preload but not used within a few seconds from the window's load event. Please make sure it has an appropriate `as` value and it is preloaded intentionally. @ https://vercel.com/rigo-melchor-s-projects/insourceful-website/deployments:0
[  245139ms] [WARNING] The resource https://vercel.com/_next/static/immutable/media/logo-vercel-light.3an2_9g6dt4xn.svg was preloaded using link preload but not used within a few seconds from the window's load event. Please make sure it has an appropriate `as` value and it is preloaded intentionally. @ https://vercel.com/rigo-melchor-s-projects/insourceful-website/deployments:0
[  245139ms] [WARNING] The resource https://vercel.com/_next/static/immutable/chunks/0rblmumf_9wz1.css was preloaded using link preload but not used within a few seconds from the window's load event. Please make sure it has an appropriate `as` value and it is preloaded intentionally. @ https://vercel.com/rigo-melchor-s-projects/insourceful-website/deployments:0
[  245139ms] [WARNING] The resource https://vercel.com/_next/static/immutable/chunks/25nnd13fh_4k5.css was preloaded using link preload but not used within a few seconds from the window's load event. Please make sure it has an appropriate `as` value and it is preloaded intentionally. @ https://vercel.com/rigo-melchor-s-projects/insourceful-website/deployments:0
[  245139ms] [WARNING] The resource https://vercel.com/_next/static/immutable/chunks/3p9g28no3_hj-.css was preloaded using link preload but not used within a few seconds from the window's load event. Please make sure it has an appropriate `as` value and it is preloaded intentionally. @ https://vercel.com/rigo-melchor-s-projects/insourceful-website/deployments:0
[  245139ms] [WARNING] The resource https://vercel.com/_next/static/immutable/chunks/3fd49nnoyujvi.css was preloaded using link preload but not used within a few seconds from the window's load event. Please make sure it has an appropriate `as` value and it is preloaded intentionally. @ https://vercel.com/rigo-melchor-s-projects/insourceful-website/deployments:0
[  245139ms] [WARNING] The resource https://vercel.com/_next/static/immutable/chunks/2cegy48-lpb69.css was preloaded using link preload but not used within a few seconds from the window's load event. Please make sure it has an appropriate `as` value and it is preloaded intentionally. @ https://vercel.com/rigo-melchor-s-projects/insourceful-website/deployments:0
[  245139ms] [WARNING] The resource https://vercel.com/_next/static/immutable/chunks/26_kjvxoedtei.css was preloaded using link preload but not used within a few seconds from the window's load event. Please make sure it has an appropriate `as` value and it is preloaded intentionally. @ https://vercel.com/rigo-melchor-s-projects/insourceful-website/deployments:0
[  255616ms] [WARNING] The resource https://vercel.com/_next/static/immutable/chunks/1y7np90zxj-un.css was preloaded using link preload but not used within a few seconds from the window's load event. Please make sure it has an appropriate `as` value and it is preloaded intentionally. @ https://vercel.com/rigo-melchor-s-projects/insourceful-website/deployments:0
[  255616ms] [WARNING] The resource https://vercel.com/_next/static/immutable/chunks/2xsdyifozdz06.css was preloaded using link preload but not used within a few seconds from the window's load event. Please make sure it has an appropriate `as` value and it is preloaded intentionally. @ https://vercel.com/rigo-melchor-s-projects/insourceful-website/deployments:0
[  255616ms] [WARNING] The resource https://vercel.com/_next/static/immutable/media/logo-vercel-dark.28zbfuuys0x7i.svg was preloaded using link preload but not used within a few seconds from the window's load event. Please make sure it has an appropriate `as` value and it is preloaded intentionally. @ https://vercel.com/rigo-melchor-s-projects/insourceful-website/deployments:0
[  255616ms] [WARNING] The resource https://vercel.com/_next/static/immutable/chunks/0vmhpedf_b0j8.css was preloaded using link preload but not used within a few seconds from the window's load event. Please make sure it has an appropriate `as` value and it is preloaded intentionally. @ https://vercel.com/rigo-melchor-s-projects/insourceful-website/deployments:0
[  255616ms] [WARNING] The resource https://vercel.com/_next/static/immutable/chunks/2mvavehoxc309.css was preloaded using link preload but not used within a few seconds from the window's load event. Please make sure it has an appropriate `as` value and it is preloaded intentionally. @ https://vercel.com/rigo-melchor-s-projects/insourceful-website/deployments:0
[  255616ms] [WARNING] The resource https://vercel.com/_next/static/immutable/chunks/3d792zqltro0t.css was preloaded using link preload but not used within a few seconds from the window's load event. Please make sure it has an appropriate `as` value and it is preloaded intentionally. @ https://vercel.com/rigo-melchor-s-projects/insourceful-website/deployments:0
[  255616ms] [WARNING] The resource https://vercel.com/_next/static/immutable/chunks/3z9uffp9rqnx8.css was preloaded using link preload but not used within a few seconds from the window's load event. Please make sure it has an appropriate `as` value and it is preloaded intentionally. @ https://vercel.com/rigo-melchor-s-projects/insourceful-website/deployments:0
[  255616ms] [WARNING] The resource https://vercel.com/_next/static/immutable/chunks/1yl8955ma4q4-.css was preloaded using link preload but not used within a few seconds from the window's load event. Please make sure it has an appropriate `as` value and it is preloaded intentionally. @ https://vercel.com/rigo-melchor-s-projects/insourceful-website/deployments:0
[  255616ms] [WARNING] The resource https://vercel.com/_next/static/immutable/chunks/0-shbsz3-8ybx.css was preloaded using link preload but not used within a few seconds from the window's load event. Please make sure it has an appropriate `as` value and it is preloaded intentionally. @ https://vercel.com/rigo-melchor-s-projects/insourceful-website/deployments:0
[  255616ms] [WARNING] The resource https://vercel.com/_next/static/immutable/chunks/3z36ncuffz89v.css was preloaded using link preload but not used within a few seconds from the window's load event. Please make sure it has an appropriate `as` value and it is preloaded intentionally. @ https://vercel.com/rigo-melchor-s-projects/insourceful-website/deployments:0
[  255616ms] [WARNING] The resource https://vercel.com/_next/static/immutable/chunks/1xg6gg5e39tni.css was preloaded using link preload but not used within a few seconds from the window's load event. Please make sure it has an appropriate `as` value and it is preloaded intentionally. @ https://vercel.com/rigo-melchor-s-projects/insourceful-website/deployments:0
[  255616ms] [WARNING] The resource https://vercel.com/_next/static/immutable/chunks/1hzff2kh3gano.css was preloaded using link preload but not used within a few seconds from the window's load event. Please make sure it has an appropriate `as` value and it is preloaded intentionally. @ https://vercel.com/rigo-melchor-s-projects/insourceful-website/deployments:0
[  255617ms] [WARNING] The resource https://vercel.com/_next/static/immutable/chunks/044vmykz7q7vs.css was preloaded using link preload but not used within a few seconds from the window's load event. Please make sure it has an appropriate `as` value and it is preloaded intentionally. @ https://vercel.com/rigo-melchor-s-projects/insourceful-website/deployments:0
[  255617ms] [WARNING] The resource https://vercel.com/_next/static/immutable/media/logo-vercel-light.3an2_9g6dt4xn.svg was preloaded using link preload but not used within a few seconds from the window's load event. Please make sure it has an appropriate `as` value and it is preloaded intentionally. @ https://vercel.com/rigo-melchor-s-projects/insourceful-website/deployments:0
[  255617ms] [WARNING] The resource https://vercel.com/_next/static/immutable/chunks/0rblmumf_9wz1.css was preloaded using link preload but not used within a few seconds from the window's load event. Please make sure it has an appropriate `as` value and it is preloaded intentionally. @ https://vercel.com/rigo-melchor-s-projects/insourceful-website/deployments:0
[  255617ms] [WARNING] The resource https://vercel.com/_next/static/immutable/chunks/25nnd13fh_4k5.css was preloaded using link preload but not used within a few seconds from the window's load event. Please make sure it has an appropriate `as` value and it is preloaded intentionally. @ https://vercel.com/rigo-melchor-s-projects/insourceful-website/deployments:0
[  255617ms] [WARNING] The resource https://vercel.com/_next/static/immutable/chunks/3p9g28no3_hj-.css was preloaded using link preload but not used within a few seconds from the window's load event. Please make sure it has an appropriate `as` value and it is preloaded intentionally. @ https://vercel.com/rigo-melchor-s-projects/insourceful-website/deployments:0
[  255617ms] [WARNING] The resource https://vercel.com/_next/static/immutable/chunks/3fd49nnoyujvi.css was preloaded using link preload but not used within a few seconds from the window's load event. Please make sure it has an appropriate `as` value and it is preloaded intentionally. @ https://vercel.com/rigo-melchor-s-projects/insourceful-website/deployments:0
[  255617ms] [WARNING] The resource https://vercel.com/_next/static/immutable/chunks/2cegy48-lpb69.css was preloaded using link preload but not used within a few seconds from the window's load event. Please make sure it has an appropriate `as` value and it is preloaded intentionally. @ https://vercel.com/rigo-melchor-s-projects/insourceful-website/deployments:0
[  255617ms] [WARNING] The resource https://vercel.com/_next/static/immutable/chunks/26_kjvxoedtei.css was preloaded using link preload but not used within a few seconds from the window's load event. Please make sure it has an appropriate `as` value and it is preloaded intentionally. @ https://vercel.com/rigo-melchor-s-projects/insourceful-website/deployments:0
[  266696ms] [WARNING] The resource https://vercel.com/_next/static/immutable/chunks/1y7np90zxj-un.css was preloaded using link preload but not used within a few seconds from the window's load event. Please make sure it has an appropriate `as` value and it is preloaded intentionally. @ https://vercel.com/rigo-melchor-s-projects/insourceful-website/deployments:0
[  266696ms] [WARNING] The resource https://vercel.com/_next/static/immutable/chunks/2xsdyifozdz06.css was preloaded using link preload but not used within a few seconds from the window's load event. Please make sure it has an appropriate `as` value and it is preloaded intentionally. @ https://vercel.com/rigo-melchor-s-projects/insourceful-website/deployments:0
[  266696ms] [WARNING] The resource https://vercel.com/_next/static/immutable/media/logo-vercel-dark.28zbfuuys0x7i.svg was preloaded using link preload but not used within a few seconds from the window's load event. Please make sure it has an appropriate `as` value and it is preloaded intentionally. @ https://vercel.com/rigo-melchor-s-projects/insourceful-website/deployments:0
[  266696ms] [WARNING] The resource https://vercel.com/_next/static/immutable/chunks/0vmhpedf_b0j8.css was preloaded using link preload but not used within a few seconds from the window's load event. Please make sure it has an appropriate `as` value and it is preloaded intentionally. @ https://vercel.com/rigo-melchor-s-projects/insourceful-website/deployments:0
[  266696ms] [WARNING] The resource https://vercel.com/_next/static/immutable/chunks/2mvavehoxc309.css was preloaded using link preload but not used within a few seconds from the window's load event. Please make sure it has an appropriate `as` value and it is preloaded intentionally. @ https://vercel.com/rigo-melchor-s-projects/insourceful-website/deployments:0
[  266696ms] [WARNING] The resource https://vercel.com/_next/static/immutable/chunks/3d792zqltro0t.css was preloaded using link preload but not used within a few seconds from the window's load event. Please make sure it has an appropriate `as` value and it is preloaded intentionally. @ https://vercel.com/rigo-melchor-s-projects/insourceful-website/deployments:0
[  266696ms] [WARNING] The resource https://vercel.com/_next/static/immutable/chunks/3z9uffp9rqnx8.css was preloaded using link preload but not used within a few seconds from the window's load event. Please make sure it has an appropriate `as` value and it is preloaded intentionally. @ https://vercel.com/rigo-melchor-s-projects/insourceful-website/deployments:0
[  266696ms] [WARNING] The resource https://vercel.com/_next/static/immutable/chunks/1yl8955ma4q4-.css was preloaded using link preload but not used within a few seconds from the window's load event. Please make sure it has an appropriate `as` value and it is preloaded intentionally. @ https://vercel.com/rigo-melchor-s-projects/insourceful-website/deployments:0
[  266696ms] [WARNING] The resource https://vercel.com/_next/static/immutable/chunks/0-shbsz3-8ybx.css was preloaded using link preload but not used within a few seconds from the window's load event. Please make sure it has an appropriate `as` value and it is preloaded intentionally. @ https://vercel.com/rigo-melchor-s-projects/insourceful-website/deployments:0
[  266696ms] [WARNING] The resource https://vercel.com/_next/static/immutable/chunks/3z36ncuffz89v.css was preloaded using link preload but not used within a few seconds from the window's load event. Please make sure it has an appropriate `as` value and it is preloaded intentionally. @ https://vercel.com/rigo-melchor-s-projects/insourceful-website/deployments:0
[  266696ms] [WARNING] The resource https://vercel.com/_next/static/immutable/chunks/1xg6gg5e39tni.css was preloaded using link preload but not used within a few seconds from the window's load event. Please make sure it has an appropriate `as` value and it is preloaded intentionally. @ https://vercel.com/rigo-melchor-s-projects/insourceful-website/deployments:0
[  266696ms] [WARNING] The resource https://vercel.com/_next/static/immutable/chunks/1hzff2kh3gano.css was preloaded using link preload but not used within a few seconds from the window's load event. Please make sure it has an appropriate `as` value and it is preloaded intentionally. @ https://vercel.com/rigo-melchor-s-projects/insourceful-website/deployments:0
[  266696ms] [WARNING] The resource https://vercel.com/_next/static/immutable/chunks/044vmykz7q7vs.css was preloaded using link preload but not used within a few seconds from the window's load event. Please make sure it has an appropriate `as` value and it is preloaded intentionally. @ https://vercel.com/rigo-melchor-s-projects/insourceful-website/deployments:0
[  266697ms] [WARNING] The resource https://vercel.com/_next/static/immutable/media/logo-vercel-light.3an2_9g6dt4xn.svg was preloaded using link preload but not used within a few seconds from the window's load event. Please make sure it has an appropriate `as` value and it is preloaded intentionally. @ https://vercel.com/rigo-melchor-s-projects/insourceful-website/deployments:0
[  266697ms] [WARNING] The resource https://vercel.com/_next/static/immutable/chunks/0rblmumf_9wz1.css was preloaded using link preload but not used within a few seconds from the window's load event. Please make sure it has an appropriate `as` value and it is preloaded intentionally. @ https://vercel.com/rigo-melchor-s-projects/insourceful-website/deployments:0
[  266697ms] [WARNING] The resource https://vercel.com/_next/static/immutable/chunks/25nnd13fh_4k5.css was preloaded using link preload but not used within a few seconds from the window's load event. Please make sure it has an appropriate `as` value and it is preloaded intentionally. @ https://vercel.com/rigo-melchor-s-projects/insourceful-website/deployments:0
[  266697ms] [WARNING] The resource https://vercel.com/_next/static/immutable/chunks/3p9g28no3_hj-.css was preloaded using link preload but not used within a few seconds from the window's load event. Please make sure it has an appropriate `as` value and it is preloaded intentionally. @ https://vercel.com/rigo-melchor-s-projects/insourceful-website/deployments:0
[  266697ms] [WARNING] The resource https://vercel.com/_next/static/immutable/chunks/3fd49nnoyujvi.css was preloaded using link preload but not used within a few seconds from the window's load event. Please make sure it has an appropriate `as` value and it is preloaded intentionally. @ https://vercel.com/rigo-melchor-s-projects/insourceful-website/deployments:0
[  266697ms] [WARNING] The resource https://vercel.com/_next/static/immutable/chunks/2cegy48-lpb69.css was preloaded using link preload but not used within a few seconds from the window's load event. Please make sure it has an appropriate `as` value and it is preloaded intentionally. @ https://vercel.com/rigo-melchor-s-projects/insourceful-website/deployments:0
[  266697ms] [WARNING] The resource https://vercel.com/_next/static/immutable/chunks/26_kjvxoedtei.css was preloaded using link preload but not used within a few seconds from the window's load event. Please make sure it has an appropriate `as` value and it is preloaded intentionally. @ https://vercel.com/rigo-melchor-s-projects/insourceful-website/deployments:0
[  272167ms] [WARNING] The resource https://vercel.com/_next/static/immutable/chunks/1y7np90zxj-un.css was preloaded using link preload but not used within a few seconds from the window's load event. Please make sure it has an appropriate `as` value and it is preloaded intentionally. @ https://vercel.com/rigo-melchor-s-projects/insourceful-website/deployments:0
[  272167ms] [WARNING] The resource https://vercel.com/_next/static/immutable/chunks/2xsdyifozdz06.css was preloaded using link preload but not used within a few seconds from the window's load event. Please make sure it has an appropriate `as` value and it is preloaded intentionally. @ https://vercel.com/rigo-melchor-s-projects/insourceful-website/deployments:0
[  272167ms] [WARNING] The resource https://vercel.com/_next/static/immutable/media/logo-vercel-dark.28zbfuuys0x7i.svg was preloaded using link preload but not used within a few seconds from the window's load event. Please make sure it has an appropriate `as` value and it is preloaded intentionally. @ https://vercel.com/rigo-melchor-s-projects/insourceful-website/deployments:0
[  272167ms] [WARNING] The resource https://vercel.com/_next/static/immutable/chunks/0vmhpedf_b0j8.css was preloaded using link preload but not used within a few seconds from the window's load event. Please make sure it has an appropriate `as` value and it is preloaded intentionally. @ https://vercel.com/rigo-melchor-s-projects/insourceful-website/deployments:0
[  272167ms] [WARNING] The resource https://vercel.com/_next/static/immutable/chunks/2mvavehoxc309.css was preloaded using link preload but not used within a few seconds from the window's load event. Please make sure it has an appropriate `as` value and it is preloaded intentionally. @ https://vercel.com/rigo-melchor-s-projects/insourceful-website/deployments:0
[  272167ms] [WARNING] The resource https://vercel.com/_next/static/immutable/chunks/3d792zqltro0t.css was preloaded using link preload but not used within a few seconds from the window's load event. Please make sure it has an appropriate `as` value and it is preloaded intentionally. @ https://vercel.com/rigo-melchor-s-projects/insourceful-website/deployments:0
[  272167ms] [WARNING] The resource https://vercel.com/_next/static/immutable/chunks/3z9uffp9rqnx8.css was preloaded using link preload but not used within a few seconds from the window's load event. Please make sure it has an appropriate `as` value and it is preloaded intentionally. @ https://vercel.com/rigo-melchor-s-projects/insourceful-website/deployments:0
[  272167ms] [WARNING] The resource https://vercel.com/_next/static/immutable/chunks/1yl8955ma4q4-.css was preloaded using link preload but not used within a few seconds from the window's load event. Please make sure it has an appropriate `as` value and it is preloaded intentionally. @ https://vercel.com/rigo-melchor-s-projects/insourceful-website/deployments:0
[  272167ms] [WARNING] The resource https://vercel.com/_next/static/immutable/chunks/0-shbsz3-8ybx.css was preloaded using link preload but not used within a few seconds from the window's load event. Please make sure it has an appropriate `as` value and it is preloaded intentionally. @ https://vercel.com/rigo-melchor-s-projects/insourceful-website/deployments:0
[  272167ms] [WARNING] The resource https://vercel.com/_next/static/immutable/chunks/3z36ncuffz89v.css was preloaded using link preload but not used within a few seconds from the window's load event. Please make sure it has an appropriate `as` value and it is preloaded intentionally. @ https://vercel.com/rigo-melchor-s-projects/insourceful-website/deployments:0
[  272167ms] [WARNING] The resource https://vercel.com/_next/static/immutable/chunks/1xg6gg5e39tni.css was preloaded using link preload but not used within a few seconds from the window's load event. Please make sure it has an appropriate `as` value and it is preloaded intentionally. @ https://vercel.com/rigo-melchor-s-projects/insourceful-website/deployments:0
[  272167ms] [WARNING] The resource https://vercel.com/_next/static/immutable/chunks/1hzff2kh3gano.css was preloaded using link preload but not used within a few seconds from the window's load event. Please make sure it has an appropriate `as` value and it is preloaded intentionally. @ https://vercel.com/rigo-melchor-s-projects/insourceful-website/deployments:0
[  272167ms] [WARNING] The resource https://vercel.com/_next/static/immutable/chunks/044vmykz7q7vs.css was preloaded using link preload but not used within a few seconds from the window's load event. Please make sure it has an appropriate `as` value and it is preloaded intentionally. @ https://vercel.com/rigo-melchor-s-projects/insourceful-website/deployments:0
[  272167ms] [WARNING] The resource https://vercel.com/_next/static/immutable/media/logo-vercel-light.3an2_9g6dt4xn.svg was preloaded using link preload but not used within a few seconds from the window's load event. Please make sure it has an appropriate `as` value and it is preloaded intentionally. @ https://vercel.com/rigo-melchor-s-projects/insourceful-website/deployments:0
[  272167ms] [WARNING] The resource https://vercel.com/_next/static/immutable/chunks/0rblmumf_9wz1.css was preloaded using link preload but not used within a few seconds from the window's load event. Please make sure it has an appropriate `as` value and it is preloaded intentionally. @ https://vercel.com/rigo-melchor-s-projects/insourceful-website/deployments:0
[  272167ms] [WARNING] The resource https://vercel.com/_next/static/immutable/chunks/25nnd13fh_4k5.css was preloaded using link preload but not used within a few seconds from the window's load event. Please make sure it has an appropriate `as` value and it is preloaded intentionally. @ https://vercel.com/rigo-melchor-s-projects/insourceful-website/deployments:0
[  272167ms] [WARNING] The resource https://vercel.com/_next/static/immutable/chunks/3p9g28no3_hj-.css was preloaded using link preload but not used within a few seconds from the window's load event. Please make sure it has an appropriate `as` value and it is preloaded intentionally. @ https://vercel.com/rigo-melchor-s-projects/insourceful-website/deployments:0
[  272167ms] [WARNING] The resource https://vercel.com/_next/static/immutable/chunks/3fd49nnoyujvi.css was preloaded using link preload but not used within a few seconds from the window's load event. Please make sure it has an appropriate `as` value and it is preloaded intentionally. @ https://vercel.com/rigo-melchor-s-projects/insourceful-website/deployments:0
[  272167ms] [WARNING] The resource https://vercel.com/_next/static/immutable/chunks/2cegy48-lpb69.css was preloaded using link preload but not used within a few seconds from the window's load event. Please make sure it has an appropriate `as` value and it is preloaded intentionally. @ https://vercel.com/rigo-melchor-s-projects/insourceful-website/deployments:0
[  272167ms] [WARNING] The resource https://vercel.com/_next/static/immutable/chunks/26_kjvxoedtei.css was preloaded using link preload but not used within a few seconds from the window's load event. Please make sure it has an appropriate `as` value and it is preloaded intentionally. @ https://vercel.com/rigo-melchor-s-projects/insourceful-website/deployments:0
[  280411ms] [WARNING] The resource https://vercel.com/_next/static/immutable/chunks/1y7np90zxj-un.css was preloaded using link preload but not used within a few seconds from the window's load event. Please make sure it has an appropriate `as` value and it is preloaded intentionally. @ https://vercel.com/rigo-melchor-s-projects/insourceful-website/deployments:0
[  280411ms] [WARNING] The resource https://vercel.com/_next/static/immutable/chunks/2xsdyifozdz06.css was preloaded using link preload but not used within a few seconds from the window's load event. Please make sure it has an appropriate `as` value and it is preloaded intentionally. @ https://vercel.com/rigo-melchor-s-projects/insourceful-website/deployments:0
[  280411ms] [WARNING] The resource https://vercel.com/_next/static/immutable/media/logo-vercel-dark.28zbfuuys0x7i.svg was preloaded using link preload but not used within a few seconds from the window's load event. Please make sure it has an appropriate `as` value and it is preloaded intentionally. @ https://vercel.com/rigo-melchor-s-projects/insourceful-website/deployments:0
[  280411ms] [WARNING] The resource https://vercel.com/_next/static/immutable/chunks/0vmhpedf_b0j8.css was preloaded using link preload but not used within a few seconds from the window's load event. Please make sure it has an appropriate `as` value and it is preloaded intentionally. @ https://vercel.com/rigo-melchor-s-projects/insourceful-website/deployments:0
[  280411ms] [WARNING] The resource https://vercel.com/_next/static/immutable/chunks/2mvavehoxc309.css was preloaded using link preload but not used within a few seconds from the window's load event. Please make sure it has an appropriate `as` value and it is preloaded intentionally. @ https://vercel.com/rigo-melchor-s-projects/insourceful-website/deployments:0
[  280411ms] [WARNING] The resource https://vercel.com/_next/static/immutable/chunks/3d792zqltro0t.css was preloaded using link preload but not used within a few seconds from the window's load event. Please make sure it has an appropriate `as` value and it is preloaded intentionally. @ https://vercel.com/rigo-melchor-s-projects/insourceful-website/deployments:0
[  280411ms] [WARNING] The resource https://vercel.com/_next/static/immutable/chunks/3z9uffp9rqnx8.css was preloaded using link preload but not used within a few seconds from the window's load event. Please make sure it has an appropriate `as` value and it is preloaded intentionally. @ https://vercel.com/rigo-melchor-s-projects/insourceful-website/deployments:0
[  280411ms] [WARNING] The resource https://vercel.com/_next/static/immutable/chunks/1yl8955ma4q4-.css was preloaded using link preload but not used within a few seconds from the window's load event. Please make sure it has an appropriate `as` value and it is preloaded intentionally. @ https://vercel.com/rigo-melchor-s-projects/insourceful-website/deployments:0
[  280411ms] [WARNING] The resource https://vercel.com/_next/static/immutable/chunks/0-shbsz3-8ybx.css was preloaded using link preload but not used within a few seconds from the window's load event. Please make sure it has an appropriate `as` value and it is preloaded intentionally. @ https://vercel.com/rigo-melchor-s-projects/insourceful-website/deployments:0
[  280411ms] [WARNING] The resource https://vercel.com/_next/static/immutable/chunks/3z36ncuffz89v.css was preloaded using link preload but not used within a few seconds from the window's load event. Please make sure it has an appropriate `as` value and it is preloaded intentionally. @ https://vercel.com/rigo-melchor-s-projects/insourceful-website/deployments:0
[  280411ms] [WARNING] The resource https://vercel.com/_next/static/immutable/chunks/1xg6gg5e39tni.css was preloaded using link preload but not used within a few seconds from the window's load event. Please make sure it has an appropriate `as` value and it is preloaded intentionally. @ https://vercel.com/rigo-melchor-s-projects/insourceful-website/deployments:0
[  280411ms] [WARNING] The resource https://vercel.com/_next/static/immutable/chunks/1hzff2kh3gano.css was preloaded using link preload but not used within a few seconds from the window's load event. Please make sure it has an appropriate `as` value and it is preloaded intentionally. @ https://vercel.com/rigo-melchor-s-projects/insourceful-website/deployments:0
[  280411ms] [WARNING] The resource https://vercel.com/_next/static/immutable/chunks/044vmykz7q7vs.css was preloaded using link preload but not used within a few seconds from the window's load event. Please make sure it has an appropriate `as` value and it is preloaded intentionally. @ https://vercel.com/rigo-melchor-s-projects/insourceful-website/deployments:0
[  280411ms] [WARNING] The resource https://vercel.com/_next/static/immutable/media/logo-vercel-light.3an2_9g6dt4xn.svg was preloaded using link preload but not used within a few seconds from the window's load event. Please make sure it has an appropriate `as` value and it is preloaded intentionally. @ https://vercel.com/rigo-melchor-s-projects/insourceful-website/deployments:0
[  280411ms] [WARNING] The resource https://vercel.com/_next/static/immutable/chunks/0rblmumf_9wz1.css was preloaded using link preload but not used within a few seconds from the window's load event. Please make sure it has an appropriate `as` value and it is preloaded intentionally. @ https://vercel.com/rigo-melchor-s-projects/insourceful-website/deployments:0
[  280411ms] [WARNING] The resource https://vercel.com/_next/static/immutable/chunks/25nnd13fh_4k5.css was preloaded using link preload but not used within a few seconds from the window's load event. Please make sure it has an appropriate `as` value and it is preloaded intentionally. @ https://vercel.com/rigo-melchor-s-projects/insourceful-website/deployments:0
[  280411ms] [WARNING] The resource https://vercel.com/_next/static/immutable/chunks/3p9g28no3_hj-.css was preloaded using link preload but not used within a few seconds from the window's load event. Please make sure it has an appropriate `as` value and it is preloaded intentionally. @ https://vercel.com/rigo-melchor-s-projects/insourceful-website/deployments:0
[  280411ms] [WARNING] The resource https://vercel.com/_next/static/immutable/chunks/3fd49nnoyujvi.css was preloaded using link preload but not used within a few seconds from the window's load event. Please make sure it has an appropriate `as` value and it is preloaded intentionally. @ https://vercel.com/rigo-melchor-s-projects/insourceful-website/deployments:0
[  280411ms] [WARNING] The resource https://vercel.com/_next/static/immutable/chunks/2cegy48-lpb69.css was preloaded using link preload but not used within a few seconds from the window's load event. Please make sure it has an appropriate `as` value and it is preloaded intentionally. @ https://vercel.com/rigo-melchor-s-projects/insourceful-website/deployments:0
[  280411ms] [WARNING] The resource https://vercel.com/_next/static/immutable/chunks/26_kjvxoedtei.css was preloaded using link preload but not used within a few seconds from the window's load event. Please make sure it has an appropriate `as` value and it is preloaded intentionally. @ https://vercel.com/rigo-melchor-s-projects/insourceful-website/deployments:0
[  296970ms] [WARNING] The resource https://vercel.com/_next/static/immutable/chunks/1y7np90zxj-un.css was preloaded using link preload but not used within a few seconds from the window's load event. Please make sure it has an appropriate `as` value and it is preloaded intentionally. @ https://vercel.com/rigo-melchor-s-projects/insourceful-website/deployments:0
[  296970ms] [WARNING] The resource https://vercel.com/_next/static/immutable/chunks/2xsdyifozdz06.css was preloaded using link preload but not used within a few seconds from the window's load event. Please make sure it has an appropriate `as` value and it is preloaded intentionally. @ https://vercel.com/rigo-melchor-s-projects/insourceful-website/deployments:0
[  296970ms] [WARNING] The resource https://vercel.com/_next/static/immutable/media/logo-vercel-dark.28zbfuuys0x7i.svg was preloaded using link preload but not used within a few seconds from the window's load event. Please make sure it has an appropriate `as` value and it is preloaded intentionally. @ https://vercel.com/rigo-melchor-s-projects/insourceful-website/deployments:0
[  296970ms] [WARNING] The resource https://vercel.com/_next/static/immutable/chunks/0vmhpedf_b0j8.css was preloaded using link preload but not used within a few seconds from the window's load event. Please make sure it has an appropriate `as` value and it is preloaded intentionally. @ https://vercel.com/rigo-melchor-s-projects/insourceful-website/deployments:0
[  296970ms] [WARNING] The resource https://vercel.com/_next/static/immutable/chunks/2mvavehoxc309.css was preloaded using link preload but not used within a few seconds from the window's load event. Please make sure it has an appropriate `as` value and it is preloaded intentionally. @ https://vercel.com/rigo-melchor-s-projects/insourceful-website/deployments:0
[  296970ms] [WARNING] The resource https://vercel.com/_next/static/immutable/chunks/3d792zqltro0t.css was preloaded using link preload but not used within a few seconds from the window's load event. Please make sure it has an appropriate `as` value and it is preloaded intentionally. @ https://vercel.com/rigo-melchor-s-projects/insourceful-website/deployments:0
[  296970ms] [WARNING] The resource https://vercel.com/_next/static/immutable/chunks/3z9uffp9rqnx8.css was preloaded using link preload but not used within a few seconds from the window's load event. Please make sure it has an appropriate `as` value and it is preloaded intentionally. @ https://vercel.com/rigo-melchor-s-projects/insourceful-website/deployments:0
[  296970ms] [WARNING] The resource https://vercel.com/_next/static/immutable/chunks/1yl8955ma4q4-.css was preloaded using link preload but not used within a few seconds from the window's load event. Please make sure it has an appropriate `as` value and it is preloaded intentionally. @ https://vercel.com/rigo-melchor-s-projects/insourceful-website/deployments:0
[  296970ms] [WARNING] The resource https://vercel.com/_next/static/immutable/chunks/0-shbsz3-8ybx.css was preloaded using link preload but not used within a few seconds from the window's load event. Please make sure it has an appropriate `as` value and it is preloaded intentionally. @ https://vercel.com/rigo-melchor-s-projects/insourceful-website/deployments:0
[  296970ms] [WARNING] The resource https://vercel.com/_next/static/immutable/chunks/3z36ncuffz89v.css was preloaded using link preload but not used within a few seconds from the window's load event. Please make sure it has an appropriate `as` value and it is preloaded intentionally. @ https://vercel.com/rigo-melchor-s-projects/insourceful-website/deployments:0
[  296970ms] [WARNING] The resource https://vercel.com/_next/static/immutable/chunks/1xg6gg5e39tni.css was preloaded using link preload but not used within a few seconds from the window's load event. Please make sure it has an appropriate `as` value and it is preloaded intentionally. @ https://vercel.com/rigo-melchor-s-projects/insourceful-website/deployments:0
[  296970ms] [WARNING] The resource https://vercel.com/_next/static/immutable/chunks/1hzff2kh3gano.css was preloaded using link preload but not used within a few seconds from the window's load event. Please make sure it has an appropriate `as` value and it is preloaded intentionally. @ https://vercel.com/rigo-melchor-s-projects/insourceful-website/deployments:0
[  296970ms] [WARNING] The resource https://vercel.com/_next/static/immutable/chunks/044vmykz7q7vs.css was preloaded using link preload but not used within a few seconds from the window's load event. Please make sure it has an appropriate `as` value and it is preloaded intentionally. @ https://vercel.com/rigo-melchor-s-projects/insourceful-website/deployments:0
[  296970ms] [WARNING] The resource https://vercel.com/_next/static/immutable/media/logo-vercel-light.3an2_9g6dt4xn.svg was preloaded using link preload but not used within a few seconds from the window's load event. Please make sure it has an appropriate `as` value and it is preloaded intentionally. @ https://vercel.com/rigo-melchor-s-projects/insourceful-website/deployments:0
[  296971ms] [WARNING] The resource https://vercel.com/_next/static/immutable/chunks/0rblmumf_9wz1.css was preloaded using link preload but not used within a few seconds from the window's load event. Please make sure it has an appropriate `as` value and it is preloaded intentionally. @ https://vercel.com/rigo-melchor-s-projects/insourceful-website/deployments:0
[  296971ms] [WARNING] The resource https://vercel.com/_next/static/immutable/chunks/25nnd13fh_4k5.css was preloaded using link preload but not used within a few seconds from the window's load event. Please make sure it has an appropriate `as` value and it is preloaded intentionally. @ https://vercel.com/rigo-melchor-s-projects/insourceful-website/deployments:0
[  296971ms] [WARNING] The resource https://vercel.com/_next/static/immutable/chunks/3p9g28no3_hj-.css was preloaded using link preload but not used within a few seconds from the window's load event. Please make sure it has an appropriate `as` value and it is preloaded intentionally. @ https://vercel.com/rigo-melchor-s-projects/insourceful-website/deployments:0
[  296971ms] [WARNING] The resource https://vercel.com/_next/static/immutable/chunks/3fd49nnoyujvi.css was preloaded using link preload but not used within a few seconds from the window's load event. Please make sure it has an appropriate `as` value and it is preloaded intentionally. @ https://vercel.com/rigo-melchor-s-projects/insourceful-website/deployments:0
[  296971ms] [WARNING] The resource https://vercel.com/_next/static/immutable/chunks/2cegy48-lpb69.css was preloaded using link preload but not used within a few seconds from the window's load event. Please make sure it has an appropriate `as` value and it is preloaded intentionally. @ https://vercel.com/rigo-melchor-s-projects/insourceful-website/deployments:0
[  296971ms] [WARNING] The resource https://vercel.com/_next/static/immutable/chunks/26_kjvxoedtei.css was preloaded using link preload but not used within a few seconds from the window's load event. Please make sure it has an appropriate `as` value and it is preloaded intentionally. @ https://vercel.com/rigo-melchor-s-projects/insourceful-website/deployments:0
[  315035ms] [WARNING] The resource https://vercel.com/_next/static/immutable/chunks/1y7np90zxj-un.css was preloaded using link preload but not used within a few seconds from the window's load event. Please make sure it has an appropriate `as` value and it is preloaded intentionally. @ https://vercel.com/rigo-melchor-s-projects/insourceful-website/deployments:0
[  315035ms] [WARNING] The resource https://vercel.com/_next/static/immutable/chunks/2xsdyifozdz06.css was preloaded using link preload but not used within a few seconds from the window's load event. Please make sure it has an appropriate `as` value and it is preloaded intentionally. @ https://vercel.com/rigo-melchor-s-projects/insourceful-website/deployments:0
[  315035ms] [WARNING] The resource https://vercel.com/_next/static/immutable/media/logo-vercel-dark.28zbfuuys0x7i.svg was preloaded using link preload but not used within a few seconds from the window's load event. Please make sure it has an appropriate `as` value and it is preloaded intentionally. @ https://vercel.com/rigo-melchor-s-projects/insourceful-website/deployments:0
[  315035ms] [WARNING] The resource https://vercel.com/_next/static/immutable/chunks/0vmhpedf_b0j8.css was preloaded using link preload but not used within a few seconds from the window's load event. Please make sure it has an appropriate `as` value and it is preloaded intentionally. @ https://vercel.com/rigo-melchor-s-projects/insourceful-website/deployments:0
[  315035ms] [WARNING] The resource https://vercel.com/_next/static/immutable/chunks/2mvavehoxc309.css was preloaded using link preload but not used within a few seconds from the window's load event. Please make sure it has an appropriate `as` value and it is preloaded intentionally. @ https://vercel.com/rigo-melchor-s-projects/insourceful-website/deployments:0
[  315035ms] [WARNING] The resource https://vercel.com/_next/static/immutable/chunks/3d792zqltro0t.css was preloaded using link preload but not used within a few seconds from the window's load event. Please make sure it has an appropriate `as` value and it is preloaded intentionally. @ https://vercel.com/rigo-melchor-s-projects/insourceful-website/deployments:0
[  315035ms] [WARNING] The resource https://vercel.com/_next/static/immutable/chunks/3z9uffp9rqnx8.css was preloaded using link preload but not used within a few seconds from the window's load event. Please make sure it has an appropriate `as` value and it is preloaded intentionally. @ https://vercel.com/rigo-melchor-s-projects/insourceful-website/deployments:0
[  315035ms] [WARNING] The resource https://vercel.com/_next/static/immutable/chunks/1yl8955ma4q4-.css was preloaded using link preload but not used within a few seconds from the window's load event. Please make sure it has an appropriate `as` value and it is preloaded intentionally. @ https://vercel.com/rigo-melchor-s-projects/insourceful-website/deployments:0
[  315035ms] [WARNING] The resource https://vercel.com/_next/static/immutable/chunks/0-shbsz3-8ybx.css was preloaded using link preload but not used within a few seconds from the window's load event. Please make sure it has an appropriate `as` value and it is preloaded intentionally. @ https://vercel.com/rigo-melchor-s-projects/insourceful-website/deployments:0
[  315035ms] [WARNING] The resource https://vercel.com/_next/static/immutable/chunks/3z36ncuffz89v.css was preloaded using link preload but not used within a few seconds from the window's load event. Please make sure it has an appropriate `as` value and it is preloaded intentionally. @ https://vercel.com/rigo-melchor-s-projects/insourceful-website/deployments:0
[  315035ms] [WARNING] The resource https://vercel.com/_next/static/immutable/chunks/1xg6gg5e39tni.css was preloaded using link preload but not used within a few seconds from the window's load event. Please make sure it has an appropriate `as` value and it is preloaded intentionally. @ https://vercel.com/rigo-melchor-s-projects/insourceful-website/deployments:0
[  315035ms] [WARNING] The resource https://vercel.com/_next/static/immutable/chunks/1hzff2kh3gano.css was preloaded using link preload but not used within a few seconds from the window's load event. Please make sure it has an appropriate `as` value and it is preloaded intentionally. @ https://vercel.com/rigo-melchor-s-projects/insourceful-website/deployments:0
[  315035ms] [WARNING] The resource https://vercel.com/_next/static/immutable/chunks/044vmykz7q7vs.css was preloaded using link preload but not used within a few seconds from the window's load event. Please make sure it has an appropriate `as` value and it is preloaded intentionally. @ https://vercel.com/rigo-melchor-s-projects/insourceful-website/deployments:0
[  315035ms] [WARNING] The resource https://vercel.com/_next/static/immutable/media/logo-vercel-light.3an2_9g6dt4xn.svg was preloaded using link preload but not used within a few seconds from the window's load event. Please make sure it has an appropriate `as` value and it is preloaded intentionally. @ https://vercel.com/rigo-melchor-s-projects/insourceful-website/deployments:0
[  315035ms] [WARNING] The resource https://vercel.com/_next/static/immutable/chunks/0rblmumf_9wz1.css was preloaded using link preload but not used within a few seconds from the window's load event. Please make sure it has an appropriate `as` value and it is preloaded intentionally. @ https://vercel.com/rigo-melchor-s-projects/insourceful-website/deployments:0
[  315035ms] [WARNING] The resource https://vercel.com/_next/static/immutable/chunks/25nnd13fh_4k5.css was preloaded using link preload but not used within a few seconds from the window's load event. Please make sure it has an appropriate `as` value and it is preloaded intentionally. @ https://vercel.com/rigo-melchor-s-projects/insourceful-website/deployments:0
[  315035ms] [WARNING] The resource https://vercel.com/_next/static/immutable/chunks/3p9g28no3_hj-.css was preloaded using link preload but not used within a few seconds from the window's load event. Please make sure it has an appropriate `as` value and it is preloaded intentionally. @ https://vercel.com/rigo-melchor-s-projects/insourceful-website/deployments:0
[  315035ms] [WARNING] The resource https://vercel.com/_next/static/immutable/chunks/3fd49nnoyujvi.css was preloaded using link preload but not used within a few seconds from the window's load event. Please make sure it has an appropriate `as` value and it is preloaded intentionally. @ https://vercel.com/rigo-melchor-s-projects/insourceful-website/deployments:0
[  315035ms] [WARNING] The resource https://vercel.com/_next/static/immutable/chunks/2cegy48-lpb69.css was preloaded using link preload but not used within a few seconds from the window's load event. Please make sure it has an appropriate `as` value and it is preloaded intentionally. @ https://vercel.com/rigo-melchor-s-projects/insourceful-website/deployments:0
[  315035ms] [WARNING] The resource https://vercel.com/_next/static/immutable/chunks/26_kjvxoedtei.css was preloaded using link preload but not used within a few seconds from the window's load event. Please make sure it has an appropriate `as` value and it is preloaded intentionally. @ https://vercel.com/rigo-melchor-s-projects/insourceful-website/deployments:0
[  323254ms] [WARNING] The resource https://vercel.com/_next/static/immutable/chunks/1y7np90zxj-un.css was preloaded using link preload but not used within a few seconds from the window's load event. Please make sure it has an appropriate `as` value and it is preloaded intentionally. @ https://vercel.com/rigo-melchor-s-projects/insourceful-website/deployments:0
[  323254ms] [WARNING] The resource https://vercel.com/_next/static/immutable/chunks/2xsdyifozdz06.css was preloaded using link preload but not used within a few seconds from the window's load event. Please make sure it has an appropriate `as` value and it is preloaded intentionally. @ https://vercel.com/rigo-melchor-s-projects/insourceful-website/deployments:0
[  323254ms] [WARNING] The resource https://vercel.com/_next/static/immutable/media/logo-vercel-dark.28zbfuuys0x7i.svg was preloaded using link preload but not used within a few seconds from the window's load event. Please make sure it has an appropriate `as` value and it is preloaded intentionally. @ https://vercel.com/rigo-melchor-s-projects/insourceful-website/deployments:0
[  323254ms] [WARNING] The resource https://vercel.com/_next/static/immutable/chunks/0vmhpedf_b0j8.css was preloaded using link preload but not used within a few seconds from the window's load event. Please make sure it has an appropriate `as` value and it is preloaded intentionally. @ https://vercel.com/rigo-melchor-s-projects/insourceful-website/deployments:0
[  323254ms] [WARNING] The resource https://vercel.com/_next/static/immutable/chunks/2mvavehoxc309.css was preloaded using link preload but not used within a few seconds from the window's load event. Please make sure it has an appropriate `as` value and it is preloaded intentionally. @ https://vercel.com/rigo-melchor-s-projects/insourceful-website/deployments:0
[  323254ms] [WARNING] The resource https://vercel.com/_next/static/immutable/chunks/3d792zqltro0t.css was preloaded using link preload but not used within a few seconds from the window's load event. Please make sure it has an appropriate `as` value and it is preloaded intentionally. @ https://vercel.com/rigo-melchor-s-projects/insourceful-website/deployments:0
[  323254ms] [WARNING] The resource https://vercel.com/_next/static/immutable/chunks/3z9uffp9rqnx8.css was preloaded using link preload but not used within a few seconds from the window's load event. Please make sure it has an appropriate `as` value and it is preloaded intentionally. @ https://vercel.com/rigo-melchor-s-projects/insourceful-website/deployments:0
[  323254ms] [WARNING] The resource https://vercel.com/_next/static/immutable/chunks/1yl8955ma4q4-.css was preloaded using link preload but not used within a few seconds from the window's load event. Please make sure it has an appropriate `as` value and it is preloaded intentionally. @ https://vercel.com/rigo-melchor-s-projects/insourceful-website/deployments:0
[  323254ms] [WARNING] The resource https://vercel.com/_next/static/immutable/chunks/0-shbsz3-8ybx.css was preloaded using link preload but not used within a few seconds from the window's load event. Please make sure it has an appropriate `as` value and it is preloaded intentionally. @ https://vercel.com/rigo-melchor-s-projects/insourceful-website/deployments:0
[  323255ms] [WARNING] The resource https://vercel.com/_next/static/immutable/chunks/3z36ncuffz89v.css was preloaded using link preload but not used within a few seconds from the window's load event. Please make sure it has an appropriate `as` value and it is preloaded intentionally. @ https://vercel.com/rigo-melchor-s-projects/insourceful-website/deployments:0
[  323255ms] [WARNING] The resource https://vercel.com/_next/static/immutable/chunks/1xg6gg5e39tni.css was preloaded using link preload but not used within a few seconds from the window's load event. Please make sure it has an appropriate `as` value and it is preloaded intentionally. @ https://vercel.com/rigo-melchor-s-projects/insourceful-website/deployments:0
[  323255ms] [WARNING] The resource https://vercel.com/_next/static/immutable/chunks/1hzff2kh3gano.css was preloaded using link preload but not used within a few seconds from the window's load event. Please make sure it has an appropriate `as` value and it is preloaded intentionally. @ https://vercel.com/rigo-melchor-s-projects/insourceful-website/deployments:0
[  323255ms] [WARNING] The resource https://vercel.com/_next/static/immutable/chunks/044vmykz7q7vs.css was preloaded using link preload but not used within a few seconds from the window's load event. Please make sure it has an appropriate `as` value and it is preloaded intentionally. @ https://vercel.com/rigo-melchor-s-projects/insourceful-website/deployments:0
[  323255ms] [WARNING] The resource https://vercel.com/_next/static/immutable/media/logo-vercel-light.3an2_9g6dt4xn.svg was preloaded using link preload but not used within a few seconds from the window's load event. Please make sure it has an appropriate `as` value and it is preloaded intentionally. @ https://vercel.com/rigo-melchor-s-projects/insourceful-website/deployments:0
[  323255ms] [WARNING] The resource https://vercel.com/_next/static/immutable/chunks/0rblmumf_9wz1.css was preloaded using link preload but not used within a few seconds from the window's load event. Please make sure it has an appropriate `as` value and it is preloaded intentionally. @ https://vercel.com/rigo-melchor-s-projects/insourceful-website/deployments:0
[  323255ms] [WARNING] The resource https://vercel.com/_next/static/immutable/chunks/25nnd13fh_4k5.css was preloaded using link preload but not used within a few seconds from the window's load event. Please make sure it has an appropriate `as` value and it is preloaded intentionally. @ https://vercel.com/rigo-melchor-s-projects/insourceful-website/deployments:0
[  323255ms] [WARNING] The resource https://vercel.com/_next/static/immutable/chunks/3p9g28no3_hj-.css was preloaded using link preload but not used within a few seconds from the window's load event. Please make sure it has an appropriate `as` value and it is preloaded intentionally. @ https://vercel.com/rigo-melchor-s-projects/insourceful-website/deployments:0
[  323255ms] [WARNING] The resource https://vercel.com/_next/static/immutable/chunks/3fd49nnoyujvi.css was preloaded using link preload but not used within a few seconds from the window's load event. Please make sure it has an appropriate `as` value and it is preloaded intentionally. @ https://vercel.com/rigo-melchor-s-projects/insourceful-website/deployments:0
[  323255ms] [WARNING] The resource https://vercel.com/_next/static/immutable/chunks/2cegy48-lpb69.css was preloaded using link preload but not used within a few seconds from the window's load event. Please make sure it has an appropriate `as` value and it is preloaded intentionally. @ https://vercel.com/rigo-melchor-s-projects/insourceful-website/deployments:0
[  323255ms] [WARNING] The resource https://vercel.com/_next/static/immutable/chunks/26_kjvxoedtei.css was preloaded using link preload but not used within a few seconds from the window's load event. Please make sure it has an appropriate `as` value and it is preloaded intentionally. @ https://vercel.com/rigo-melchor-s-projects/insourceful-website/deployments:0
[  327566ms] [WARNING] The resource https://vercel.com/_next/static/immutable/chunks/1y7np90zxj-un.css was preloaded using link preload but not used within a few seconds from the window's load event. Please make sure it has an appropriate `as` value and it is preloaded intentionally. @ https://vercel.com/rigo-melchor-s-projects/insourceful-website/deployments:0
[  327566ms] [WARNING] The resource https://vercel.com/_next/static/immutable/chunks/2xsdyifozdz06.css was preloaded using link preload but not used within a few seconds from the window's load event. Please make sure it has an appropriate `as` value and it is preloaded intentionally. @ https://vercel.com/rigo-melchor-s-projects/insourceful-website/deployments:0
[  327566ms] [WARNING] The resource https://vercel.com/_next/static/immutable/media/logo-vercel-dark.28zbfuuys0x7i.svg was preloaded using link preload but not used within a few seconds from the window's load event. Please make sure it has an appropriate `as` value and it is preloaded intentionally. @ https://vercel.com/rigo-melchor-s-projects/insourceful-website/deployments:0
[  327566ms] [WARNING] The resource https://vercel.com/_next/static/immutable/chunks/0vmhpedf_b0j8.css was preloaded using link preload but not used within a few seconds from the window's load event. Please make sure it has an appropriate `as` value and it is preloaded intentionally. @ https://vercel.com/rigo-melchor-s-projects/insourceful-website/deployments:0
[  327566ms] [WARNING] The resource https://vercel.com/_next/static/immutable/chunks/2mvavehoxc309.css was preloaded using link preload but not used within a few seconds from the window's load event. Please make sure it has an appropriate `as` value and it is preloaded intentionally. @ https://vercel.com/rigo-melchor-s-projects/insourceful-website/deployments:0
[  327566ms] [WARNING] The resource https://vercel.com/_next/static/immutable/chunks/3d792zqltro0t.css was preloaded using link preload but not used within a few seconds from the window's load event. Please make sure it has an appropriate `as` value and it is preloaded intentionally. @ https://vercel.com/rigo-melchor-s-projects/insourceful-website/deployments:0
[  327566ms] [WARNING] The resource https://vercel.com/_next/static/immutable/chunks/3z9uffp9rqnx8.css was preloaded using link preload but not used within a few seconds from the window's load event. Please make sure it has an appropriate `as` value and it is preloaded intentionally. @ https://vercel.com/rigo-melchor-s-projects/insourceful-website/deployments:0
[  327566ms] [WARNING] The resource https://vercel.com/_next/static/immutable/chunks/1yl8955ma4q4-.css was preloaded using link preload but not used within a few seconds from the window's load event. Please make sure it has an appropriate `as` value and it is preloaded intentionally. @ https://vercel.com/rigo-melchor-s-projects/insourceful-website/deployments:0
[  327566ms] [WARNING] The resource https://vercel.com/_next/static/immutable/chunks/0-shbsz3-8ybx.css was preloaded using link preload but not used within a few seconds from the window's load event. Please make sure it has an appropriate `as` value and it is preloaded intentionally. @ https://vercel.com/rigo-melchor-s-projects/insourceful-website/deployments:0
[  327566ms] [WARNING] The resource https://vercel.com/_next/static/immutable/chunks/3z36ncuffz89v.css was preloaded using link preload but not used within a few seconds from the window's load event. Please make sure it has an appropriate `as` value and it is preloaded intentionally. @ https://vercel.com/rigo-melchor-s-projects/insourceful-website/deployments:0
[  327566ms] [WARNING] The resource https://vercel.com/_next/static/immutable/chunks/1xg6gg5e39tni.css was preloaded using link preload but not used within a few seconds from the window's load event. Please make sure it has an appropriate `as` value and it is preloaded intentionally. @ https://vercel.com/rigo-melchor-s-projects/insourceful-website/deployments:0
[  327566ms] [WARNING] The resource https://vercel.com/_next/static/immutable/chunks/1hzff2kh3gano.css was preloaded using link preload but not used within a few seconds from the window's load event. Please make sure it has an appropriate `as` value and it is preloaded intentionally. @ https://vercel.com/rigo-melchor-s-projects/insourceful-website/deployments:0
[  327566ms] [WARNING] The resource https://vercel.com/_next/static/immutable/chunks/044vmykz7q7vs.css was preloaded using link preload but not used within a few seconds from the window's load event. Please make sure it has an appropriate `as` value and it is preloaded intentionally. @ https://vercel.com/rigo-melchor-s-projects/insourceful-website/deployments:0
[  327566ms] [WARNING] The resource https://vercel.com/_next/static/immutable/media/logo-vercel-light.3an2_9g6dt4xn.svg was preloaded using link preload but not used within a few seconds from the window's load event. Please make sure it has an appropriate `as` value and it is preloaded intentionally. @ https://vercel.com/rigo-melchor-s-projects/insourceful-website/deployments:0
[  327566ms] [WARNING] The resource https://vercel.com/_next/static/immutable/chunks/0rblmumf_9wz1.css was preloaded using link preload but not used within a few seconds from the window's load event. Please make sure it has an appropriate `as` value and it is preloaded intentionally. @ https://vercel.com/rigo-melchor-s-projects/insourceful-website/deployments:0
[  327566ms] [WARNING] The resource https://vercel.com/_next/static/immutable/chunks/25nnd13fh_4k5.css was preloaded using link preload but not used within a few seconds from the window's load event. Please make sure it has an appropriate `as` value and it is preloaded intentionally. @ https://vercel.com/rigo-melchor-s-projects/insourceful-website/deployments:0
[  327566ms] [WARNING] The resource https://vercel.com/_next/static/immutable/chunks/3p9g28no3_hj-.css was preloaded using link preload but not used within a few seconds from the window's load event. Please make sure it has an appropriate `as` value and it is preloaded intentionally. @ https://vercel.com/rigo-melchor-s-projects/insourceful-website/deployments:0
[  327566ms] [WARNING] The resource https://vercel.com/_next/static/immutable/chunks/3fd49nnoyujvi.css was preloaded using link preload but not used within a few seconds from the window's load event. Please make sure it has an appropriate `as` value and it is preloaded intentionally. @ https://vercel.com/rigo-melchor-s-projects/insourceful-website/deployments:0
[  327566ms] [WARNING] The resource https://vercel.com/_next/static/immutable/chunks/2cegy48-lpb69.css was preloaded using link preload but not used within a few seconds from the window's load event. Please make sure it has an appropriate `as` value and it is preloaded intentionally. @ https://vercel.com/rigo-melchor-s-projects/insourceful-website/deployments:0
[  327566ms] [WARNING] The resource https://vercel.com/_next/static/immutable/chunks/26_kjvxoedtei.css was preloaded using link preload but not used within a few seconds from the window's load event. Please make sure it has an appropriate `as` value and it is preloaded intentionally. @ https://vercel.com/rigo-melchor-s-projects/insourceful-website/deployments:0
[  331488ms] [WARNING] The resource https://vercel.com/_next/static/immutable/chunks/1y7np90zxj-un.css was preloaded using link preload but not used within a few seconds from the window's load event. Please make sure it has an appropriate `as` value and it is preloaded intentionally. @ https://vercel.com/rigo-melchor-s-projects/insourceful-website/deployments:0
[  331489ms] [WARNING] The resource https://vercel.com/_next/static/immutable/chunks/2xsdyifozdz06.css was preloaded using link preload but not used within a few seconds from the window's load event. Please make sure it has an appropriate `as` value and it is preloaded intentionally. @ https://vercel.com/rigo-melchor-s-projects/insourceful-website/deployments:0
[  331489ms] [WARNING] The resource https://vercel.com/_next/static/immutable/media/logo-vercel-dark.28zbfuuys0x7i.svg was preloaded using link preload but not used within a few seconds from the window's load event. Please make sure it has an appropriate `as` value and it is preloaded intentionally. @ https://vercel.com/rigo-melchor-s-projects/insourceful-website/deployments:0
[  331489ms] [WARNING] The resource https://vercel.com/_next/static/immutable/chunks/0vmhpedf_b0j8.css was preloaded using link preload but not used within a few seconds from the window's load event. Please make sure it has an appropriate `as` value and it is preloaded intentionally. @ https://vercel.com/rigo-melchor-s-projects/insourceful-website/deployments:0
[  331489ms] [WARNING] The resource https://vercel.com/_next/static/immutable/chunks/2mvavehoxc309.css was preloaded using link preload but not used within a few seconds from the window's load event. Please make sure it has an appropriate `as` value and it is preloaded intentionally. @ https://vercel.com/rigo-melchor-s-projects/insourceful-website/deployments:0
[  331489ms] [WARNING] The resource https://vercel.com/_next/static/immutable/chunks/3d792zqltro0t.css was preloaded using link preload but not used within a few seconds from the window's load event. Please make sure it has an appropriate `as` value and it is preloaded intentionally. @ https://vercel.com/rigo-melchor-s-projects/insourceful-website/deployments:0
[  331489ms] [WARNING] The resource https://vercel.com/_next/static/immutable/chunks/3z9uffp9rqnx8.css was preloaded using link preload but not used within a few seconds from the window's load event. Please make sure it has an appropriate `as` value and it is preloaded intentionally. @ https://vercel.com/rigo-melchor-s-projects/insourceful-website/deployments:0
[  331489ms] [WARNING] The resource https://vercel.com/_next/static/immutable/chunks/1yl8955ma4q4-.css was preloaded using link preload but not used within a few seconds from the window's load event. Please make sure it has an appropriate `as` value and it is preloaded intentionally. @ https://vercel.com/rigo-melchor-s-projects/insourceful-website/deployments:0
[  331489ms] [WARNING] The resource https://vercel.com/_next/static/immutable/chunks/0-shbsz3-8ybx.css was preloaded using link preload but not used within a few seconds from the window's load event. Please make sure it has an appropriate `as` value and it is preloaded intentionally. @ https://vercel.com/rigo-melchor-s-projects/insourceful-website/deployments:0
[  331489ms] [WARNING] The resource https://vercel.com/_next/static/immutable/chunks/3z36ncuffz89v.css was preloaded using link preload but not used within a few seconds from the window's load event. Please make sure it has an appropriate `as` value and it is preloaded intentionally. @ https://vercel.com/rigo-melchor-s-projects/insourceful-website/deployments:0
[  331489ms] [WARNING] The resource https://vercel.com/_next/static/immutable/chunks/1xg6gg5e39tni.css was preloaded using link preload but not used within a few seconds from the window's load event. Please make sure it has an appropriate `as` value and it is preloaded intentionally. @ https://vercel.com/rigo-melchor-s-projects/insourceful-website/deployments:0
[  331489ms] [WARNING] The resource https://vercel.com/_next/static/immutable/chunks/1hzff2kh3gano.css was preloaded using link preload but not used within a few seconds from the window's load event. Please make sure it has an appropriate `as` value and it is preloaded intentionally. @ https://vercel.com/rigo-melchor-s-projects/insourceful-website/deployments:0
[  331489ms] [WARNING] The resource https://vercel.com/_next/static/immutable/chunks/044vmykz7q7vs.css was preloaded using link preload but not used within a few seconds from the window's load event. Please make sure it has an appropriate `as` value and it is preloaded intentionally. @ https://vercel.com/rigo-melchor-s-projects/insourceful-website/deployments:0
[  331489ms] [WARNING] The resource https://vercel.com/_next/static/immutable/media/logo-vercel-light.3an2_9g6dt4xn.svg was preloaded using link preload but not used within a few seconds from the window's load event. Please make sure it has an appropriate `as` value and it is preloaded intentionally. @ https://vercel.com/rigo-melchor-s-projects/insourceful-website/deployments:0
[  331489ms] [WARNING] The resource https://vercel.com/_next/static/immutable/chunks/0rblmumf_9wz1.css was preloaded using link preload but not used within a few seconds from the window's load event. Please make sure it has an appropriate `as` value and it is preloaded intentionally. @ https://vercel.com/rigo-melchor-s-projects/insourceful-website/deployments:0
[  331489ms] [WARNING] The resource https://vercel.com/_next/static/immutable/chunks/25nnd13fh_4k5.css was preloaded using link preload but not used within a few seconds from the window's load event. Please make sure it has an appropriate `as` value and it is preloaded intentionally. @ https://vercel.com/rigo-melchor-s-projects/insourceful-website/deployments:0
[  331489ms] [WARNING] The resource https://vercel.com/_next/static/immutable/chunks/3p9g28no3_hj-.css was preloaded using link preload but not used within a few seconds from the window's load event. Please make sure it has an appropriate `as` value and it is preloaded intentionally. @ https://vercel.com/rigo-melchor-s-projects/insourceful-website/deployments:0
[  331489ms] [WARNING] The resource https://vercel.com/_next/static/immutable/chunks/3fd49nnoyujvi.css was preloaded using link preload but not used within a few seconds from the window's load event. Please make sure it has an appropriate `as` value and it is preloaded intentionally. @ https://vercel.com/rigo-melchor-s-projects/insourceful-website/deployments:0
[  331489ms] [WARNING] The resource https://vercel.com/_next/static/immutable/chunks/2cegy48-lpb69.css was preloaded using link preload but not used within a few seconds from the window's load event. Please make sure it has an appropriate `as` value and it is preloaded intentionally. @ https://vercel.com/rigo-melchor-s-projects/insourceful-website/deployments:0
[  331489ms] [WARNING] The resource https://vercel.com/_next/static/immutable/chunks/26_kjvxoedtei.css was preloaded using link preload but not used within a few seconds from the window's load event. Please make sure it has an appropriate `as` value and it is preloaded intentionally. @ https://vercel.com/rigo-melchor-s-projects/insourceful-website/deployments:0
[  339779ms] [WARNING] The resource https://vercel.com/_next/static/immutable/chunks/1y7np90zxj-un.css was preloaded using link preload but not used within a few seconds from the window's load event. Please make sure it has an appropriate `as` value and it is preloaded intentionally. @ https://vercel.com/rigo-melchor-s-projects/insourceful-website/deployments:0
[  339779ms] [WARNING] The resource https://vercel.com/_next/static/immutable/chunks/2xsdyifozdz06.css was preloaded using link preload but not used within a few seconds from the window's load event. Please make sure it has an appropriate `as` value and it is preloaded intentionally. @ https://vercel.com/rigo-melchor-s-projects/insourceful-website/deployments:0
[  339779ms] [WARNING] The resource https://vercel.com/_next/static/immutable/media/logo-vercel-dark.28zbfuuys0x7i.svg was preloaded using link preload but not used within a few seconds from the window's load event. Please make sure it has an appropriate `as` value and it is preloaded intentionally. @ https://vercel.com/rigo-melchor-s-projects/insourceful-website/deployments:0
[  339779ms] [WARNING] The resource https://vercel.com/_next/static/immutable/chunks/0vmhpedf_b0j8.css was preloaded using link preload but not used within a few seconds from the window's load event. Please make sure it has an appropriate `as` value and it is preloaded intentionally. @ https://vercel.com/rigo-melchor-s-projects/insourceful-website/deployments:0
[  339779ms] [WARNING] The resource https://vercel.com/_next/static/immutable/chunks/2mvavehoxc309.css was preloaded using link preload but not used within a few seconds from the window's load event. Please make sure it has an appropriate `as` value and it is preloaded intentionally. @ https://vercel.com/rigo-melchor-s-projects/insourceful-website/deployments:0
[  339779ms] [WARNING] The resource https://vercel.com/_next/static/immutable/chunks/3d792zqltro0t.css was preloaded using link preload but not used within a few seconds from the window's load event. Please make sure it has an appropriate `as` value and it is preloaded intentionally. @ https://vercel.com/rigo-melchor-s-projects/insourceful-website/deployments:0
[  339779ms] [WARNING] The resource https://vercel.com/_next/static/immutable/chunks/3z9uffp9rqnx8.css was preloaded using link preload but not used within a few seconds from the window's load event. Please make sure it has an appropriate `as` value and it is preloaded intentionally. @ https://vercel.com/rigo-melchor-s-projects/insourceful-website/deployments:0
[  339779ms] [WARNING] The resource https://vercel.com/_next/static/immutable/chunks/1yl8955ma4q4-.css was preloaded using link preload but not used within a few seconds from the window's load event. Please make sure it has an appropriate `as` value and it is preloaded intentionally. @ https://vercel.com/rigo-melchor-s-projects/insourceful-website/deployments:0
[  339779ms] [WARNING] The resource https://vercel.com/_next/static/immutable/chunks/0-shbsz3-8ybx.css was preloaded using link preload but not used within a few seconds from the window's load event. Please make sure it has an appropriate `as` value and it is preloaded intentionally. @ https://vercel.com/rigo-melchor-s-projects/insourceful-website/deployments:0
[  339779ms] [WARNING] The resource https://vercel.com/_next/static/immutable/chunks/3z36ncuffz89v.css was preloaded using link preload but not used within a few seconds from the window's load event. Please make sure it has an appropriate `as` value and it is preloaded intentionally. @ https://vercel.com/rigo-melchor-s-projects/insourceful-website/deployments:0
[  339779ms] [WARNING] The resource https://vercel.com/_next/static/immutable/chunks/1xg6gg5e39tni.css was preloaded using link preload but not used within a few seconds from the window's load event. Please make sure it has an appropriate `as` value and it is preloaded intentionally. @ https://vercel.com/rigo-melchor-s-projects/insourceful-website/deployments:0
[  339779ms] [WARNING] The resource https://vercel.com/_next/static/immutable/chunks/1hzff2kh3gano.css was preloaded using link preload but not used within a few seconds from the window's load event. Please make sure it has an appropriate `as` value and it is preloaded intentionally. @ https://vercel.com/rigo-melchor-s-projects/insourceful-website/deployments:0
[  339779ms] [WARNING] The resource https://vercel.com/_next/static/immutable/chunks/044vmykz7q7vs.css was preloaded using link preload but not used within a few seconds from the window's load event. Please make sure it has an appropriate `as` value and it is preloaded intentionally. @ https://vercel.com/rigo-melchor-s-projects/insourceful-website/deployments:0
[  339779ms] [WARNING] The resource https://vercel.com/_next/static/immutable/media/logo-vercel-light.3an2_9g6dt4xn.svg was preloaded using link preload but not used within a few seconds from the window's load event. Please make sure it has an appropriate `as` value and it is preloaded intentionally. @ https://vercel.com/rigo-melchor-s-projects/insourceful-website/deployments:0
[  339779ms] [WARNING] The resource https://vercel.com/_next/static/immutable/chunks/0rblmumf_9wz1.css was preloaded using link preload but not used within a few seconds from the window's load event. Please make sure it has an appropriate `as` value and it is preloaded intentionally. @ https://vercel.com/rigo-melchor-s-projects/insourceful-website/deployments:0
[  339779ms] [WARNING] The resource https://vercel.com/_next/static/immutable/chunks/25nnd13fh_4k5.css was preloaded using link preload but not used within a few seconds from the window's load event. Please make sure it has an appropriate `as` value and it is preloaded intentionally. @ https://vercel.com/rigo-melchor-s-projects/insourceful-website/deployments:0
[  339779ms] [WARNING] The resource https://vercel.com/_next/static/immutable/chunks/3p9g28no3_hj-.css was preloaded using link preload but not used within a few seconds from the window's load event. Please make sure it has an appropriate `as` value and it is preloaded intentionally. @ https://vercel.com/rigo-melchor-s-projects/insourceful-website/deployments:0
[  339779ms] [WARNING] The resource https://vercel.com/_next/static/immutable/chunks/3fd49nnoyujvi.css was preloaded using link preload but not used within a few seconds from the window's load event. Please make sure it has an appropriate `as` value and it is preloaded intentionally. @ https://vercel.com/rigo-melchor-s-projects/insourceful-website/deployments:0
[  339779ms] [WARNING] The resource https://vercel.com/_next/static/immutable/chunks/2cegy48-lpb69.css was preloaded using link preload but not used within a few seconds from the window's load event. Please make sure it has an appropriate `as` value and it is preloaded intentionally. @ https://vercel.com/rigo-melchor-s-projects/insourceful-website/deployments:0
[  339779ms] [WARNING] The resource https://vercel.com/_next/static/immutable/chunks/26_kjvxoedtei.css was preloaded using link preload but not used within a few seconds from the window's load event. Please make sure it has an appropriate `as` value and it is preloaded intentionally. @ https://vercel.com/rigo-melchor-s-projects/insourceful-website/deployments:0
[  348028ms] [WARNING] The resource https://vercel.com/_next/static/immutable/chunks/1y7np90zxj-un.css was preloaded using link preload but not used within a few seconds from the window's load event. Please make sure it has an appropriate `as` value and it is preloaded intentionally. @ https://vercel.com/rigo-melchor-s-projects/insourceful-website/deployments:0
[  348028ms] [WARNING] The resource https://vercel.com/_next/static/immutable/chunks/2xsdyifozdz06.css was preloaded using link preload but not used within a few seconds from the window's load event. Please make sure it has an appropriate `as` value and it is preloaded intentionally. @ https://vercel.com/rigo-melchor-s-projects/insourceful-website/deployments:0
[  348028ms] [WARNING] The resource https://vercel.com/_next/static/immutable/media/logo-vercel-dark.28zbfuuys0x7i.svg was preloaded using link preload but not used within a few seconds from the window's load event. Please make sure it has an appropriate `as` value and it is preloaded intentionally. @ https://vercel.com/rigo-melchor-s-projects/insourceful-website/deployments:0
[  348028ms] [WARNING] The resource https://vercel.com/_next/static/immutable/chunks/0vmhpedf_b0j8.css was preloaded using link preload but not used within a few seconds from the window's load event. Please make sure it has an appropriate `as` value and it is preloaded intentionally. @ https://vercel.com/rigo-melchor-s-projects/insourceful-website/deployments:0
[  348028ms] [WARNING] The resource https://vercel.com/_next/static/immutable/chunks/2mvavehoxc309.css was preloaded using link preload but not used within a few seconds from the window's load event. Please make sure it has an appropriate `as` value and it is preloaded intentionally. @ https://vercel.com/rigo-melchor-s-projects/insourceful-website/deployments:0
[  348028ms] [WARNING] The resource https://vercel.com/_next/static/immutable/chunks/3d792zqltro0t.css was preloaded using link preload but not used within a few seconds from the window's load event. Please make sure it has an appropriate `as` value and it is preloaded intentionally. @ https://vercel.com/rigo-melchor-s-projects/insourceful-website/deployments:0
[  348028ms] [WARNING] The resource https://vercel.com/_next/static/immutable/chunks/3z9uffp9rqnx8.css was preloaded using link preload but not used within a few seconds from the window's load event. Please make sure it has an appropriate `as` value and it is preloaded intentionally. @ https://vercel.com/rigo-melchor-s-projects/insourceful-website/deployments:0
[  348028ms] [WARNING] The resource https://vercel.com/_next/static/immutable/chunks/1yl8955ma4q4-.css was preloaded using link preload but not used within a few seconds from the window's load event. Please make sure it has an appropriate `as` value and it is preloaded intentionally. @ https://vercel.com/rigo-melchor-s-projects/insourceful-website/deployments:0
[  348028ms] [WARNING] The resource https://vercel.com/_next/static/immutable/chunks/0-shbsz3-8ybx.css was preloaded using link preload but not used within a few seconds from the window's load event. Please make sure it has an appropriate `as` value and it is preloaded intentionally. @ https://vercel.com/rigo-melchor-s-projects/insourceful-website/deployments:0
[  348028ms] [WARNING] The resource https://vercel.com/_next/static/immutable/chunks/3z36ncuffz89v.css was preloaded using link preload but not used within a few seconds from the window's load event. Please make sure it has an appropriate `as` value and it is preloaded intentionally. @ https://vercel.com/rigo-melchor-s-projects/insourceful-website/deployments:0
[  348028ms] [WARNING] The resource https://vercel.com/_next/static/immutable/chunks/1xg6gg5e39tni.css was preloaded using link preload but not used within a few seconds from the window's load event. Please make sure it has an appropriate `as` value and it is preloaded intentionally. @ https://vercel.com/rigo-melchor-s-projects/insourceful-website/deployments:0
[  348028ms] [WARNING] The resource https://vercel.com/_next/static/immutable/chunks/1hzff2kh3gano.css was preloaded using link preload but not used within a few seconds from the window's load event. Please make sure it has an appropriate `as` value and it is preloaded intentionally. @ https://vercel.com/rigo-melchor-s-projects/insourceful-website/deployments:0
[  348028ms] [WARNING] The resource https://vercel.com/_next/static/immutable/chunks/044vmykz7q7vs.css was preloaded using link preload but not used within a few seconds from the window's load event. Please make sure it has an appropriate `as` value and it is preloaded intentionally. @ https://vercel.com/rigo-melchor-s-projects/insourceful-website/deployments:0
[  348028ms] [WARNING] The resource https://vercel.com/_next/static/immutable/media/logo-vercel-light.3an2_9g6dt4xn.svg was preloaded using link preload but not used within a few seconds from the window's load event. Please make sure it has an appropriate `as` value and it is preloaded intentionally. @ https://vercel.com/rigo-melchor-s-projects/insourceful-website/deployments:0
[  348028ms] [WARNING] The resource https://vercel.com/_next/static/immutable/chunks/0rblmumf_9wz1.css was preloaded using link preload but not used within a few seconds from the window's load event. Please make sure it has an appropriate `as` value and it is preloaded intentionally. @ https://vercel.com/rigo-melchor-s-projects/insourceful-website/deployments:0
[  348028ms] [WARNING] The resource https://vercel.com/_next/static/immutable/chunks/25nnd13fh_4k5.css was preloaded using link preload but not used within a few seconds from the window's load event. Please make sure it has an appropriate `as` value and it is preloaded intentionally. @ https://vercel.com/rigo-melchor-s-projects/insourceful-website/deployments:0
[  348028ms] [WARNING] The resource https://vercel.com/_next/static/immutable/chunks/3p9g28no3_hj-.css was preloaded using link preload but not used within a few seconds from the window's load event. Please make sure it has an appropriate `as` value and it is preloaded intentionally. @ https://vercel.com/rigo-melchor-s-projects/insourceful-website/deployments:0
[  348028ms] [WARNING] The resource https://vercel.com/_next/static/immutable/chunks/3fd49nnoyujvi.css was preloaded using link preload but not used within a few seconds from the window's load event. Please make sure it has an appropriate `as` value and it is preloaded intentionally. @ https://vercel.com/rigo-melchor-s-projects/insourceful-website/deployments:0
[  348028ms] [WARNING] The resource https://vercel.com/_next/static/immutable/chunks/2cegy48-lpb69.css was preloaded using link preload but not used within a few seconds from the window's load event. Please make sure it has an appropriate `as` value and it is preloaded intentionally. @ https://vercel.com/rigo-melchor-s-projects/insourceful-website/deployments:0
[  348028ms] [WARNING] The resource https://vercel.com/_next/static/immutable/chunks/26_kjvxoedtei.css was preloaded using link preload but not used within a few seconds from the window's load event. Please make sure it has an appropriate `as` value and it is preloaded intentionally. @ https://vercel.com/rigo-melchor-s-projects/insourceful-website/deployments:0
[  357819ms] [WARNING] The resource https://vercel.com/_next/static/immutable/chunks/1y7np90zxj-un.css was preloaded using link preload but not used within a few seconds from the window's load event. Please make sure it has an appropriate `as` value and it is preloaded intentionally. @ https://vercel.com/rigo-melchor-s-projects/insourceful-website/deployments:0
[  357819ms] [WARNING] The resource https://vercel.com/_next/static/immutable/chunks/2xsdyifozdz06.css was preloaded using link preload but not used within a few seconds from the window's load event. Please make sure it has an appropriate `as` value and it is preloaded intentionally. @ https://vercel.com/rigo-melchor-s-projects/insourceful-website/deployments:0
[  357819ms] [WARNING] The resource https://vercel.com/_next/static/immutable/media/logo-vercel-dark.28zbfuuys0x7i.svg was preloaded using link preload but not used within a few seconds from the window's load event. Please make sure it has an appropriate `as` value and it is preloaded intentionally. @ https://vercel.com/rigo-melchor-s-projects/insourceful-website/deployments:0
[  357819ms] [WARNING] The resource https://vercel.com/_next/static/immutable/chunks/0vmhpedf_b0j8.css was preloaded using link preload but not used within a few seconds from the window's load event. Please make sure it has an appropriate `as` value and it is preloaded intentionally. @ https://vercel.com/rigo-melchor-s-projects/insourceful-website/deployments:0
[  357819ms] [WARNING] The resource https://vercel.com/_next/static/immutable/chunks/2mvavehoxc309.css was preloaded using link preload but not used within a few seconds from the window's load event. Please make sure it has an appropriate `as` value and it is preloaded intentionally. @ https://vercel.com/rigo-melchor-s-projects/insourceful-website/deployments:0
[  357819ms] [WARNING] The resource https://vercel.com/_next/static/immutable/chunks/3d792zqltro0t.css was preloaded using link preload but not used within a few seconds from the window's load event. Please make sure it has an appropriate `as` value and it is preloaded intentionally. @ https://vercel.com/rigo-melchor-s-projects/insourceful-website/deployments:0
[  357819ms] [WARNING] The resource https://vercel.com/_next/static/immutable/chunks/3z9uffp9rqnx8.css was preloaded using link preload but not used within a few seconds from the window's load event. Please make sure it has an appropriate `as` value and it is preloaded intentionally. @ https://vercel.com/rigo-melchor-s-projects/insourceful-website/deployments:0
[  357819ms] [WARNING] The resource https://vercel.com/_next/static/immutable/chunks/1yl8955ma4q4-.css was preloaded using link preload but not used within a few seconds from the window's load event. Please make sure it has an appropriate `as` value and it is preloaded intentionally. @ https://vercel.com/rigo-melchor-s-projects/insourceful-website/deployments:0
[  357819ms] [WARNING] The resource https://vercel.com/_next/static/immutable/chunks/0-shbsz3-8ybx.css was preloaded using link preload but not used within a few seconds from the window's load event. Please make sure it has an appropriate `as` value and it is preloaded intentionally. @ https://vercel.com/rigo-melchor-s-projects/insourceful-website/deployments:0
[  357819ms] [WARNING] The resource https://vercel.com/_next/static/immutable/chunks/3z36ncuffz89v.css was preloaded using link preload but not used within a few seconds from the window's load event. Please make sure it has an appropriate `as` value and it is preloaded intentionally. @ https://vercel.com/rigo-melchor-s-projects/insourceful-website/deployments:0
[  357819ms] [WARNING] The resource https://vercel.com/_next/static/immutable/chunks/1xg6gg5e39tni.css was preloaded using link preload but not used within a few seconds from the window's load event. Please make sure it has an appropriate `as` value and it is preloaded intentionally. @ https://vercel.com/rigo-melchor-s-projects/insourceful-website/deployments:0
[  357819ms] [WARNING] The resource https://vercel.com/_next/static/immutable/chunks/1hzff2kh3gano.css was preloaded using link preload but not used within a few seconds from the window's load event. Please make sure it has an appropriate `as` value and it is preloaded intentionally. @ https://vercel.com/rigo-melchor-s-projects/insourceful-website/deployments:0
[  357819ms] [WARNING] The resource https://vercel.com/_next/static/immutable/chunks/044vmykz7q7vs.css was preloaded using link preload but not used within a few seconds from the window's load event. Please make sure it has an appropriate `as` value and it is preloaded intentionally. @ https://vercel.com/rigo-melchor-s-projects/insourceful-website/deployments:0
[  357819ms] [WARNING] The resource https://vercel.com/_next/static/immutable/media/logo-vercel-light.3an2_9g6dt4xn.svg was preloaded using link preload but not used within a few seconds from the window's load event. Please make sure it has an appropriate `as` value and it is preloaded intentionally. @ https://vercel.com/rigo-melchor-s-projects/insourceful-website/deployments:0
[  357819ms] [WARNING] The resource https://vercel.com/_next/static/immutable/chunks/0rblmumf_9wz1.css was preloaded using link preload but not used within a few seconds from the window's load event. Please make sure it has an appropriate `as` value and it is preloaded intentionally. @ https://vercel.com/rigo-melchor-s-projects/insourceful-website/deployments:0
[  357819ms] [WARNING] The resource https://vercel.com/_next/static/immutable/chunks/25nnd13fh_4k5.css was preloaded using link preload but not used within a few seconds from the window's load event. Please make sure it has an appropriate `as` value and it is preloaded intentionally. @ https://vercel.com/rigo-melchor-s-projects/insourceful-website/deployments:0
[  357819ms] [WARNING] The resource https://vercel.com/_next/static/immutable/chunks/3p9g28no3_hj-.css was preloaded using link preload but not used within a few seconds from the window's load event. Please make sure it has an appropriate `as` value and it is preloaded intentionally. @ https://vercel.com/rigo-melchor-s-projects/insourceful-website/deployments:0
[  357819ms] [WARNING] The resource https://vercel.com/_next/static/immutable/chunks/3fd49nnoyujvi.css was preloaded using link preload but not used within a few seconds from the window's load event. Please make sure it has an appropriate `as` value and it is preloaded intentionally. @ https://vercel.com/rigo-melchor-s-projects/insourceful-website/deployments:0
[  357819ms] [WARNING] The resource https://vercel.com/_next/static/immutable/chunks/2cegy48-lpb69.css was preloaded using link preload but not used within a few seconds from the window's load event. Please make sure it has an appropriate `as` value and it is preloaded intentionally. @ https://vercel.com/rigo-melchor-s-projects/insourceful-website/deployments:0
[  357819ms] [WARNING] The resource https://vercel.com/_next/static/immutable/chunks/26_kjvxoedtei.css was preloaded using link preload but not used within a few seconds from the window's load event. Please make sure it has an appropriate `as` value and it is preloaded intentionally. @ https://vercel.com/rigo-melchor-s-projects/insourceful-website/deployments:0
[  382759ms] [WARNING] The resource https://vercel.com/_next/static/immutable/chunks/1y7np90zxj-un.css was preloaded using link preload but not used within a few seconds from the window's load event. Please make sure it has an appropriate `as` value and it is preloaded intentionally. @ https://vercel.com/rigo-melchor-s-projects/insourceful-website/deployments:0
[  382759ms] [WARNING] The resource https://vercel.com/_next/static/immutable/chunks/2xsdyifozdz06.css was preloaded using link preload but not used within a few seconds from the window's load event. Please make sure it has an appropriate `as` value and it is preloaded intentionally. @ https://vercel.com/rigo-melchor-s-projects/insourceful-website/deployments:0
[  382759ms] [WARNING] The resource https://vercel.com/_next/static/immutable/media/logo-vercel-dark.28zbfuuys0x7i.svg was preloaded using link preload but not used within a few seconds from the window's load event. Please make sure it has an appropriate `as` value and it is preloaded intentionally. @ https://vercel.com/rigo-melchor-s-projects/insourceful-website/deployments:0
[  382759ms] [WARNING] The resource https://vercel.com/_next/static/immutable/chunks/0vmhpedf_b0j8.css was preloaded using link preload but not used within a few seconds from the window's load event. Please make sure it has an appropriate `as` value and it is preloaded intentionally. @ https://vercel.com/rigo-melchor-s-projects/insourceful-website/deployments:0
[  382759ms] [WARNING] The resource https://vercel.com/_next/static/immutable/chunks/2mvavehoxc309.css was preloaded using link preload but not used within a few seconds from the window's load event. Please make sure it has an appropriate `as` value and it is preloaded intentionally. @ https://vercel.com/rigo-melchor-s-projects/insourceful-website/deployments:0
[  382759ms] [WARNING] The resource https://vercel.com/_next/static/immutable/chunks/3d792zqltro0t.css was preloaded using link preload but not used within a few seconds from the window's load event. Please make sure it has an appropriate `as` value and it is preloaded intentionally. @ https://vercel.com/rigo-melchor-s-projects/insourceful-website/deployments:0
[  382759ms] [WARNING] The resource https://vercel.com/_next/static/immutable/chunks/3z9uffp9rqnx8.css was preloaded using link preload but not used within a few seconds from the window's load event. Please make sure it has an appropriate `as` value and it is preloaded intentionally. @ https://vercel.com/rigo-melchor-s-projects/insourceful-website/deployments:0
[  382759ms] [WARNING] The resource https://vercel.com/_next/static/immutable/chunks/1yl8955ma4q4-.css was preloaded using link preload but not used within a few seconds from the window's load event. Please make sure it has an appropriate `as` value and it is preloaded intentionally. @ https://vercel.com/rigo-melchor-s-projects/insourceful-website/deployments:0
[  382759ms] [WARNING] The resource https://vercel.com/_next/static/immutable/chunks/0-shbsz3-8ybx.css was preloaded using link preload but not used within a few seconds from the window's load event. Please make sure it has an appropriate `as` value and it is preloaded intentionally. @ https://vercel.com/rigo-melchor-s-projects/insourceful-website/deployments:0
[  382759ms] [WARNING] The resource https://vercel.com/_next/static/immutable/chunks/3z36ncuffz89v.css was preloaded using link preload but not used within a few seconds from the window's load event. Please make sure it has an appropriate `as` value and it is preloaded intentionally. @ https://vercel.com/rigo-melchor-s-projects/insourceful-website/deployments:0
[  382759ms] [WARNING] The resource https://vercel.com/_next/static/immutable/chunks/1xg6gg5e39tni.css was preloaded using link preload but not used within a few seconds from the window's load event. Please make sure it has an appropriate `as` value and it is preloaded intentionally. @ https://vercel.com/rigo-melchor-s-projects/insourceful-website/deployments:0
[  382759ms] [WARNING] The resource https://vercel.com/_next/static/immutable/chunks/1hzff2kh3gano.css was preloaded using link preload but not used within a few seconds from the window's load event. Please make sure it has an appropriate `as` value and it is preloaded intentionally. @ https://vercel.com/rigo-melchor-s-projects/insourceful-website/deployments:0
[  382759ms] [WARNING] The resource https://vercel.com/_next/static/immutable/chunks/044vmykz7q7vs.css was preloaded using link preload but not used within a few seconds from the window's load event. Please make sure it has an appropriate `as` value and it is preloaded intentionally. @ https://vercel.com/rigo-melchor-s-projects/insourceful-website/deployments:0
[  382759ms] [WARNING] The resource https://vercel.com/_next/static/immutable/media/logo-vercel-light.3an2_9g6dt4xn.svg was preloaded using link preload but not used within a few seconds from the window's load event. Please make sure it has an appropriate `as` value and it is preloaded intentionally. @ https://vercel.com/rigo-melchor-s-projects/insourceful-website/deployments:0
[  382759ms] [WARNING] The resource https://vercel.com/_next/static/immutable/chunks/0rblmumf_9wz1.css was preloaded using link preload but not used within a few seconds from the window's load event. Please make sure it has an appropriate `as` value and it is preloaded intentionally. @ https://vercel.com/rigo-melchor-s-projects/insourceful-website/deployments:0
[  382759ms] [WARNING] The resource https://vercel.com/_next/static/immutable/chunks/25nnd13fh_4k5.css was preloaded using link preload but not used within a few seconds from the window's load event. Please make sure it has an appropriate `as` value and it is preloaded intentionally. @ https://vercel.com/rigo-melchor-s-projects/insourceful-website/deployments:0
[  382759ms] [WARNING] The resource https://vercel.com/_next/static/immutable/chunks/3p9g28no3_hj-.css was preloaded using link preload but not used within a few seconds from the window's load event. Please make sure it has an appropriate `as` value and it is preloaded intentionally. @ https://vercel.com/rigo-melchor-s-projects/insourceful-website/deployments:0
[  382759ms] [WARNING] The resource https://vercel.com/_next/static/immutable/chunks/3fd49nnoyujvi.css was preloaded using link preload but not used within a few seconds from the window's load event. Please make sure it has an appropriate `as` value and it is preloaded intentionally. @ https://vercel.com/rigo-melchor-s-projects/insourceful-website/deployments:0
[  382759ms] [WARNING] The resource https://vercel.com/_next/static/immutable/chunks/2cegy48-lpb69.css was preloaded using link preload but not used within a few seconds from the window's load event. Please make sure it has an appropriate `as` value and it is preloaded intentionally. @ https://vercel.com/rigo-melchor-s-projects/insourceful-website/deployments:0
[  382759ms] [WARNING] The resource https://vercel.com/_next/static/immutable/chunks/26_kjvxoedtei.css was preloaded using link preload but not used within a few seconds from the window's load event. Please make sure it has an appropriate `as` value and it is preloaded intentionally. @ https://vercel.com/rigo-melchor-s-projects/insourceful-website/deployments:0
[  388044ms] [WARNING] The resource https://vercel.com/_next/static/immutable/chunks/1y7np90zxj-un.css was preloaded using link preload but not used within a few seconds from the window's load event. Please make sure it has an appropriate `as` value and it is preloaded intentionally. @ https://vercel.com/rigo-melchor-s-projects/insourceful-website/deployments:0
[  388044ms] [WARNING] The resource https://vercel.com/_next/static/immutable/chunks/2xsdyifozdz06.css was preloaded using link preload but not used within a few seconds from the window's load event. Please make sure it has an appropriate `as` value and it is preloaded intentionally. @ https://vercel.com/rigo-melchor-s-projects/insourceful-website/deployments:0
[  388044ms] [WARNING] The resource https://vercel.com/_next/static/immutable/media/logo-vercel-dark.28zbfuuys0x7i.svg was preloaded using link preload but not used within a few seconds from the window's load event. Please make sure it has an appropriate `as` value and it is preloaded intentionally. @ https://vercel.com/rigo-melchor-s-projects/insourceful-website/deployments:0
[  388044ms] [WARNING] The resource https://vercel.com/_next/static/immutable/chunks/0vmhpedf_b0j8.css was preloaded using link preload but not used within a few seconds from the window's load event. Please make sure it has an appropriate `as` value and it is preloaded intentionally. @ https://vercel.com/rigo-melchor-s-projects/insourceful-website/deployments:0
[  388044ms] [WARNING] The resource https://vercel.com/_next/static/immutable/chunks/2mvavehoxc309.css was preloaded using link preload but not used within a few seconds from the window's load event. Please make sure it has an appropriate `as` value and it is preloaded intentionally. @ https://vercel.com/rigo-melchor-s-projects/insourceful-website/deployments:0
[  388044ms] [WARNING] The resource https://vercel.com/_next/static/immutable/chunks/3d792zqltro0t.css was preloaded using link preload but not used within a few seconds from the window's load event. Please make sure it has an appropriate `as` value and it is preloaded intentionally. @ https://vercel.com/rigo-melchor-s-projects/insourceful-website/deployments:0
[  388044ms] [WARNING] The resource https://vercel.com/_next/static/immutable/chunks/3z9uffp9rqnx8.css was preloaded using link preload but not used within a few seconds from the window's load event. Please make sure it has an appropriate `as` value and it is preloaded intentionally. @ https://vercel.com/rigo-melchor-s-projects/insourceful-website/deployments:0
[  388044ms] [WARNING] The resource https://vercel.com/_next/static/immutable/chunks/1yl8955ma4q4-.css was preloaded using link preload but not used within a few seconds from the window's load event. Please make sure it has an appropriate `as` value and it is preloaded intentionally. @ https://vercel.com/rigo-melchor-s-projects/insourceful-website/deployments:0
[  388044ms] [WARNING] The resource https://vercel.com/_next/static/immutable/chunks/0-shbsz3-8ybx.css was preloaded using link preload but not used within a few seconds from the window's load event. Please make sure it has an appropriate `as` value and it is preloaded intentionally. @ https://vercel.com/rigo-melchor-s-projects/insourceful-website/deployments:0
[  388044ms] [WARNING] The resource https://vercel.com/_next/static/immutable/chunks/3z36ncuffz89v.css was preloaded using link preload but not used within a few seconds from the window's load event. Please make sure it has an appropriate `as` value and it is preloaded intentionally. @ https://vercel.com/rigo-melchor-s-projects/insourceful-website/deployments:0
[  388044ms] [WARNING] The resource https://vercel.com/_next/static/immutable/chunks/1xg6gg5e39tni.css was preloaded using link preload but not used within a few seconds from the window's load event. Please make sure it has an appropriate `as` value and it is preloaded intentionally. @ https://vercel.com/rigo-melchor-s-projects/insourceful-website/deployments:0
[  388044ms] [WARNING] The resource https://vercel.com/_next/static/immutable/chunks/1hzff2kh3gano.css was preloaded using link preload but not used within a few seconds from the window's load event. Please make sure it has an appropriate `as` value and it is preloaded intentionally. @ https://vercel.com/rigo-melchor-s-projects/insourceful-website/deployments:0
[  388044ms] [WARNING] The resource https://vercel.com/_next/static/immutable/chunks/044vmykz7q7vs.css was preloaded using link preload but not used within a few seconds from the window's load event. Please make sure it has an appropriate `as` value and it is preloaded intentionally. @ https://vercel.com/rigo-melchor-s-projects/insourceful-website/deployments:0
[  388044ms] [WARNING] The resource https://vercel.com/_next/static/immutable/media/logo-vercel-light.3an2_9g6dt4xn.svg was preloaded using link preload but not used within a few seconds from the window's load event. Please make sure it has an appropriate `as` value and it is preloaded intentionally. @ https://vercel.com/rigo-melchor-s-projects/insourceful-website/deployments:0
[  388044ms] [WARNING] The resource https://vercel.com/_next/static/immutable/chunks/0rblmumf_9wz1.css was preloaded using link preload but not used within a few seconds from the window's load event. Please make sure it has an appropriate `as` value and it is preloaded intentionally. @ https://vercel.com/rigo-melchor-s-projects/insourceful-website/deployments:0
[  388044ms] [WARNING] The resource https://vercel.com/_next/static/immutable/chunks/25nnd13fh_4k5.css was preloaded using link preload but not used within a few seconds from the window's load event. Please make sure it has an appropriate `as` value and it is preloaded intentionally. @ https://vercel.com/rigo-melchor-s-projects/insourceful-website/deployments:0
[  388044ms] [WARNING] The resource https://vercel.com/_next/static/immutable/chunks/3p9g28no3_hj-.css was preloaded using link preload but not used within a few seconds from the window's load event. Please make sure it has an appropriate `as` value and it is preloaded intentionally. @ https://vercel.com/rigo-melchor-s-projects/insourceful-website/deployments:0
[  388044ms] [WARNING] The resource https://vercel.com/_next/static/immutable/chunks/3fd49nnoyujvi.css was preloaded using link preload but not used within a few seconds from the window's load event. Please make sure it has an appropriate `as` value and it is preloaded intentionally. @ https://vercel.com/rigo-melchor-s-projects/insourceful-website/deployments:0
[  388044ms] [WARNING] The resource https://vercel.com/_next/static/immutable/chunks/2cegy48-lpb69.css was preloaded using link preload but not used within a few seconds from the window's load event. Please make sure it has an appropriate `as` value and it is preloaded intentionally. @ https://vercel.com/rigo-melchor-s-projects/insourceful-website/deployments:0
[  388044ms] [WARNING] The resource https://vercel.com/_next/static/immutable/chunks/26_kjvxoedtei.css was preloaded using link preload but not used within a few seconds from the window's load event. Please make sure it has an appropriate `as` value and it is preloaded intentionally. @ https://vercel.com/rigo-melchor-s-projects/insourceful-website/deployments:0
[  413053ms] [WARNING] The resource https://vercel.com/_next/static/immutable/chunks/1y7np90zxj-un.css was preloaded using link preload but not used within a few seconds from the window's load event. Please make sure it has an appropriate `as` value and it is preloaded intentionally. @ https://vercel.com/rigo-melchor-s-projects/insourceful-website/deployments:0
[  413053ms] [WARNING] The resource https://vercel.com/_next/static/immutable/chunks/2xsdyifozdz06.css was preloaded using link preload but not used within a few seconds from the window's load event. Please make sure it has an appropriate `as` value and it is preloaded intentionally. @ https://vercel.com/rigo-melchor-s-projects/insourceful-website/deployments:0
[  413053ms] [WARNING] The resource https://vercel.com/_next/static/immutable/media/logo-vercel-dark.28zbfuuys0x7i.svg was preloaded using link preload but not used within a few seconds from the window's load event. Please make sure it has an appropriate `as` value and it is preloaded intentionally. @ https://vercel.com/rigo-melchor-s-projects/insourceful-website/deployments:0
[  413053ms] [WARNING] The resource https://vercel.com/_next/static/immutable/chunks/0vmhpedf_b0j8.css was preloaded using link preload but not used within a few seconds from the window's load event. Please make sure it has an appropriate `as` value and it is preloaded intentionally. @ https://vercel.com/rigo-melchor-s-projects/insourceful-website/deployments:0
[  413053ms] [WARNING] The resource https://vercel.com/_next/static/immutable/chunks/2mvavehoxc309.css was preloaded using link preload but not used within a few seconds from the window's load event. Please make sure it has an appropriate `as` value and it is preloaded intentionally. @ https://vercel.com/rigo-melchor-s-projects/insourceful-website/deployments:0
[  413053ms] [WARNING] The resource https://vercel.com/_next/static/immutable/chunks/3d792zqltro0t.css was preloaded using link preload but not used within a few seconds from the window's load event. Please make sure it has an appropriate `as` value and it is preloaded intentionally. @ https://vercel.com/rigo-melchor-s-projects/insourceful-website/deployments:0
[  413053ms] [WARNING] The resource https://vercel.com/_next/static/immutable/chunks/3z9uffp9rqnx8.css was preloaded using link preload but not used within a few seconds from the window's load event. Please make sure it has an appropriate `as` value and it is preloaded intentionally. @ https://vercel.com/rigo-melchor-s-projects/insourceful-website/deployments:0
[  413053ms] [WARNING] The resource https://vercel.com/_next/static/immutable/chunks/1yl8955ma4q4-.css was preloaded using link preload but not used within a few seconds from the window's load event. Please make sure it has an appropriate `as` value and it is preloaded intentionally. @ https://vercel.com/rigo-melchor-s-projects/insourceful-website/deployments:0
[  413053ms] [WARNING] The resource https://vercel.com/_next/static/immutable/chunks/0-shbsz3-8ybx.css was preloaded using link preload but not used within a few seconds from the window's load event. Please make sure it has an appropriate `as` value and it is preloaded intentionally. @ https://vercel.com/rigo-melchor-s-projects/insourceful-website/deployments:0
[  413053ms] [WARNING] The resource https://vercel.com/_next/static/immutable/chunks/3z36ncuffz89v.css was preloaded using link preload but not used within a few seconds from the window's load event. Please make sure it has an appropriate `as` value and it is preloaded intentionally. @ https://vercel.com/rigo-melchor-s-projects/insourceful-website/deployments:0
[  413053ms] [WARNING] The resource https://vercel.com/_next/static/immutable/chunks/1xg6gg5e39tni.css was preloaded using link preload but not used within a few seconds from the window's load event. Please make sure it has an appropriate `as` value and it is preloaded intentionally. @ https://vercel.com/rigo-melchor-s-projects/insourceful-website/deployments:0
[  413053ms] [WARNING] The resource https://vercel.com/_next/static/immutable/chunks/1hzff2kh3gano.css was preloaded using link preload but not used within a few seconds from the window's load event. Please make sure it has an appropriate `as` value and it is preloaded intentionally. @ https://vercel.com/rigo-melchor-s-projects/insourceful-website/deployments:0
[  413053ms] [WARNING] The resource https://vercel.com/_next/static/immutable/chunks/044vmykz7q7vs.css was preloaded using link preload but not used within a few seconds from the window's load event. Please make sure it has an appropriate `as` value and it is preloaded intentionally. @ https://vercel.com/rigo-melchor-s-projects/insourceful-website/deployments:0
[  413053ms] [WARNING] The resource https://vercel.com/_next/static/immutable/media/logo-vercel-light.3an2_9g6dt4xn.svg was preloaded using link preload but not used within a few seconds from the window's load event. Please make sure it has an appropriate `as` value and it is preloaded intentionally. @ https://vercel.com/rigo-melchor-s-projects/insourceful-website/deployments:0
[  413053ms] [WARNING] The resource https://vercel.com/_next/static/immutable/chunks/0rblmumf_9wz1.css was preloaded using link preload but not used within a few seconds from the window's load event. Please make sure it has an appropriate `as` value and it is preloaded intentionally. @ https://vercel.com/rigo-melchor-s-projects/insourceful-website/deployments:0
[  413053ms] [WARNING] The resource https://vercel.com/_next/static/immutable/chunks/25nnd13fh_4k5.css was preloaded using link preload but not used within a few seconds from the window's load event. Please make sure it has an appropriate `as` value and it is preloaded intentionally. @ https://vercel.com/rigo-melchor-s-projects/insourceful-website/deployments:0
[  413053ms] [WARNING] The resource https://vercel.com/_next/static/immutable/chunks/3p9g28no3_hj-.css was preloaded using link preload but not used within a few seconds from the window's load event. Please make sure it has an appropriate `as` value and it is preloaded intentionally. @ https://vercel.com/rigo-melchor-s-projects/insourceful-website/deployments:0
[  413053ms] [WARNING] The resource https://vercel.com/_next/static/immutable/chunks/3fd49nnoyujvi.css was preloaded using link preload but not used within a few seconds from the window's load event. Please make sure it has an appropriate `as` value and it is preloaded intentionally. @ https://vercel.com/rigo-melchor-s-projects/insourceful-website/deployments:0
[  413053ms] [WARNING] The resource https://vercel.com/_next/static/immutable/chunks/2cegy48-lpb69.css was preloaded using link preload but not used within a few seconds from the window's load event. Please make sure it has an appropriate `as` value and it is preloaded intentionally. @ https://vercel.com/rigo-melchor-s-projects/insourceful-website/deployments:0
[  413053ms] [WARNING] The resource https://vercel.com/_next/static/immutable/chunks/26_kjvxoedtei.css was preloaded using link preload but not used within a few seconds from the window's load event. Please make sure it has an appropriate `as` value and it is preloaded intentionally. @ https://vercel.com/rigo-melchor-s-projects/insourceful-website/deployments:0
[  418297ms] [WARNING] The resource https://vercel.com/_next/static/immutable/chunks/1y7np90zxj-un.css was preloaded using link preload but not used within a few seconds from the window's load event. Please make sure it has an appropriate `as` value and it is preloaded intentionally. @ https://vercel.com/rigo-melchor-s-projects/insourceful-website/deployments:0
[  418297ms] [WARNING] The resource https://vercel.com/_next/static/immutable/chunks/2xsdyifozdz06.css was preloaded using link preload but not used within a few seconds from the window's load event. Please make sure it has an appropriate `as` value and it is preloaded intentionally. @ https://vercel.com/rigo-melchor-s-projects/insourceful-website/deployments:0
[  418297ms] [WARNING] The resource https://vercel.com/_next/static/immutable/media/logo-vercel-dark.28zbfuuys0x7i.svg was preloaded using link preload but not used within a few seconds from the window's load event. Please make sure it has an appropriate `as` value and it is preloaded intentionally. @ https://vercel.com/rigo-melchor-s-projects/insourceful-website/deployments:0
[  418297ms] [WARNING] The resource https://vercel.com/_next/static/immutable/chunks/0vmhpedf_b0j8.css was preloaded using link preload but not used within a few seconds from the window's load event. Please make sure it has an appropriate `as` value and it is preloaded intentionally. @ https://vercel.com/rigo-melchor-s-projects/insourceful-website/deployments:0
[  418297ms] [WARNING] The resource https://vercel.com/_next/static/immutable/chunks/2mvavehoxc309.css was preloaded using link preload but not used within a few seconds from the window's load event. Please make sure it has an appropriate `as` value and it is preloaded intentionally. @ https://vercel.com/rigo-melchor-s-projects/insourceful-website/deployments:0
[  418297ms] [WARNING] The resource https://vercel.com/_next/static/immutable/chunks/3d792zqltro0t.css was preloaded using link preload but not used within a few seconds from the window's load event. Please make sure it has an appropriate `as` value and it is preloaded intentionally. @ https://vercel.com/rigo-melchor-s-projects/insourceful-website/deployments:0
[  418297ms] [WARNING] The resource https://vercel.com/_next/static/immutable/chunks/3z9uffp9rqnx8.css was preloaded using link preload but not used within a few seconds from the window's load event. Please make sure it has an appropriate `as` value and it is preloaded intentionally. @ https://vercel.com/rigo-melchor-s-projects/insourceful-website/deployments:0
[  418297ms] [WARNING] The resource https://vercel.com/_next/static/immutable/chunks/1yl8955ma4q4-.css was preloaded using link preload but not used within a few seconds from the window's load event. Please make sure it has an appropriate `as` value and it is preloaded intentionally. @ https://vercel.com/rigo-melchor-s-projects/insourceful-website/deployments:0
[  418297ms] [WARNING] The resource https://vercel.com/_next/static/immutable/chunks/0-shbsz3-8ybx.css was preloaded using link preload but not used within a few seconds from the window's load event. Please make sure it has an appropriate `as` value and it is preloaded intentionally. @ https://vercel.com/rigo-melchor-s-projects/insourceful-website/deployments:0
[  418297ms] [WARNING] The resource https://vercel.com/_next/static/immutable/chunks/3z36ncuffz89v.css was preloaded using link preload but not used within a few seconds from the window's load event. Please make sure it has an appropriate `as` value and it is preloaded intentionally. @ https://vercel.com/rigo-melchor-s-projects/insourceful-website/deployments:0
[  418297ms] [WARNING] The resource https://vercel.com/_next/static/immutable/chunks/1xg6gg5e39tni.css was preloaded using link preload but not used within a few seconds from the window's load event. Please make sure it has an appropriate `as` value and it is preloaded intentionally. @ https://vercel.com/rigo-melchor-s-projects/insourceful-website/deployments:0
[  418297ms] [WARNING] The resource https://vercel.com/_next/static/immutable/chunks/1hzff2kh3gano.css was preloaded using link preload but not used within a few seconds from the window's load event. Please make sure it has an appropriate `as` value and it is preloaded intentionally. @ https://vercel.com/rigo-melchor-s-projects/insourceful-website/deployments:0
[  418297ms] [WARNING] The resource https://vercel.com/_next/static/immutable/chunks/044vmykz7q7vs.css was preloaded using link preload but not used within a few seconds from the window's load event. Please make sure it has an appropriate `as` value and it is preloaded intentionally. @ https://vercel.com/rigo-melchor-s-projects/insourceful-website/deployments:0
[  418297ms] [WARNING] The resource https://vercel.com/_next/static/immutable/media/logo-vercel-light.3an2_9g6dt4xn.svg was preloaded using link preload but not used within a few seconds from the window's load event. Please make sure it has an appropriate `as` value and it is preloaded intentionally. @ https://vercel.com/rigo-melchor-s-projects/insourceful-website/deployments:0
[  418297ms] [WARNING] The resource https://vercel.com/_next/static/immutable/chunks/0rblmumf_9wz1.css was preloaded using link preload but not used within a few seconds from the window's load event. Please make sure it has an appropriate `as` value and it is preloaded intentionally. @ https://vercel.com/rigo-melchor-s-projects/insourceful-website/deployments:0
[  418297ms] [WARNING] The resource https://vercel.com/_next/static/immutable/chunks/25nnd13fh_4k5.css was preloaded using link preload but not used within a few seconds from the window's load event. Please make sure it has an appropriate `as` value and it is preloaded intentionally. @ https://vercel.com/rigo-melchor-s-projects/insourceful-website/deployments:0
[  418297ms] [WARNING] The resource https://vercel.com/_next/static/immutable/chunks/3p9g28no3_hj-.css was preloaded using link preload but not used within a few seconds from the window's load event. Please make sure it has an appropriate `as` value and it is preloaded intentionally. @ https://vercel.com/rigo-melchor-s-projects/insourceful-website/deployments:0
[  418297ms] [WARNING] The resource https://vercel.com/_next/static/immutable/chunks/3fd49nnoyujvi.css was preloaded using link preload but not used within a few seconds from the window's load event. Please make sure it has an appropriate `as` value and it is preloaded intentionally. @ https://vercel.com/rigo-melchor-s-projects/insourceful-website/deployments:0
[  418297ms] [WARNING] The resource https://vercel.com/_next/static/immutable/chunks/2cegy48-lpb69.css was preloaded using link preload but not used within a few seconds from the window's load event. Please make sure it has an appropriate `as` value and it is preloaded intentionally. @ https://vercel.com/rigo-melchor-s-projects/insourceful-website/deployments:0
[  418297ms] [WARNING] The resource https://vercel.com/_next/static/immutable/chunks/26_kjvxoedtei.css was preloaded using link preload but not used within a few seconds from the window's load event. Please make sure it has an appropriate `as` value and it is preloaded intentionally. @ https://vercel.com/rigo-melchor-s-projects/insourceful-website/deployments:0
[  443336ms] [WARNING] The resource https://vercel.com/_next/static/immutable/chunks/1y7np90zxj-un.css was preloaded using link preload but not used within a few seconds from the window's load event. Please make sure it has an appropriate `as` value and it is preloaded intentionally. @ https://vercel.com/rigo-melchor-s-projects/insourceful-website/deployments:0
[  443337ms] [WARNING] The resource https://vercel.com/_next/static/immutable/chunks/2xsdyifozdz06.css was preloaded using link preload but not used within a few seconds from the window's load event. Please make sure it has an appropriate `as` value and it is preloaded intentionally. @ https://vercel.com/rigo-melchor-s-projects/insourceful-website/deployments:0
[  443337ms] [WARNING] The resource https://vercel.com/_next/static/immutable/media/logo-vercel-dark.28zbfuuys0x7i.svg was preloaded using link preload but not used within a few seconds from the window's load event. Please make sure it has an appropriate `as` value and it is preloaded intentionally. @ https://vercel.com/rigo-melchor-s-projects/insourceful-website/deployments:0
[  443337ms] [WARNING] The resource https://vercel.com/_next/static/immutable/chunks/0vmhpedf_b0j8.css was preloaded using link preload but not used within a few seconds from the window's load event. Please make sure it has an appropriate `as` value and it is preloaded intentionally. @ https://vercel.com/rigo-melchor-s-projects/insourceful-website/deployments:0
[  443337ms] [WARNING] The resource https://vercel.com/_next/static/immutable/chunks/2mvavehoxc309.css was preloaded using link preload but not used within a few seconds from the window's load event. Please make sure it has an appropriate `as` value and it is preloaded intentionally. @ https://vercel.com/rigo-melchor-s-projects/insourceful-website/deployments:0
[  443337ms] [WARNING] The resource https://vercel.com/_next/static/immutable/chunks/3d792zqltro0t.css was preloaded using link preload but not used within a few seconds from the window's load event. Please make sure it has an appropriate `as` value and it is preloaded intentionally. @ https://vercel.com/rigo-melchor-s-projects/insourceful-website/deployments:0
[  443337ms] [WARNING] The resource https://vercel.com/_next/static/immutable/chunks/3z9uffp9rqnx8.css was preloaded using link preload but not used within a few seconds from the window's load event. Please make sure it has an appropriate `as` value and it is preloaded intentionally. @ https://vercel.com/rigo-melchor-s-projects/insourceful-website/deployments:0
[  443337ms] [WARNING] The resource https://vercel.com/_next/static/immutable/chunks/1yl8955ma4q4-.css was preloaded using link preload but not used within a few seconds from the window's load event. Please make sure it has an appropriate `as` value and it is preloaded intentionally. @ https://vercel.com/rigo-melchor-s-projects/insourceful-website/deployments:0
[  443337ms] [WARNING] The resource https://vercel.com/_next/static/immutable/chunks/0-shbsz3-8ybx.css was preloaded using link preload but not used within a few seconds from the window's load event. Please make sure it has an appropriate `as` value and it is preloaded intentionally. @ https://vercel.com/rigo-melchor-s-projects/insourceful-website/deployments:0
[  443337ms] [WARNING] The resource https://vercel.com/_next/static/immutable/chunks/3z36ncuffz89v.css was preloaded using link preload but not used within a few seconds from the window's load event. Please make sure it has an appropriate `as` value and it is preloaded intentionally. @ https://vercel.com/rigo-melchor-s-projects/insourceful-website/deployments:0
[  443337ms] [WARNING] The resource https://vercel.com/_next/static/immutable/chunks/1xg6gg5e39tni.css was preloaded using link preload but not used within a few seconds from the window's load event. Please make sure it has an appropriate `as` value and it is preloaded intentionally. @ https://vercel.com/rigo-melchor-s-projects/insourceful-website/deployments:0
[  443337ms] [WARNING] The resource https://vercel.com/_next/static/immutable/chunks/1hzff2kh3gano.css was preloaded using link preload but not used within a few seconds from the window's load event. Please make sure it has an appropriate `as` value and it is preloaded intentionally. @ https://vercel.com/rigo-melchor-s-projects/insourceful-website/deployments:0
[  443337ms] [WARNING] The resource https://vercel.com/_next/static/immutable/chunks/044vmykz7q7vs.css was preloaded using link preload but not used within a few seconds from the window's load event. Please make sure it has an appropriate `as` value and it is preloaded intentionally. @ https://vercel.com/rigo-melchor-s-projects/insourceful-website/deployments:0
[  443337ms] [WARNING] The resource https://vercel.com/_next/static/immutable/media/logo-vercel-light.3an2_9g6dt4xn.svg was preloaded using link preload but not used within a few seconds from the window's load event. Please make sure it has an appropriate `as` value and it is preloaded intentionally. @ https://vercel.com/rigo-melchor-s-projects/insourceful-website/deployments:0
[  443337ms] [WARNING] The resource https://vercel.com/_next/static/immutable/chunks/0rblmumf_9wz1.css was preloaded using link preload but not used within a few seconds from the window's load event. Please make sure it has an appropriate `as` value and it is preloaded intentionally. @ https://vercel.com/rigo-melchor-s-projects/insourceful-website/deployments:0
[  443337ms] [WARNING] The resource https://vercel.com/_next/static/immutable/chunks/25nnd13fh_4k5.css was preloaded using link preload but not used within a few seconds from the window's load event. Please make sure it has an appropriate `as` value and it is preloaded intentionally. @ https://vercel.com/rigo-melchor-s-projects/insourceful-website/deployments:0
[  443337ms] [WARNING] The resource https://vercel.com/_next/static/immutable/chunks/3p9g28no3_hj-.css was preloaded using link preload but not used within a few seconds from the window's load event. Please make sure it has an appropriate `as` value and it is preloaded intentionally. @ https://vercel.com/rigo-melchor-s-projects/insourceful-website/deployments:0
[  443337ms] [WARNING] The resource https://vercel.com/_next/static/immutable/chunks/3fd49nnoyujvi.css was preloaded using link preload but not used within a few seconds from the window's load event. Please make sure it has an appropriate `as` value and it is preloaded intentionally. @ https://vercel.com/rigo-melchor-s-projects/insourceful-website/deployments:0
[  443337ms] [WARNING] The resource https://vercel.com/_next/static/immutable/chunks/2cegy48-lpb69.css was preloaded using link preload but not used within a few seconds from the window's load event. Please make sure it has an appropriate `as` value and it is preloaded intentionally. @ https://vercel.com/rigo-melchor-s-projects/insourceful-website/deployments:0
[  443337ms] [WARNING] The resource https://vercel.com/_next/static/immutable/chunks/26_kjvxoedtei.css was preloaded using link preload but not used within a few seconds from the window's load event. Please make sure it has an appropriate `as` value and it is preloaded intentionally. @ https://vercel.com/rigo-melchor-s-projects/insourceful-website/deployments:0
[  448656ms] [WARNING] The resource https://vercel.com/_next/static/immutable/chunks/1y7np90zxj-un.css was preloaded using link preload but not used within a few seconds from the window's load event. Please make sure it has an appropriate `as` value and it is preloaded intentionally. @ https://vercel.com/rigo-melchor-s-projects/insourceful-website/deployments:0
[  448656ms] [WARNING] The resource https://vercel.com/_next/static/immutable/chunks/2xsdyifozdz06.css was preloaded using link preload but not used within a few seconds from the window's load event. Please make sure it has an appropriate `as` value and it is preloaded intentionally. @ https://vercel.com/rigo-melchor-s-projects/insourceful-website/deployments:0
[  448656ms] [WARNING] The resource https://vercel.com/_next/static/immutable/media/logo-vercel-dark.28zbfuuys0x7i.svg was preloaded using link preload but not used within a few seconds from the window's load event. Please make sure it has an appropriate `as` value and it is preloaded intentionally. @ https://vercel.com/rigo-melchor-s-projects/insourceful-website/deployments:0
[  448656ms] [WARNING] The resource https://vercel.com/_next/static/immutable/chunks/0vmhpedf_b0j8.css was preloaded using link preload but not used within a few seconds from the window's load event. Please make sure it has an appropriate `as` value and it is preloaded intentionally. @ https://vercel.com/rigo-melchor-s-projects/insourceful-website/deployments:0
[  448656ms] [WARNING] The resource https://vercel.com/_next/static/immutable/chunks/2mvavehoxc309.css was preloaded using link preload but not used within a few seconds from the window's load event. Please make sure it has an appropriate `as` value and it is preloaded intentionally. @ https://vercel.com/rigo-melchor-s-projects/insourceful-website/deployments:0
[  448656ms] [WARNING] The resource https://vercel.com/_next/static/immutable/chunks/3d792zqltro0t.css was preloaded using link preload but not used within a few seconds from the window's load event. Please make sure it has an appropriate `as` value and it is preloaded intentionally. @ https://vercel.com/rigo-melchor-s-projects/insourceful-website/deployments:0
[  448656ms] [WARNING] The resource https://vercel.com/_next/static/immutable/chunks/3z9uffp9rqnx8.css was preloaded using link preload but not used within a few seconds from the window's load event. Please make sure it has an appropriate `as` value and it is preloaded intentionally. @ https://vercel.com/rigo-melchor-s-projects/insourceful-website/deployments:0
[  448656ms] [WARNING] The resource https://vercel.com/_next/static/immutable/chunks/1yl8955ma4q4-.css was preloaded using link preload but not used within a few seconds from the window's load event. Please make sure it has an appropriate `as` value and it is preloaded intentionally. @ https://vercel.com/rigo-melchor-s-projects/insourceful-website/deployments:0
[  448656ms] [WARNING] The resource https://vercel.com/_next/static/immutable/chunks/0-shbsz3-8ybx.css was preloaded using link preload but not used within a few seconds from the window's load event. Please make sure it has an appropriate `as` value and it is preloaded intentionally. @ https://vercel.com/rigo-melchor-s-projects/insourceful-website/deployments:0
[  448656ms] [WARNING] The resource https://vercel.com/_next/static/immutable/chunks/3z36ncuffz89v.css was preloaded using link preload but not used within a few seconds from the window's load event. Please make sure it has an appropriate `as` value and it is preloaded intentionally. @ https://vercel.com/rigo-melchor-s-projects/insourceful-website/deployments:0
[  448656ms] [WARNING] The resource https://vercel.com/_next/static/immutable/chunks/1xg6gg5e39tni.css was preloaded using link preload but not used within a few seconds from the window's load event. Please make sure it has an appropriate `as` value and it is preloaded intentionally. @ https://vercel.com/rigo-melchor-s-projects/insourceful-website/deployments:0
[  448656ms] [WARNING] The resource https://vercel.com/_next/static/immutable/chunks/1hzff2kh3gano.css was preloaded using link preload but not used within a few seconds from the window's load event. Please make sure it has an appropriate `as` value and it is preloaded intentionally. @ https://vercel.com/rigo-melchor-s-projects/insourceful-website/deployments:0
[  448656ms] [WARNING] The resource https://vercel.com/_next/static/immutable/chunks/044vmykz7q7vs.css was preloaded using link preload but not used within a few seconds from the window's load event. Please make sure it has an appropriate `as` value and it is preloaded intentionally. @ https://vercel.com/rigo-melchor-s-projects/insourceful-website/deployments:0
[  448656ms] [WARNING] The resource https://vercel.com/_next/static/immutable/media/logo-vercel-light.3an2_9g6dt4xn.svg was preloaded using link preload but not used within a few seconds from the window's load event. Please make sure it has an appropriate `as` value and it is preloaded intentionally. @ https://vercel.com/rigo-melchor-s-projects/insourceful-website/deployments:0
[  448656ms] [WARNING] The resource https://vercel.com/_next/static/immutable/chunks/0rblmumf_9wz1.css was preloaded using link preload but not used within a few seconds from the window's load event. Please make sure it has an appropriate `as` value and it is preloaded intentionally. @ https://vercel.com/rigo-melchor-s-projects/insourceful-website/deployments:0
[  448656ms] [WARNING] The resource https://vercel.com/_next/static/immutable/chunks/25nnd13fh_4k5.css was preloaded using link preload but not used within a few seconds from the window's load event. Please make sure it has an appropriate `as` value and it is preloaded intentionally. @ https://vercel.com/rigo-melchor-s-projects/insourceful-website/deployments:0
[  448656ms] [WARNING] The resource https://vercel.com/_next/static/immutable/chunks/3p9g28no3_hj-.css was preloaded using link preload but not used within a few seconds from the window's load event. Please make sure it has an appropriate `as` value and it is preloaded intentionally. @ https://vercel.com/rigo-melchor-s-projects/insourceful-website/deployments:0
[  448656ms] [WARNING] The resource https://vercel.com/_next/static/immutable/chunks/3fd49nnoyujvi.css was preloaded using link preload but not used within a few seconds from the window's load event. Please make sure it has an appropriate `as` value and it is preloaded intentionally. @ https://vercel.com/rigo-melchor-s-projects/insourceful-website/deployments:0
[  448656ms] [WARNING] The resource https://vercel.com/_next/static/immutable/chunks/2cegy48-lpb69.css was preloaded using link preload but not used within a few seconds from the window's load event. Please make sure it has an appropriate `as` value and it is preloaded intentionally. @ https://vercel.com/rigo-melchor-s-projects/insourceful-website/deployments:0
[  448657ms] [WARNING] The resource https://vercel.com/_next/static/immutable/chunks/26_kjvxoedtei.css was preloaded using link preload but not used within a few seconds from the window's load event. Please make sure it has an appropriate `as` value and it is preloaded intentionally. @ https://vercel.com/rigo-melchor-s-projects/insourceful-website/deployments:0
[  473614ms] [WARNING] The resource https://vercel.com/_next/static/immutable/chunks/1y7np90zxj-un.css was preloaded using link preload but not used within a few seconds from the window's load event. Please make sure it has an appropriate `as` value and it is preloaded intentionally. @ https://vercel.com/rigo-melchor-s-projects/insourceful-website/deployments:0
[  473614ms] [WARNING] The resource https://vercel.com/_next/static/immutable/chunks/2xsdyifozdz06.css was preloaded using link preload but not used within a few seconds from the window's load event. Please make sure it has an appropriate `as` value and it is preloaded intentionally. @ https://vercel.com/rigo-melchor-s-projects/insourceful-website/deployments:0
[  473614ms] [WARNING] The resource https://vercel.com/_next/static/immutable/media/logo-vercel-dark.28zbfuuys0x7i.svg was preloaded using link preload but not used within a few seconds from the window's load event. Please make sure it has an appropriate `as` value and it is preloaded intentionally. @ https://vercel.com/rigo-melchor-s-projects/insourceful-website/deployments:0
[  473614ms] [WARNING] The resource https://vercel.com/_next/static/immutable/chunks/0vmhpedf_b0j8.css was preloaded using link preload but not used within a few seconds from the window's load event. Please make sure it has an appropriate `as` value and it is preloaded intentionally. @ https://vercel.com/rigo-melchor-s-projects/insourceful-website/deployments:0
[  473614ms] [WARNING] The resource https://vercel.com/_next/static/immutable/chunks/2mvavehoxc309.css was preloaded using link preload but not used within a few seconds from the window's load event. Please make sure it has an appropriate `as` value and it is preloaded intentionally. @ https://vercel.com/rigo-melchor-s-projects/insourceful-website/deployments:0
[  473614ms] [WARNING] The resource https://vercel.com/_next/static/immutable/chunks/3d792zqltro0t.css was preloaded using link preload but not used within a few seconds from the window's load event. Please make sure it has an appropriate `as` value and it is preloaded intentionally. @ https://vercel.com/rigo-melchor-s-projects/insourceful-website/deployments:0
[  473614ms] [WARNING] The resource https://vercel.com/_next/static/immutable/chunks/3z9uffp9rqnx8.css was preloaded using link preload but not used within a few seconds from the window's load event. Please make sure it has an appropriate `as` value and it is preloaded intentionally. @ https://vercel.com/rigo-melchor-s-projects/insourceful-website/deployments:0
[  473614ms] [WARNING] The resource https://vercel.com/_next/static/immutable/chunks/1yl8955ma4q4-.css was preloaded using link preload but not used within a few seconds from the window's load event. Please make sure it has an appropriate `as` value and it is preloaded intentionally. @ https://vercel.com/rigo-melchor-s-projects/insourceful-website/deployments:0
[  473614ms] [WARNING] The resource https://vercel.com/_next/static/immutable/chunks/0-shbsz3-8ybx.css was preloaded using link preload but not used within a few seconds from the window's load event. Please make sure it has an appropriate `as` value and it is preloaded intentionally. @ https://vercel.com/rigo-melchor-s-projects/insourceful-website/deployments:0
[  473614ms] [WARNING] The resource https://vercel.com/_next/static/immutable/chunks/3z36ncuffz89v.css was preloaded using link preload but not used within a few seconds from the window's load event. Please make sure it has an appropriate `as` value and it is preloaded intentionally. @ https://vercel.com/rigo-melchor-s-projects/insourceful-website/deployments:0
[  473614ms] [WARNING] The resource https://vercel.com/_next/static/immutable/chunks/1xg6gg5e39tni.css was preloaded using link preload but not used within a few seconds from the window's load event. Please make sure it has an appropriate `as` value and it is preloaded intentionally. @ https://vercel.com/rigo-melchor-s-projects/insourceful-website/deployments:0
[  473614ms] [WARNING] The resource https://vercel.com/_next/static/immutable/chunks/1hzff2kh3gano.css was preloaded using link preload but not used within a few seconds from the window's load event. Please make sure it has an appropriate `as` value and it is preloaded intentionally. @ https://vercel.com/rigo-melchor-s-projects/insourceful-website/deployments:0
[  473614ms] [WARNING] The resource https://vercel.com/_next/static/immutable/chunks/044vmykz7q7vs.css was preloaded using link preload but not used within a few seconds from the window's load event. Please make sure it has an appropriate `as` value and it is preloaded intentionally. @ https://vercel.com/rigo-melchor-s-projects/insourceful-website/deployments:0
[  473614ms] [WARNING] The resource https://vercel.com/_next/static/immutable/media/logo-vercel-light.3an2_9g6dt4xn.svg was preloaded using link preload but not used within a few seconds from the window's load event. Please make sure it has an appropriate `as` value and it is preloaded intentionally. @ https://vercel.com/rigo-melchor-s-projects/insourceful-website/deployments:0
[  473614ms] [WARNING] The resource https://vercel.com/_next/static/immutable/chunks/0rblmumf_9wz1.css was preloaded using link preload but not used within a few seconds from the window's load event. Please make sure it has an appropriate `as` value and it is preloaded intentionally. @ https://vercel.com/rigo-melchor-s-projects/insourceful-website/deployments:0
[  473614ms] [WARNING] The resource https://vercel.com/_next/static/immutable/chunks/25nnd13fh_4k5.css was preloaded using link preload but not used within a few seconds from the window's load event. Please make sure it has an appropriate `as` value and it is preloaded intentionally. @ https://vercel.com/rigo-melchor-s-projects/insourceful-website/deployments:0
[  473614ms] [WARNING] The resource https://vercel.com/_next/static/immutable/chunks/3p9g28no3_hj-.css was preloaded using link preload but not used within a few seconds from the window's load event. Please make sure it has an appropriate `as` value and it is preloaded intentionally. @ https://vercel.com/rigo-melchor-s-projects/insourceful-website/deployments:0
[  473614ms] [WARNING] The resource https://vercel.com/_next/static/immutable/chunks/3fd49nnoyujvi.css was preloaded using link preload but not used within a few seconds from the window's load event. Please make sure it has an appropriate `as` value and it is preloaded intentionally. @ https://vercel.com/rigo-melchor-s-projects/insourceful-website/deployments:0
[  473614ms] [WARNING] The resource https://vercel.com/_next/static/immutable/chunks/2cegy48-lpb69.css was preloaded using link preload but not used within a few seconds from the window's load event. Please make sure it has an appropriate `as` value and it is preloaded intentionally. @ https://vercel.com/rigo-melchor-s-projects/insourceful-website/deployments:0
[  473614ms] [WARNING] The resource https://vercel.com/_next/static/immutable/chunks/26_kjvxoedtei.css was preloaded using link preload but not used within a few seconds from the window's load event. Please make sure it has an appropriate `as` value and it is preloaded intentionally. @ https://vercel.com/rigo-melchor-s-projects/insourceful-website/deployments:0
[  478914ms] [WARNING] The resource https://vercel.com/_next/static/immutable/chunks/1y7np90zxj-un.css was preloaded using link preload but not used within a few seconds from the window's load event. Please make sure it has an appropriate `as` value and it is preloaded intentionally. @ https://vercel.com/rigo-melchor-s-projects/insourceful-website/deployments:0
[  478914ms] [WARNING] The resource https://vercel.com/_next/static/immutable/chunks/2xsdyifozdz06.css was preloaded using link preload but not used within a few seconds from the window's load event. Please make sure it has an appropriate `as` value and it is preloaded intentionally. @ https://vercel.com/rigo-melchor-s-projects/insourceful-website/deployments:0
[  478914ms] [WARNING] The resource https://vercel.com/_next/static/immutable/media/logo-vercel-dark.28zbfuuys0x7i.svg was preloaded using link preload but not used within a few seconds from the window's load event. Please make sure it has an appropriate `as` value and it is preloaded intentionally. @ https://vercel.com/rigo-melchor-s-projects/insourceful-website/deployments:0
[  478914ms] [WARNING] The resource https://vercel.com/_next/static/immutable/chunks/0vmhpedf_b0j8.css was preloaded using link preload but not used within a few seconds from the window's load event. Please make sure it has an appropriate `as` value and it is preloaded intentionally. @ https://vercel.com/rigo-melchor-s-projects/insourceful-website/deployments:0
[  478914ms] [WARNING] The resource https://vercel.com/_next/static/immutable/chunks/2mvavehoxc309.css was preloaded using link preload but not used within a few seconds from the window's load event. Please make sure it has an appropriate `as` value and it is preloaded intentionally. @ https://vercel.com/rigo-melchor-s-projects/insourceful-website/deployments:0
[  478914ms] [WARNING] The resource https://vercel.com/_next/static/immutable/chunks/3d792zqltro0t.css was preloaded using link preload but not used within a few seconds from the window's load event. Please make sure it has an appropriate `as` value and it is preloaded intentionally. @ https://vercel.com/rigo-melchor-s-projects/insourceful-website/deployments:0
[  478914ms] [WARNING] The resource https://vercel.com/_next/static/immutable/chunks/3z9uffp9rqnx8.css was preloaded using link preload but not used within a few seconds from the window's load event. Please make sure it has an appropriate `as` value and it is preloaded intentionally. @ https://vercel.com/rigo-melchor-s-projects/insourceful-website/deployments:0
[  478914ms] [WARNING] The resource https://vercel.com/_next/static/immutable/chunks/1yl8955ma4q4-.css was preloaded using link preload but not used within a few seconds from the window's load event. Please make sure it has an appropriate `as` value and it is preloaded intentionally. @ https://vercel.com/rigo-melchor-s-projects/insourceful-website/deployments:0
[  478914ms] [WARNING] The resource https://vercel.com/_next/static/immutable/chunks/0-shbsz3-8ybx.css was preloaded using link preload but not used within a few seconds from the window's load event. Please make sure it has an appropriate `as` value and it is preloaded intentionally. @ https://vercel.com/rigo-melchor-s-projects/insourceful-website/deployments:0
[  478914ms] [WARNING] The resource https://vercel.com/_next/static/immutable/chunks/3z36ncuffz89v.css was preloaded using link preload but not used within a few seconds from the window's load event. Please make sure it has an appropriate `as` value and it is preloaded intentionally. @ https://vercel.com/rigo-melchor-s-projects/insourceful-website/deployments:0
[  478914ms] [WARNING] The resource https://vercel.com/_next/static/immutable/chunks/1xg6gg5e39tni.css was preloaded using link preload but not used within a few seconds from the window's load event. Please make sure it has an appropriate `as` value and it is preloaded intentionally. @ https://vercel.com/rigo-melchor-s-projects/insourceful-website/deployments:0
[  478914ms] [WARNING] The resource https://vercel.com/_next/static/immutable/chunks/1hzff2kh3gano.css was preloaded using link preload but not used within a few seconds from the window's load event. Please make sure it has an appropriate `as` value and it is preloaded intentionally. @ https://vercel.com/rigo-melchor-s-projects/insourceful-website/deployments:0
[  478914ms] [WARNING] The resource https://vercel.com/_next/static/immutable/chunks/044vmykz7q7vs.css was preloaded using link preload but not used within a few seconds from the window's load event. Please make sure it has an appropriate `as` value and it is preloaded intentionally. @ https://vercel.com/rigo-melchor-s-projects/insourceful-website/deployments:0
[  478914ms] [WARNING] The resource https://vercel.com/_next/static/immutable/media/logo-vercel-light.3an2_9g6dt4xn.svg was preloaded using link preload but not used within a few seconds from the window's load event. Please make sure it has an appropriate `as` value and it is preloaded intentionally. @ https://vercel.com/rigo-melchor-s-projects/insourceful-website/deployments:0
[  478914ms] [WARNING] The resource https://vercel.com/_next/static/immutable/chunks/0rblmumf_9wz1.css was preloaded using link preload but not used within a few seconds from the window's load event. Please make sure it has an appropriate `as` value and it is preloaded intentionally. @ https://vercel.com/rigo-melchor-s-projects/insourceful-website/deployments:0
[  478914ms] [WARNING] The resource https://vercel.com/_next/static/immutable/chunks/25nnd13fh_4k5.css was preloaded using link preload but not used within a few seconds from the window's load event. Please make sure it has an appropriate `as` value and it is preloaded intentionally. @ https://vercel.com/rigo-melchor-s-projects/insourceful-website/deployments:0
[  478914ms] [WARNING] The resource https://vercel.com/_next/static/immutable/chunks/3p9g28no3_hj-.css was preloaded using link preload but not used within a few seconds from the window's load event. Please make sure it has an appropriate `as` value and it is preloaded intentionally. @ https://vercel.com/rigo-melchor-s-projects/insourceful-website/deployments:0
[  478914ms] [WARNING] The resource https://vercel.com/_next/static/immutable/chunks/3fd49nnoyujvi.css was preloaded using link preload but not used within a few seconds from the window's load event. Please make sure it has an appropriate `as` value and it is preloaded intentionally. @ https://vercel.com/rigo-melchor-s-projects/insourceful-website/deployments:0
[  478914ms] [WARNING] The resource https://vercel.com/_next/static/immutable/chunks/2cegy48-lpb69.css was preloaded using link preload but not used within a few seconds from the window's load event. Please make sure it has an appropriate `as` value and it is preloaded intentionally. @ https://vercel.com/rigo-melchor-s-projects/insourceful-website/deployments:0
[  478914ms] [WARNING] The resource https://vercel.com/_next/static/immutable/chunks/26_kjvxoedtei.css was preloaded using link preload but not used within a few seconds from the window's load event. Please make sure it has an appropriate `as` value and it is preloaded intentionally. @ https://vercel.com/rigo-melchor-s-projects/insourceful-website/deployments:0
[  504158ms] [WARNING] The resource https://vercel.com/_next/static/immutable/chunks/1y7np90zxj-un.css was preloaded using link preload but not used within a few seconds from the window's load event. Please make sure it has an appropriate `as` value and it is preloaded intentionally. @ https://vercel.com/rigo-melchor-s-projects/insourceful-website/deployments:0
[  504158ms] [WARNING] The resource https://vercel.com/_next/static/immutable/chunks/2xsdyifozdz06.css was preloaded using link preload but not used within a few seconds from the window's load event. Please make sure it has an appropriate `as` value and it is preloaded intentionally. @ https://vercel.com/rigo-melchor-s-projects/insourceful-website/deployments:0
[  504158ms] [WARNING] The resource https://vercel.com/_next/static/immutable/media/logo-vercel-dark.28zbfuuys0x7i.svg was preloaded using link preload but not used within a few seconds from the window's load event. Please make sure it has an appropriate `as` value and it is preloaded intentionally. @ https://vercel.com/rigo-melchor-s-projects/insourceful-website/deployments:0
[  504158ms] [WARNING] The resource https://vercel.com/_next/static/immutable/chunks/0vmhpedf_b0j8.css was preloaded using link preload but not used within a few seconds from the window's load event. Please make sure it has an appropriate `as` value and it is preloaded intentionally. @ https://vercel.com/rigo-melchor-s-projects/insourceful-website/deployments:0
[  504158ms] [WARNING] The resource https://vercel.com/_next/static/immutable/chunks/2mvavehoxc309.css was preloaded using link preload but not used within a few seconds from the window's load event. Please make sure it has an appropriate `as` value and it is preloaded intentionally. @ https://vercel.com/rigo-melchor-s-projects/insourceful-website/deployments:0
[  504158ms] [WARNING] The resource https://vercel.com/_next/static/immutable/chunks/3d792zqltro0t.css was preloaded using link preload but not used within a few seconds from the window's load event. Please make sure it has an appropriate `as` value and it is preloaded intentionally. @ https://vercel.com/rigo-melchor-s-projects/insourceful-website/deployments:0
[  504158ms] [WARNING] The resource https://vercel.com/_next/static/immutable/chunks/3z9uffp9rqnx8.css was preloaded using link preload but not used within a few seconds from the window's load event. Please make sure it has an appropriate `as` value and it is preloaded intentionally. @ https://vercel.com/rigo-melchor-s-projects/insourceful-website/deployments:0
[  504158ms] [WARNING] The resource https://vercel.com/_next/static/immutable/chunks/1yl8955ma4q4-.css was preloaded using link preload but not used within a few seconds from the window's load event. Please make sure it has an appropriate `as` value and it is preloaded intentionally. @ https://vercel.com/rigo-melchor-s-projects/insourceful-website/deployments:0
[  504158ms] [WARNING] The resource https://vercel.com/_next/static/immutable/chunks/0-shbsz3-8ybx.css was preloaded using link preload but not used within a few seconds from the window's load event. Please make sure it has an appropriate `as` value and it is preloaded intentionally. @ https://vercel.com/rigo-melchor-s-projects/insourceful-website/deployments:0
[  504158ms] [WARNING] The resource https://vercel.com/_next/static/immutable/chunks/3z36ncuffz89v.css was preloaded using link preload but not used within a few seconds from the window's load event. Please make sure it has an appropriate `as` value and it is preloaded intentionally. @ https://vercel.com/rigo-melchor-s-projects/insourceful-website/deployments:0
[  504158ms] [WARNING] The resource https://vercel.com/_next/static/immutable/chunks/1xg6gg5e39tni.css was preloaded using link preload but not used within a few seconds from the window's load event. Please make sure it has an appropriate `as` value and it is preloaded intentionally. @ https://vercel.com/rigo-melchor-s-projects/insourceful-website/deployments:0
[  504158ms] [WARNING] The resource https://vercel.com/_next/static/immutable/chunks/1hzff2kh3gano.css was preloaded using link preload but not used within a few seconds from the window's load event. Please make sure it has an appropriate `as` value and it is preloaded intentionally. @ https://vercel.com/rigo-melchor-s-projects/insourceful-website/deployments:0
[  504158ms] [WARNING] The resource https://vercel.com/_next/static/immutable/chunks/044vmykz7q7vs.css was preloaded using link preload but not used within a few seconds from the window's load event. Please make sure it has an appropriate `as` value and it is preloaded intentionally. @ https://vercel.com/rigo-melchor-s-projects/insourceful-website/deployments:0
[  504158ms] [WARNING] The resource https://vercel.com/_next/static/immutable/media/logo-vercel-light.3an2_9g6dt4xn.svg was preloaded using link preload but not used within a few seconds from the window's load event. Please make sure it has an appropriate `as` value and it is preloaded intentionally. @ https://vercel.com/rigo-melchor-s-projects/insourceful-website/deployments:0
[  504158ms] [WARNING] The resource https://vercel.com/_next/static/immutable/chunks/0rblmumf_9wz1.css was preloaded using link preload but not used within a few seconds from the window's load event. Please make sure it has an appropriate `as` value and it is preloaded intentionally. @ https://vercel.com/rigo-melchor-s-projects/insourceful-website/deployments:0
[  504158ms] [WARNING] The resource https://vercel.com/_next/static/immutable/chunks/25nnd13fh_4k5.css was preloaded using link preload but not used within a few seconds from the window's load event. Please make sure it has an appropriate `as` value and it is preloaded intentionally. @ https://vercel.com/rigo-melchor-s-projects/insourceful-website/deployments:0
[  504158ms] [WARNING] The resource https://vercel.com/_next/static/immutable/chunks/3p9g28no3_hj-.css was preloaded using link preload but not used within a few seconds from the window's load event. Please make sure it has an appropriate `as` value and it is preloaded intentionally. @ https://vercel.com/rigo-melchor-s-projects/insourceful-website/deployments:0
[  504158ms] [WARNING] The resource https://vercel.com/_next/static/immutable/chunks/3fd49nnoyujvi.css was preloaded using link preload but not used within a few seconds from the window's load event. Please make sure it has an appropriate `as` value and it is preloaded intentionally. @ https://vercel.com/rigo-melchor-s-projects/insourceful-website/deployments:0
[  504158ms] [WARNING] The resource https://vercel.com/_next/static/immutable/chunks/2cegy48-lpb69.css was preloaded using link preload but not used within a few seconds from the window's load event. Please make sure it has an appropriate `as` value and it is preloaded intentionally. @ https://vercel.com/rigo-melchor-s-projects/insourceful-website/deployments:0
[  504158ms] [WARNING] The resource https://vercel.com/_next/static/immutable/chunks/26_kjvxoedtei.css was preloaded using link preload but not used within a few seconds from the window's load event. Please make sure it has an appropriate `as` value and it is preloaded intentionally. @ https://vercel.com/rigo-melchor-s-projects/insourceful-website/deployments:0
[  509271ms] [WARNING] The resource https://vercel.com/_next/static/immutable/chunks/1y7np90zxj-un.css was preloaded using link preload but not used within a few seconds from the window's load event. Please make sure it has an appropriate `as` value and it is preloaded intentionally. @ https://vercel.com/rigo-melchor-s-projects/insourceful-website/deployments:0
[  509271ms] [WARNING] The resource https://vercel.com/_next/static/immutable/chunks/2xsdyifozdz06.css was preloaded using link preload but not used within a few seconds from the window's load event. Please make sure it has an appropriate `as` value and it is preloaded intentionally. @ https://vercel.com/rigo-melchor-s-projects/insourceful-website/deployments:0
[  509271ms] [WARNING] The resource https://vercel.com/_next/static/immutable/media/logo-vercel-dark.28zbfuuys0x7i.svg was preloaded using link preload but not used within a few seconds from the window's load event. Please make sure it has an appropriate `as` value and it is preloaded intentionally. @ https://vercel.com/rigo-melchor-s-projects/insourceful-website/deployments:0
[  509271ms] [WARNING] The resource https://vercel.com/_next/static/immutable/chunks/0vmhpedf_b0j8.css was preloaded using link preload but not used within a few seconds from the window's load event. Please make sure it has an appropriate `as` value and it is preloaded intentionally. @ https://vercel.com/rigo-melchor-s-projects/insourceful-website/deployments:0
[  509271ms] [WARNING] The resource https://vercel.com/_next/static/immutable/chunks/2mvavehoxc309.css was preloaded using link preload but not used within a few seconds from the window's load event. Please make sure it has an appropriate `as` value and it is preloaded intentionally. @ https://vercel.com/rigo-melchor-s-projects/insourceful-website/deployments:0
[  509271ms] [WARNING] The resource https://vercel.com/_next/static/immutable/chunks/3d792zqltro0t.css was preloaded using link preload but not used within a few seconds from the window's load event. Please make sure it has an appropriate `as` value and it is preloaded intentionally. @ https://vercel.com/rigo-melchor-s-projects/insourceful-website/deployments:0
[  509271ms] [WARNING] The resource https://vercel.com/_next/static/immutable/chunks/3z9uffp9rqnx8.css was preloaded using link preload but not used within a few seconds from the window's load event. Please make sure it has an appropriate `as` value and it is preloaded intentionally. @ https://vercel.com/rigo-melchor-s-projects/insourceful-website/deployments:0
[  509271ms] [WARNING] The resource https://vercel.com/_next/static/immutable/chunks/1yl8955ma4q4-.css was preloaded using link preload but not used within a few seconds from the window's load event. Please make sure it has an appropriate `as` value and it is preloaded intentionally. @ https://vercel.com/rigo-melchor-s-projects/insourceful-website/deployments:0
[  509271ms] [WARNING] The resource https://vercel.com/_next/static/immutable/chunks/0-shbsz3-8ybx.css was preloaded using link preload but not used within a few seconds from the window's load event. Please make sure it has an appropriate `as` value and it is preloaded intentionally. @ https://vercel.com/rigo-melchor-s-projects/insourceful-website/deployments:0
[  509271ms] [WARNING] The resource https://vercel.com/_next/static/immutable/chunks/3z36ncuffz89v.css was preloaded using link preload but not used within a few seconds from the window's load event. Please make sure it has an appropriate `as` value and it is preloaded intentionally. @ https://vercel.com/rigo-melchor-s-projects/insourceful-website/deployments:0
[  509271ms] [WARNING] The resource https://vercel.com/_next/static/immutable/chunks/1xg6gg5e39tni.css was preloaded using link preload but not used within a few seconds from the window's load event. Please make sure it has an appropriate `as` value and it is preloaded intentionally. @ https://vercel.com/rigo-melchor-s-projects/insourceful-website/deployments:0
[  509271ms] [WARNING] The resource https://vercel.com/_next/static/immutable/chunks/1hzff2kh3gano.css was preloaded using link preload but not used within a few seconds from the window's load event. Please make sure it has an appropriate `as` value and it is preloaded intentionally. @ https://vercel.com/rigo-melchor-s-projects/insourceful-website/deployments:0
[  509271ms] [WARNING] The resource https://vercel.com/_next/static/immutable/chunks/044vmykz7q7vs.css was preloaded using link preload but not used within a few seconds from the window's load event. Please make sure it has an appropriate `as` value and it is preloaded intentionally. @ https://vercel.com/rigo-melchor-s-projects/insourceful-website/deployments:0
[  509271ms] [WARNING] The resource https://vercel.com/_next/static/immutable/media/logo-vercel-light.3an2_9g6dt4xn.svg was preloaded using link preload but not used within a few seconds from the window's load event. Please make sure it has an appropriate `as` value and it is preloaded intentionally. @ https://vercel.com/rigo-melchor-s-projects/insourceful-website/deployments:0
[  509271ms] [WARNING] The resource https://vercel.com/_next/static/immutable/chunks/0rblmumf_9wz1.css was preloaded using link preload but not used within a few seconds from the window's load event. Please make sure it has an appropriate `as` value and it is preloaded intentionally. @ https://vercel.com/rigo-melchor-s-projects/insourceful-website/deployments:0
[  509271ms] [WARNING] The resource https://vercel.com/_next/static/immutable/chunks/25nnd13fh_4k5.css was preloaded using link preload but not used within a few seconds from the window's load event. Please make sure it has an appropriate `as` value and it is preloaded intentionally. @ https://vercel.com/rigo-melchor-s-projects/insourceful-website/deployments:0
[  509271ms] [WARNING] The resource https://vercel.com/_next/static/immutable/chunks/3p9g28no3_hj-.css was preloaded using link preload but not used within a few seconds from the window's load event. Please make sure it has an appropriate `as` value and it is preloaded intentionally. @ https://vercel.com/rigo-melchor-s-projects/insourceful-website/deployments:0
[  509271ms] [WARNING] The resource https://vercel.com/_next/static/immutable/chunks/3fd49nnoyujvi.css was preloaded using link preload but not used within a few seconds from the window's load event. Please make sure it has an appropriate `as` value and it is preloaded intentionally. @ https://vercel.com/rigo-melchor-s-projects/insourceful-website/deployments:0
[  509271ms] [WARNING] The resource https://vercel.com/_next/static/immutable/chunks/2cegy48-lpb69.css was preloaded using link preload but not used within a few seconds from the window's load event. Please make sure it has an appropriate `as` value and it is preloaded intentionally. @ https://vercel.com/rigo-melchor-s-projects/insourceful-website/deployments:0
[  509271ms] [WARNING] The resource https://vercel.com/_next/static/immutable/chunks/26_kjvxoedtei.css was preloaded using link preload but not used within a few seconds from the window's load event. Please make sure it has an appropriate `as` value and it is preloaded intentionally. @ https://vercel.com/rigo-melchor-s-projects/insourceful-website/deployments:0
[  534434ms] [WARNING] The resource https://vercel.com/_next/static/immutable/chunks/1y7np90zxj-un.css was preloaded using link preload but not used within a few seconds from the window's load event. Please make sure it has an appropriate `as` value and it is preloaded intentionally. @ https://vercel.com/rigo-melchor-s-projects/insourceful-website/deployments:0
[  534434ms] [WARNING] The resource https://vercel.com/_next/static/immutable/chunks/2xsdyifozdz06.css was preloaded using link preload but not used within a few seconds from the window's load event. Please make sure it has an appropriate `as` value and it is preloaded intentionally. @ https://vercel.com/rigo-melchor-s-projects/insourceful-website/deployments:0
[  534434ms] [WARNING] The resource https://vercel.com/_next/static/immutable/media/logo-vercel-dark.28zbfuuys0x7i.svg was preloaded using link preload but not used within a few seconds from the window's load event. Please make sure it has an appropriate `as` value and it is preloaded intentionally. @ https://vercel.com/rigo-melchor-s-projects/insourceful-website/deployments:0
[  534434ms] [WARNING] The resource https://vercel.com/_next/static/immutable/chunks/0vmhpedf_b0j8.css was preloaded using link preload but not used within a few seconds from the window's load event. Please make sure it has an appropriate `as` value and it is preloaded intentionally. @ https://vercel.com/rigo-melchor-s-projects/insourceful-website/deployments:0
[  534434ms] [WARNING] The resource https://vercel.com/_next/static/immutable/chunks/2mvavehoxc309.css was preloaded using link preload but not used within a few seconds from the window's load event. Please make sure it has an appropriate `as` value and it is preloaded intentionally. @ https://vercel.com/rigo-melchor-s-projects/insourceful-website/deployments:0
[  534434ms] [WARNING] The resource https://vercel.com/_next/static/immutable/chunks/3d792zqltro0t.css was preloaded using link preload but not used within a few seconds from the window's load event. Please make sure it has an appropriate `as` value and it is preloaded intentionally. @ https://vercel.com/rigo-melchor-s-projects/insourceful-website/deployments:0
[  534434ms] [WARNING] The resource https://vercel.com/_next/static/immutable/chunks/3z9uffp9rqnx8.css was preloaded using link preload but not used within a few seconds from the window's load event. Please make sure it has an appropriate `as` value and it is preloaded intentionally. @ https://vercel.com/rigo-melchor-s-projects/insourceful-website/deployments:0
[  534435ms] [WARNING] The resource https://vercel.com/_next/static/immutable/chunks/1yl8955ma4q4-.css was preloaded using link preload but not used within a few seconds from the window's load event. Please make sure it has an appropriate `as` value and it is preloaded intentionally. @ https://vercel.com/rigo-melchor-s-projects/insourceful-website/deployments:0
[  534435ms] [WARNING] The resource https://vercel.com/_next/static/immutable/chunks/0-shbsz3-8ybx.css was preloaded using link preload but not used within a few seconds from the window's load event. Please make sure it has an appropriate `as` value and it is preloaded intentionally. @ https://vercel.com/rigo-melchor-s-projects/insourceful-website/deployments:0
[  534435ms] [WARNING] The resource https://vercel.com/_next/static/immutable/chunks/3z36ncuffz89v.css was preloaded using link preload but not used within a few seconds from the window's load event. Please make sure it has an appropriate `as` value and it is preloaded intentionally. @ https://vercel.com/rigo-melchor-s-projects/insourceful-website/deployments:0
[  534435ms] [WARNING] The resource https://vercel.com/_next/static/immutable/chunks/1xg6gg5e39tni.css was preloaded using link preload but not used within a few seconds from the window's load event. Please make sure it has an appropriate `as` value and it is preloaded intentionally. @ https://vercel.com/rigo-melchor-s-projects/insourceful-website/deployments:0
[  534435ms] [WARNING] The resource https://vercel.com/_next/static/immutable/chunks/1hzff2kh3gano.css was preloaded using link preload but not used within a few seconds from the window's load event. Please make sure it has an appropriate `as` value and it is preloaded intentionally. @ https://vercel.com/rigo-melchor-s-projects/insourceful-website/deployments:0
[  534435ms] [WARNING] The resource https://vercel.com/_next/static/immutable/chunks/044vmykz7q7vs.css was preloaded using link preload but not used within a few seconds from the window's load event. Please make sure it has an appropriate `as` value and it is preloaded intentionally. @ https://vercel.com/rigo-melchor-s-projects/insourceful-website/deployments:0
[  534435ms] [WARNING] The resource https://vercel.com/_next/static/immutable/media/logo-vercel-light.3an2_9g6dt4xn.svg was preloaded using link preload but not used within a few seconds from the window's load event. Please make sure it has an appropriate `as` value and it is preloaded intentionally. @ https://vercel.com/rigo-melchor-s-projects/insourceful-website/deployments:0
[  534435ms] [WARNING] The resource https://vercel.com/_next/static/immutable/chunks/0rblmumf_9wz1.css was preloaded using link preload but not used within a few seconds from the window's load event. Please make sure it has an appropriate `as` value and it is preloaded intentionally. @ https://vercel.com/rigo-melchor-s-projects/insourceful-website/deployments:0
[  534435ms] [WARNING] The resource https://vercel.com/_next/static/immutable/chunks/25nnd13fh_4k5.css was preloaded using link preload but not used within a few seconds from the window's load event. Please make sure it has an appropriate `as` value and it is preloaded intentionally. @ https://vercel.com/rigo-melchor-s-projects/insourceful-website/deployments:0
[  534435ms] [WARNING] The resource https://vercel.com/_next/static/immutable/chunks/3p9g28no3_hj-.css was preloaded using link preload but not used within a few seconds from the window's load event. Please make sure it has an appropriate `as` value and it is preloaded intentionally. @ https://vercel.com/rigo-melchor-s-projects/insourceful-website/deployments:0
[  534435ms] [WARNING] The resource https://vercel.com/_next/static/immutable/chunks/3fd49nnoyujvi.css was preloaded using link preload but not used within a few seconds from the window's load event. Please make sure it has an appropriate `as` value and it is preloaded intentionally. @ https://vercel.com/rigo-melchor-s-projects/insourceful-website/deployments:0
[  534435ms] [WARNING] The resource https://vercel.com/_next/static/immutable/chunks/2cegy48-lpb69.css was preloaded using link preload but not used within a few seconds from the window's load event. Please make sure it has an appropriate `as` value and it is preloaded intentionally. @ https://vercel.com/rigo-melchor-s-projects/insourceful-website/deployments:0
[  534435ms] [WARNING] The resource https://vercel.com/_next/static/immutable/chunks/26_kjvxoedtei.css was preloaded using link preload but not used within a few seconds from the window's load event. Please make sure it has an appropriate `as` value and it is preloaded intentionally. @ https://vercel.com/rigo-melchor-s-projects/insourceful-website/deployments:0
[  539526ms] [WARNING] The resource https://vercel.com/_next/static/immutable/chunks/1y7np90zxj-un.css was preloaded using link preload but not used within a few seconds from the window's load event. Please make sure it has an appropriate `as` value and it is preloaded intentionally. @ https://vercel.com/rigo-melchor-s-projects/insourceful-website/deployments:0
[  539526ms] [WARNING] The resource https://vercel.com/_next/static/immutable/chunks/2xsdyifozdz06.css was preloaded using link preload but not used within a few seconds from the window's load event. Please make sure it has an appropriate `as` value and it is preloaded intentionally. @ https://vercel.com/rigo-melchor-s-projects/insourceful-website/deployments:0
[  539526ms] [WARNING] The resource https://vercel.com/_next/static/immutable/media/logo-vercel-dark.28zbfuuys0x7i.svg was preloaded using link preload but not used within a few seconds from the window's load event. Please make sure it has an appropriate `as` value and it is preloaded intentionally. @ https://vercel.com/rigo-melchor-s-projects/insourceful-website/deployments:0
[  539526ms] [WARNING] The resource https://vercel.com/_next/static/immutable/chunks/0vmhpedf_b0j8.css was preloaded using link preload but not used within a few seconds from the window's load event. Please make sure it has an appropriate `as` value and it is preloaded intentionally. @ https://vercel.com/rigo-melchor-s-projects/insourceful-website/deployments:0
[  539526ms] [WARNING] The resource https://vercel.com/_next/static/immutable/chunks/2mvavehoxc309.css was preloaded using link preload but not used within a few seconds from the window's load event. Please make sure it has an appropriate `as` value and it is preloaded intentionally. @ https://vercel.com/rigo-melchor-s-projects/insourceful-website/deployments:0
[  539526ms] [WARNING] The resource https://vercel.com/_next/static/immutable/chunks/3d792zqltro0t.css was preloaded using link preload but not used within a few seconds from the window's load event. Please make sure it has an appropriate `as` value and it is preloaded intentionally. @ https://vercel.com/rigo-melchor-s-projects/insourceful-website/deployments:0
[  539526ms] [WARNING] The resource https://vercel.com/_next/static/immutable/chunks/3z9uffp9rqnx8.css was preloaded using link preload but not used within a few seconds from the window's load event. Please make sure it has an appropriate `as` value and it is preloaded intentionally. @ https://vercel.com/rigo-melchor-s-projects/insourceful-website/deployments:0
[  539526ms] [WARNING] The resource https://vercel.com/_next/static/immutable/chunks/1yl8955ma4q4-.css was preloaded using link preload but not used within a few seconds from the window's load event. Please make sure it has an appropriate `as` value and it is preloaded intentionally. @ https://vercel.com/rigo-melchor-s-projects/insourceful-website/deployments:0
[  539526ms] [WARNING] The resource https://vercel.com/_next/static/immutable/chunks/0-shbsz3-8ybx.css was preloaded using link preload but not used within a few seconds from the window's load event. Please make sure it has an appropriate `as` value and it is preloaded intentionally. @ https://vercel.com/rigo-melchor-s-projects/insourceful-website/deployments:0
[  539526ms] [WARNING] The resource https://vercel.com/_next/static/immutable/chunks/3z36ncuffz89v.css was preloaded using link preload but not used within a few seconds from the window's load event. Please make sure it has an appropriate `as` value and it is preloaded intentionally. @ https://vercel.com/rigo-melchor-s-projects/insourceful-website/deployments:0
[  539526ms] [WARNING] The resource https://vercel.com/_next/static/immutable/chunks/1xg6gg5e39tni.css was preloaded using link preload but not used within a few seconds from the window's load event. Please make sure it has an appropriate `as` value and it is preloaded intentionally. @ https://vercel.com/rigo-melchor-s-projects/insourceful-website/deployments:0
[  539526ms] [WARNING] The resource https://vercel.com/_next/static/immutable/chunks/1hzff2kh3gano.css was preloaded using link preload but not used within a few seconds from the window's load event. Please make sure it has an appropriate `as` value and it is preloaded intentionally. @ https://vercel.com/rigo-melchor-s-projects/insourceful-website/deployments:0
[  539526ms] [WARNING] The resource https://vercel.com/_next/static/immutable/chunks/044vmykz7q7vs.css was preloaded using link preload but not used within a few seconds from the window's load event. Please make sure it has an appropriate `as` value and it is preloaded intentionally. @ https://vercel.com/rigo-melchor-s-projects/insourceful-website/deployments:0
[  539526ms] [WARNING] The resource https://vercel.com/_next/static/immutable/media/logo-vercel-light.3an2_9g6dt4xn.svg was preloaded using link preload but not used within a few seconds from the window's load event. Please make sure it has an appropriate `as` value and it is preloaded intentionally. @ https://vercel.com/rigo-melchor-s-projects/insourceful-website/deployments:0
[  539526ms] [WARNING] The resource https://vercel.com/_next/static/immutable/chunks/0rblmumf_9wz1.css was preloaded using link preload but not used within a few seconds from the window's load event. Please make sure it has an appropriate `as` value and it is preloaded intentionally. @ https://vercel.com/rigo-melchor-s-projects/insourceful-website/deployments:0
[  539526ms] [WARNING] The resource https://vercel.com/_next/static/immutable/chunks/25nnd13fh_4k5.css was preloaded using link preload but not used within a few seconds from the window's load event. Please make sure it has an appropriate `as` value and it is preloaded intentionally. @ https://vercel.com/rigo-melchor-s-projects/insourceful-website/deployments:0
[  539526ms] [WARNING] The resource https://vercel.com/_next/static/immutable/chunks/3p9g28no3_hj-.css was preloaded using link preload but not used within a few seconds from the window's load event. Please make sure it has an appropriate `as` value and it is preloaded intentionally. @ https://vercel.com/rigo-melchor-s-projects/insourceful-website/deployments:0
[  539526ms] [WARNING] The resource https://vercel.com/_next/static/immutable/chunks/3fd49nnoyujvi.css was preloaded using link preload but not used within a few seconds from the window's load event. Please make sure it has an appropriate `as` value and it is preloaded intentionally. @ https://vercel.com/rigo-melchor-s-projects/insourceful-website/deployments:0
[  539526ms] [WARNING] The resource https://vercel.com/_next/static/immutable/chunks/2cegy48-lpb69.css was preloaded using link preload but not used within a few seconds from the window's load event. Please make sure it has an appropriate `as` value and it is preloaded intentionally. @ https://vercel.com/rigo-melchor-s-projects/insourceful-website/deployments:0
[  539526ms] [WARNING] The resource https://vercel.com/_next/static/immutable/chunks/26_kjvxoedtei.css was preloaded using link preload but not used within a few seconds from the window's load event. Please make sure it has an appropriate `as` value and it is preloaded intentionally. @ https://vercel.com/rigo-melchor-s-projects/insourceful-website/deployments:0
[  564667ms] [WARNING] The resource https://vercel.com/_next/static/immutable/chunks/1y7np90zxj-un.css was preloaded using link preload but not used within a few seconds from the window's load event. Please make sure it has an appropriate `as` value and it is preloaded intentionally. @ https://vercel.com/rigo-melchor-s-projects/insourceful-website/deployments:0
[  564667ms] [WARNING] The resource https://vercel.com/_next/static/immutable/chunks/2xsdyifozdz06.css was preloaded using link preload but not used within a few seconds from the window's load event. Please make sure it has an appropriate `as` value and it is preloaded intentionally. @ https://vercel.com/rigo-melchor-s-projects/insourceful-website/deployments:0
[  564667ms] [WARNING] The resource https://vercel.com/_next/static/immutable/media/logo-vercel-dark.28zbfuuys0x7i.svg was preloaded using link preload but not used within a few seconds from the window's load event. Please make sure it has an appropriate `as` value and it is preloaded intentionally. @ https://vercel.com/rigo-melchor-s-projects/insourceful-website/deployments:0
[  564667ms] [WARNING] The resource https://vercel.com/_next/static/immutable/chunks/0vmhpedf_b0j8.css was preloaded using link preload but not used within a few seconds from the window's load event. Please make sure it has an appropriate `as` value and it is preloaded intentionally. @ https://vercel.com/rigo-melchor-s-projects/insourceful-website/deployments:0
[  564667ms] [WARNING] The resource https://vercel.com/_next/static/immutable/chunks/2mvavehoxc309.css was preloaded using link preload but not used within a few seconds from the window's load event. Please make sure it has an appropriate `as` value and it is preloaded intentionally. @ https://vercel.com/rigo-melchor-s-projects/insourceful-website/deployments:0
[  564667ms] [WARNING] The resource https://vercel.com/_next/static/immutable/chunks/3d792zqltro0t.css was preloaded using link preload but not used within a few seconds from the window's load event. Please make sure it has an appropriate `as` value and it is preloaded intentionally. @ https://vercel.com/rigo-melchor-s-projects/insourceful-website/deployments:0
[  564667ms] [WARNING] The resource https://vercel.com/_next/static/immutable/chunks/3z9uffp9rqnx8.css was preloaded using link preload but not used within a few seconds from the window's load event. Please make sure it has an appropriate `as` value and it is preloaded intentionally. @ https://vercel.com/rigo-melchor-s-projects/insourceful-website/deployments:0
[  564667ms] [WARNING] The resource https://vercel.com/_next/static/immutable/chunks/1yl8955ma4q4-.css was preloaded using link preload but not used within a few seconds from the window's load event. Please make sure it has an appropriate `as` value and it is preloaded intentionally. @ https://vercel.com/rigo-melchor-s-projects/insourceful-website/deployments:0
[  564667ms] [WARNING] The resource https://vercel.com/_next/static/immutable/chunks/0-shbsz3-8ybx.css was preloaded using link preload but not used within a few seconds from the window's load event. Please make sure it has an appropriate `as` value and it is preloaded intentionally. @ https://vercel.com/rigo-melchor-s-projects/insourceful-website/deployments:0
[  564667ms] [WARNING] The resource https://vercel.com/_next/static/immutable/chunks/3z36ncuffz89v.css was preloaded using link preload but not used within a few seconds from the window's load event. Please make sure it has an appropriate `as` value and it is preloaded intentionally. @ https://vercel.com/rigo-melchor-s-projects/insourceful-website/deployments:0
[  564667ms] [WARNING] The resource https://vercel.com/_next/static/immutable/chunks/1xg6gg5e39tni.css was preloaded using link preload but not used within a few seconds from the window's load event. Please make sure it has an appropriate `as` value and it is preloaded intentionally. @ https://vercel.com/rigo-melchor-s-projects/insourceful-website/deployments:0
[  564667ms] [WARNING] The resource https://vercel.com/_next/static/immutable/chunks/1hzff2kh3gano.css was preloaded using link preload but not used within a few seconds from the window's load event. Please make sure it has an appropriate `as` value and it is preloaded intentionally. @ https://vercel.com/rigo-melchor-s-projects/insourceful-website/deployments:0
[  564667ms] [WARNING] The resource https://vercel.com/_next/static/immutable/chunks/044vmykz7q7vs.css was preloaded using link preload but not used within a few seconds from the window's load event. Please make sure it has an appropriate `as` value and it is preloaded intentionally. @ https://vercel.com/rigo-melchor-s-projects/insourceful-website/deployments:0
[  564667ms] [WARNING] The resource https://vercel.com/_next/static/immutable/media/logo-vercel-light.3an2_9g6dt4xn.svg was preloaded using link preload but not used within a few seconds from the window's load event. Please make sure it has an appropriate `as` value and it is preloaded intentionally. @ https://vercel.com/rigo-melchor-s-projects/insourceful-website/deployments:0
[  564667ms] [WARNING] The resource https://vercel.com/_next/static/immutable/chunks/0rblmumf_9wz1.css was preloaded using link preload but not used within a few seconds from the window's load event. Please make sure it has an appropriate `as` value and it is preloaded intentionally. @ https://vercel.com/rigo-melchor-s-projects/insourceful-website/deployments:0
[  564667ms] [WARNING] The resource https://vercel.com/_next/static/immutable/chunks/25nnd13fh_4k5.css was preloaded using link preload but not used within a few seconds from the window's load event. Please make sure it has an appropriate `as` value and it is preloaded intentionally. @ https://vercel.com/rigo-melchor-s-projects/insourceful-website/deployments:0
[  564667ms] [WARNING] The resource https://vercel.com/_next/static/immutable/chunks/3p9g28no3_hj-.css was preloaded using link preload but not used within a few seconds from the window's load event. Please make sure it has an appropriate `as` value and it is preloaded intentionally. @ https://vercel.com/rigo-melchor-s-projects/insourceful-website/deployments:0
[  564667ms] [WARNING] The resource https://vercel.com/_next/static/immutable/chunks/3fd49nnoyujvi.css was preloaded using link preload but not used within a few seconds from the window's load event. Please make sure it has an appropriate `as` value and it is preloaded intentionally. @ https://vercel.com/rigo-melchor-s-projects/insourceful-website/deployments:0
[  564667ms] [WARNING] The resource https://vercel.com/_next/static/immutable/chunks/2cegy48-lpb69.css was preloaded using link preload but not used within a few seconds from the window's load event. Please make sure it has an appropriate `as` value and it is preloaded intentionally. @ https://vercel.com/rigo-melchor-s-projects/insourceful-website/deployments:0
[  564667ms] [WARNING] The resource https://vercel.com/_next/static/immutable/chunks/26_kjvxoedtei.css was preloaded using link preload but not used within a few seconds from the window's load event. Please make sure it has an appropriate `as` value and it is preloaded intentionally. @ https://vercel.com/rigo-melchor-s-projects/insourceful-website/deployments:0
[  570044ms] [WARNING] The resource https://vercel.com/_next/static/immutable/chunks/1y7np90zxj-un.css was preloaded using link preload but not used within a few seconds from the window's load event. Please make sure it has an appropriate `as` value and it is preloaded intentionally. @ https://vercel.com/rigo-melchor-s-projects/insourceful-website/deployments:0
[  570045ms] [WARNING] The resource https://vercel.com/_next/static/immutable/chunks/2xsdyifozdz06.css was preloaded using link preload but not used within a few seconds from the window's load event. Please make sure it has an appropriate `as` value and it is preloaded intentionally. @ https://vercel.com/rigo-melchor-s-projects/insourceful-website/deployments:0
[  570045ms] [WARNING] The resource https://vercel.com/_next/static/immutable/media/logo-vercel-dark.28zbfuuys0x7i.svg was preloaded using link preload but not used within a few seconds from the window's load event. Please make sure it has an appropriate `as` value and it is preloaded intentionally. @ https://vercel.com/rigo-melchor-s-projects/insourceful-website/deployments:0
[  570045ms] [WARNING] The resource https://vercel.com/_next/static/immutable/chunks/0vmhpedf_b0j8.css was preloaded using link preload but not used within a few seconds from the window's load event. Please make sure it has an appropriate `as` value and it is preloaded intentionally. @ https://vercel.com/rigo-melchor-s-projects/insourceful-website/deployments:0
[  570045ms] [WARNING] The resource https://vercel.com/_next/static/immutable/chunks/2mvavehoxc309.css was preloaded using link preload but not used within a few seconds from the window's load event. Please make sure it has an appropriate `as` value and it is preloaded intentionally. @ https://vercel.com/rigo-melchor-s-projects/insourceful-website/deployments:0
[  570045ms] [WARNING] The resource https://vercel.com/_next/static/immutable/chunks/3d792zqltro0t.css was preloaded using link preload but not used within a few seconds from the window's load event. Please make sure it has an appropriate `as` value and it is preloaded intentionally. @ https://vercel.com/rigo-melchor-s-projects/insourceful-website/deployments:0
[  570045ms] [WARNING] The resource https://vercel.com/_next/static/immutable/chunks/3z9uffp9rqnx8.css was preloaded using link preload but not used within a few seconds from the window's load event. Please make sure it has an appropriate `as` value and it is preloaded intentionally. @ https://vercel.com/rigo-melchor-s-projects/insourceful-website/deployments:0
[  570045ms] [WARNING] The resource https://vercel.com/_next/static/immutable/chunks/1yl8955ma4q4-.css was preloaded using link preload but not used within a few seconds from the window's load event. Please make sure it has an appropriate `as` value and it is preloaded intentionally. @ https://vercel.com/rigo-melchor-s-projects/insourceful-website/deployments:0
[  570045ms] [WARNING] The resource https://vercel.com/_next/static/immutable/chunks/0-shbsz3-8ybx.css was preloaded using link preload but not used within a few seconds from the window's load event. Please make sure it has an appropriate `as` value and it is preloaded intentionally. @ https://vercel.com/rigo-melchor-s-projects/insourceful-website/deployments:0
[  570045ms] [WARNING] The resource https://vercel.com/_next/static/immutable/chunks/3z36ncuffz89v.css was preloaded using link preload but not used within a few seconds from the window's load event. Please make sure it has an appropriate `as` value and it is preloaded intentionally. @ https://vercel.com/rigo-melchor-s-projects/insourceful-website/deployments:0
[  570045ms] [WARNING] The resource https://vercel.com/_next/static/immutable/chunks/1xg6gg5e39tni.css was preloaded using link preload but not used within a few seconds from the window's load event. Please make sure it has an appropriate `as` value and it is preloaded intentionally. @ https://vercel.com/rigo-melchor-s-projects/insourceful-website/deployments:0
[  570045ms] [WARNING] The resource https://vercel.com/_next/static/immutable/chunks/1hzff2kh3gano.css was preloaded using link preload but not used within a few seconds from the window's load event. Please make sure it has an appropriate `as` value and it is preloaded intentionally. @ https://vercel.com/rigo-melchor-s-projects/insourceful-website/deployments:0
[  570045ms] [WARNING] The resource https://vercel.com/_next/static/immutable/chunks/044vmykz7q7vs.css was preloaded using link preload but not used within a few seconds from the window's load event. Please make sure it has an appropriate `as` value and it is preloaded intentionally. @ https://vercel.com/rigo-melchor-s-projects/insourceful-website/deployments:0
[  570045ms] [WARNING] The resource https://vercel.com/_next/static/immutable/media/logo-vercel-light.3an2_9g6dt4xn.svg was preloaded using link preload but not used within a few seconds from the window's load event. Please make sure it has an appropriate `as` value and it is preloaded intentionally. @ https://vercel.com/rigo-melchor-s-projects/insourceful-website/deployments:0
[  570045ms] [WARNING] The resource https://vercel.com/_next/static/immutable/chunks/0rblmumf_9wz1.css was preloaded using link preload but not used within a few seconds from the window's load event. Please make sure it has an appropriate `as` value and it is preloaded intentionally. @ https://vercel.com/rigo-melchor-s-projects/insourceful-website/deployments:0
[  570045ms] [WARNING] The resource https://vercel.com/_next/static/immutable/chunks/25nnd13fh_4k5.css was preloaded using link preload but not used within a few seconds from the window's load event. Please make sure it has an appropriate `as` value and it is preloaded intentionally. @ https://vercel.com/rigo-melchor-s-projects/insourceful-website/deployments:0
[  570045ms] [WARNING] The resource https://vercel.com/_next/static/immutable/chunks/3p9g28no3_hj-.css was preloaded using link preload but not used within a few seconds from the window's load event. Please make sure it has an appropriate `as` value and it is preloaded intentionally. @ https://vercel.com/rigo-melchor-s-projects/insourceful-website/deployments:0
[  570045ms] [WARNING] The resource https://vercel.com/_next/static/immutable/chunks/3fd49nnoyujvi.css was preloaded using link preload but not used within a few seconds from the window's load event. Please make sure it has an appropriate `as` value and it is preloaded intentionally. @ https://vercel.com/rigo-melchor-s-projects/insourceful-website/deployments:0
[  570045ms] [WARNING] The resource https://vercel.com/_next/static/immutable/chunks/2cegy48-lpb69.css was preloaded using link preload but not used within a few seconds from the window's load event. Please make sure it has an appropriate `as` value and it is preloaded intentionally. @ https://vercel.com/rigo-melchor-s-projects/insourceful-website/deployments:0
[  570045ms] [WARNING] The resource https://vercel.com/_next/static/immutable/chunks/26_kjvxoedtei.css was preloaded using link preload but not used within a few seconds from the window's load event. Please make sure it has an appropriate `as` value and it is preloaded intentionally. @ https://vercel.com/rigo-melchor-s-projects/insourceful-website/deployments:0
[  594881ms] [WARNING] The resource https://vercel.com/_next/static/immutable/chunks/1y7np90zxj-un.css was preloaded using link preload but not used within a few seconds from the window's load event. Please make sure it has an appropriate `as` value and it is preloaded intentionally. @ https://vercel.com/rigo-melchor-s-projects/insourceful-website/deployments:0
[  594881ms] [WARNING] The resource https://vercel.com/_next/static/immutable/chunks/2xsdyifozdz06.css was preloaded using link preload but not used within a few seconds from the window's load event. Please make sure it has an appropriate `as` value and it is preloaded intentionally. @ https://vercel.com/rigo-melchor-s-projects/insourceful-website/deployments:0
[  594881ms] [WARNING] The resource https://vercel.com/_next/static/immutable/media/logo-vercel-dark.28zbfuuys0x7i.svg was preloaded using link preload but not used within a few seconds from the window's load event. Please make sure it has an appropriate `as` value and it is preloaded intentionally. @ https://vercel.com/rigo-melchor-s-projects/insourceful-website/deployments:0
[  594881ms] [WARNING] The resource https://vercel.com/_next/static/immutable/chunks/0vmhpedf_b0j8.css was preloaded using link preload but not used within a few seconds from the window's load event. Please make sure it has an appropriate `as` value and it is preloaded intentionally. @ https://vercel.com/rigo-melchor-s-projects/insourceful-website/deployments:0
[  594881ms] [WARNING] The resource https://vercel.com/_next/static/immutable/chunks/2mvavehoxc309.css was preloaded using link preload but not used within a few seconds from the window's load event. Please make sure it has an appropriate `as` value and it is preloaded intentionally. @ https://vercel.com/rigo-melchor-s-projects/insourceful-website/deployments:0
[  594881ms] [WARNING] The resource https://vercel.com/_next/static/immutable/chunks/3d792zqltro0t.css was preloaded using link preload but not used within a few seconds from the window's load event. Please make sure it has an appropriate `as` value and it is preloaded intentionally. @ https://vercel.com/rigo-melchor-s-projects/insourceful-website/deployments:0
[  594881ms] [WARNING] The resource https://vercel.com/_next/static/immutable/chunks/3z9uffp9rqnx8.css was preloaded using link preload but not used within a few seconds from the window's load event. Please make sure it has an appropriate `as` value and it is preloaded intentionally. @ https://vercel.com/rigo-melchor-s-projects/insourceful-website/deployments:0
[  594881ms] [WARNING] The resource https://vercel.com/_next/static/immutable/chunks/1yl8955ma4q4-.css was preloaded using link preload but not used within a few seconds from the window's load event. Please make sure it has an appropriate `as` value and it is preloaded intentionally. @ https://vercel.com/rigo-melchor-s-projects/insourceful-website/deployments:0
[  594881ms] [WARNING] The resource https://vercel.com/_next/static/immutable/chunks/0-shbsz3-8ybx.css was preloaded using link preload but not used within a few seconds from the window's load event. Please make sure it has an appropriate `as` value and it is preloaded intentionally. @ https://vercel.com/rigo-melchor-s-projects/insourceful-website/deployments:0
[  594881ms] [WARNING] The resource https://vercel.com/_next/static/immutable/chunks/3z36ncuffz89v.css was preloaded using link preload but not used within a few seconds from the window's load event. Please make sure it has an appropriate `as` value and it is preloaded intentionally. @ https://vercel.com/rigo-melchor-s-projects/insourceful-website/deployments:0
[  594881ms] [WARNING] The resource https://vercel.com/_next/static/immutable/chunks/1xg6gg5e39tni.css was preloaded using link preload but not used within a few seconds from the window's load event. Please make sure it has an appropriate `as` value and it is preloaded intentionally. @ https://vercel.com/rigo-melchor-s-projects/insourceful-website/deployments:0
[  594881ms] [WARNING] The resource https://vercel.com/_next/static/immutable/chunks/1hzff2kh3gano.css was preloaded using link preload but not used within a few seconds from the window's load event. Please make sure it has an appropriate `as` value and it is preloaded intentionally. @ https://vercel.com/rigo-melchor-s-projects/insourceful-website/deployments:0
[  594881ms] [WARNING] The resource https://vercel.com/_next/static/immutable/chunks/044vmykz7q7vs.css was preloaded using link preload but not used within a few seconds from the window's load event. Please make sure it has an appropriate `as` value and it is preloaded intentionally. @ https://vercel.com/rigo-melchor-s-projects/insourceful-website/deployments:0
[  594881ms] [WARNING] The resource https://vercel.com/_next/static/immutable/media/logo-vercel-light.3an2_9g6dt4xn.svg was preloaded using link preload but not used within a few seconds from the window's load event. Please make sure it has an appropriate `as` value and it is preloaded intentionally. @ https://vercel.com/rigo-melchor-s-projects/insourceful-website/deployments:0
[  594881ms] [WARNING] The resource https://vercel.com/_next/static/immutable/chunks/0rblmumf_9wz1.css was preloaded using link preload but not used within a few seconds from the window's load event. Please make sure it has an appropriate `as` value and it is preloaded intentionally. @ https://vercel.com/rigo-melchor-s-projects/insourceful-website/deployments:0
[  594881ms] [WARNING] The resource https://vercel.com/_next/static/immutable/chunks/25nnd13fh_4k5.css was preloaded using link preload but not used within a few seconds from the window's load event. Please make sure it has an appropriate `as` value and it is preloaded intentionally. @ https://vercel.com/rigo-melchor-s-projects/insourceful-website/deployments:0
[  594882ms] [WARNING] The resource https://vercel.com/_next/static/immutable/chunks/3p9g28no3_hj-.css was preloaded using link preload but not used within a few seconds from the window's load event. Please make sure it has an appropriate `as` value and it is preloaded intentionally. @ https://vercel.com/rigo-melchor-s-projects/insourceful-website/deployments:0
[  594882ms] [WARNING] The resource https://vercel.com/_next/static/immutable/chunks/3fd49nnoyujvi.css was preloaded using link preload but not used within a few seconds from the window's load event. Please make sure it has an appropriate `as` value and it is preloaded intentionally. @ https://vercel.com/rigo-melchor-s-projects/insourceful-website/deployments:0
[  594882ms] [WARNING] The resource https://vercel.com/_next/static/immutable/chunks/2cegy48-lpb69.css was preloaded using link preload but not used within a few seconds from the window's load event. Please make sure it has an appropriate `as` value and it is preloaded intentionally. @ https://vercel.com/rigo-melchor-s-projects/insourceful-website/deployments:0
[  594882ms] [WARNING] The resource https://vercel.com/_next/static/immutable/chunks/26_kjvxoedtei.css was preloaded using link preload but not used within a few seconds from the window's load event. Please make sure it has an appropriate `as` value and it is preloaded intentionally. @ https://vercel.com/rigo-melchor-s-projects/insourceful-website/deployments:0
[  600292ms] [WARNING] The resource https://vercel.com/_next/static/immutable/chunks/1y7np90zxj-un.css was preloaded using link preload but not used within a few seconds from the window's load event. Please make sure it has an appropriate `as` value and it is preloaded intentionally. @ https://vercel.com/rigo-melchor-s-projects/insourceful-website/deployments:0
[  600292ms] [WARNING] The resource https://vercel.com/_next/static/immutable/chunks/2xsdyifozdz06.css was preloaded using link preload but not used within a few seconds from the window's load event. Please make sure it has an appropriate `as` value and it is preloaded intentionally. @ https://vercel.com/rigo-melchor-s-projects/insourceful-website/deployments:0
[  600292ms] [WARNING] The resource https://vercel.com/_next/static/immutable/media/logo-vercel-dark.28zbfuuys0x7i.svg was preloaded using link preload but not used within a few seconds from the window's load event. Please make sure it has an appropriate `as` value and it is preloaded intentionally. @ https://vercel.com/rigo-melchor-s-projects/insourceful-website/deployments:0
[  600292ms] [WARNING] The resource https://vercel.com/_next/static/immutable/chunks/0vmhpedf_b0j8.css was preloaded using link preload but not used within a few seconds from the window's load event. Please make sure it has an appropriate `as` value and it is preloaded intentionally. @ https://vercel.com/rigo-melchor-s-projects/insourceful-website/deployments:0
[  600293ms] [WARNING] The resource https://vercel.com/_next/static/immutable/chunks/2mvavehoxc309.css was preloaded using link preload but not used within a few seconds from the window's load event. Please make sure it has an appropriate `as` value and it is preloaded intentionally. @ https://vercel.com/rigo-melchor-s-projects/insourceful-website/deployments:0
[  600293ms] [WARNING] The resource https://vercel.com/_next/static/immutable/chunks/3d792zqltro0t.css was preloaded using link preload but not used within a few seconds from the window's load event. Please make sure it has an appropriate `as` value and it is preloaded intentionally. @ https://vercel.com/rigo-melchor-s-projects/insourceful-website/deployments:0
[  600293ms] [WARNING] The resource https://vercel.com/_next/static/immutable/chunks/3z9uffp9rqnx8.css was preloaded using link preload but not used within a few seconds from the window's load event. Please make sure it has an appropriate `as` value and it is preloaded intentionally. @ https://vercel.com/rigo-melchor-s-projects/insourceful-website/deployments:0
[  600293ms] [WARNING] The resource https://vercel.com/_next/static/immutable/chunks/1yl8955ma4q4-.css was preloaded using link preload but not used within a few seconds from the window's load event. Please make sure it has an appropriate `as` value and it is preloaded intentionally. @ https://vercel.com/rigo-melchor-s-projects/insourceful-website/deployments:0
[  600293ms] [WARNING] The resource https://vercel.com/_next/static/immutable/chunks/0-shbsz3-8ybx.css was preloaded using link preload but not used within a few seconds from the window's load event. Please make sure it has an appropriate `as` value and it is preloaded intentionally. @ https://vercel.com/rigo-melchor-s-projects/insourceful-website/deployments:0
[  600293ms] [WARNING] The resource https://vercel.com/_next/static/immutable/chunks/3z36ncuffz89v.css was preloaded using link preload but not used within a few seconds from the window's load event. Please make sure it has an appropriate `as` value and it is preloaded intentionally. @ https://vercel.com/rigo-melchor-s-projects/insourceful-website/deployments:0
[  600293ms] [WARNING] The resource https://vercel.com/_next/static/immutable/chunks/1xg6gg5e39tni.css was preloaded using link preload but not used within a few seconds from the window's load event. Please make sure it has an appropriate `as` value and it is preloaded intentionally. @ https://vercel.com/rigo-melchor-s-projects/insourceful-website/deployments:0
[  600293ms] [WARNING] The resource https://vercel.com/_next/static/immutable/chunks/1hzff2kh3gano.css was preloaded using link preload but not used within a few seconds from the window's load event. Please make sure it has an appropriate `as` value and it is preloaded intentionally. @ https://vercel.com/rigo-melchor-s-projects/insourceful-website/deployments:0
[  600293ms] [WARNING] The resource https://vercel.com/_next/static/immutable/chunks/044vmykz7q7vs.css was preloaded using link preload but not used within a few seconds from the window's load event. Please make sure it has an appropriate `as` value and it is preloaded intentionally. @ https://vercel.com/rigo-melchor-s-projects/insourceful-website/deployments:0
[  600293ms] [WARNING] The resource https://vercel.com/_next/static/immutable/media/logo-vercel-light.3an2_9g6dt4xn.svg was preloaded using link preload but not used within a few seconds from the window's load event. Please make sure it has an appropriate `as` value and it is preloaded intentionally. @ https://vercel.com/rigo-melchor-s-projects/insourceful-website/deployments:0
[  600293ms] [WARNING] The resource https://vercel.com/_next/static/immutable/chunks/0rblmumf_9wz1.css was preloaded using link preload but not used within a few seconds from the window's load event. Please make sure it has an appropriate `as` value and it is preloaded intentionally. @ https://vercel.com/rigo-melchor-s-projects/insourceful-website/deployments:0
[  600293ms] [WARNING] The resource https://vercel.com/_next/static/immutable/chunks/25nnd13fh_4k5.css was preloaded using link preload but not used within a few seconds from the window's load event. Please make sure it has an appropriate `as` value and it is preloaded intentionally. @ https://vercel.com/rigo-melchor-s-projects/insourceful-website/deployments:0
[  600293ms] [WARNING] The resource https://vercel.com/_next/static/immutable/chunks/3p9g28no3_hj-.css was preloaded using link preload but not used within a few seconds from the window's load event. Please make sure it has an appropriate `as` value and it is preloaded intentionally. @ https://vercel.com/rigo-melchor-s-projects/insourceful-website/deployments:0
[  600293ms] [WARNING] The resource https://vercel.com/_next/static/immutable/chunks/3fd49nnoyujvi.css was preloaded using link preload but not used within a few seconds from the window's load event. Please make sure it has an appropriate `as` value and it is preloaded intentionally. @ https://vercel.com/rigo-melchor-s-projects/insourceful-website/deployments:0
[  600293ms] [WARNING] The resource https://vercel.com/_next/static/immutable/chunks/2cegy48-lpb69.css was preloaded using link preload but not used within a few seconds from the window's load event. Please make sure it has an appropriate `as` value and it is preloaded intentionally. @ https://vercel.com/rigo-melchor-s-projects/insourceful-website/deployments:0
[  600293ms] [WARNING] The resource https://vercel.com/_next/static/immutable/chunks/26_kjvxoedtei.css was preloaded using link preload but not used within a few seconds from the window's load event. Please make sure it has an appropriate `as` value and it is preloaded intentionally. @ https://vercel.com/rigo-melchor-s-projects/insourceful-website/deployments:0
[  606030ms] [WARNING] The resource https://vercel.com/_next/static/immutable/chunks/1y7np90zxj-un.css was preloaded using link preload but not used within a few seconds from the window's load event. Please make sure it has an appropriate `as` value and it is preloaded intentionally. @ https://vercel.com/rigo-melchor-s-projects/insourceful-website/deployments:0
[  606030ms] [WARNING] The resource https://vercel.com/_next/static/immutable/chunks/2xsdyifozdz06.css was preloaded using link preload but not used within a few seconds from the window's load event. Please make sure it has an appropriate `as` value and it is preloaded intentionally. @ https://vercel.com/rigo-melchor-s-projects/insourceful-website/deployments:0
[  606030ms] [WARNING] The resource https://vercel.com/_next/static/immutable/media/logo-vercel-dark.28zbfuuys0x7i.svg was preloaded using link preload but not used within a few seconds from the window's load event. Please make sure it has an appropriate `as` value and it is preloaded intentionally. @ https://vercel.com/rigo-melchor-s-projects/insourceful-website/deployments:0
[  606030ms] [WARNING] The resource https://vercel.com/_next/static/immutable/chunks/0vmhpedf_b0j8.css was preloaded using link preload but not used within a few seconds from the window's load event. Please make sure it has an appropriate `as` value and it is preloaded intentionally. @ https://vercel.com/rigo-melchor-s-projects/insourceful-website/deployments:0
[  606030ms] [WARNING] The resource https://vercel.com/_next/static/immutable/chunks/2mvavehoxc309.css was preloaded using link preload but not used within a few seconds from the window's load event. Please make sure it has an appropriate `as` value and it is preloaded intentionally. @ https://vercel.com/rigo-melchor-s-projects/insourceful-website/deployments:0
[  606030ms] [WARNING] The resource https://vercel.com/_next/static/immutable/chunks/3d792zqltro0t.css was preloaded using link preload but not used within a few seconds from the window's load event. Please make sure it has an appropriate `as` value and it is preloaded intentionally. @ https://vercel.com/rigo-melchor-s-projects/insourceful-website/deployments:0
[  606030ms] [WARNING] The resource https://vercel.com/_next/static/immutable/chunks/3z9uffp9rqnx8.css was preloaded using link preload but not used within a few seconds from the window's load event. Please make sure it has an appropriate `as` value and it is preloaded intentionally. @ https://vercel.com/rigo-melchor-s-projects/insourceful-website/deployments:0
[  606030ms] [WARNING] The resource https://vercel.com/_next/static/immutable/chunks/1yl8955ma4q4-.css was preloaded using link preload but not used within a few seconds from the window's load event. Please make sure it has an appropriate `as` value and it is preloaded intentionally. @ https://vercel.com/rigo-melchor-s-projects/insourceful-website/deployments:0
[  606030ms] [WARNING] The resource https://vercel.com/_next/static/immutable/chunks/0-shbsz3-8ybx.css was preloaded using link preload but not used within a few seconds from the window's load event. Please make sure it has an appropriate `as` value and it is preloaded intentionally. @ https://vercel.com/rigo-melchor-s-projects/insourceful-website/deployments:0
[  606030ms] [WARNING] The resource https://vercel.com/_next/static/immutable/chunks/3z36ncuffz89v.css was preloaded using link preload but not used within a few seconds from the window's load event. Please make sure it has an appropriate `as` value and it is preloaded intentionally. @ https://vercel.com/rigo-melchor-s-projects/insourceful-website/deployments:0
[  606030ms] [WARNING] The resource https://vercel.com/_next/static/immutable/chunks/1xg6gg5e39tni.css was preloaded using link preload but not used within a few seconds from the window's load event. Please make sure it has an appropriate `as` value and it is preloaded intentionally. @ https://vercel.com/rigo-melchor-s-projects/insourceful-website/deployments:0
[  606030ms] [WARNING] The resource https://vercel.com/_next/static/immutable/chunks/1hzff2kh3gano.css was preloaded using link preload but not used within a few seconds from the window's load event. Please make sure it has an appropriate `as` value and it is preloaded intentionally. @ https://vercel.com/rigo-melchor-s-projects/insourceful-website/deployments:0
[  606030ms] [WARNING] The resource https://vercel.com/_next/static/immutable/chunks/044vmykz7q7vs.css was preloaded using link preload but not used within a few seconds from the window's load event. Please make sure it has an appropriate `as` value and it is preloaded intentionally. @ https://vercel.com/rigo-melchor-s-projects/insourceful-website/deployments:0
[  606030ms] [WARNING] The resource https://vercel.com/_next/static/immutable/media/logo-vercel-light.3an2_9g6dt4xn.svg was preloaded using link preload but not used within a few seconds from the window's load event. Please make sure it has an appropriate `as` value and it is preloaded intentionally. @ https://vercel.com/rigo-melchor-s-projects/insourceful-website/deployments:0
[  606030ms] [WARNING] The resource https://vercel.com/_next/static/immutable/chunks/0rblmumf_9wz1.css was preloaded using link preload but not used within a few seconds from the window's load event. Please make sure it has an appropriate `as` value and it is preloaded intentionally. @ https://vercel.com/rigo-melchor-s-projects/insourceful-website/deployments:0
[  606030ms] [WARNING] The resource https://vercel.com/_next/static/immutable/chunks/25nnd13fh_4k5.css was preloaded using link preload but not used within a few seconds from the window's load event. Please make sure it has an appropriate `as` value and it is preloaded intentionally. @ https://vercel.com/rigo-melchor-s-projects/insourceful-website/deployments:0
[  606030ms] [WARNING] The resource https://vercel.com/_next/static/immutable/chunks/3p9g28no3_hj-.css was preloaded using link preload but not used within a few seconds from the window's load event. Please make sure it has an appropriate `as` value and it is preloaded intentionally. @ https://vercel.com/rigo-melchor-s-projects/insourceful-website/deployments:0
[  606030ms] [WARNING] The resource https://vercel.com/_next/static/immutable/chunks/3fd49nnoyujvi.css was preloaded using link preload but not used within a few seconds from the window's load event. Please make sure it has an appropriate `as` value and it is preloaded intentionally. @ https://vercel.com/rigo-melchor-s-projects/insourceful-website/deployments:0
[  606030ms] [WARNING] The resource https://vercel.com/_next/static/immutable/chunks/2cegy48-lpb69.css was preloaded using link preload but not used within a few seconds from the window's load event. Please make sure it has an appropriate `as` value and it is preloaded intentionally. @ https://vercel.com/rigo-melchor-s-projects/insourceful-website/deployments:0
[  606030ms] [WARNING] The resource https://vercel.com/_next/static/immutable/chunks/26_kjvxoedtei.css was preloaded using link preload but not used within a few seconds from the window's load event. Please make sure it has an appropriate `as` value and it is preloaded intentionally. @ https://vercel.com/rigo-melchor-s-projects/insourceful-website/deployments:0
[  625159ms] [WARNING] The resource https://vercel.com/_next/static/immutable/chunks/1y7np90zxj-un.css was preloaded using link preload but not used within a few seconds from the window's load event. Please make sure it has an appropriate `as` value and it is preloaded intentionally. @ https://vercel.com/rigo-melchor-s-projects/insourceful-website/deployments:0
[  625159ms] [WARNING] The resource https://vercel.com/_next/static/immutable/chunks/2xsdyifozdz06.css was preloaded using link preload but not used within a few seconds from the window's load event. Please make sure it has an appropriate `as` value and it is preloaded intentionally. @ https://vercel.com/rigo-melchor-s-projects/insourceful-website/deployments:0
[  625159ms] [WARNING] The resource https://vercel.com/_next/static/immutable/media/logo-vercel-dark.28zbfuuys0x7i.svg was preloaded using link preload but not used within a few seconds from the window's load event. Please make sure it has an appropriate `as` value and it is preloaded intentionally. @ https://vercel.com/rigo-melchor-s-projects/insourceful-website/deployments:0
[  625159ms] [WARNING] The resource https://vercel.com/_next/static/immutable/chunks/0vmhpedf_b0j8.css was preloaded using link preload but not used within a few seconds from the window's load event. Please make sure it has an appropriate `as` value and it is preloaded intentionally. @ https://vercel.com/rigo-melchor-s-projects/insourceful-website/deployments:0
[  625159ms] [WARNING] The resource https://vercel.com/_next/static/immutable/chunks/2mvavehoxc309.css was preloaded using link preload but not used within a few seconds from the window's load event. Please make sure it has an appropriate `as` value and it is preloaded intentionally. @ https://vercel.com/rigo-melchor-s-projects/insourceful-website/deployments:0
[  625159ms] [WARNING] The resource https://vercel.com/_next/static/immutable/chunks/3d792zqltro0t.css was preloaded using link preload but not used within a few seconds from the window's load event. Please make sure it has an appropriate `as` value and it is preloaded intentionally. @ https://vercel.com/rigo-melchor-s-projects/insourceful-website/deployments:0
[  625159ms] [WARNING] The resource https://vercel.com/_next/static/immutable/chunks/3z9uffp9rqnx8.css was preloaded using link preload but not used within a few seconds from the window's load event. Please make sure it has an appropriate `as` value and it is preloaded intentionally. @ https://vercel.com/rigo-melchor-s-projects/insourceful-website/deployments:0
[  625159ms] [WARNING] The resource https://vercel.com/_next/static/immutable/chunks/1yl8955ma4q4-.css was preloaded using link preload but not used within a few seconds from the window's load event. Please make sure it has an appropriate `as` value and it is preloaded intentionally. @ https://vercel.com/rigo-melchor-s-projects/insourceful-website/deployments:0
[  625159ms] [WARNING] The resource https://vercel.com/_next/static/immutable/chunks/0-shbsz3-8ybx.css was preloaded using link preload but not used within a few seconds from the window's load event. Please make sure it has an appropriate `as` value and it is preloaded intentionally. @ https://vercel.com/rigo-melchor-s-projects/insourceful-website/deployments:0
[  625159ms] [WARNING] The resource https://vercel.com/_next/static/immutable/chunks/3z36ncuffz89v.css was preloaded using link preload but not used within a few seconds from the window's load event. Please make sure it has an appropriate `as` value and it is preloaded intentionally. @ https://vercel.com/rigo-melchor-s-projects/insourceful-website/deployments:0
[  625159ms] [WARNING] The resource https://vercel.com/_next/static/immutable/chunks/1xg6gg5e39tni.css was preloaded using link preload but not used within a few seconds from the window's load event. Please make sure it has an appropriate `as` value and it is preloaded intentionally. @ https://vercel.com/rigo-melchor-s-projects/insourceful-website/deployments:0
[  625159ms] [WARNING] The resource https://vercel.com/_next/static/immutable/chunks/1hzff2kh3gano.css was preloaded using link preload but not used within a few seconds from the window's load event. Please make sure it has an appropriate `as` value and it is preloaded intentionally. @ https://vercel.com/rigo-melchor-s-projects/insourceful-website/deployments:0
[  625159ms] [WARNING] The resource https://vercel.com/_next/static/immutable/chunks/044vmykz7q7vs.css was preloaded using link preload but not used within a few seconds from the window's load event. Please make sure it has an appropriate `as` value and it is preloaded intentionally. @ https://vercel.com/rigo-melchor-s-projects/insourceful-website/deployments:0
[  625159ms] [WARNING] The resource https://vercel.com/_next/static/immutable/media/logo-vercel-light.3an2_9g6dt4xn.svg was preloaded using link preload but not used within a few seconds from the window's load event. Please make sure it has an appropriate `as` value and it is preloaded intentionally. @ https://vercel.com/rigo-melchor-s-projects/insourceful-website/deployments:0
[  625159ms] [WARNING] The resource https://vercel.com/_next/static/immutable/chunks/0rblmumf_9wz1.css was preloaded using link preload but not used within a few seconds from the window's load event. Please make sure it has an appropriate `as` value and it is preloaded intentionally. @ https://vercel.com/rigo-melchor-s-projects/insourceful-website/deployments:0
[  625159ms] [WARNING] The resource https://vercel.com/_next/static/immutable/chunks/25nnd13fh_4k5.css was preloaded using link preload but not used within a few seconds from the window's load event. Please make sure it has an appropriate `as` value and it is preloaded intentionally. @ https://vercel.com/rigo-melchor-s-projects/insourceful-website/deployments:0
[  625159ms] [WARNING] The resource https://vercel.com/_next/static/immutable/chunks/3p9g28no3_hj-.css was preloaded using link preload but not used within a few seconds from the window's load event. Please make sure it has an appropriate `as` value and it is preloaded intentionally. @ https://vercel.com/rigo-melchor-s-projects/insourceful-website/deployments:0
[  625159ms] [WARNING] The resource https://vercel.com/_next/static/immutable/chunks/3fd49nnoyujvi.css was preloaded using link preload but not used within a few seconds from the window's load event. Please make sure it has an appropriate `as` value and it is preloaded intentionally. @ https://vercel.com/rigo-melchor-s-projects/insourceful-website/deployments:0
[  625159ms] [WARNING] The resource https://vercel.com/_next/static/immutable/chunks/2cegy48-lpb69.css was preloaded using link preload but not used within a few seconds from the window's load event. Please make sure it has an appropriate `as` value and it is preloaded intentionally. @ https://vercel.com/rigo-melchor-s-projects/insourceful-website/deployments:0
[  625159ms] [WARNING] The resource https://vercel.com/_next/static/immutable/chunks/26_kjvxoedtei.css was preloaded using link preload but not used within a few seconds from the window's load event. Please make sure it has an appropriate `as` value and it is preloaded intentionally. @ https://vercel.com/rigo-melchor-s-projects/insourceful-website/deployments:0
[  631028ms] [WARNING] The resource https://vercel.com/_next/static/immutable/chunks/1y7np90zxj-un.css was preloaded using link preload but not used within a few seconds from the window's load event. Please make sure it has an appropriate `as` value and it is preloaded intentionally. @ https://vercel.com/rigo-melchor-s-projects/insourceful-website/deployments:0
[  631028ms] [WARNING] The resource https://vercel.com/_next/static/immutable/chunks/2xsdyifozdz06.css was preloaded using link preload but not used within a few seconds from the window's load event. Please make sure it has an appropriate `as` value and it is preloaded intentionally. @ https://vercel.com/rigo-melchor-s-projects/insourceful-website/deployments:0
[  631028ms] [WARNING] The resource https://vercel.com/_next/static/immutable/media/logo-vercel-dark.28zbfuuys0x7i.svg was preloaded using link preload but not used within a few seconds from the window's load event. Please make sure it has an appropriate `as` value and it is preloaded intentionally. @ https://vercel.com/rigo-melchor-s-projects/insourceful-website/deployments:0
[  631028ms] [WARNING] The resource https://vercel.com/_next/static/immutable/chunks/0vmhpedf_b0j8.css was preloaded using link preload but not used within a few seconds from the window's load event. Please make sure it has an appropriate `as` value and it is preloaded intentionally. @ https://vercel.com/rigo-melchor-s-projects/insourceful-website/deployments:0
[  631028ms] [WARNING] The resource https://vercel.com/_next/static/immutable/chunks/2mvavehoxc309.css was preloaded using link preload but not used within a few seconds from the window's load event. Please make sure it has an appropriate `as` value and it is preloaded intentionally. @ https://vercel.com/rigo-melchor-s-projects/insourceful-website/deployments:0
[  631028ms] [WARNING] The resource https://vercel.com/_next/static/immutable/chunks/3d792zqltro0t.css was preloaded using link preload but not used within a few seconds from the window's load event. Please make sure it has an appropriate `as` value and it is preloaded intentionally. @ https://vercel.com/rigo-melchor-s-projects/insourceful-website/deployments:0
[  631028ms] [WARNING] The resource https://vercel.com/_next/static/immutable/chunks/3z9uffp9rqnx8.css was preloaded using link preload but not used within a few seconds from the window's load event. Please make sure it has an appropriate `as` value and it is preloaded intentionally. @ https://vercel.com/rigo-melchor-s-projects/insourceful-website/deployments:0
[  631028ms] [WARNING] The resource https://vercel.com/_next/static/immutable/chunks/1yl8955ma4q4-.css was preloaded using link preload but not used within a few seconds from the window's load event. Please make sure it has an appropriate `as` value and it is preloaded intentionally. @ https://vercel.com/rigo-melchor-s-projects/insourceful-website/deployments:0
[  631029ms] [WARNING] The resource https://vercel.com/_next/static/immutable/chunks/0-shbsz3-8ybx.css was preloaded using link preload but not used within a few seconds from the window's load event. Please make sure it has an appropriate `as` value and it is preloaded intentionally. @ https://vercel.com/rigo-melchor-s-projects/insourceful-website/deployments:0
[  631029ms] [WARNING] The resource https://vercel.com/_next/static/immutable/chunks/3z36ncuffz89v.css was preloaded using link preload but not used within a few seconds from the window's load event. Please make sure it has an appropriate `as` value and it is preloaded intentionally. @ https://vercel.com/rigo-melchor-s-projects/insourceful-website/deployments:0
[  631029ms] [WARNING] The resource https://vercel.com/_next/static/immutable/chunks/1xg6gg5e39tni.css was preloaded using link preload but not used within a few seconds from the window's load event. Please make sure it has an appropriate `as` value and it is preloaded intentionally. @ https://vercel.com/rigo-melchor-s-projects/insourceful-website/deployments:0
[  631029ms] [WARNING] The resource https://vercel.com/_next/static/immutable/chunks/1hzff2kh3gano.css was preloaded using link preload but not used within a few seconds from the window's load event. Please make sure it has an appropriate `as` value and it is preloaded intentionally. @ https://vercel.com/rigo-melchor-s-projects/insourceful-website/deployments:0
[  631029ms] [WARNING] The resource https://vercel.com/_next/static/immutable/chunks/044vmykz7q7vs.css was preloaded using link preload but not used within a few seconds from the window's load event. Please make sure it has an appropriate `as` value and it is preloaded intentionally. @ https://vercel.com/rigo-melchor-s-projects/insourceful-website/deployments:0
[  631029ms] [WARNING] The resource https://vercel.com/_next/static/immutable/media/logo-vercel-light.3an2_9g6dt4xn.svg was preloaded using link preload but not used within a few seconds from the window's load event. Please make sure it has an appropriate `as` value and it is preloaded intentionally. @ https://vercel.com/rigo-melchor-s-projects/insourceful-website/deployments:0
[  631029ms] [WARNING] The resource https://vercel.com/_next/static/immutable/chunks/0rblmumf_9wz1.css was preloaded using link preload but not used within a few seconds from the window's load event. Please make sure it has an appropriate `as` value and it is preloaded intentionally. @ https://vercel.com/rigo-melchor-s-projects/insourceful-website/deployments:0
[  631029ms] [WARNING] The resource https://vercel.com/_next/static/immutable/chunks/25nnd13fh_4k5.css was preloaded using link preload but not used within a few seconds from the window's load event. Please make sure it has an appropriate `as` value and it is preloaded intentionally. @ https://vercel.com/rigo-melchor-s-projects/insourceful-website/deployments:0
[  631029ms] [WARNING] The resource https://vercel.com/_next/static/immutable/chunks/3p9g28no3_hj-.css was preloaded using link preload but not used within a few seconds from the window's load event. Please make sure it has an appropriate `as` value and it is preloaded intentionally. @ https://vercel.com/rigo-melchor-s-projects/insourceful-website/deployments:0
[  631029ms] [WARNING] The resource https://vercel.com/_next/static/immutable/chunks/3fd49nnoyujvi.css was preloaded using link preload but not used within a few seconds from the window's load event. Please make sure it has an appropriate `as` value and it is preloaded intentionally. @ https://vercel.com/rigo-melchor-s-projects/insourceful-website/deployments:0
[  631029ms] [WARNING] The resource https://vercel.com/_next/static/immutable/chunks/2cegy48-lpb69.css was preloaded using link preload but not used within a few seconds from the window's load event. Please make sure it has an appropriate `as` value and it is preloaded intentionally. @ https://vercel.com/rigo-melchor-s-projects/insourceful-website/deployments:0
[  631029ms] [WARNING] The resource https://vercel.com/_next/static/immutable/chunks/26_kjvxoedtei.css was preloaded using link preload but not used within a few seconds from the window's load event. Please make sure it has an appropriate `as` value and it is preloaded intentionally. @ https://vercel.com/rigo-melchor-s-projects/insourceful-website/deployments:0
[  655388ms] [WARNING] The resource https://vercel.com/_next/static/immutable/chunks/1y7np90zxj-un.css was preloaded using link preload but not used within a few seconds from the window's load event. Please make sure it has an appropriate `as` value and it is preloaded intentionally. @ https://vercel.com/rigo-melchor-s-projects/insourceful-website/deployments:0
[  655388ms] [WARNING] The resource https://vercel.com/_next/static/immutable/chunks/2xsdyifozdz06.css was preloaded using link preload but not used within a few seconds from the window's load event. Please make sure it has an appropriate `as` value and it is preloaded intentionally. @ https://vercel.com/rigo-melchor-s-projects/insourceful-website/deployments:0
[  655388ms] [WARNING] The resource https://vercel.com/_next/static/immutable/media/logo-vercel-dark.28zbfuuys0x7i.svg was preloaded using link preload but not used within a few seconds from the window's load event. Please make sure it has an appropriate `as` value and it is preloaded intentionally. @ https://vercel.com/rigo-melchor-s-projects/insourceful-website/deployments:0
[  655388ms] [WARNING] The resource https://vercel.com/_next/static/immutable/chunks/0vmhpedf_b0j8.css was preloaded using link preload but not used within a few seconds from the window's load event. Please make sure it has an appropriate `as` value and it is preloaded intentionally. @ https://vercel.com/rigo-melchor-s-projects/insourceful-website/deployments:0
[  655388ms] [WARNING] The resource https://vercel.com/_next/static/immutable/chunks/2mvavehoxc309.css was preloaded using link preload but not used within a few seconds from the window's load event. Please make sure it has an appropriate `as` value and it is preloaded intentionally. @ https://vercel.com/rigo-melchor-s-projects/insourceful-website/deployments:0
[  655388ms] [WARNING] The resource https://vercel.com/_next/static/immutable/chunks/3d792zqltro0t.css was preloaded using link preload but not used within a few seconds from the window's load event. Please make sure it has an appropriate `as` value and it is preloaded intentionally. @ https://vercel.com/rigo-melchor-s-projects/insourceful-website/deployments:0
[  655388ms] [WARNING] The resource https://vercel.com/_next/static/immutable/chunks/3z9uffp9rqnx8.css was preloaded using link preload but not used within a few seconds from the window's load event. Please make sure it has an appropriate `as` value and it is preloaded intentionally. @ https://vercel.com/rigo-melchor-s-projects/insourceful-website/deployments:0
[  655388ms] [WARNING] The resource https://vercel.com/_next/static/immutable/chunks/1yl8955ma4q4-.css was preloaded using link preload but not used within a few seconds from the window's load event. Please make sure it has an appropriate `as` value and it is preloaded intentionally. @ https://vercel.com/rigo-melchor-s-projects/insourceful-website/deployments:0
[  655388ms] [WARNING] The resource https://vercel.com/_next/static/immutable/chunks/0-shbsz3-8ybx.css was preloaded using link preload but not used within a few seconds from the window's load event. Please make sure it has an appropriate `as` value and it is preloaded intentionally. @ https://vercel.com/rigo-melchor-s-projects/insourceful-website/deployments:0
[  655388ms] [WARNING] The resource https://vercel.com/_next/static/immutable/chunks/3z36ncuffz89v.css was preloaded using link preload but not used within a few seconds from the window's load event. Please make sure it has an appropriate `as` value and it is preloaded intentionally. @ https://vercel.com/rigo-melchor-s-projects/insourceful-website/deployments:0
[  655388ms] [WARNING] The resource https://vercel.com/_next/static/immutable/chunks/1xg6gg5e39tni.css was preloaded using link preload but not used within a few seconds from the window's load event. Please make sure it has an appropriate `as` value and it is preloaded intentionally. @ https://vercel.com/rigo-melchor-s-projects/insourceful-website/deployments:0
[  655388ms] [WARNING] The resource https://vercel.com/_next/static/immutable/chunks/1hzff2kh3gano.css was preloaded using link preload but not used within a few seconds from the window's load event. Please make sure it has an appropriate `as` value and it is preloaded intentionally. @ https://vercel.com/rigo-melchor-s-projects/insourceful-website/deployments:0
[  655388ms] [WARNING] The resource https://vercel.com/_next/static/immutable/chunks/044vmykz7q7vs.css was preloaded using link preload but not used within a few seconds from the window's load event. Please make sure it has an appropriate `as` value and it is preloaded intentionally. @ https://vercel.com/rigo-melchor-s-projects/insourceful-website/deployments:0
[  655388ms] [WARNING] The resource https://vercel.com/_next/static/immutable/media/logo-vercel-light.3an2_9g6dt4xn.svg was preloaded using link preload but not used within a few seconds from the window's load event. Please make sure it has an appropriate `as` value and it is preloaded intentionally. @ https://vercel.com/rigo-melchor-s-projects/insourceful-website/deployments:0
[  655388ms] [WARNING] The resource https://vercel.com/_next/static/immutable/chunks/0rblmumf_9wz1.css was preloaded using link preload but not used within a few seconds from the window's load event. Please make sure it has an appropriate `as` value and it is preloaded intentionally. @ https://vercel.com/rigo-melchor-s-projects/insourceful-website/deployments:0
[  655388ms] [WARNING] The resource https://vercel.com/_next/static/immutable/chunks/25nnd13fh_4k5.css was preloaded using link preload but not used within a few seconds from the window's load event. Please make sure it has an appropriate `as` value and it is preloaded intentionally. @ https://vercel.com/rigo-melchor-s-projects/insourceful-website/deployments:0
[  655388ms] [WARNING] The resource https://vercel.com/_next/static/immutable/chunks/3p9g28no3_hj-.css was preloaded using link preload but not used within a few seconds from the window's load event. Please make sure it has an appropriate `as` value and it is preloaded intentionally. @ https://vercel.com/rigo-melchor-s-projects/insourceful-website/deployments:0
[  655388ms] [WARNING] The resource https://vercel.com/_next/static/immutable/chunks/3fd49nnoyujvi.css was preloaded using link preload but not used within a few seconds from the window's load event. Please make sure it has an appropriate `as` value and it is preloaded intentionally. @ https://vercel.com/rigo-melchor-s-projects/insourceful-website/deployments:0
[  655388ms] [WARNING] The resource https://vercel.com/_next/static/immutable/chunks/2cegy48-lpb69.css was preloaded using link preload but not used within a few seconds from the window's load event. Please make sure it has an appropriate `as` value and it is preloaded intentionally. @ https://vercel.com/rigo-melchor-s-projects/insourceful-website/deployments:0
[  655388ms] [WARNING] The resource https://vercel.com/_next/static/immutable/chunks/26_kjvxoedtei.css was preloaded using link preload but not used within a few seconds from the window's load event. Please make sure it has an appropriate `as` value and it is preloaded intentionally. @ https://vercel.com/rigo-melchor-s-projects/insourceful-website/deployments:0
[  661291ms] [WARNING] The resource https://vercel.com/_next/static/immutable/chunks/1y7np90zxj-un.css was preloaded using link preload but not used within a few seconds from the window's load event. Please make sure it has an appropriate `as` value and it is preloaded intentionally. @ https://vercel.com/rigo-melchor-s-projects/insourceful-website/deployments:0
[  661291ms] [WARNING] The resource https://vercel.com/_next/static/immutable/chunks/2xsdyifozdz06.css was preloaded using link preload but not used within a few seconds from the window's load event. Please make sure it has an appropriate `as` value and it is preloaded intentionally. @ https://vercel.com/rigo-melchor-s-projects/insourceful-website/deployments:0
[  661291ms] [WARNING] The resource https://vercel.com/_next/static/immutable/media/logo-vercel-dark.28zbfuuys0x7i.svg was preloaded using link preload but not used within a few seconds from the window's load event. Please make sure it has an appropriate `as` value and it is preloaded intentionally. @ https://vercel.com/rigo-melchor-s-projects/insourceful-website/deployments:0
[  661291ms] [WARNING] The resource https://vercel.com/_next/static/immutable/chunks/0vmhpedf_b0j8.css was preloaded using link preload but not used within a few seconds from the window's load event. Please make sure it has an appropriate `as` value and it is preloaded intentionally. @ https://vercel.com/rigo-melchor-s-projects/insourceful-website/deployments:0
[  661291ms] [WARNING] The resource https://vercel.com/_next/static/immutable/chunks/2mvavehoxc309.css was preloaded using link preload but not used within a few seconds from the window's load event. Please make sure it has an appropriate `as` value and it is preloaded intentionally. @ https://vercel.com/rigo-melchor-s-projects/insourceful-website/deployments:0
[  661291ms] [WARNING] The resource https://vercel.com/_next/static/immutable/chunks/3d792zqltro0t.css was preloaded using link preload but not used within a few seconds from the window's load event. Please make sure it has an appropriate `as` value and it is preloaded intentionally. @ https://vercel.com/rigo-melchor-s-projects/insourceful-website/deployments:0
[  661292ms] [WARNING] The resource https://vercel.com/_next/static/immutable/chunks/3z9uffp9rqnx8.css was preloaded using link preload but not used within a few seconds from the window's load event. Please make sure it has an appropriate `as` value and it is preloaded intentionally. @ https://vercel.com/rigo-melchor-s-projects/insourceful-website/deployments:0
[  661292ms] [WARNING] The resource https://vercel.com/_next/static/immutable/chunks/1yl8955ma4q4-.css was preloaded using link preload but not used within a few seconds from the window's load event. Please make sure it has an appropriate `as` value and it is preloaded intentionally. @ https://vercel.com/rigo-melchor-s-projects/insourceful-website/deployments:0
[  661292ms] [WARNING] The resource https://vercel.com/_next/static/immutable/chunks/0-shbsz3-8ybx.css was preloaded using link preload but not used within a few seconds from the window's load event. Please make sure it has an appropriate `as` value and it is preloaded intentionally. @ https://vercel.com/rigo-melchor-s-projects/insourceful-website/deployments:0
[  661292ms] [WARNING] The resource https://vercel.com/_next/static/immutable/chunks/3z36ncuffz89v.css was preloaded using link preload but not used within a few seconds from the window's load event. Please make sure it has an appropriate `as` value and it is preloaded intentionally. @ https://vercel.com/rigo-melchor-s-projects/insourceful-website/deployments:0
[  661292ms] [WARNING] The resource https://vercel.com/_next/static/immutable/chunks/1xg6gg5e39tni.css was preloaded using link preload but not used within a few seconds from the window's load event. Please make sure it has an appropriate `as` value and it is preloaded intentionally. @ https://vercel.com/rigo-melchor-s-projects/insourceful-website/deployments:0
[  661292ms] [WARNING] The resource https://vercel.com/_next/static/immutable/chunks/1hzff2kh3gano.css was preloaded using link preload but not used within a few seconds from the window's load event. Please make sure it has an appropriate `as` value and it is preloaded intentionally. @ https://vercel.com/rigo-melchor-s-projects/insourceful-website/deployments:0
[  661292ms] [WARNING] The resource https://vercel.com/_next/static/immutable/chunks/044vmykz7q7vs.css was preloaded using link preload but not used within a few seconds from the window's load event. Please make sure it has an appropriate `as` value and it is preloaded intentionally. @ https://vercel.com/rigo-melchor-s-projects/insourceful-website/deployments:0
[  661292ms] [WARNING] The resource https://vercel.com/_next/static/immutable/media/logo-vercel-light.3an2_9g6dt4xn.svg was preloaded using link preload but not used within a few seconds from the window's load event. Please make sure it has an appropriate `as` value and it is preloaded intentionally. @ https://vercel.com/rigo-melchor-s-projects/insourceful-website/deployments:0
[  661292ms] [WARNING] The resource https://vercel.com/_next/static/immutable/chunks/0rblmumf_9wz1.css was preloaded using link preload but not used within a few seconds from the window's load event. Please make sure it has an appropriate `as` value and it is preloaded intentionally. @ https://vercel.com/rigo-melchor-s-projects/insourceful-website/deployments:0
[  661292ms] [WARNING] The resource https://vercel.com/_next/static/immutable/chunks/25nnd13fh_4k5.css was preloaded using link preload but not used within a few seconds from the window's load event. Please make sure it has an appropriate `as` value and it is preloaded intentionally. @ https://vercel.com/rigo-melchor-s-projects/insourceful-website/deployments:0
[  661292ms] [WARNING] The resource https://vercel.com/_next/static/immutable/chunks/3p9g28no3_hj-.css was preloaded using link preload but not used within a few seconds from the window's load event. Please make sure it has an appropriate `as` value and it is preloaded intentionally. @ https://vercel.com/rigo-melchor-s-projects/insourceful-website/deployments:0
[  661292ms] [WARNING] The resource https://vercel.com/_next/static/immutable/chunks/3fd49nnoyujvi.css was preloaded using link preload but not used within a few seconds from the window's load event. Please make sure it has an appropriate `as` value and it is preloaded intentionally. @ https://vercel.com/rigo-melchor-s-projects/insourceful-website/deployments:0
[  661292ms] [WARNING] The resource https://vercel.com/_next/static/immutable/chunks/2cegy48-lpb69.css was preloaded using link preload but not used within a few seconds from the window's load event. Please make sure it has an appropriate `as` value and it is preloaded intentionally. @ https://vercel.com/rigo-melchor-s-projects/insourceful-website/deployments:0
[  661292ms] [WARNING] The resource https://vercel.com/_next/static/immutable/chunks/26_kjvxoedtei.css was preloaded using link preload but not used within a few seconds from the window's load event. Please make sure it has an appropriate `as` value and it is preloaded intentionally. @ https://vercel.com/rigo-melchor-s-projects/insourceful-website/deployments:0
[  685639ms] [WARNING] The resource https://vercel.com/_next/static/immutable/chunks/1y7np90zxj-un.css was preloaded using link preload but not used within a few seconds from the window's load event. Please make sure it has an appropriate `as` value and it is preloaded intentionally. @ https://vercel.com/rigo-melchor-s-projects/insourceful-website/deployments:0
[  685639ms] [WARNING] The resource https://vercel.com/_next/static/immutable/chunks/2xsdyifozdz06.css was preloaded using link preload but not used within a few seconds from the window's load event. Please make sure it has an appropriate `as` value and it is preloaded intentionally. @ https://vercel.com/rigo-melchor-s-projects/insourceful-website/deployments:0
[  685639ms] [WARNING] The resource https://vercel.com/_next/static/immutable/media/logo-vercel-dark.28zbfuuys0x7i.svg was preloaded using link preload but not used within a few seconds from the window's load event. Please make sure it has an appropriate `as` value and it is preloaded intentionally. @ https://vercel.com/rigo-melchor-s-projects/insourceful-website/deployments:0
[  685639ms] [WARNING] The resource https://vercel.com/_next/static/immutable/chunks/0vmhpedf_b0j8.css was preloaded using link preload but not used within a few seconds from the window's load event. Please make sure it has an appropriate `as` value and it is preloaded intentionally. @ https://vercel.com/rigo-melchor-s-projects/insourceful-website/deployments:0
[  685639ms] [WARNING] The resource https://vercel.com/_next/static/immutable/chunks/2mvavehoxc309.css was preloaded using link preload but not used within a few seconds from the window's load event. Please make sure it has an appropriate `as` value and it is preloaded intentionally. @ https://vercel.com/rigo-melchor-s-projects/insourceful-website/deployments:0
[  685639ms] [WARNING] The resource https://vercel.com/_next/static/immutable/chunks/3d792zqltro0t.css was preloaded using link preload but not used within a few seconds from the window's load event. Please make sure it has an appropriate `as` value and it is preloaded intentionally. @ https://vercel.com/rigo-melchor-s-projects/insourceful-website/deployments:0
[  685639ms] [WARNING] The resource https://vercel.com/_next/static/immutable/chunks/3z9uffp9rqnx8.css was preloaded using link preload but not used within a few seconds from the window's load event. Please make sure it has an appropriate `as` value and it is preloaded intentionally. @ https://vercel.com/rigo-melchor-s-projects/insourceful-website/deployments:0
[  685639ms] [WARNING] The resource https://vercel.com/_next/static/immutable/chunks/1yl8955ma4q4-.css was preloaded using link preload but not used within a few seconds from the window's load event. Please make sure it has an appropriate `as` value and it is preloaded intentionally. @ https://vercel.com/rigo-melchor-s-projects/insourceful-website/deployments:0
[  685639ms] [WARNING] The resource https://vercel.com/_next/static/immutable/chunks/0-shbsz3-8ybx.css was preloaded using link preload but not used within a few seconds from the window's load event. Please make sure it has an appropriate `as` value and it is preloaded intentionally. @ https://vercel.com/rigo-melchor-s-projects/insourceful-website/deployments:0
[  685639ms] [WARNING] The resource https://vercel.com/_next/static/immutable/chunks/3z36ncuffz89v.css was preloaded using link preload but not used within a few seconds from the window's load event. Please make sure it has an appropriate `as` value and it is preloaded intentionally. @ https://vercel.com/rigo-melchor-s-projects/insourceful-website/deployments:0
[  685639ms] [WARNING] The resource https://vercel.com/_next/static/immutable/chunks/1xg6gg5e39tni.css was preloaded using link preload but not used within a few seconds from the window's load event. Please make sure it has an appropriate `as` value and it is preloaded intentionally. @ https://vercel.com/rigo-melchor-s-projects/insourceful-website/deployments:0
[  685639ms] [WARNING] The resource https://vercel.com/_next/static/immutable/chunks/1hzff2kh3gano.css was preloaded using link preload but not used within a few seconds from the window's load event. Please make sure it has an appropriate `as` value and it is preloaded intentionally. @ https://vercel.com/rigo-melchor-s-projects/insourceful-website/deployments:0
[  685639ms] [WARNING] The resource https://vercel.com/_next/static/immutable/chunks/044vmykz7q7vs.css was preloaded using link preload but not used within a few seconds from the window's load event. Please make sure it has an appropriate `as` value and it is preloaded intentionally. @ https://vercel.com/rigo-melchor-s-projects/insourceful-website/deployments:0
[  685639ms] [WARNING] The resource https://vercel.com/_next/static/immutable/media/logo-vercel-light.3an2_9g6dt4xn.svg was preloaded using link preload but not used within a few seconds from the window's load event. Please make sure it has an appropriate `as` value and it is preloaded intentionally. @ https://vercel.com/rigo-melchor-s-projects/insourceful-website/deployments:0
[  685639ms] [WARNING] The resource https://vercel.com/_next/static/immutable/chunks/0rblmumf_9wz1.css was preloaded using link preload but not used within a few seconds from the window's load event. Please make sure it has an appropriate `as` value and it is preloaded intentionally. @ https://vercel.com/rigo-melchor-s-projects/insourceful-website/deployments:0
[  685639ms] [WARNING] The resource https://vercel.com/_next/static/immutable/chunks/25nnd13fh_4k5.css was preloaded using link preload but not used within a few seconds from the window's load event. Please make sure it has an appropriate `as` value and it is preloaded intentionally. @ https://vercel.com/rigo-melchor-s-projects/insourceful-website/deployments:0
[  685639ms] [WARNING] The resource https://vercel.com/_next/static/immutable/chunks/3p9g28no3_hj-.css was preloaded using link preload but not used within a few seconds from the window's load event. Please make sure it has an appropriate `as` value and it is preloaded intentionally. @ https://vercel.com/rigo-melchor-s-projects/insourceful-website/deployments:0
[  685639ms] [WARNING] The resource https://vercel.com/_next/static/immutable/chunks/3fd49nnoyujvi.css was preloaded using link preload but not used within a few seconds from the window's load event. Please make sure it has an appropriate `as` value and it is preloaded intentionally. @ https://vercel.com/rigo-melchor-s-projects/insourceful-website/deployments:0
[  685639ms] [WARNING] The resource https://vercel.com/_next/static/immutable/chunks/2cegy48-lpb69.css was preloaded using link preload but not used within a few seconds from the window's load event. Please make sure it has an appropriate `as` value and it is preloaded intentionally. @ https://vercel.com/rigo-melchor-s-projects/insourceful-website/deployments:0
[  685639ms] [WARNING] The resource https://vercel.com/_next/static/immutable/chunks/26_kjvxoedtei.css was preloaded using link preload but not used within a few seconds from the window's load event. Please make sure it has an appropriate `as` value and it is preloaded intentionally. @ https://vercel.com/rigo-melchor-s-projects/insourceful-website/deployments:0
[  691532ms] [WARNING] The resource https://vercel.com/_next/static/immutable/chunks/1y7np90zxj-un.css was preloaded using link preload but not used within a few seconds from the window's load event. Please make sure it has an appropriate `as` value and it is preloaded intentionally. @ https://vercel.com/rigo-melchor-s-projects/insourceful-website/deployments:0
[  691532ms] [WARNING] The resource https://vercel.com/_next/static/immutable/chunks/2xsdyifozdz06.css was preloaded using link preload but not used within a few seconds from the window's load event. Please make sure it has an appropriate `as` value and it is preloaded intentionally. @ https://vercel.com/rigo-melchor-s-projects/insourceful-website/deployments:0
[  691532ms] [WARNING] The resource https://vercel.com/_next/static/immutable/media/logo-vercel-dark.28zbfuuys0x7i.svg was preloaded using link preload but not used within a few seconds from the window's load event. Please make sure it has an appropriate `as` value and it is preloaded intentionally. @ https://vercel.com/rigo-melchor-s-projects/insourceful-website/deployments:0
[  691532ms] [WARNING] The resource https://vercel.com/_next/static/immutable/chunks/0vmhpedf_b0j8.css was preloaded using link preload but not used within a few seconds from the window's load event. Please make sure it has an appropriate `as` value and it is preloaded intentionally. @ https://vercel.com/rigo-melchor-s-projects/insourceful-website/deployments:0
[  691532ms] [WARNING] The resource https://vercel.com/_next/static/immutable/chunks/2mvavehoxc309.css was preloaded using link preload but not used within a few seconds from the window's load event. Please make sure it has an appropriate `as` value and it is preloaded intentionally. @ https://vercel.com/rigo-melchor-s-projects/insourceful-website/deployments:0
[  691532ms] [WARNING] The resource https://vercel.com/_next/static/immutable/chunks/3d792zqltro0t.css was preloaded using link preload but not used within a few seconds from the window's load event. Please make sure it has an appropriate `as` value and it is preloaded intentionally. @ https://vercel.com/rigo-melchor-s-projects/insourceful-website/deployments:0
[  691532ms] [WARNING] The resource https://vercel.com/_next/static/immutable/chunks/3z9uffp9rqnx8.css was preloaded using link preload but not used within a few seconds from the window's load event. Please make sure it has an appropriate `as` value and it is preloaded intentionally. @ https://vercel.com/rigo-melchor-s-projects/insourceful-website/deployments:0
[  691532ms] [WARNING] The resource https://vercel.com/_next/static/immutable/chunks/1yl8955ma4q4-.css was preloaded using link preload but not used within a few seconds from the window's load event. Please make sure it has an appropriate `as` value and it is preloaded intentionally. @ https://vercel.com/rigo-melchor-s-projects/insourceful-website/deployments:0
[  691532ms] [WARNING] The resource https://vercel.com/_next/static/immutable/chunks/0-shbsz3-8ybx.css was preloaded using link preload but not used within a few seconds from the window's load event. Please make sure it has an appropriate `as` value and it is preloaded intentionally. @ https://vercel.com/rigo-melchor-s-projects/insourceful-website/deployments:0
[  691532ms] [WARNING] The resource https://vercel.com/_next/static/immutable/chunks/3z36ncuffz89v.css was preloaded using link preload but not used within a few seconds from the window's load event. Please make sure it has an appropriate `as` value and it is preloaded intentionally. @ https://vercel.com/rigo-melchor-s-projects/insourceful-website/deployments:0
[  691532ms] [WARNING] The resource https://vercel.com/_next/static/immutable/chunks/1xg6gg5e39tni.css was preloaded using link preload but not used within a few seconds from the window's load event. Please make sure it has an appropriate `as` value and it is preloaded intentionally. @ https://vercel.com/rigo-melchor-s-projects/insourceful-website/deployments:0
[  691532ms] [WARNING] The resource https://vercel.com/_next/static/immutable/chunks/1hzff2kh3gano.css was preloaded using link preload but not used within a few seconds from the window's load event. Please make sure it has an appropriate `as` value and it is preloaded intentionally. @ https://vercel.com/rigo-melchor-s-projects/insourceful-website/deployments:0
[  691532ms] [WARNING] The resource https://vercel.com/_next/static/immutable/chunks/044vmykz7q7vs.css was preloaded using link preload but not used within a few seconds from the window's load event. Please make sure it has an appropriate `as` value and it is preloaded intentionally. @ https://vercel.com/rigo-melchor-s-projects/insourceful-website/deployments:0
[  691533ms] [WARNING] The resource https://vercel.com/_next/static/immutable/media/logo-vercel-light.3an2_9g6dt4xn.svg was preloaded using link preload but not used within a few seconds from the window's load event. Please make sure it has an appropriate `as` value and it is preloaded intentionally. @ https://vercel.com/rigo-melchor-s-projects/insourceful-website/deployments:0
[  691533ms] [WARNING] The resource https://vercel.com/_next/static/immutable/chunks/0rblmumf_9wz1.css was preloaded using link preload but not used within a few seconds from the window's load event. Please make sure it has an appropriate `as` value and it is preloaded intentionally. @ https://vercel.com/rigo-melchor-s-projects/insourceful-website/deployments:0
[  691533ms] [WARNING] The resource https://vercel.com/_next/static/immutable/chunks/25nnd13fh_4k5.css was preloaded using link preload but not used within a few seconds from the window's load event. Please make sure it has an appropriate `as` value and it is preloaded intentionally. @ https://vercel.com/rigo-melchor-s-projects/insourceful-website/deployments:0
[  691533ms] [WARNING] The resource https://vercel.com/_next/static/immutable/chunks/3p9g28no3_hj-.css was preloaded using link preload but not used within a few seconds from the window's load event. Please make sure it has an appropriate `as` value and it is preloaded intentionally. @ https://vercel.com/rigo-melchor-s-projects/insourceful-website/deployments:0
[  691533ms] [WARNING] The resource https://vercel.com/_next/static/immutable/chunks/3fd49nnoyujvi.css was preloaded using link preload but not used within a few seconds from the window's load event. Please make sure it has an appropriate `as` value and it is preloaded intentionally. @ https://vercel.com/rigo-melchor-s-projects/insourceful-website/deployments:0
[  691533ms] [WARNING] The resource https://vercel.com/_next/static/immutable/chunks/2cegy48-lpb69.css was preloaded using link preload but not used within a few seconds from the window's load event. Please make sure it has an appropriate `as` value and it is preloaded intentionally. @ https://vercel.com/rigo-melchor-s-projects/insourceful-website/deployments:0
[  691533ms] [WARNING] The resource https://vercel.com/_next/static/immutable/chunks/26_kjvxoedtei.css was preloaded using link preload but not used within a few seconds from the window's load event. Please make sure it has an appropriate `as` value and it is preloaded intentionally. @ https://vercel.com/rigo-melchor-s-projects/insourceful-website/deployments:0
[  715885ms] [WARNING] The resource https://vercel.com/_next/static/immutable/chunks/1y7np90zxj-un.css was preloaded using link preload but not used within a few seconds from the window's load event. Please make sure it has an appropriate `as` value and it is preloaded intentionally. @ https://vercel.com/rigo-melchor-s-projects/insourceful-website/deployments:0
[  715885ms] [WARNING] The resource https://vercel.com/_next/static/immutable/chunks/2xsdyifozdz06.css was preloaded using link preload but not used within a few seconds from the window's load event. Please make sure it has an appropriate `as` value and it is preloaded intentionally. @ https://vercel.com/rigo-melchor-s-projects/insourceful-website/deployments:0
[  715885ms] [WARNING] The resource https://vercel.com/_next/static/immutable/media/logo-vercel-dark.28zbfuuys0x7i.svg was preloaded using link preload but not used within a few seconds from the window's load event. Please make sure it has an appropriate `as` value and it is preloaded intentionally. @ https://vercel.com/rigo-melchor-s-projects/insourceful-website/deployments:0
[  715885ms] [WARNING] The resource https://vercel.com/_next/static/immutable/chunks/0vmhpedf_b0j8.css was preloaded using link preload but not used within a few seconds from the window's load event. Please make sure it has an appropriate `as` value and it is preloaded intentionally. @ https://vercel.com/rigo-melchor-s-projects/insourceful-website/deployments:0
[  715885ms] [WARNING] The resource https://vercel.com/_next/static/immutable/chunks/2mvavehoxc309.css was preloaded using link preload but not used within a few seconds from the window's load event. Please make sure it has an appropriate `as` value and it is preloaded intentionally. @ https://vercel.com/rigo-melchor-s-projects/insourceful-website/deployments:0
[  715885ms] [WARNING] The resource https://vercel.com/_next/static/immutable/chunks/3d792zqltro0t.css was preloaded using link preload but not used within a few seconds from the window's load event. Please make sure it has an appropriate `as` value and it is preloaded intentionally. @ https://vercel.com/rigo-melchor-s-projects/insourceful-website/deployments:0
[  715885ms] [WARNING] The resource https://vercel.com/_next/static/immutable/chunks/3z9uffp9rqnx8.css was preloaded using link preload but not used within a few seconds from the window's load event. Please make sure it has an appropriate `as` value and it is preloaded intentionally. @ https://vercel.com/rigo-melchor-s-projects/insourceful-website/deployments:0
[  715885ms] [WARNING] The resource https://vercel.com/_next/static/immutable/chunks/1yl8955ma4q4-.css was preloaded using link preload but not used within a few seconds from the window's load event. Please make sure it has an appropriate `as` value and it is preloaded intentionally. @ https://vercel.com/rigo-melchor-s-projects/insourceful-website/deployments:0
[  715886ms] [WARNING] The resource https://vercel.com/_next/static/immutable/chunks/0-shbsz3-8ybx.css was preloaded using link preload but not used within a few seconds from the window's load event. Please make sure it has an appropriate `as` value and it is preloaded intentionally. @ https://vercel.com/rigo-melchor-s-projects/insourceful-website/deployments:0
[  715886ms] [WARNING] The resource https://vercel.com/_next/static/immutable/chunks/3z36ncuffz89v.css was preloaded using link preload but not used within a few seconds from the window's load event. Please make sure it has an appropriate `as` value and it is preloaded intentionally. @ https://vercel.com/rigo-melchor-s-projects/insourceful-website/deployments:0
[  715886ms] [WARNING] The resource https://vercel.com/_next/static/immutable/chunks/1xg6gg5e39tni.css was preloaded using link preload but not used within a few seconds from the window's load event. Please make sure it has an appropriate `as` value and it is preloaded intentionally. @ https://vercel.com/rigo-melchor-s-projects/insourceful-website/deployments:0
[  715886ms] [WARNING] The resource https://vercel.com/_next/static/immutable/chunks/1hzff2kh3gano.css was preloaded using link preload but not used within a few seconds from the window's load event. Please make sure it has an appropriate `as` value and it is preloaded intentionally. @ https://vercel.com/rigo-melchor-s-projects/insourceful-website/deployments:0
[  715886ms] [WARNING] The resource https://vercel.com/_next/static/immutable/chunks/044vmykz7q7vs.css was preloaded using link preload but not used within a few seconds from the window's load event. Please make sure it has an appropriate `as` value and it is preloaded intentionally. @ https://vercel.com/rigo-melchor-s-projects/insourceful-website/deployments:0
[  715886ms] [WARNING] The resource https://vercel.com/_next/static/immutable/media/logo-vercel-light.3an2_9g6dt4xn.svg was preloaded using link preload but not used within a few seconds from the window's load event. Please make sure it has an appropriate `as` value and it is preloaded intentionally. @ https://vercel.com/rigo-melchor-s-projects/insourceful-website/deployments:0
[  715886ms] [WARNING] The resource https://vercel.com/_next/static/immutable/chunks/0rblmumf_9wz1.css was preloaded using link preload but not used within a few seconds from the window's load event. Please make sure it has an appropriate `as` value and it is preloaded intentionally. @ https://vercel.com/rigo-melchor-s-projects/insourceful-website/deployments:0
[  715886ms] [WARNING] The resource https://vercel.com/_next/static/immutable/chunks/25nnd13fh_4k5.css was preloaded using link preload but not used within a few seconds from the window's load event. Please make sure it has an appropriate `as` value and it is preloaded intentionally. @ https://vercel.com/rigo-melchor-s-projects/insourceful-website/deployments:0
[  715886ms] [WARNING] The resource https://vercel.com/_next/static/immutable/chunks/3p9g28no3_hj-.css was preloaded using link preload but not used within a few seconds from the window's load event. Please make sure it has an appropriate `as` value and it is preloaded intentionally. @ https://vercel.com/rigo-melchor-s-projects/insourceful-website/deployments:0
[  715886ms] [WARNING] The resource https://vercel.com/_next/static/immutable/chunks/3fd49nnoyujvi.css was preloaded using link preload but not used within a few seconds from the window's load event. Please make sure it has an appropriate `as` value and it is preloaded intentionally. @ https://vercel.com/rigo-melchor-s-projects/insourceful-website/deployments:0
[  715886ms] [WARNING] The resource https://vercel.com/_next/static/immutable/chunks/2cegy48-lpb69.css was preloaded using link preload but not used within a few seconds from the window's load event. Please make sure it has an appropriate `as` value and it is preloaded intentionally. @ https://vercel.com/rigo-melchor-s-projects/insourceful-website/deployments:0
[  715886ms] [WARNING] The resource https://vercel.com/_next/static/immutable/chunks/26_kjvxoedtei.css was preloaded using link preload but not used within a few seconds from the window's load event. Please make sure it has an appropriate `as` value and it is preloaded intentionally. @ https://vercel.com/rigo-melchor-s-projects/insourceful-website/deployments:0
[  721765ms] [WARNING] The resource https://vercel.com/_next/static/immutable/chunks/1y7np90zxj-un.css was preloaded using link preload but not used within a few seconds from the window's load event. Please make sure it has an appropriate `as` value and it is preloaded intentionally. @ https://vercel.com/rigo-melchor-s-projects/insourceful-website/deployments:0
[  721765ms] [WARNING] The resource https://vercel.com/_next/static/immutable/chunks/2xsdyifozdz06.css was preloaded using link preload but not used within a few seconds from the window's load event. Please make sure it has an appropriate `as` value and it is preloaded intentionally. @ https://vercel.com/rigo-melchor-s-projects/insourceful-website/deployments:0
[  721765ms] [WARNING] The resource https://vercel.com/_next/static/immutable/media/logo-vercel-dark.28zbfuuys0x7i.svg was preloaded using link preload but not used within a few seconds from the window's load event. Please make sure it has an appropriate `as` value and it is preloaded intentionally. @ https://vercel.com/rigo-melchor-s-projects/insourceful-website/deployments:0
[  721765ms] [WARNING] The resource https://vercel.com/_next/static/immutable/chunks/0vmhpedf_b0j8.css was preloaded using link preload but not used within a few seconds from the window's load event. Please make sure it has an appropriate `as` value and it is preloaded intentionally. @ https://vercel.com/rigo-melchor-s-projects/insourceful-website/deployments:0
[  721765ms] [WARNING] The resource https://vercel.com/_next/static/immutable/chunks/2mvavehoxc309.css was preloaded using link preload but not used within a few seconds from the window's load event. Please make sure it has an appropriate `as` value and it is preloaded intentionally. @ https://vercel.com/rigo-melchor-s-projects/insourceful-website/deployments:0
[  721765ms] [WARNING] The resource https://vercel.com/_next/static/immutable/chunks/3d792zqltro0t.css was preloaded using link preload but not used within a few seconds from the window's load event. Please make sure it has an appropriate `as` value and it is preloaded intentionally. @ https://vercel.com/rigo-melchor-s-projects/insourceful-website/deployments:0
[  721765ms] [WARNING] The resource https://vercel.com/_next/static/immutable/chunks/3z9uffp9rqnx8.css was preloaded using link preload but not used within a few seconds from the window's load event. Please make sure it has an appropriate `as` value and it is preloaded intentionally. @ https://vercel.com/rigo-melchor-s-projects/insourceful-website/deployments:0
[  721765ms] [WARNING] The resource https://vercel.com/_next/static/immutable/chunks/1yl8955ma4q4-.css was preloaded using link preload but not used within a few seconds from the window's load event. Please make sure it has an appropriate `as` value and it is preloaded intentionally. @ https://vercel.com/rigo-melchor-s-projects/insourceful-website/deployments:0
[  721765ms] [WARNING] The resource https://vercel.com/_next/static/immutable/chunks/0-shbsz3-8ybx.css was preloaded using link preload but not used within a few seconds from the window's load event. Please make sure it has an appropriate `as` value and it is preloaded intentionally. @ https://vercel.com/rigo-melchor-s-projects/insourceful-website/deployments:0
[  721765ms] [WARNING] The resource https://vercel.com/_next/static/immutable/chunks/3z36ncuffz89v.css was preloaded using link preload but not used within a few seconds from the window's load event. Please make sure it has an appropriate `as` value and it is preloaded intentionally. @ https://vercel.com/rigo-melchor-s-projects/insourceful-website/deployments:0
[  721765ms] [WARNING] The resource https://vercel.com/_next/static/immutable/chunks/1xg6gg5e39tni.css was preloaded using link preload but not used within a few seconds from the window's load event. Please make sure it has an appropriate `as` value and it is preloaded intentionally. @ https://vercel.com/rigo-melchor-s-projects/insourceful-website/deployments:0
[  721765ms] [WARNING] The resource https://vercel.com/_next/static/immutable/chunks/1hzff2kh3gano.css was preloaded using link preload but not used within a few seconds from the window's load event. Please make sure it has an appropriate `as` value and it is preloaded intentionally. @ https://vercel.com/rigo-melchor-s-projects/insourceful-website/deployments:0
[  721765ms] [WARNING] The resource https://vercel.com/_next/static/immutable/chunks/044vmykz7q7vs.css was preloaded using link preload but not used within a few seconds from the window's load event. Please make sure it has an appropriate `as` value and it is preloaded intentionally. @ https://vercel.com/rigo-melchor-s-projects/insourceful-website/deployments:0
[  721765ms] [WARNING] The resource https://vercel.com/_next/static/immutable/media/logo-vercel-light.3an2_9g6dt4xn.svg was preloaded using link preload but not used within a few seconds from the window's load event. Please make sure it has an appropriate `as` value and it is preloaded intentionally. @ https://vercel.com/rigo-melchor-s-projects/insourceful-website/deployments:0
[  721765ms] [WARNING] The resource https://vercel.com/_next/static/immutable/chunks/0rblmumf_9wz1.css was preloaded using link preload but not used within a few seconds from the window's load event. Please make sure it has an appropriate `as` value and it is preloaded intentionally. @ https://vercel.com/rigo-melchor-s-projects/insourceful-website/deployments:0
[  721765ms] [WARNING] The resource https://vercel.com/_next/static/immutable/chunks/25nnd13fh_4k5.css was preloaded using link preload but not used within a few seconds from the window's load event. Please make sure it has an appropriate `as` value and it is preloaded intentionally. @ https://vercel.com/rigo-melchor-s-projects/insourceful-website/deployments:0
[  721765ms] [WARNING] The resource https://vercel.com/_next/static/immutable/chunks/3p9g28no3_hj-.css was preloaded using link preload but not used within a few seconds from the window's load event. Please make sure it has an appropriate `as` value and it is preloaded intentionally. @ https://vercel.com/rigo-melchor-s-projects/insourceful-website/deployments:0
[  721765ms] [WARNING] The resource https://vercel.com/_next/static/immutable/chunks/3fd49nnoyujvi.css was preloaded using link preload but not used within a few seconds from the window's load event. Please make sure it has an appropriate `as` value and it is preloaded intentionally. @ https://vercel.com/rigo-melchor-s-projects/insourceful-website/deployments:0
[  721765ms] [WARNING] The resource https://vercel.com/_next/static/immutable/chunks/2cegy48-lpb69.css was preloaded using link preload but not used within a few seconds from the window's load event. Please make sure it has an appropriate `as` value and it is preloaded intentionally. @ https://vercel.com/rigo-melchor-s-projects/insourceful-website/deployments:0
[  721765ms] [WARNING] The resource https://vercel.com/_next/static/immutable/chunks/26_kjvxoedtei.css was preloaded using link preload but not used within a few seconds from the window's load event. Please make sure it has an appropriate `as` value and it is preloaded intentionally. @ https://vercel.com/rigo-melchor-s-projects/insourceful-website/deployments:0
[  746114ms] [WARNING] The resource https://vercel.com/_next/static/immutable/chunks/1y7np90zxj-un.css was preloaded using link preload but not used within a few seconds from the window's load event. Please make sure it has an appropriate `as` value and it is preloaded intentionally. @ https://vercel.com/rigo-melchor-s-projects/insourceful-website/deployments:0
[  746114ms] [WARNING] The resource https://vercel.com/_next/static/immutable/chunks/2xsdyifozdz06.css was preloaded using link preload but not used within a few seconds from the window's load event. Please make sure it has an appropriate `as` value and it is preloaded intentionally. @ https://vercel.com/rigo-melchor-s-projects/insourceful-website/deployments:0
[  746114ms] [WARNING] The resource https://vercel.com/_next/static/immutable/media/logo-vercel-dark.28zbfuuys0x7i.svg was preloaded using link preload but not used within a few seconds from the window's load event. Please make sure it has an appropriate `as` value and it is preloaded intentionally. @ https://vercel.com/rigo-melchor-s-projects/insourceful-website/deployments:0
[  746114ms] [WARNING] The resource https://vercel.com/_next/static/immutable/chunks/0vmhpedf_b0j8.css was preloaded using link preload but not used within a few seconds from the window's load event. Please make sure it has an appropriate `as` value and it is preloaded intentionally. @ https://vercel.com/rigo-melchor-s-projects/insourceful-website/deployments:0
[  746114ms] [WARNING] The resource https://vercel.com/_next/static/immutable/chunks/2mvavehoxc309.css was preloaded using link preload but not used within a few seconds from the window's load event. Please make sure it has an appropriate `as` value and it is preloaded intentionally. @ https://vercel.com/rigo-melchor-s-projects/insourceful-website/deployments:0
[  746114ms] [WARNING] The resource https://vercel.com/_next/static/immutable/chunks/3d792zqltro0t.css was preloaded using link preload but not used within a few seconds from the window's load event. Please make sure it has an appropriate `as` value and it is preloaded intentionally. @ https://vercel.com/rigo-melchor-s-projects/insourceful-website/deployments:0
[  746115ms] [WARNING] The resource https://vercel.com/_next/static/immutable/chunks/3z9uffp9rqnx8.css was preloaded using link preload but not used within a few seconds from the window's load event. Please make sure it has an appropriate `as` value and it is preloaded intentionally. @ https://vercel.com/rigo-melchor-s-projects/insourceful-website/deployments:0
[  746115ms] [WARNING] The resource https://vercel.com/_next/static/immutable/chunks/1yl8955ma4q4-.css was preloaded using link preload but not used within a few seconds from the window's load event. Please make sure it has an appropriate `as` value and it is preloaded intentionally. @ https://vercel.com/rigo-melchor-s-projects/insourceful-website/deployments:0
[  746115ms] [WARNING] The resource https://vercel.com/_next/static/immutable/chunks/0-shbsz3-8ybx.css was preloaded using link preload but not used within a few seconds from the window's load event. Please make sure it has an appropriate `as` value and it is preloaded intentionally. @ https://vercel.com/rigo-melchor-s-projects/insourceful-website/deployments:0
[  746115ms] [WARNING] The resource https://vercel.com/_next/static/immutable/chunks/3z36ncuffz89v.css was preloaded using link preload but not used within a few seconds from the window's load event. Please make sure it has an appropriate `as` value and it is preloaded intentionally. @ https://vercel.com/rigo-melchor-s-projects/insourceful-website/deployments:0
[  746115ms] [WARNING] The resource https://vercel.com/_next/static/immutable/chunks/1xg6gg5e39tni.css was preloaded using link preload but not used within a few seconds from the window's load event. Please make sure it has an appropriate `as` value and it is preloaded intentionally. @ https://vercel.com/rigo-melchor-s-projects/insourceful-website/deployments:0
[  746115ms] [WARNING] The resource https://vercel.com/_next/static/immutable/chunks/1hzff2kh3gano.css was preloaded using link preload but not used within a few seconds from the window's load event. Please make sure it has an appropriate `as` value and it is preloaded intentionally. @ https://vercel.com/rigo-melchor-s-projects/insourceful-website/deployments:0
[  746115ms] [WARNING] The resource https://vercel.com/_next/static/immutable/chunks/044vmykz7q7vs.css was preloaded using link preload but not used within a few seconds from the window's load event. Please make sure it has an appropriate `as` value and it is preloaded intentionally. @ https://vercel.com/rigo-melchor-s-projects/insourceful-website/deployments:0
[  746115ms] [WARNING] The resource https://vercel.com/_next/static/immutable/media/logo-vercel-light.3an2_9g6dt4xn.svg was preloaded using link preload but not used within a few seconds from the window's load event. Please make sure it has an appropriate `as` value and it is preloaded intentionally. @ https://vercel.com/rigo-melchor-s-projects/insourceful-website/deployments:0
[  746115ms] [WARNING] The resource https://vercel.com/_next/static/immutable/chunks/0rblmumf_9wz1.css was preloaded using link preload but not used within a few seconds from the window's load event. Please make sure it has an appropriate `as` value and it is preloaded intentionally. @ https://vercel.com/rigo-melchor-s-projects/insourceful-website/deployments:0
[  746115ms] [WARNING] The resource https://vercel.com/_next/static/immutable/chunks/25nnd13fh_4k5.css was preloaded using link preload but not used within a few seconds from the window's load event. Please make sure it has an appropriate `as` value and it is preloaded intentionally. @ https://vercel.com/rigo-melchor-s-projects/insourceful-website/deployments:0
[  746115ms] [WARNING] The resource https://vercel.com/_next/static/immutable/chunks/3p9g28no3_hj-.css was preloaded using link preload but not used within a few seconds from the window's load event. Please make sure it has an appropriate `as` value and it is preloaded intentionally. @ https://vercel.com/rigo-melchor-s-projects/insourceful-website/deployments:0
[  746115ms] [WARNING] The resource https://vercel.com/_next/static/immutable/chunks/3fd49nnoyujvi.css was preloaded using link preload but not used within a few seconds from the window's load event. Please make sure it has an appropriate `as` value and it is preloaded intentionally. @ https://vercel.com/rigo-melchor-s-projects/insourceful-website/deployments:0
[  746115ms] [WARNING] The resource https://vercel.com/_next/static/immutable/chunks/2cegy48-lpb69.css was preloaded using link preload but not used within a few seconds from the window's load event. Please make sure it has an appropriate `as` value and it is preloaded intentionally. @ https://vercel.com/rigo-melchor-s-projects/insourceful-website/deployments:0
[  746115ms] [WARNING] The resource https://vercel.com/_next/static/immutable/chunks/26_kjvxoedtei.css was preloaded using link preload but not used within a few seconds from the window's load event. Please make sure it has an appropriate `as` value and it is preloaded intentionally. @ https://vercel.com/rigo-melchor-s-projects/insourceful-website/deployments:0
[  752033ms] [WARNING] The resource https://vercel.com/_next/static/immutable/chunks/1y7np90zxj-un.css was preloaded using link preload but not used within a few seconds from the window's load event. Please make sure it has an appropriate `as` value and it is preloaded intentionally. @ https://vercel.com/rigo-melchor-s-projects/insourceful-website/deployments:0
[  752033ms] [WARNING] The resource https://vercel.com/_next/static/immutable/chunks/2xsdyifozdz06.css was preloaded using link preload but not used within a few seconds from the window's load event. Please make sure it has an appropriate `as` value and it is preloaded intentionally. @ https://vercel.com/rigo-melchor-s-projects/insourceful-website/deployments:0
[  752033ms] [WARNING] The resource https://vercel.com/_next/static/immutable/media/logo-vercel-dark.28zbfuuys0x7i.svg was preloaded using link preload but not used within a few seconds from the window's load event. Please make sure it has an appropriate `as` value and it is preloaded intentionally. @ https://vercel.com/rigo-melchor-s-projects/insourceful-website/deployments:0
[  752033ms] [WARNING] The resource https://vercel.com/_next/static/immutable/chunks/0vmhpedf_b0j8.css was preloaded using link preload but not used within a few seconds from the window's load event. Please make sure it has an appropriate `as` value and it is preloaded intentionally. @ https://vercel.com/rigo-melchor-s-projects/insourceful-website/deployments:0
[  752034ms] [WARNING] The resource https://vercel.com/_next/static/immutable/chunks/2mvavehoxc309.css was preloaded using link preload but not used within a few seconds from the window's load event. Please make sure it has an appropriate `as` value and it is preloaded intentionally. @ https://vercel.com/rigo-melchor-s-projects/insourceful-website/deployments:0
[  752034ms] [WARNING] The resource https://vercel.com/_next/static/immutable/chunks/3d792zqltro0t.css was preloaded using link preload but not used within a few seconds from the window's load event. Please make sure it has an appropriate `as` value and it is preloaded intentionally. @ https://vercel.com/rigo-melchor-s-projects/insourceful-website/deployments:0
[  752034ms] [WARNING] The resource https://vercel.com/_next/static/immutable/chunks/3z9uffp9rqnx8.css was preloaded using link preload but not used within a few seconds from the window's load event. Please make sure it has an appropriate `as` value and it is preloaded intentionally. @ https://vercel.com/rigo-melchor-s-projects/insourceful-website/deployments:0
[  752034ms] [WARNING] The resource https://vercel.com/_next/static/immutable/chunks/1yl8955ma4q4-.css was preloaded using link preload but not used within a few seconds from the window's load event. Please make sure it has an appropriate `as` value and it is preloaded intentionally. @ https://vercel.com/rigo-melchor-s-projects/insourceful-website/deployments:0
[  752034ms] [WARNING] The resource https://vercel.com/_next/static/immutable/chunks/0-shbsz3-8ybx.css was preloaded using link preload but not used within a few seconds from the window's load event. Please make sure it has an appropriate `as` value and it is preloaded intentionally. @ https://vercel.com/rigo-melchor-s-projects/insourceful-website/deployments:0
[  752034ms] [WARNING] The resource https://vercel.com/_next/static/immutable/chunks/3z36ncuffz89v.css was preloaded using link preload but not used within a few seconds from the window's load event. Please make sure it has an appropriate `as` value and it is preloaded intentionally. @ https://vercel.com/rigo-melchor-s-projects/insourceful-website/deployments:0
[  752034ms] [WARNING] The resource https://vercel.com/_next/static/immutable/chunks/1xg6gg5e39tni.css was preloaded using link preload but not used within a few seconds from the window's load event. Please make sure it has an appropriate `as` value and it is preloaded intentionally. @ https://vercel.com/rigo-melchor-s-projects/insourceful-website/deployments:0
[  752034ms] [WARNING] The resource https://vercel.com/_next/static/immutable/chunks/1hzff2kh3gano.css was preloaded using link preload but not used within a few seconds from the window's load event. Please make sure it has an appropriate `as` value and it is preloaded intentionally. @ https://vercel.com/rigo-melchor-s-projects/insourceful-website/deployments:0
[  752034ms] [WARNING] The resource https://vercel.com/_next/static/immutable/chunks/044vmykz7q7vs.css was preloaded using link preload but not used within a few seconds from the window's load event. Please make sure it has an appropriate `as` value and it is preloaded intentionally. @ https://vercel.com/rigo-melchor-s-projects/insourceful-website/deployments:0
[  752034ms] [WARNING] The resource https://vercel.com/_next/static/immutable/media/logo-vercel-light.3an2_9g6dt4xn.svg was preloaded using link preload but not used within a few seconds from the window's load event. Please make sure it has an appropriate `as` value and it is preloaded intentionally. @ https://vercel.com/rigo-melchor-s-projects/insourceful-website/deployments:0
[  752034ms] [WARNING] The resource https://vercel.com/_next/static/immutable/chunks/0rblmumf_9wz1.css was preloaded using link preload but not used within a few seconds from the window's load event. Please make sure it has an appropriate `as` value and it is preloaded intentionally. @ https://vercel.com/rigo-melchor-s-projects/insourceful-website/deployments:0
[  752034ms] [WARNING] The resource https://vercel.com/_next/static/immutable/chunks/25nnd13fh_4k5.css was preloaded using link preload but not used within a few seconds from the window's load event. Please make sure it has an appropriate `as` value and it is preloaded intentionally. @ https://vercel.com/rigo-melchor-s-projects/insourceful-website/deployments:0
[  752034ms] [WARNING] The resource https://vercel.com/_next/static/immutable/chunks/3p9g28no3_hj-.css was preloaded using link preload but not used within a few seconds from the window's load event. Please make sure it has an appropriate `as` value and it is preloaded intentionally. @ https://vercel.com/rigo-melchor-s-projects/insourceful-website/deployments:0
[  752034ms] [WARNING] The resource https://vercel.com/_next/static/immutable/chunks/3fd49nnoyujvi.css was preloaded using link preload but not used within a few seconds from the window's load event. Please make sure it has an appropriate `as` value and it is preloaded intentionally. @ https://vercel.com/rigo-melchor-s-projects/insourceful-website/deployments:0
[  752034ms] [WARNING] The resource https://vercel.com/_next/static/immutable/chunks/2cegy48-lpb69.css was preloaded using link preload but not used within a few seconds from the window's load event. Please make sure it has an appropriate `as` value and it is preloaded intentionally. @ https://vercel.com/rigo-melchor-s-projects/insourceful-website/deployments:0
[  752034ms] [WARNING] The resource https://vercel.com/_next/static/immutable/chunks/26_kjvxoedtei.css was preloaded using link preload but not used within a few seconds from the window's load event. Please make sure it has an appropriate `as` value and it is preloaded intentionally. @ https://vercel.com/rigo-melchor-s-projects/insourceful-website/deployments:0
[  776356ms] [WARNING] The resource https://vercel.com/_next/static/immutable/chunks/1y7np90zxj-un.css was preloaded using link preload but not used within a few seconds from the window's load event. Please make sure it has an appropriate `as` value and it is preloaded intentionally. @ https://vercel.com/rigo-melchor-s-projects/insourceful-website/deployments:0
[  776356ms] [WARNING] The resource https://vercel.com/_next/static/immutable/chunks/2xsdyifozdz06.css was preloaded using link preload but not used within a few seconds from the window's load event. Please make sure it has an appropriate `as` value and it is preloaded intentionally. @ https://vercel.com/rigo-melchor-s-projects/insourceful-website/deployments:0
[  776356ms] [WARNING] The resource https://vercel.com/_next/static/immutable/media/logo-vercel-dark.28zbfuuys0x7i.svg was preloaded using link preload but not used within a few seconds from the window's load event. Please make sure it has an appropriate `as` value and it is preloaded intentionally. @ https://vercel.com/rigo-melchor-s-projects/insourceful-website/deployments:0
[  776356ms] [WARNING] The resource https://vercel.com/_next/static/immutable/chunks/0vmhpedf_b0j8.css was preloaded using link preload but not used within a few seconds from the window's load event. Please make sure it has an appropriate `as` value and it is preloaded intentionally. @ https://vercel.com/rigo-melchor-s-projects/insourceful-website/deployments:0
[  776356ms] [WARNING] The resource https://vercel.com/_next/static/immutable/chunks/2mvavehoxc309.css was preloaded using link preload but not used within a few seconds from the window's load event. Please make sure it has an appropriate `as` value and it is preloaded intentionally. @ https://vercel.com/rigo-melchor-s-projects/insourceful-website/deployments:0
[  776356ms] [WARNING] The resource https://vercel.com/_next/static/immutable/chunks/3d792zqltro0t.css was preloaded using link preload but not used within a few seconds from the window's load event. Please make sure it has an appropriate `as` value and it is preloaded intentionally. @ https://vercel.com/rigo-melchor-s-projects/insourceful-website/deployments:0
[  776356ms] [WARNING] The resource https://vercel.com/_next/static/immutable/chunks/3z9uffp9rqnx8.css was preloaded using link preload but not used within a few seconds from the window's load event. Please make sure it has an appropriate `as` value and it is preloaded intentionally. @ https://vercel.com/rigo-melchor-s-projects/insourceful-website/deployments:0
[  776356ms] [WARNING] The resource https://vercel.com/_next/static/immutable/chunks/1yl8955ma4q4-.css was preloaded using link preload but not used within a few seconds from the window's load event. Please make sure it has an appropriate `as` value and it is preloaded intentionally. @ https://vercel.com/rigo-melchor-s-projects/insourceful-website/deployments:0
[  776356ms] [WARNING] The resource https://vercel.com/_next/static/immutable/chunks/0-shbsz3-8ybx.css was preloaded using link preload but not used within a few seconds from the window's load event. Please make sure it has an appropriate `as` value and it is preloaded intentionally. @ https://vercel.com/rigo-melchor-s-projects/insourceful-website/deployments:0
[  776356ms] [WARNING] The resource https://vercel.com/_next/static/immutable/chunks/3z36ncuffz89v.css was preloaded using link preload but not used within a few seconds from the window's load event. Please make sure it has an appropriate `as` value and it is preloaded intentionally. @ https://vercel.com/rigo-melchor-s-projects/insourceful-website/deployments:0
[  776356ms] [WARNING] The resource https://vercel.com/_next/static/immutable/chunks/1xg6gg5e39tni.css was preloaded using link preload but not used within a few seconds from the window's load event. Please make sure it has an appropriate `as` value and it is preloaded intentionally. @ https://vercel.com/rigo-melchor-s-projects/insourceful-website/deployments:0
[  776356ms] [WARNING] The resource https://vercel.com/_next/static/immutable/chunks/1hzff2kh3gano.css was preloaded using link preload but not used within a few seconds from the window's load event. Please make sure it has an appropriate `as` value and it is preloaded intentionally. @ https://vercel.com/rigo-melchor-s-projects/insourceful-website/deployments:0
[  776356ms] [WARNING] The resource https://vercel.com/_next/static/immutable/chunks/044vmykz7q7vs.css was preloaded using link preload but not used within a few seconds from the window's load event. Please make sure it has an appropriate `as` value and it is preloaded intentionally. @ https://vercel.com/rigo-melchor-s-projects/insourceful-website/deployments:0
[  776356ms] [WARNING] The resource https://vercel.com/_next/static/immutable/media/logo-vercel-light.3an2_9g6dt4xn.svg was preloaded using link preload but not used within a few seconds from the window's load event. Please make sure it has an appropriate `as` value and it is preloaded intentionally. @ https://vercel.com/rigo-melchor-s-projects/insourceful-website/deployments:0
[  776356ms] [WARNING] The resource https://vercel.com/_next/static/immutable/chunks/0rblmumf_9wz1.css was preloaded using link preload but not used within a few seconds from the window's load event. Please make sure it has an appropriate `as` value and it is preloaded intentionally. @ https://vercel.com/rigo-melchor-s-projects/insourceful-website/deployments:0
[  776356ms] [WARNING] The resource https://vercel.com/_next/static/immutable/chunks/25nnd13fh_4k5.css was preloaded using link preload but not used within a few seconds from the window's load event. Please make sure it has an appropriate `as` value and it is preloaded intentionally. @ https://vercel.com/rigo-melchor-s-projects/insourceful-website/deployments:0
[  776356ms] [WARNING] The resource https://vercel.com/_next/static/immutable/chunks/3p9g28no3_hj-.css was preloaded using link preload but not used within a few seconds from the window's load event. Please make sure it has an appropriate `as` value and it is preloaded intentionally. @ https://vercel.com/rigo-melchor-s-projects/insourceful-website/deployments:0
[  776356ms] [WARNING] The resource https://vercel.com/_next/static/immutable/chunks/3fd49nnoyujvi.css was preloaded using link preload but not used within a few seconds from the window's load event. Please make sure it has an appropriate `as` value and it is preloaded intentionally. @ https://vercel.com/rigo-melchor-s-projects/insourceful-website/deployments:0
[  776356ms] [WARNING] The resource https://vercel.com/_next/static/immutable/chunks/2cegy48-lpb69.css was preloaded using link preload but not used within a few seconds from the window's load event. Please make sure it has an appropriate `as` value and it is preloaded intentionally. @ https://vercel.com/rigo-melchor-s-projects/insourceful-website/deployments:0
[  776356ms] [WARNING] The resource https://vercel.com/_next/static/immutable/chunks/26_kjvxoedtei.css was preloaded using link preload but not used within a few seconds from the window's load event. Please make sure it has an appropriate `as` value and it is preloaded intentionally. @ https://vercel.com/rigo-melchor-s-projects/insourceful-website/deployments:0
[  782286ms] [WARNING] The resource https://vercel.com/_next/static/immutable/chunks/1y7np90zxj-un.css was preloaded using link preload but not used within a few seconds from the window's load event. Please make sure it has an appropriate `as` value and it is preloaded intentionally. @ https://vercel.com/rigo-melchor-s-projects/insourceful-website/deployments:0
[  782287ms] [WARNING] The resource https://vercel.com/_next/static/immutable/chunks/2xsdyifozdz06.css was preloaded using link preload but not used within a few seconds from the window's load event. Please make sure it has an appropriate `as` value and it is preloaded intentionally. @ https://vercel.com/rigo-melchor-s-projects/insourceful-website/deployments:0
[  782287ms] [WARNING] The resource https://vercel.com/_next/static/immutable/media/logo-vercel-dark.28zbfuuys0x7i.svg was preloaded using link preload but not used within a few seconds from the window's load event. Please make sure it has an appropriate `as` value and it is preloaded intentionally. @ https://vercel.com/rigo-melchor-s-projects/insourceful-website/deployments:0
[  782287ms] [WARNING] The resource https://vercel.com/_next/static/immutable/chunks/0vmhpedf_b0j8.css was preloaded using link preload but not used within a few seconds from the window's load event. Please make sure it has an appropriate `as` value and it is preloaded intentionally. @ https://vercel.com/rigo-melchor-s-projects/insourceful-website/deployments:0
[  782287ms] [WARNING] The resource https://vercel.com/_next/static/immutable/chunks/2mvavehoxc309.css was preloaded using link preload but not used within a few seconds from the window's load event. Please make sure it has an appropriate `as` value and it is preloaded intentionally. @ https://vercel.com/rigo-melchor-s-projects/insourceful-website/deployments:0
[  782287ms] [WARNING] The resource https://vercel.com/_next/static/immutable/chunks/3d792zqltro0t.css was preloaded using link preload but not used within a few seconds from the window's load event. Please make sure it has an appropriate `as` value and it is preloaded intentionally. @ https://vercel.com/rigo-melchor-s-projects/insourceful-website/deployments:0
[  782287ms] [WARNING] The resource https://vercel.com/_next/static/immutable/chunks/3z9uffp9rqnx8.css was preloaded using link preload but not used within a few seconds from the window's load event. Please make sure it has an appropriate `as` value and it is preloaded intentionally. @ https://vercel.com/rigo-melchor-s-projects/insourceful-website/deployments:0
[  782287ms] [WARNING] The resource https://vercel.com/_next/static/immutable/chunks/1yl8955ma4q4-.css was preloaded using link preload but not used within a few seconds from the window's load event. Please make sure it has an appropriate `as` value and it is preloaded intentionally. @ https://vercel.com/rigo-melchor-s-projects/insourceful-website/deployments:0
[  782287ms] [WARNING] The resource https://vercel.com/_next/static/immutable/chunks/0-shbsz3-8ybx.css was preloaded using link preload but not used within a few seconds from the window's load event. Please make sure it has an appropriate `as` value and it is preloaded intentionally. @ https://vercel.com/rigo-melchor-s-projects/insourceful-website/deployments:0
[  782287ms] [WARNING] The resource https://vercel.com/_next/static/immutable/chunks/3z36ncuffz89v.css was preloaded using link preload but not used within a few seconds from the window's load event. Please make sure it has an appropriate `as` value and it is preloaded intentionally. @ https://vercel.com/rigo-melchor-s-projects/insourceful-website/deployments:0
[  782287ms] [WARNING] The resource https://vercel.com/_next/static/immutable/chunks/1xg6gg5e39tni.css was preloaded using link preload but not used within a few seconds from the window's load event. Please make sure it has an appropriate `as` value and it is preloaded intentionally. @ https://vercel.com/rigo-melchor-s-projects/insourceful-website/deployments:0
[  782287ms] [WARNING] The resource https://vercel.com/_next/static/immutable/chunks/1hzff2kh3gano.css was preloaded using link preload but not used within a few seconds from the window's load event. Please make sure it has an appropriate `as` value and it is preloaded intentionally. @ https://vercel.com/rigo-melchor-s-projects/insourceful-website/deployments:0
[  782287ms] [WARNING] The resource https://vercel.com/_next/static/immutable/chunks/044vmykz7q7vs.css was preloaded using link preload but not used within a few seconds from the window's load event. Please make sure it has an appropriate `as` value and it is preloaded intentionally. @ https://vercel.com/rigo-melchor-s-projects/insourceful-website/deployments:0
[  782287ms] [WARNING] The resource https://vercel.com/_next/static/immutable/media/logo-vercel-light.3an2_9g6dt4xn.svg was preloaded using link preload but not used within a few seconds from the window's load event. Please make sure it has an appropriate `as` value and it is preloaded intentionally. @ https://vercel.com/rigo-melchor-s-projects/insourceful-website/deployments:0
[  782287ms] [WARNING] The resource https://vercel.com/_next/static/immutable/chunks/0rblmumf_9wz1.css was preloaded using link preload but not used within a few seconds from the window's load event. Please make sure it has an appropriate `as` value and it is preloaded intentionally. @ https://vercel.com/rigo-melchor-s-projects/insourceful-website/deployments:0
[  782287ms] [WARNING] The resource https://vercel.com/_next/static/immutable/chunks/25nnd13fh_4k5.css was preloaded using link preload but not used within a few seconds from the window's load event. Please make sure it has an appropriate `as` value and it is preloaded intentionally. @ https://vercel.com/rigo-melchor-s-projects/insourceful-website/deployments:0
[  782287ms] [WARNING] The resource https://vercel.com/_next/static/immutable/chunks/3p9g28no3_hj-.css was preloaded using link preload but not used within a few seconds from the window's load event. Please make sure it has an appropriate `as` value and it is preloaded intentionally. @ https://vercel.com/rigo-melchor-s-projects/insourceful-website/deployments:0
[  782287ms] [WARNING] The resource https://vercel.com/_next/static/immutable/chunks/3fd49nnoyujvi.css was preloaded using link preload but not used within a few seconds from the window's load event. Please make sure it has an appropriate `as` value and it is preloaded intentionally. @ https://vercel.com/rigo-melchor-s-projects/insourceful-website/deployments:0
[  782287ms] [WARNING] The resource https://vercel.com/_next/static/immutable/chunks/2cegy48-lpb69.css was preloaded using link preload but not used within a few seconds from the window's load event. Please make sure it has an appropriate `as` value and it is preloaded intentionally. @ https://vercel.com/rigo-melchor-s-projects/insourceful-website/deployments:0
[  782287ms] [WARNING] The resource https://vercel.com/_next/static/immutable/chunks/26_kjvxoedtei.css was preloaded using link preload but not used within a few seconds from the window's load event. Please make sure it has an appropriate `as` value and it is preloaded intentionally. @ https://vercel.com/rigo-melchor-s-projects/insourceful-website/deployments:0
[  806654ms] [WARNING] The resource https://vercel.com/_next/static/immutable/chunks/1y7np90zxj-un.css was preloaded using link preload but not used within a few seconds from the window's load event. Please make sure it has an appropriate `as` value and it is preloaded intentionally. @ https://vercel.com/rigo-melchor-s-projects/insourceful-website/deployments:0
[  806654ms] [WARNING] The resource https://vercel.com/_next/static/immutable/chunks/2xsdyifozdz06.css was preloaded using link preload but not used within a few seconds from the window's load event. Please make sure it has an appropriate `as` value and it is preloaded intentionally. @ https://vercel.com/rigo-melchor-s-projects/insourceful-website/deployments:0
[  806654ms] [WARNING] The resource https://vercel.com/_next/static/immutable/media/logo-vercel-dark.28zbfuuys0x7i.svg was preloaded using link preload but not used within a few seconds from the window's load event. Please make sure it has an appropriate `as` value and it is preloaded intentionally. @ https://vercel.com/rigo-melchor-s-projects/insourceful-website/deployments:0
[  806654ms] [WARNING] The resource https://vercel.com/_next/static/immutable/chunks/0vmhpedf_b0j8.css was preloaded using link preload but not used within a few seconds from the window's load event. Please make sure it has an appropriate `as` value and it is preloaded intentionally. @ https://vercel.com/rigo-melchor-s-projects/insourceful-website/deployments:0
[  806654ms] [WARNING] The resource https://vercel.com/_next/static/immutable/chunks/2mvavehoxc309.css was preloaded using link preload but not used within a few seconds from the window's load event. Please make sure it has an appropriate `as` value and it is preloaded intentionally. @ https://vercel.com/rigo-melchor-s-projects/insourceful-website/deployments:0
[  806654ms] [WARNING] The resource https://vercel.com/_next/static/immutable/chunks/3d792zqltro0t.css was preloaded using link preload but not used within a few seconds from the window's load event. Please make sure it has an appropriate `as` value and it is preloaded intentionally. @ https://vercel.com/rigo-melchor-s-projects/insourceful-website/deployments:0
[  806654ms] [WARNING] The resource https://vercel.com/_next/static/immutable/chunks/3z9uffp9rqnx8.css was preloaded using link preload but not used within a few seconds from the window's load event. Please make sure it has an appropriate `as` value and it is preloaded intentionally. @ https://vercel.com/rigo-melchor-s-projects/insourceful-website/deployments:0
[  806654ms] [WARNING] The resource https://vercel.com/_next/static/immutable/chunks/1yl8955ma4q4-.css was preloaded using link preload but not used within a few seconds from the window's load event. Please make sure it has an appropriate `as` value and it is preloaded intentionally. @ https://vercel.com/rigo-melchor-s-projects/insourceful-website/deployments:0
[  806654ms] [WARNING] The resource https://vercel.com/_next/static/immutable/chunks/0-shbsz3-8ybx.css was preloaded using link preload but not used within a few seconds from the window's load event. Please make sure it has an appropriate `as` value and it is preloaded intentionally. @ https://vercel.com/rigo-melchor-s-projects/insourceful-website/deployments:0
[  806654ms] [WARNING] The resource https://vercel.com/_next/static/immutable/chunks/3z36ncuffz89v.css was preloaded using link preload but not used within a few seconds from the window's load event. Please make sure it has an appropriate `as` value and it is preloaded intentionally. @ https://vercel.com/rigo-melchor-s-projects/insourceful-website/deployments:0
[  806654ms] [WARNING] The resource https://vercel.com/_next/static/immutable/chunks/1xg6gg5e39tni.css was preloaded using link preload but not used within a few seconds from the window's load event. Please make sure it has an appropriate `as` value and it is preloaded intentionally. @ https://vercel.com/rigo-melchor-s-projects/insourceful-website/deployments:0
[  806654ms] [WARNING] The resource https://vercel.com/_next/static/immutable/chunks/1hzff2kh3gano.css was preloaded using link preload but not used within a few seconds from the window's load event. Please make sure it has an appropriate `as` value and it is preloaded intentionally. @ https://vercel.com/rigo-melchor-s-projects/insourceful-website/deployments:0
[  806654ms] [WARNING] The resource https://vercel.com/_next/static/immutable/chunks/044vmykz7q7vs.css was preloaded using link preload but not used within a few seconds from the window's load event. Please make sure it has an appropriate `as` value and it is preloaded intentionally. @ https://vercel.com/rigo-melchor-s-projects/insourceful-website/deployments:0
[  806654ms] [WARNING] The resource https://vercel.com/_next/static/immutable/media/logo-vercel-light.3an2_9g6dt4xn.svg was preloaded using link preload but not used within a few seconds from the window's load event. Please make sure it has an appropriate `as` value and it is preloaded intentionally. @ https://vercel.com/rigo-melchor-s-projects/insourceful-website/deployments:0
[  806654ms] [WARNING] The resource https://vercel.com/_next/static/immutable/chunks/0rblmumf_9wz1.css was preloaded using link preload but not used within a few seconds from the window's load event. Please make sure it has an appropriate `as` value and it is preloaded intentionally. @ https://vercel.com/rigo-melchor-s-projects/insourceful-website/deployments:0
[  806654ms] [WARNING] The resource https://vercel.com/_next/static/immutable/chunks/25nnd13fh_4k5.css was preloaded using link preload but not used within a few seconds from the window's load event. Please make sure it has an appropriate `as` value and it is preloaded intentionally. @ https://vercel.com/rigo-melchor-s-projects/insourceful-website/deployments:0
[  806654ms] [WARNING] The resource https://vercel.com/_next/static/immutable/chunks/3p9g28no3_hj-.css was preloaded using link preload but not used within a few seconds from the window's load event. Please make sure it has an appropriate `as` value and it is preloaded intentionally. @ https://vercel.com/rigo-melchor-s-projects/insourceful-website/deployments:0
[  806654ms] [WARNING] The resource https://vercel.com/_next/static/immutable/chunks/3fd49nnoyujvi.css was preloaded using link preload but not used within a few seconds from the window's load event. Please make sure it has an appropriate `as` value and it is preloaded intentionally. @ https://vercel.com/rigo-melchor-s-projects/insourceful-website/deployments:0
[  806654ms] [WARNING] The resource https://vercel.com/_next/static/immutable/chunks/2cegy48-lpb69.css was preloaded using link preload but not used within a few seconds from the window's load event. Please make sure it has an appropriate `as` value and it is preloaded intentionally. @ https://vercel.com/rigo-melchor-s-projects/insourceful-website/deployments:0
[  806654ms] [WARNING] The resource https://vercel.com/_next/static/immutable/chunks/26_kjvxoedtei.css was preloaded using link preload but not used within a few seconds from the window's load event. Please make sure it has an appropriate `as` value and it is preloaded intentionally. @ https://vercel.com/rigo-melchor-s-projects/insourceful-website/deployments:0
[  812530ms] [WARNING] The resource https://vercel.com/_next/static/immutable/chunks/1y7np90zxj-un.css was preloaded using link preload but not used within a few seconds from the window's load event. Please make sure it has an appropriate `as` value and it is preloaded intentionally. @ https://vercel.com/rigo-melchor-s-projects/insourceful-website/deployments:0
[  812530ms] [WARNING] The resource https://vercel.com/_next/static/immutable/chunks/2xsdyifozdz06.css was preloaded using link preload but not used within a few seconds from the window's load event. Please make sure it has an appropriate `as` value and it is preloaded intentionally. @ https://vercel.com/rigo-melchor-s-projects/insourceful-website/deployments:0
[  812530ms] [WARNING] The resource https://vercel.com/_next/static/immutable/media/logo-vercel-dark.28zbfuuys0x7i.svg was preloaded using link preload but not used within a few seconds from the window's load event. Please make sure it has an appropriate `as` value and it is preloaded intentionally. @ https://vercel.com/rigo-melchor-s-projects/insourceful-website/deployments:0
[  812530ms] [WARNING] The resource https://vercel.com/_next/static/immutable/chunks/0vmhpedf_b0j8.css was preloaded using link preload but not used within a few seconds from the window's load event. Please make sure it has an appropriate `as` value and it is preloaded intentionally. @ https://vercel.com/rigo-melchor-s-projects/insourceful-website/deployments:0
[  812530ms] [WARNING] The resource https://vercel.com/_next/static/immutable/chunks/2mvavehoxc309.css was preloaded using link preload but not used within a few seconds from the window's load event. Please make sure it has an appropriate `as` value and it is preloaded intentionally. @ https://vercel.com/rigo-melchor-s-projects/insourceful-website/deployments:0
[  812530ms] [WARNING] The resource https://vercel.com/_next/static/immutable/chunks/3d792zqltro0t.css was preloaded using link preload but not used within a few seconds from the window's load event. Please make sure it has an appropriate `as` value and it is preloaded intentionally. @ https://vercel.com/rigo-melchor-s-projects/insourceful-website/deployments:0
[  812530ms] [WARNING] The resource https://vercel.com/_next/static/immutable/chunks/3z9uffp9rqnx8.css was preloaded using link preload but not used within a few seconds from the window's load event. Please make sure it has an appropriate `as` value and it is preloaded intentionally. @ https://vercel.com/rigo-melchor-s-projects/insourceful-website/deployments:0
[  812530ms] [WARNING] The resource https://vercel.com/_next/static/immutable/chunks/1yl8955ma4q4-.css was preloaded using link preload but not used within a few seconds from the window's load event. Please make sure it has an appropriate `as` value and it is preloaded intentionally. @ https://vercel.com/rigo-melchor-s-projects/insourceful-website/deployments:0
[  812530ms] [WARNING] The resource https://vercel.com/_next/static/immutable/chunks/0-shbsz3-8ybx.css was preloaded using link preload but not used within a few seconds from the window's load event. Please make sure it has an appropriate `as` value and it is preloaded intentionally. @ https://vercel.com/rigo-melchor-s-projects/insourceful-website/deployments:0
[  812530ms] [WARNING] The resource https://vercel.com/_next/static/immutable/chunks/3z36ncuffz89v.css was preloaded using link preload but not used within a few seconds from the window's load event. Please make sure it has an appropriate `as` value and it is preloaded intentionally. @ https://vercel.com/rigo-melchor-s-projects/insourceful-website/deployments:0
[  812530ms] [WARNING] The resource https://vercel.com/_next/static/immutable/chunks/1xg6gg5e39tni.css was preloaded using link preload but not used within a few seconds from the window's load event. Please make sure it has an appropriate `as` value and it is preloaded intentionally. @ https://vercel.com/rigo-melchor-s-projects/insourceful-website/deployments:0
[  812530ms] [WARNING] The resource https://vercel.com/_next/static/immutable/chunks/1hzff2kh3gano.css was preloaded using link preload but not used within a few seconds from the window's load event. Please make sure it has an appropriate `as` value and it is preloaded intentionally. @ https://vercel.com/rigo-melchor-s-projects/insourceful-website/deployments:0
[  812530ms] [WARNING] The resource https://vercel.com/_next/static/immutable/chunks/044vmykz7q7vs.css was preloaded using link preload but not used within a few seconds from the window's load event. Please make sure it has an appropriate `as` value and it is preloaded intentionally. @ https://vercel.com/rigo-melchor-s-projects/insourceful-website/deployments:0
[  812530ms] [WARNING] The resource https://vercel.com/_next/static/immutable/media/logo-vercel-light.3an2_9g6dt4xn.svg was preloaded using link preload but not used within a few seconds from the window's load event. Please make sure it has an appropriate `as` value and it is preloaded intentionally. @ https://vercel.com/rigo-melchor-s-projects/insourceful-website/deployments:0
[  812530ms] [WARNING] The resource https://vercel.com/_next/static/immutable/chunks/0rblmumf_9wz1.css was preloaded using link preload but not used within a few seconds from the window's load event. Please make sure it has an appropriate `as` value and it is preloaded intentionally. @ https://vercel.com/rigo-melchor-s-projects/insourceful-website/deployments:0
[  812530ms] [WARNING] The resource https://vercel.com/_next/static/immutable/chunks/25nnd13fh_4k5.css was preloaded using link preload but not used within a few seconds from the window's load event. Please make sure it has an appropriate `as` value and it is preloaded intentionally. @ https://vercel.com/rigo-melchor-s-projects/insourceful-website/deployments:0
[  812530ms] [WARNING] The resource https://vercel.com/_next/static/immutable/chunks/3p9g28no3_hj-.css was preloaded using link preload but not used within a few seconds from the window's load event. Please make sure it has an appropriate `as` value and it is preloaded intentionally. @ https://vercel.com/rigo-melchor-s-projects/insourceful-website/deployments:0
[  812530ms] [WARNING] The resource https://vercel.com/_next/static/immutable/chunks/3fd49nnoyujvi.css was preloaded using link preload but not used within a few seconds from the window's load event. Please make sure it has an appropriate `as` value and it is preloaded intentionally. @ https://vercel.com/rigo-melchor-s-projects/insourceful-website/deployments:0
[  812530ms] [WARNING] The resource https://vercel.com/_next/static/immutable/chunks/2cegy48-lpb69.css was preloaded using link preload but not used within a few seconds from the window's load event. Please make sure it has an appropriate `as` value and it is preloaded intentionally. @ https://vercel.com/rigo-melchor-s-projects/insourceful-website/deployments:0
[  812530ms] [WARNING] The resource https://vercel.com/_next/static/immutable/chunks/26_kjvxoedtei.css was preloaded using link preload but not used within a few seconds from the window's load event. Please make sure it has an appropriate `as` value and it is preloaded intentionally. @ https://vercel.com/rigo-melchor-s-projects/insourceful-website/deployments:0
[  836883ms] [WARNING] The resource https://vercel.com/_next/static/immutable/chunks/1y7np90zxj-un.css was preloaded using link preload but not used within a few seconds from the window's load event. Please make sure it has an appropriate `as` value and it is preloaded intentionally. @ https://vercel.com/rigo-melchor-s-projects/insourceful-website/deployments:0
[  836883ms] [WARNING] The resource https://vercel.com/_next/static/immutable/chunks/2xsdyifozdz06.css was preloaded using link preload but not used within a few seconds from the window's load event. Please make sure it has an appropriate `as` value and it is preloaded intentionally. @ https://vercel.com/rigo-melchor-s-projects/insourceful-website/deployments:0
[  836883ms] [WARNING] The resource https://vercel.com/_next/static/immutable/media/logo-vercel-dark.28zbfuuys0x7i.svg was preloaded using link preload but not used within a few seconds from the window's load event. Please make sure it has an appropriate `as` value and it is preloaded intentionally. @ https://vercel.com/rigo-melchor-s-projects/insourceful-website/deployments:0
[  836883ms] [WARNING] The resource https://vercel.com/_next/static/immutable/chunks/0vmhpedf_b0j8.css was preloaded using link preload but not used within a few seconds from the window's load event. Please make sure it has an appropriate `as` value and it is preloaded intentionally. @ https://vercel.com/rigo-melchor-s-projects/insourceful-website/deployments:0
[  836883ms] [WARNING] The resource https://vercel.com/_next/static/immutable/chunks/2mvavehoxc309.css was preloaded using link preload but not used within a few seconds from the window's load event. Please make sure it has an appropriate `as` value and it is preloaded intentionally. @ https://vercel.com/rigo-melchor-s-projects/insourceful-website/deployments:0
[  836883ms] [WARNING] The resource https://vercel.com/_next/static/immutable/chunks/3d792zqltro0t.css was preloaded using link preload but not used within a few seconds from the window's load event. Please make sure it has an appropriate `as` value and it is preloaded intentionally. @ https://vercel.com/rigo-melchor-s-projects/insourceful-website/deployments:0
[  836883ms] [WARNING] The resource https://vercel.com/_next/static/immutable/chunks/3z9uffp9rqnx8.css was preloaded using link preload but not used within a few seconds from the window's load event. Please make sure it has an appropriate `as` value and it is preloaded intentionally. @ https://vercel.com/rigo-melchor-s-projects/insourceful-website/deployments:0
[  836883ms] [WARNING] The resource https://vercel.com/_next/static/immutable/chunks/1yl8955ma4q4-.css was preloaded using link preload but not used within a few seconds from the window's load event. Please make sure it has an appropriate `as` value and it is preloaded intentionally. @ https://vercel.com/rigo-melchor-s-projects/insourceful-website/deployments:0
[  836883ms] [WARNING] The resource https://vercel.com/_next/static/immutable/chunks/0-shbsz3-8ybx.css was preloaded using link preload but not used within a few seconds from the window's load event. Please make sure it has an appropriate `as` value and it is preloaded intentionally. @ https://vercel.com/rigo-melchor-s-projects/insourceful-website/deployments:0
[  836883ms] [WARNING] The resource https://vercel.com/_next/static/immutable/chunks/3z36ncuffz89v.css was preloaded using link preload but not used within a few seconds from the window's load event. Please make sure it has an appropriate `as` value and it is preloaded intentionally. @ https://vercel.com/rigo-melchor-s-projects/insourceful-website/deployments:0
[  836883ms] [WARNING] The resource https://vercel.com/_next/static/immutable/chunks/1xg6gg5e39tni.css was preloaded using link preload but not used within a few seconds from the window's load event. Please make sure it has an appropriate `as` value and it is preloaded intentionally. @ https://vercel.com/rigo-melchor-s-projects/insourceful-website/deployments:0
[  836883ms] [WARNING] The resource https://vercel.com/_next/static/immutable/chunks/1hzff2kh3gano.css was preloaded using link preload but not used within a few seconds from the window's load event. Please make sure it has an appropriate `as` value and it is preloaded intentionally. @ https://vercel.com/rigo-melchor-s-projects/insourceful-website/deployments:0
[  836883ms] [WARNING] The resource https://vercel.com/_next/static/immutable/chunks/044vmykz7q7vs.css was preloaded using link preload but not used within a few seconds from the window's load event. Please make sure it has an appropriate `as` value and it is preloaded intentionally. @ https://vercel.com/rigo-melchor-s-projects/insourceful-website/deployments:0
[  836883ms] [WARNING] The resource https://vercel.com/_next/static/immutable/media/logo-vercel-light.3an2_9g6dt4xn.svg was preloaded using link preload but not used within a few seconds from the window's load event. Please make sure it has an appropriate `as` value and it is preloaded intentionally. @ https://vercel.com/rigo-melchor-s-projects/insourceful-website/deployments:0
[  836883ms] [WARNING] The resource https://vercel.com/_next/static/immutable/chunks/0rblmumf_9wz1.css was preloaded using link preload but not used within a few seconds from the window's load event. Please make sure it has an appropriate `as` value and it is preloaded intentionally. @ https://vercel.com/rigo-melchor-s-projects/insourceful-website/deployments:0
[  836883ms] [WARNING] The resource https://vercel.com/_next/static/immutable/chunks/25nnd13fh_4k5.css was preloaded using link preload but not used within a few seconds from the window's load event. Please make sure it has an appropriate `as` value and it is preloaded intentionally. @ https://vercel.com/rigo-melchor-s-projects/insourceful-website/deployments:0
[  836883ms] [WARNING] The resource https://vercel.com/_next/static/immutable/chunks/3p9g28no3_hj-.css was preloaded using link preload but not used within a few seconds from the window's load event. Please make sure it has an appropriate `as` value and it is preloaded intentionally. @ https://vercel.com/rigo-melchor-s-projects/insourceful-website/deployments:0
[  836883ms] [WARNING] The resource https://vercel.com/_next/static/immutable/chunks/3fd49nnoyujvi.css was preloaded using link preload but not used within a few seconds from the window's load event. Please make sure it has an appropriate `as` value and it is preloaded intentionally. @ https://vercel.com/rigo-melchor-s-projects/insourceful-website/deployments:0
[  836883ms] [WARNING] The resource https://vercel.com/_next/static/immutable/chunks/2cegy48-lpb69.css was preloaded using link preload but not used within a few seconds from the window's load event. Please make sure it has an appropriate `as` value and it is preloaded intentionally. @ https://vercel.com/rigo-melchor-s-projects/insourceful-website/deployments:0
[  836883ms] [WARNING] The resource https://vercel.com/_next/static/immutable/chunks/26_kjvxoedtei.css was preloaded using link preload but not used within a few seconds from the window's load event. Please make sure it has an appropriate `as` value and it is preloaded intentionally. @ https://vercel.com/rigo-melchor-s-projects/insourceful-website/deployments:0
[  842822ms] [WARNING] The resource https://vercel.com/_next/static/immutable/chunks/1y7np90zxj-un.css was preloaded using link preload but not used within a few seconds from the window's load event. Please make sure it has an appropriate `as` value and it is preloaded intentionally. @ https://vercel.com/rigo-melchor-s-projects/insourceful-website/deployments:0
[  842822ms] [WARNING] The resource https://vercel.com/_next/static/immutable/chunks/2xsdyifozdz06.css was preloaded using link preload but not used within a few seconds from the window's load event. Please make sure it has an appropriate `as` value and it is preloaded intentionally. @ https://vercel.com/rigo-melchor-s-projects/insourceful-website/deployments:0
[  842822ms] [WARNING] The resource https://vercel.com/_next/static/immutable/media/logo-vercel-dark.28zbfuuys0x7i.svg was preloaded using link preload but not used within a few seconds from the window's load event. Please make sure it has an appropriate `as` value and it is preloaded intentionally. @ https://vercel.com/rigo-melchor-s-projects/insourceful-website/deployments:0
[  842822ms] [WARNING] The resource https://vercel.com/_next/static/immutable/chunks/0vmhpedf_b0j8.css was preloaded using link preload but not used within a few seconds from the window's load event. Please make sure it has an appropriate `as` value and it is preloaded intentionally. @ https://vercel.com/rigo-melchor-s-projects/insourceful-website/deployments:0
[  842822ms] [WARNING] The resource https://vercel.com/_next/static/immutable/chunks/2mvavehoxc309.css was preloaded using link preload but not used within a few seconds from the window's load event. Please make sure it has an appropriate `as` value and it is preloaded intentionally. @ https://vercel.com/rigo-melchor-s-projects/insourceful-website/deployments:0
[  842822ms] [WARNING] The resource https://vercel.com/_next/static/immutable/chunks/3d792zqltro0t.css was preloaded using link preload but not used within a few seconds from the window's load event. Please make sure it has an appropriate `as` value and it is preloaded intentionally. @ https://vercel.com/rigo-melchor-s-projects/insourceful-website/deployments:0
[  842822ms] [WARNING] The resource https://vercel.com/_next/static/immutable/chunks/3z9uffp9rqnx8.css was preloaded using link preload but not used within a few seconds from the window's load event. Please make sure it has an appropriate `as` value and it is preloaded intentionally. @ https://vercel.com/rigo-melchor-s-projects/insourceful-website/deployments:0
[  842822ms] [WARNING] The resource https://vercel.com/_next/static/immutable/chunks/1yl8955ma4q4-.css was preloaded using link preload but not used within a few seconds from the window's load event. Please make sure it has an appropriate `as` value and it is preloaded intentionally. @ https://vercel.com/rigo-melchor-s-projects/insourceful-website/deployments:0
[  842822ms] [WARNING] The resource https://vercel.com/_next/static/immutable/chunks/0-shbsz3-8ybx.css was preloaded using link preload but not used within a few seconds from the window's load event. Please make sure it has an appropriate `as` value and it is preloaded intentionally. @ https://vercel.com/rigo-melchor-s-projects/insourceful-website/deployments:0
[  842822ms] [WARNING] The resource https://vercel.com/_next/static/immutable/chunks/3z36ncuffz89v.css was preloaded using link preload but not used within a few seconds from the window's load event. Please make sure it has an appropriate `as` value and it is preloaded intentionally. @ https://vercel.com/rigo-melchor-s-projects/insourceful-website/deployments:0
[  842822ms] [WARNING] The resource https://vercel.com/_next/static/immutable/chunks/1xg6gg5e39tni.css was preloaded using link preload but not used within a few seconds from the window's load event. Please make sure it has an appropriate `as` value and it is preloaded intentionally. @ https://vercel.com/rigo-melchor-s-projects/insourceful-website/deployments:0
[  842822ms] [WARNING] The resource https://vercel.com/_next/static/immutable/chunks/1hzff2kh3gano.css was preloaded using link preload but not used within a few seconds from the window's load event. Please make sure it has an appropriate `as` value and it is preloaded intentionally. @ https://vercel.com/rigo-melchor-s-projects/insourceful-website/deployments:0
[  842822ms] [WARNING] The resource https://vercel.com/_next/static/immutable/chunks/044vmykz7q7vs.css was preloaded using link preload but not used within a few seconds from the window's load event. Please make sure it has an appropriate `as` value and it is preloaded intentionally. @ https://vercel.com/rigo-melchor-s-projects/insourceful-website/deployments:0
[  842822ms] [WARNING] The resource https://vercel.com/_next/static/immutable/media/logo-vercel-light.3an2_9g6dt4xn.svg was preloaded using link preload but not used within a few seconds from the window's load event. Please make sure it has an appropriate `as` value and it is preloaded intentionally. @ https://vercel.com/rigo-melchor-s-projects/insourceful-website/deployments:0
[  842822ms] [WARNING] The resource https://vercel.com/_next/static/immutable/chunks/0rblmumf_9wz1.css was preloaded using link preload but not used within a few seconds from the window's load event. Please make sure it has an appropriate `as` value and it is preloaded intentionally. @ https://vercel.com/rigo-melchor-s-projects/insourceful-website/deployments:0
[  842822ms] [WARNING] The resource https://vercel.com/_next/static/immutable/chunks/25nnd13fh_4k5.css was preloaded using link preload but not used within a few seconds from the window's load event. Please make sure it has an appropriate `as` value and it is preloaded intentionally. @ https://vercel.com/rigo-melchor-s-projects/insourceful-website/deployments:0
[  842822ms] [WARNING] The resource https://vercel.com/_next/static/immutable/chunks/3p9g28no3_hj-.css was preloaded using link preload but not used within a few seconds from the window's load event. Please make sure it has an appropriate `as` value and it is preloaded intentionally. @ https://vercel.com/rigo-melchor-s-projects/insourceful-website/deployments:0
[  842822ms] [WARNING] The resource https://vercel.com/_next/static/immutable/chunks/3fd49nnoyujvi.css was preloaded using link preload but not used within a few seconds from the window's load event. Please make sure it has an appropriate `as` value and it is preloaded intentionally. @ https://vercel.com/rigo-melchor-s-projects/insourceful-website/deployments:0
[  842822ms] [WARNING] The resource https://vercel.com/_next/static/immutable/chunks/2cegy48-lpb69.css was preloaded using link preload but not used within a few seconds from the window's load event. Please make sure it has an appropriate `as` value and it is preloaded intentionally. @ https://vercel.com/rigo-melchor-s-projects/insourceful-website/deployments:0
[  842822ms] [WARNING] The resource https://vercel.com/_next/static/immutable/chunks/26_kjvxoedtei.css was preloaded using link preload but not used within a few seconds from the window's load event. Please make sure it has an appropriate `as` value and it is preloaded intentionally. @ https://vercel.com/rigo-melchor-s-projects/insourceful-website/deployments:0
[  867104ms] [WARNING] The resource https://vercel.com/_next/static/immutable/chunks/1y7np90zxj-un.css was preloaded using link preload but not used within a few seconds from the window's load event. Please make sure it has an appropriate `as` value and it is preloaded intentionally. @ https://vercel.com/rigo-melchor-s-projects/insourceful-website/deployments:0
[  867104ms] [WARNING] The resource https://vercel.com/_next/static/immutable/chunks/2xsdyifozdz06.css was preloaded using link preload but not used within a few seconds from the window's load event. Please make sure it has an appropriate `as` value and it is preloaded intentionally. @ https://vercel.com/rigo-melchor-s-projects/insourceful-website/deployments:0
[  867104ms] [WARNING] The resource https://vercel.com/_next/static/immutable/media/logo-vercel-dark.28zbfuuys0x7i.svg was preloaded using link preload but not used within a few seconds from the window's load event. Please make sure it has an appropriate `as` value and it is preloaded intentionally. @ https://vercel.com/rigo-melchor-s-projects/insourceful-website/deployments:0
[  867104ms] [WARNING] The resource https://vercel.com/_next/static/immutable/chunks/0vmhpedf_b0j8.css was preloaded using link preload but not used within a few seconds from the window's load event. Please make sure it has an appropriate `as` value and it is preloaded intentionally. @ https://vercel.com/rigo-melchor-s-projects/insourceful-website/deployments:0
[  867104ms] [WARNING] The resource https://vercel.com/_next/static/immutable/chunks/2mvavehoxc309.css was preloaded using link preload but not used within a few seconds from the window's load event. Please make sure it has an appropriate `as` value and it is preloaded intentionally. @ https://vercel.com/rigo-melchor-s-projects/insourceful-website/deployments:0
[  867104ms] [WARNING] The resource https://vercel.com/_next/static/immutable/chunks/3d792zqltro0t.css was preloaded using link preload but not used within a few seconds from the window's load event. Please make sure it has an appropriate `as` value and it is preloaded intentionally. @ https://vercel.com/rigo-melchor-s-projects/insourceful-website/deployments:0
[  867104ms] [WARNING] The resource https://vercel.com/_next/static/immutable/chunks/3z9uffp9rqnx8.css was preloaded using link preload but not used within a few seconds from the window's load event. Please make sure it has an appropriate `as` value and it is preloaded intentionally. @ https://vercel.com/rigo-melchor-s-projects/insourceful-website/deployments:0
[  867104ms] [WARNING] The resource https://vercel.com/_next/static/immutable/chunks/1yl8955ma4q4-.css was preloaded using link preload but not used within a few seconds from the window's load event. Please make sure it has an appropriate `as` value and it is preloaded intentionally. @ https://vercel.com/rigo-melchor-s-projects/insourceful-website/deployments:0
[  867104ms] [WARNING] The resource https://vercel.com/_next/static/immutable/chunks/0-shbsz3-8ybx.css was preloaded using link preload but not used within a few seconds from the window's load event. Please make sure it has an appropriate `as` value and it is preloaded intentionally. @ https://vercel.com/rigo-melchor-s-projects/insourceful-website/deployments:0
[  867104ms] [WARNING] The resource https://vercel.com/_next/static/immutable/chunks/3z36ncuffz89v.css was preloaded using link preload but not used within a few seconds from the window's load event. Please make sure it has an appropriate `as` value and it is preloaded intentionally. @ https://vercel.com/rigo-melchor-s-projects/insourceful-website/deployments:0
[  867104ms] [WARNING] The resource https://vercel.com/_next/static/immutable/chunks/1xg6gg5e39tni.css was preloaded using link preload but not used within a few seconds from the window's load event. Please make sure it has an appropriate `as` value and it is preloaded intentionally. @ https://vercel.com/rigo-melchor-s-projects/insourceful-website/deployments:0
[  867104ms] [WARNING] The resource https://vercel.com/_next/static/immutable/chunks/1hzff2kh3gano.css was preloaded using link preload but not used within a few seconds from the window's load event. Please make sure it has an appropriate `as` value and it is preloaded intentionally. @ https://vercel.com/rigo-melchor-s-projects/insourceful-website/deployments:0
[  867104ms] [WARNING] The resource https://vercel.com/_next/static/immutable/chunks/044vmykz7q7vs.css was preloaded using link preload but not used within a few seconds from the window's load event. Please make sure it has an appropriate `as` value and it is preloaded intentionally. @ https://vercel.com/rigo-melchor-s-projects/insourceful-website/deployments:0
[  867104ms] [WARNING] The resource https://vercel.com/_next/static/immutable/media/logo-vercel-light.3an2_9g6dt4xn.svg was preloaded using link preload but not used within a few seconds from the window's load event. Please make sure it has an appropriate `as` value and it is preloaded intentionally. @ https://vercel.com/rigo-melchor-s-projects/insourceful-website/deployments:0
[  867104ms] [WARNING] The resource https://vercel.com/_next/static/immutable/chunks/0rblmumf_9wz1.css was preloaded using link preload but not used within a few seconds from the window's load event. Please make sure it has an appropriate `as` value and it is preloaded intentionally. @ https://vercel.com/rigo-melchor-s-projects/insourceful-website/deployments:0
[  867104ms] [WARNING] The resource https://vercel.com/_next/static/immutable/chunks/25nnd13fh_4k5.css was preloaded using link preload but not used within a few seconds from the window's load event. Please make sure it has an appropriate `as` value and it is preloaded intentionally. @ https://vercel.com/rigo-melchor-s-projects/insourceful-website/deployments:0
[  867104ms] [WARNING] The resource https://vercel.com/_next/static/immutable/chunks/3p9g28no3_hj-.css was preloaded using link preload but not used within a few seconds from the window's load event. Please make sure it has an appropriate `as` value and it is preloaded intentionally. @ https://vercel.com/rigo-melchor-s-projects/insourceful-website/deployments:0
[  867104ms] [WARNING] The resource https://vercel.com/_next/static/immutable/chunks/3fd49nnoyujvi.css was preloaded using link preload but not used within a few seconds from the window's load event. Please make sure it has an appropriate `as` value and it is preloaded intentionally. @ https://vercel.com/rigo-melchor-s-projects/insourceful-website/deployments:0
[  867104ms] [WARNING] The resource https://vercel.com/_next/static/immutable/chunks/2cegy48-lpb69.css was preloaded using link preload but not used within a few seconds from the window's load event. Please make sure it has an appropriate `as` value and it is preloaded intentionally. @ https://vercel.com/rigo-melchor-s-projects/insourceful-website/deployments:0
[  867104ms] [WARNING] The resource https://vercel.com/_next/static/immutable/chunks/26_kjvxoedtei.css was preloaded using link preload but not used within a few seconds from the window's load event. Please make sure it has an appropriate `as` value and it is preloaded intentionally. @ https://vercel.com/rigo-melchor-s-projects/insourceful-website/deployments:0
[  874204ms] [WARNING] The resource https://vercel.com/_next/static/immutable/chunks/1y7np90zxj-un.css was preloaded using link preload but not used within a few seconds from the window's load event. Please make sure it has an appropriate `as` value and it is preloaded intentionally. @ https://vercel.com/rigo-melchor-s-projects/insourceful-website/deployments:0
[  874204ms] [WARNING] The resource https://vercel.com/_next/static/immutable/chunks/2xsdyifozdz06.css was preloaded using link preload but not used within a few seconds from the window's load event. Please make sure it has an appropriate `as` value and it is preloaded intentionally. @ https://vercel.com/rigo-melchor-s-projects/insourceful-website/deployments:0
[  874204ms] [WARNING] The resource https://vercel.com/_next/static/immutable/media/logo-vercel-dark.28zbfuuys0x7i.svg was preloaded using link preload but not used within a few seconds from the window's load event. Please make sure it has an appropriate `as` value and it is preloaded intentionally. @ https://vercel.com/rigo-melchor-s-projects/insourceful-website/deployments:0
[  874204ms] [WARNING] The resource https://vercel.com/_next/static/immutable/chunks/0vmhpedf_b0j8.css was preloaded using link preload but not used within a few seconds from the window's load event. Please make sure it has an appropriate `as` value and it is preloaded intentionally. @ https://vercel.com/rigo-melchor-s-projects/insourceful-website/deployments:0
[  874204ms] [WARNING] The resource https://vercel.com/_next/static/immutable/chunks/2mvavehoxc309.css was preloaded using link preload but not used within a few seconds from the window's load event. Please make sure it has an appropriate `as` value and it is preloaded intentionally. @ https://vercel.com/rigo-melchor-s-projects/insourceful-website/deployments:0
[  874204ms] [WARNING] The resource https://vercel.com/_next/static/immutable/chunks/3d792zqltro0t.css was preloaded using link preload but not used within a few seconds from the window's load event. Please make sure it has an appropriate `as` value and it is preloaded intentionally. @ https://vercel.com/rigo-melchor-s-projects/insourceful-website/deployments:0
[  874204ms] [WARNING] The resource https://vercel.com/_next/static/immutable/chunks/3z9uffp9rqnx8.css was preloaded using link preload but not used within a few seconds from the window's load event. Please make sure it has an appropriate `as` value and it is preloaded intentionally. @ https://vercel.com/rigo-melchor-s-projects/insourceful-website/deployments:0
[  874204ms] [WARNING] The resource https://vercel.com/_next/static/immutable/chunks/1yl8955ma4q4-.css was preloaded using link preload but not used within a few seconds from the window's load event. Please make sure it has an appropriate `as` value and it is preloaded intentionally. @ https://vercel.com/rigo-melchor-s-projects/insourceful-website/deployments:0
[  874204ms] [WARNING] The resource https://vercel.com/_next/static/immutable/chunks/0-shbsz3-8ybx.css was preloaded using link preload but not used within a few seconds from the window's load event. Please make sure it has an appropriate `as` value and it is preloaded intentionally. @ https://vercel.com/rigo-melchor-s-projects/insourceful-website/deployments:0
[  874204ms] [WARNING] The resource https://vercel.com/_next/static/immutable/chunks/3z36ncuffz89v.css was preloaded using link preload but not used within a few seconds from the window's load event. Please make sure it has an appropriate `as` value and it is preloaded intentionally. @ https://vercel.com/rigo-melchor-s-projects/insourceful-website/deployments:0
[  874204ms] [WARNING] The resource https://vercel.com/_next/static/immutable/chunks/1xg6gg5e39tni.css was preloaded using link preload but not used within a few seconds from the window's load event. Please make sure it has an appropriate `as` value and it is preloaded intentionally. @ https://vercel.com/rigo-melchor-s-projects/insourceful-website/deployments:0
[  874204ms] [WARNING] The resource https://vercel.com/_next/static/immutable/chunks/1hzff2kh3gano.css was preloaded using link preload but not used within a few seconds from the window's load event. Please make sure it has an appropriate `as` value and it is preloaded intentionally. @ https://vercel.com/rigo-melchor-s-projects/insourceful-website/deployments:0
[  874204ms] [WARNING] The resource https://vercel.com/_next/static/immutable/chunks/044vmykz7q7vs.css was preloaded using link preload but not used within a few seconds from the window's load event. Please make sure it has an appropriate `as` value and it is preloaded intentionally. @ https://vercel.com/rigo-melchor-s-projects/insourceful-website/deployments:0
[  874204ms] [WARNING] The resource https://vercel.com/_next/static/immutable/media/logo-vercel-light.3an2_9g6dt4xn.svg was preloaded using link preload but not used within a few seconds from the window's load event. Please make sure it has an appropriate `as` value and it is preloaded intentionally. @ https://vercel.com/rigo-melchor-s-projects/insourceful-website/deployments:0
[  874204ms] [WARNING] The resource https://vercel.com/_next/static/immutable/chunks/0rblmumf_9wz1.css was preloaded using link preload but not used within a few seconds from the window's load event. Please make sure it has an appropriate `as` value and it is preloaded intentionally. @ https://vercel.com/rigo-melchor-s-projects/insourceful-website/deployments:0
[  874204ms] [WARNING] The resource https://vercel.com/_next/static/immutable/chunks/25nnd13fh_4k5.css was preloaded using link preload but not used within a few seconds from the window's load event. Please make sure it has an appropriate `as` value and it is preloaded intentionally. @ https://vercel.com/rigo-melchor-s-projects/insourceful-website/deployments:0
[  874204ms] [WARNING] The resource https://vercel.com/_next/static/immutable/chunks/3p9g28no3_hj-.css was preloaded using link preload but not used within a few seconds from the window's load event. Please make sure it has an appropriate `as` value and it is preloaded intentionally. @ https://vercel.com/rigo-melchor-s-projects/insourceful-website/deployments:0
[  874204ms] [WARNING] The resource https://vercel.com/_next/static/immutable/chunks/3fd49nnoyujvi.css was preloaded using link preload but not used within a few seconds from the window's load event. Please make sure it has an appropriate `as` value and it is preloaded intentionally. @ https://vercel.com/rigo-melchor-s-projects/insourceful-website/deployments:0
[  874204ms] [WARNING] The resource https://vercel.com/_next/static/immutable/chunks/2cegy48-lpb69.css was preloaded using link preload but not used within a few seconds from the window's load event. Please make sure it has an appropriate `as` value and it is preloaded intentionally. @ https://vercel.com/rigo-melchor-s-projects/insourceful-website/deployments:0
[  874204ms] [WARNING] The resource https://vercel.com/_next/static/immutable/chunks/26_kjvxoedtei.css was preloaded using link preload but not used within a few seconds from the window's load event. Please make sure it has an appropriate `as` value and it is preloaded intentionally. @ https://vercel.com/rigo-melchor-s-projects/insourceful-website/deployments:0
[  881760ms] [WARNING] The resource https://vercel.com/_next/static/immutable/chunks/1y7np90zxj-un.css was preloaded using link preload but not used within a few seconds from the window's load event. Please make sure it has an appropriate `as` value and it is preloaded intentionally. @ https://vercel.com/rigo-melchor-s-projects/insourceful-website/deployments:0
[  881760ms] [WARNING] The resource https://vercel.com/_next/static/immutable/chunks/2xsdyifozdz06.css was preloaded using link preload but not used within a few seconds from the window's load event. Please make sure it has an appropriate `as` value and it is preloaded intentionally. @ https://vercel.com/rigo-melchor-s-projects/insourceful-website/deployments:0
[  881760ms] [WARNING] The resource https://vercel.com/_next/static/immutable/media/logo-vercel-dark.28zbfuuys0x7i.svg was preloaded using link preload but not used within a few seconds from the window's load event. Please make sure it has an appropriate `as` value and it is preloaded intentionally. @ https://vercel.com/rigo-melchor-s-projects/insourceful-website/deployments:0
[  881760ms] [WARNING] The resource https://vercel.com/_next/static/immutable/chunks/0vmhpedf_b0j8.css was preloaded using link preload but not used within a few seconds from the window's load event. Please make sure it has an appropriate `as` value and it is preloaded intentionally. @ https://vercel.com/rigo-melchor-s-projects/insourceful-website/deployments:0
[  881760ms] [WARNING] The resource https://vercel.com/_next/static/immutable/chunks/2mvavehoxc309.css was preloaded using link preload but not used within a few seconds from the window's load event. Please make sure it has an appropriate `as` value and it is preloaded intentionally. @ https://vercel.com/rigo-melchor-s-projects/insourceful-website/deployments:0
[  881760ms] [WARNING] The resource https://vercel.com/_next/static/immutable/chunks/3d792zqltro0t.css was preloaded using link preload but not used within a few seconds from the window's load event. Please make sure it has an appropriate `as` value and it is preloaded intentionally. @ https://vercel.com/rigo-melchor-s-projects/insourceful-website/deployments:0
[  881760ms] [WARNING] The resource https://vercel.com/_next/static/immutable/chunks/3z9uffp9rqnx8.css was preloaded using link preload but not used within a few seconds from the window's load event. Please make sure it has an appropriate `as` value and it is preloaded intentionally. @ https://vercel.com/rigo-melchor-s-projects/insourceful-website/deployments:0
[  881760ms] [WARNING] The resource https://vercel.com/_next/static/immutable/chunks/1yl8955ma4q4-.css was preloaded using link preload but not used within a few seconds from the window's load event. Please make sure it has an appropriate `as` value and it is preloaded intentionally. @ https://vercel.com/rigo-melchor-s-projects/insourceful-website/deployments:0
[  881760ms] [WARNING] The resource https://vercel.com/_next/static/immutable/chunks/0-shbsz3-8ybx.css was preloaded using link preload but not used within a few seconds from the window's load event. Please make sure it has an appropriate `as` value and it is preloaded intentionally. @ https://vercel.com/rigo-melchor-s-projects/insourceful-website/deployments:0
[  881760ms] [WARNING] The resource https://vercel.com/_next/static/immutable/chunks/3z36ncuffz89v.css was preloaded using link preload but not used within a few seconds from the window's load event. Please make sure it has an appropriate `as` value and it is preloaded intentionally. @ https://vercel.com/rigo-melchor-s-projects/insourceful-website/deployments:0
[  881760ms] [WARNING] The resource https://vercel.com/_next/static/immutable/chunks/1xg6gg5e39tni.css was preloaded using link preload but not used within a few seconds from the window's load event. Please make sure it has an appropriate `as` value and it is preloaded intentionally. @ https://vercel.com/rigo-melchor-s-projects/insourceful-website/deployments:0
[  881760ms] [WARNING] The resource https://vercel.com/_next/static/immutable/chunks/1hzff2kh3gano.css was preloaded using link preload but not used within a few seconds from the window's load event. Please make sure it has an appropriate `as` value and it is preloaded intentionally. @ https://vercel.com/rigo-melchor-s-projects/insourceful-website/deployments:0
[  881760ms] [WARNING] The resource https://vercel.com/_next/static/immutable/chunks/044vmykz7q7vs.css was preloaded using link preload but not used within a few seconds from the window's load event. Please make sure it has an appropriate `as` value and it is preloaded intentionally. @ https://vercel.com/rigo-melchor-s-projects/insourceful-website/deployments:0
[  881760ms] [WARNING] The resource https://vercel.com/_next/static/immutable/media/logo-vercel-light.3an2_9g6dt4xn.svg was preloaded using link preload but not used within a few seconds from the window's load event. Please make sure it has an appropriate `as` value and it is preloaded intentionally. @ https://vercel.com/rigo-melchor-s-projects/insourceful-website/deployments:0
[  881760ms] [WARNING] The resource https://vercel.com/_next/static/immutable/chunks/0rblmumf_9wz1.css was preloaded using link preload but not used within a few seconds from the window's load event. Please make sure it has an appropriate `as` value and it is preloaded intentionally. @ https://vercel.com/rigo-melchor-s-projects/insourceful-website/deployments:0
[  881760ms] [WARNING] The resource https://vercel.com/_next/static/immutable/chunks/25nnd13fh_4k5.css was preloaded using link preload but not used within a few seconds from the window's load event. Please make sure it has an appropriate `as` value and it is preloaded intentionally. @ https://vercel.com/rigo-melchor-s-projects/insourceful-website/deployments:0
[  881760ms] [WARNING] The resource https://vercel.com/_next/static/immutable/chunks/3p9g28no3_hj-.css was preloaded using link preload but not used within a few seconds from the window's load event. Please make sure it has an appropriate `as` value and it is preloaded intentionally. @ https://vercel.com/rigo-melchor-s-projects/insourceful-website/deployments:0
[  881760ms] [WARNING] The resource https://vercel.com/_next/static/immutable/chunks/3fd49nnoyujvi.css was preloaded using link preload but not used within a few seconds from the window's load event. Please make sure it has an appropriate `as` value and it is preloaded intentionally. @ https://vercel.com/rigo-melchor-s-projects/insourceful-website/deployments:0
[  881760ms] [WARNING] The resource https://vercel.com/_next/static/immutable/chunks/2cegy48-lpb69.css was preloaded using link preload but not used within a few seconds from the window's load event. Please make sure it has an appropriate `as` value and it is preloaded intentionally. @ https://vercel.com/rigo-melchor-s-projects/insourceful-website/deployments:0
[  881760ms] [WARNING] The resource https://vercel.com/_next/static/immutable/chunks/26_kjvxoedtei.css was preloaded using link preload but not used within a few seconds from the window's load event. Please make sure it has an appropriate `as` value and it is preloaded intentionally. @ https://vercel.com/rigo-melchor-s-projects/insourceful-website/deployments:0
[  890055ms] [WARNING] The resource https://vercel.com/_next/static/immutable/chunks/1y7np90zxj-un.css was preloaded using link preload but not used within a few seconds from the window's load event. Please make sure it has an appropriate `as` value and it is preloaded intentionally. @ https://vercel.com/rigo-melchor-s-projects/insourceful-website/deployments:0
[  890055ms] [WARNING] The resource https://vercel.com/_next/static/immutable/chunks/2xsdyifozdz06.css was preloaded using link preload but not used within a few seconds from the window's load event. Please make sure it has an appropriate `as` value and it is preloaded intentionally. @ https://vercel.com/rigo-melchor-s-projects/insourceful-website/deployments:0
[  890055ms] [WARNING] The resource https://vercel.com/_next/static/immutable/media/logo-vercel-dark.28zbfuuys0x7i.svg was preloaded using link preload but not used within a few seconds from the window's load event. Please make sure it has an appropriate `as` value and it is preloaded intentionally. @ https://vercel.com/rigo-melchor-s-projects/insourceful-website/deployments:0
[  890055ms] [WARNING] The resource https://vercel.com/_next/static/immutable/chunks/0vmhpedf_b0j8.css was preloaded using link preload but not used within a few seconds from the window's load event. Please make sure it has an appropriate `as` value and it is preloaded intentionally. @ https://vercel.com/rigo-melchor-s-projects/insourceful-website/deployments:0
[  890055ms] [WARNING] The resource https://vercel.com/_next/static/immutable/chunks/2mvavehoxc309.css was preloaded using link preload but not used within a few seconds from the window's load event. Please make sure it has an appropriate `as` value and it is preloaded intentionally. @ https://vercel.com/rigo-melchor-s-projects/insourceful-website/deployments:0
[  890055ms] [WARNING] The resource https://vercel.com/_next/static/immutable/chunks/3d792zqltro0t.css was preloaded using link preload but not used within a few seconds from the window's load event. Please make sure it has an appropriate `as` value and it is preloaded intentionally. @ https://vercel.com/rigo-melchor-s-projects/insourceful-website/deployments:0
[  890055ms] [WARNING] The resource https://vercel.com/_next/static/immutable/chunks/3z9uffp9rqnx8.css was preloaded using link preload but not used within a few seconds from the window's load event. Please make sure it has an appropriate `as` value and it is preloaded intentionally. @ https://vercel.com/rigo-melchor-s-projects/insourceful-website/deployments:0
[  890055ms] [WARNING] The resource https://vercel.com/_next/static/immutable/chunks/1yl8955ma4q4-.css was preloaded using link preload but not used within a few seconds from the window's load event. Please make sure it has an appropriate `as` value and it is preloaded intentionally. @ https://vercel.com/rigo-melchor-s-projects/insourceful-website/deployments:0
[  890055ms] [WARNING] The resource https://vercel.com/_next/static/immutable/chunks/0-shbsz3-8ybx.css was preloaded using link preload but not used within a few seconds from the window's load event. Please make sure it has an appropriate `as` value and it is preloaded intentionally. @ https://vercel.com/rigo-melchor-s-projects/insourceful-website/deployments:0
[  890055ms] [WARNING] The resource https://vercel.com/_next/static/immutable/chunks/3z36ncuffz89v.css was preloaded using link preload but not used within a few seconds from the window's load event. Please make sure it has an appropriate `as` value and it is preloaded intentionally. @ https://vercel.com/rigo-melchor-s-projects/insourceful-website/deployments:0
[  890055ms] [WARNING] The resource https://vercel.com/_next/static/immutable/chunks/1xg6gg5e39tni.css was preloaded using link preload but not used within a few seconds from the window's load event. Please make sure it has an appropriate `as` value and it is preloaded intentionally. @ https://vercel.com/rigo-melchor-s-projects/insourceful-website/deployments:0
[  890055ms] [WARNING] The resource https://vercel.com/_next/static/immutable/chunks/1hzff2kh3gano.css was preloaded using link preload but not used within a few seconds from the window's load event. Please make sure it has an appropriate `as` value and it is preloaded intentionally. @ https://vercel.com/rigo-melchor-s-projects/insourceful-website/deployments:0
[  890055ms] [WARNING] The resource https://vercel.com/_next/static/immutable/chunks/044vmykz7q7vs.css was preloaded using link preload but not used within a few seconds from the window's load event. Please make sure it has an appropriate `as` value and it is preloaded intentionally. @ https://vercel.com/rigo-melchor-s-projects/insourceful-website/deployments:0
[  890055ms] [WARNING] The resource https://vercel.com/_next/static/immutable/media/logo-vercel-light.3an2_9g6dt4xn.svg was preloaded using link preload but not used within a few seconds from the window's load event. Please make sure it has an appropriate `as` value and it is preloaded intentionally. @ https://vercel.com/rigo-melchor-s-projects/insourceful-website/deployments:0
[  890055ms] [WARNING] The resource https://vercel.com/_next/static/immutable/chunks/0rblmumf_9wz1.css was preloaded using link preload but not used within a few seconds from the window's load event. Please make sure it has an appropriate `as` value and it is preloaded intentionally. @ https://vercel.com/rigo-melchor-s-projects/insourceful-website/deployments:0
[  890055ms] [WARNING] The resource https://vercel.com/_next/static/immutable/chunks/25nnd13fh_4k5.css was preloaded using link preload but not used within a few seconds from the window's load event. Please make sure it has an appropriate `as` value and it is preloaded intentionally. @ https://vercel.com/rigo-melchor-s-projects/insourceful-website/deployments:0
[  890055ms] [WARNING] The resource https://vercel.com/_next/static/immutable/chunks/3p9g28no3_hj-.css was preloaded using link preload but not used within a few seconds from the window's load event. Please make sure it has an appropriate `as` value and it is preloaded intentionally. @ https://vercel.com/rigo-melchor-s-projects/insourceful-website/deployments:0
[  890055ms] [WARNING] The resource https://vercel.com/_next/static/immutable/chunks/3fd49nnoyujvi.css was preloaded using link preload but not used within a few seconds from the window's load event. Please make sure it has an appropriate `as` value and it is preloaded intentionally. @ https://vercel.com/rigo-melchor-s-projects/insourceful-website/deployments:0
[  890055ms] [WARNING] The resource https://vercel.com/_next/static/immutable/chunks/2cegy48-lpb69.css was preloaded using link preload but not used within a few seconds from the window's load event. Please make sure it has an appropriate `as` value and it is preloaded intentionally. @ https://vercel.com/rigo-melchor-s-projects/insourceful-website/deployments:0
[  890055ms] [WARNING] The resource https://vercel.com/_next/static/immutable/chunks/26_kjvxoedtei.css was preloaded using link preload but not used within a few seconds from the window's load event. Please make sure it has an appropriate `as` value and it is preloaded intentionally. @ https://vercel.com/rigo-melchor-s-projects/insourceful-website/deployments:0
[  897323ms] [WARNING] The resource https://vercel.com/_next/static/immutable/chunks/1y7np90zxj-un.css was preloaded using link preload but not used within a few seconds from the window's load event. Please make sure it has an appropriate `as` value and it is preloaded intentionally. @ https://vercel.com/rigo-melchor-s-projects/insourceful-website/deployments:0
[  897323ms] [WARNING] The resource https://vercel.com/_next/static/immutable/chunks/2xsdyifozdz06.css was preloaded using link preload but not used within a few seconds from the window's load event. Please make sure it has an appropriate `as` value and it is preloaded intentionally. @ https://vercel.com/rigo-melchor-s-projects/insourceful-website/deployments:0
[  897323ms] [WARNING] The resource https://vercel.com/_next/static/immutable/media/logo-vercel-dark.28zbfuuys0x7i.svg was preloaded using link preload but not used within a few seconds from the window's load event. Please make sure it has an appropriate `as` value and it is preloaded intentionally. @ https://vercel.com/rigo-melchor-s-projects/insourceful-website/deployments:0
[  897323ms] [WARNING] The resource https://vercel.com/_next/static/immutable/chunks/0vmhpedf_b0j8.css was preloaded using link preload but not used within a few seconds from the window's load event. Please make sure it has an appropriate `as` value and it is preloaded intentionally. @ https://vercel.com/rigo-melchor-s-projects/insourceful-website/deployments:0
[  897323ms] [WARNING] The resource https://vercel.com/_next/static/immutable/chunks/2mvavehoxc309.css was preloaded using link preload but not used within a few seconds from the window's load event. Please make sure it has an appropriate `as` value and it is preloaded intentionally. @ https://vercel.com/rigo-melchor-s-projects/insourceful-website/deployments:0
[  897323ms] [WARNING] The resource https://vercel.com/_next/static/immutable/chunks/3d792zqltro0t.css was preloaded using link preload but not used within a few seconds from the window's load event. Please make sure it has an appropriate `as` value and it is preloaded intentionally. @ https://vercel.com/rigo-melchor-s-projects/insourceful-website/deployments:0
[  897323ms] [WARNING] The resource https://vercel.com/_next/static/immutable/chunks/3z9uffp9rqnx8.css was preloaded using link preload but not used within a few seconds from the window's load event. Please make sure it has an appropriate `as` value and it is preloaded intentionally. @ https://vercel.com/rigo-melchor-s-projects/insourceful-website/deployments:0
[  897323ms] [WARNING] The resource https://vercel.com/_next/static/immutable/chunks/1yl8955ma4q4-.css was preloaded using link preload but not used within a few seconds from the window's load event. Please make sure it has an appropriate `as` value and it is preloaded intentionally. @ https://vercel.com/rigo-melchor-s-projects/insourceful-website/deployments:0
[  897323ms] [WARNING] The resource https://vercel.com/_next/static/immutable/chunks/0-shbsz3-8ybx.css was preloaded using link preload but not used within a few seconds from the window's load event. Please make sure it has an appropriate `as` value and it is preloaded intentionally. @ https://vercel.com/rigo-melchor-s-projects/insourceful-website/deployments:0
[  897323ms] [WARNING] The resource https://vercel.com/_next/static/immutable/chunks/3z36ncuffz89v.css was preloaded using link preload but not used within a few seconds from the window's load event. Please make sure it has an appropriate `as` value and it is preloaded intentionally. @ https://vercel.com/rigo-melchor-s-projects/insourceful-website/deployments:0
[  897323ms] [WARNING] The resource https://vercel.com/_next/static/immutable/chunks/1xg6gg5e39tni.css was preloaded using link preload but not used within a few seconds from the window's load event. Please make sure it has an appropriate `as` value and it is preloaded intentionally. @ https://vercel.com/rigo-melchor-s-projects/insourceful-website/deployments:0
[  897323ms] [WARNING] The resource https://vercel.com/_next/static/immutable/chunks/1hzff2kh3gano.css was preloaded using link preload but not used within a few seconds from the window's load event. Please make sure it has an appropriate `as` value and it is preloaded intentionally. @ https://vercel.com/rigo-melchor-s-projects/insourceful-website/deployments:0
[  897323ms] [WARNING] The resource https://vercel.com/_next/static/immutable/chunks/044vmykz7q7vs.css was preloaded using link preload but not used within a few seconds from the window's load event. Please make sure it has an appropriate `as` value and it is preloaded intentionally. @ https://vercel.com/rigo-melchor-s-projects/insourceful-website/deployments:0
[  897323ms] [WARNING] The resource https://vercel.com/_next/static/immutable/media/logo-vercel-light.3an2_9g6dt4xn.svg was preloaded using link preload but not used within a few seconds from the window's load event. Please make sure it has an appropriate `as` value and it is preloaded intentionally. @ https://vercel.com/rigo-melchor-s-projects/insourceful-website/deployments:0
[  897323ms] [WARNING] The resource https://vercel.com/_next/static/immutable/chunks/0rblmumf_9wz1.css was preloaded using link preload but not used within a few seconds from the window's load event. Please make sure it has an appropriate `as` value and it is preloaded intentionally. @ https://vercel.com/rigo-melchor-s-projects/insourceful-website/deployments:0
[  897324ms] [WARNING] The resource https://vercel.com/_next/static/immutable/chunks/25nnd13fh_4k5.css was preloaded using link preload but not used within a few seconds from the window's load event. Please make sure it has an appropriate `as` value and it is preloaded intentionally. @ https://vercel.com/rigo-melchor-s-projects/insourceful-website/deployments:0
[  897324ms] [WARNING] The resource https://vercel.com/_next/static/immutable/chunks/3p9g28no3_hj-.css was preloaded using link preload but not used within a few seconds from the window's load event. Please make sure it has an appropriate `as` value and it is preloaded intentionally. @ https://vercel.com/rigo-melchor-s-projects/insourceful-website/deployments:0
[  897324ms] [WARNING] The resource https://vercel.com/_next/static/immutable/chunks/3fd49nnoyujvi.css was preloaded using link preload but not used within a few seconds from the window's load event. Please make sure it has an appropriate `as` value and it is preloaded intentionally. @ https://vercel.com/rigo-melchor-s-projects/insourceful-website/deployments:0
[  897324ms] [WARNING] The resource https://vercel.com/_next/static/immutable/chunks/2cegy48-lpb69.css was preloaded using link preload but not used within a few seconds from the window's load event. Please make sure it has an appropriate `as` value and it is preloaded intentionally. @ https://vercel.com/rigo-melchor-s-projects/insourceful-website/deployments:0
[  897324ms] [WARNING] The resource https://vercel.com/_next/static/immutable/chunks/26_kjvxoedtei.css was preloaded using link preload but not used within a few seconds from the window's load event. Please make sure it has an appropriate `as` value and it is preloaded intentionally. @ https://vercel.com/rigo-melchor-s-projects/insourceful-website/deployments:0
[  903333ms] [WARNING] The resource https://vercel.com/_next/static/immutable/chunks/1y7np90zxj-un.css was preloaded using link preload but not used within a few seconds from the window's load event. Please make sure it has an appropriate `as` value and it is preloaded intentionally. @ https://vercel.com/rigo-melchor-s-projects/insourceful-website/deployments:0
[  903333ms] [WARNING] The resource https://vercel.com/_next/static/immutable/chunks/2xsdyifozdz06.css was preloaded using link preload but not used within a few seconds from the window's load event. Please make sure it has an appropriate `as` value and it is preloaded intentionally. @ https://vercel.com/rigo-melchor-s-projects/insourceful-website/deployments:0
[  903333ms] [WARNING] The resource https://vercel.com/_next/static/immutable/media/logo-vercel-dark.28zbfuuys0x7i.svg was preloaded using link preload but not used within a few seconds from the window's load event. Please make sure it has an appropriate `as` value and it is preloaded intentionally. @ https://vercel.com/rigo-melchor-s-projects/insourceful-website/deployments:0
[  903333ms] [WARNING] The resource https://vercel.com/_next/static/immutable/chunks/0vmhpedf_b0j8.css was preloaded using link preload but not used within a few seconds from the window's load event. Please make sure it has an appropriate `as` value and it is preloaded intentionally. @ https://vercel.com/rigo-melchor-s-projects/insourceful-website/deployments:0
[  903333ms] [WARNING] The resource https://vercel.com/_next/static/immutable/chunks/2mvavehoxc309.css was preloaded using link preload but not used within a few seconds from the window's load event. Please make sure it has an appropriate `as` value and it is preloaded intentionally. @ https://vercel.com/rigo-melchor-s-projects/insourceful-website/deployments:0
[  903333ms] [WARNING] The resource https://vercel.com/_next/static/immutable/chunks/3d792zqltro0t.css was preloaded using link preload but not used within a few seconds from the window's load event. Please make sure it has an appropriate `as` value and it is preloaded intentionally. @ https://vercel.com/rigo-melchor-s-projects/insourceful-website/deployments:0
[  903334ms] [WARNING] The resource https://vercel.com/_next/static/immutable/chunks/3z9uffp9rqnx8.css was preloaded using link preload but not used within a few seconds from the window's load event. Please make sure it has an appropriate `as` value and it is preloaded intentionally. @ https://vercel.com/rigo-melchor-s-projects/insourceful-website/deployments:0
[  903334ms] [WARNING] The resource https://vercel.com/_next/static/immutable/chunks/1yl8955ma4q4-.css was preloaded using link preload but not used within a few seconds from the window's load event. Please make sure it has an appropriate `as` value and it is preloaded intentionally. @ https://vercel.com/rigo-melchor-s-projects/insourceful-website/deployments:0
[  903334ms] [WARNING] The resource https://vercel.com/_next/static/immutable/chunks/0-shbsz3-8ybx.css was preloaded using link preload but not used within a few seconds from the window's load event. Please make sure it has an appropriate `as` value and it is preloaded intentionally. @ https://vercel.com/rigo-melchor-s-projects/insourceful-website/deployments:0
[  903334ms] [WARNING] The resource https://vercel.com/_next/static/immutable/chunks/3z36ncuffz89v.css was preloaded using link preload but not used within a few seconds from the window's load event. Please make sure it has an appropriate `as` value and it is preloaded intentionally. @ https://vercel.com/rigo-melchor-s-projects/insourceful-website/deployments:0
[  903334ms] [WARNING] The resource https://vercel.com/_next/static/immutable/chunks/1xg6gg5e39tni.css was preloaded using link preload but not used within a few seconds from the window's load event. Please make sure it has an appropriate `as` value and it is preloaded intentionally. @ https://vercel.com/rigo-melchor-s-projects/insourceful-website/deployments:0
[  903334ms] [WARNING] The resource https://vercel.com/_next/static/immutable/chunks/1hzff2kh3gano.css was preloaded using link preload but not used within a few seconds from the window's load event. Please make sure it has an appropriate `as` value and it is preloaded intentionally. @ https://vercel.com/rigo-melchor-s-projects/insourceful-website/deployments:0
[  903334ms] [WARNING] The resource https://vercel.com/_next/static/immutable/chunks/044vmykz7q7vs.css was preloaded using link preload but not used within a few seconds from the window's load event. Please make sure it has an appropriate `as` value and it is preloaded intentionally. @ https://vercel.com/rigo-melchor-s-projects/insourceful-website/deployments:0
[  903334ms] [WARNING] The resource https://vercel.com/_next/static/immutable/media/logo-vercel-light.3an2_9g6dt4xn.svg was preloaded using link preload but not used within a few seconds from the window's load event. Please make sure it has an appropriate `as` value and it is preloaded intentionally. @ https://vercel.com/rigo-melchor-s-projects/insourceful-website/deployments:0
[  903334ms] [WARNING] The resource https://vercel.com/_next/static/immutable/chunks/0rblmumf_9wz1.css was preloaded using link preload but not used within a few seconds from the window's load event. Please make sure it has an appropriate `as` value and it is preloaded intentionally. @ https://vercel.com/rigo-melchor-s-projects/insourceful-website/deployments:0
[  903334ms] [WARNING] The resource https://vercel.com/_next/static/immutable/chunks/25nnd13fh_4k5.css was preloaded using link preload but not used within a few seconds from the window's load event. Please make sure it has an appropriate `as` value and it is preloaded intentionally. @ https://vercel.com/rigo-melchor-s-projects/insourceful-website/deployments:0
[  903334ms] [WARNING] The resource https://vercel.com/_next/static/immutable/chunks/3p9g28no3_hj-.css was preloaded using link preload but not used within a few seconds from the window's load event. Please make sure it has an appropriate `as` value and it is preloaded intentionally. @ https://vercel.com/rigo-melchor-s-projects/insourceful-website/deployments:0
[  903334ms] [WARNING] The resource https://vercel.com/_next/static/immutable/chunks/3fd49nnoyujvi.css was preloaded using link preload but not used within a few seconds from the window's load event. Please make sure it has an appropriate `as` value and it is preloaded intentionally. @ https://vercel.com/rigo-melchor-s-projects/insourceful-website/deployments:0
[  903334ms] [WARNING] The resource https://vercel.com/_next/static/immutable/chunks/2cegy48-lpb69.css was preloaded using link preload but not used within a few seconds from the window's load event. Please make sure it has an appropriate `as` value and it is preloaded intentionally. @ https://vercel.com/rigo-melchor-s-projects/insourceful-website/deployments:0
[  903334ms] [WARNING] The resource https://vercel.com/_next/static/immutable/chunks/26_kjvxoedtei.css was preloaded using link preload but not used within a few seconds from the window's load event. Please make sure it has an appropriate `as` value and it is preloaded intentionally. @ https://vercel.com/rigo-melchor-s-projects/insourceful-website/deployments:0
[  909100ms] [WARNING] The resource https://vercel.com/_next/static/immutable/chunks/1y7np90zxj-un.css was preloaded using link preload but not used within a few seconds from the window's load event. Please make sure it has an appropriate `as` value and it is preloaded intentionally. @ https://vercel.com/rigo-melchor-s-projects/insourceful-website/deployments:0
[  909100ms] [WARNING] The resource https://vercel.com/_next/static/immutable/chunks/2xsdyifozdz06.css was preloaded using link preload but not used within a few seconds from the window's load event. Please make sure it has an appropriate `as` value and it is preloaded intentionally. @ https://vercel.com/rigo-melchor-s-projects/insourceful-website/deployments:0
[  909100ms] [WARNING] The resource https://vercel.com/_next/static/immutable/media/logo-vercel-dark.28zbfuuys0x7i.svg was preloaded using link preload but not used within a few seconds from the window's load event. Please make sure it has an appropriate `as` value and it is preloaded intentionally. @ https://vercel.com/rigo-melchor-s-projects/insourceful-website/deployments:0
[  909100ms] [WARNING] The resource https://vercel.com/_next/static/immutable/chunks/0vmhpedf_b0j8.css was preloaded using link preload but not used within a few seconds from the window's load event. Please make sure it has an appropriate `as` value and it is preloaded intentionally. @ https://vercel.com/rigo-melchor-s-projects/insourceful-website/deployments:0
[  909100ms] [WARNING] The resource https://vercel.com/_next/static/immutable/chunks/2mvavehoxc309.css was preloaded using link preload but not used within a few seconds from the window's load event. Please make sure it has an appropriate `as` value and it is preloaded intentionally. @ https://vercel.com/rigo-melchor-s-projects/insourceful-website/deployments:0
[  909100ms] [WARNING] The resource https://vercel.com/_next/static/immutable/chunks/3d792zqltro0t.css was preloaded using link preload but not used within a few seconds from the window's load event. Please make sure it has an appropriate `as` value and it is preloaded intentionally. @ https://vercel.com/rigo-melchor-s-projects/insourceful-website/deployments:0
[  909100ms] [WARNING] The resource https://vercel.com/_next/static/immutable/chunks/3z9uffp9rqnx8.css was preloaded using link preload but not used within a few seconds from the window's load event. Please make sure it has an appropriate `as` value and it is preloaded intentionally. @ https://vercel.com/rigo-melchor-s-projects/insourceful-website/deployments:0
[  909100ms] [WARNING] The resource https://vercel.com/_next/static/immutable/chunks/1yl8955ma4q4-.css was preloaded using link preload but not used within a few seconds from the window's load event. Please make sure it has an appropriate `as` value and it is preloaded intentionally. @ https://vercel.com/rigo-melchor-s-projects/insourceful-website/deployments:0
[  909100ms] [WARNING] The resource https://vercel.com/_next/static/immutable/chunks/0-shbsz3-8ybx.css was preloaded using link preload but not used within a few seconds from the window's load event. Please make sure it has an appropriate `as` value and it is preloaded intentionally. @ https://vercel.com/rigo-melchor-s-projects/insourceful-website/deployments:0
[  909100ms] [WARNING] The resource https://vercel.com/_next/static/immutable/chunks/3z36ncuffz89v.css was preloaded using link preload but not used within a few seconds from the window's load event. Please make sure it has an appropriate `as` value and it is preloaded intentionally. @ https://vercel.com/rigo-melchor-s-projects/insourceful-website/deployments:0
[  909100ms] [WARNING] The resource https://vercel.com/_next/static/immutable/chunks/1xg6gg5e39tni.css was preloaded using link preload but not used within a few seconds from the window's load event. Please make sure it has an appropriate `as` value and it is preloaded intentionally. @ https://vercel.com/rigo-melchor-s-projects/insourceful-website/deployments:0
[  909100ms] [WARNING] The resource https://vercel.com/_next/static/immutable/chunks/1hzff2kh3gano.css was preloaded using link preload but not used within a few seconds from the window's load event. Please make sure it has an appropriate `as` value and it is preloaded intentionally. @ https://vercel.com/rigo-melchor-s-projects/insourceful-website/deployments:0
[  909100ms] [WARNING] The resource https://vercel.com/_next/static/immutable/chunks/044vmykz7q7vs.css was preloaded using link preload but not used within a few seconds from the window's load event. Please make sure it has an appropriate `as` value and it is preloaded intentionally. @ https://vercel.com/rigo-melchor-s-projects/insourceful-website/deployments:0
[  909100ms] [WARNING] The resource https://vercel.com/_next/static/immutable/media/logo-vercel-light.3an2_9g6dt4xn.svg was preloaded using link preload but not used within a few seconds from the window's load event. Please make sure it has an appropriate `as` value and it is preloaded intentionally. @ https://vercel.com/rigo-melchor-s-projects/insourceful-website/deployments:0
[  909100ms] [WARNING] The resource https://vercel.com/_next/static/immutable/chunks/0rblmumf_9wz1.css was preloaded using link preload but not used within a few seconds from the window's load event. Please make sure it has an appropriate `as` value and it is preloaded intentionally. @ https://vercel.com/rigo-melchor-s-projects/insourceful-website/deployments:0
[  909100ms] [WARNING] The resource https://vercel.com/_next/static/immutable/chunks/25nnd13fh_4k5.css was preloaded using link preload but not used within a few seconds from the window's load event. Please make sure it has an appropriate `as` value and it is preloaded intentionally. @ https://vercel.com/rigo-melchor-s-projects/insourceful-website/deployments:0
[  909100ms] [WARNING] The resource https://vercel.com/_next/static/immutable/chunks/3p9g28no3_hj-.css was preloaded using link preload but not used within a few seconds from the window's load event. Please make sure it has an appropriate `as` value and it is preloaded intentionally. @ https://vercel.com/rigo-melchor-s-projects/insourceful-website/deployments:0
[  909100ms] [WARNING] The resource https://vercel.com/_next/static/immutable/chunks/3fd49nnoyujvi.css was preloaded using link preload but not used within a few seconds from the window's load event. Please make sure it has an appropriate `as` value and it is preloaded intentionally. @ https://vercel.com/rigo-melchor-s-projects/insourceful-website/deployments:0
[  909100ms] [WARNING] The resource https://vercel.com/_next/static/immutable/chunks/2cegy48-lpb69.css was preloaded using link preload but not used within a few seconds from the window's load event. Please make sure it has an appropriate `as` value and it is preloaded intentionally. @ https://vercel.com/rigo-melchor-s-projects/insourceful-website/deployments:0
[  909100ms] [WARNING] The resource https://vercel.com/_next/static/immutable/chunks/26_kjvxoedtei.css was preloaded using link preload but not used within a few seconds from the window's load event. Please make sure it has an appropriate `as` value and it is preloaded intentionally. @ https://vercel.com/rigo-melchor-s-projects/insourceful-website/deployments:0
[  927579ms] [WARNING] The resource https://vercel.com/_next/static/immutable/chunks/1y7np90zxj-un.css was preloaded using link preload but not used within a few seconds from the window's load event. Please make sure it has an appropriate `as` value and it is preloaded intentionally. @ https://vercel.com/rigo-melchor-s-projects/insourceful-website/deployments:0
[  927579ms] [WARNING] The resource https://vercel.com/_next/static/immutable/chunks/2xsdyifozdz06.css was preloaded using link preload but not used within a few seconds from the window's load event. Please make sure it has an appropriate `as` value and it is preloaded intentionally. @ https://vercel.com/rigo-melchor-s-projects/insourceful-website/deployments:0
[  927579ms] [WARNING] The resource https://vercel.com/_next/static/immutable/media/logo-vercel-dark.28zbfuuys0x7i.svg was preloaded using link preload but not used within a few seconds from the window's load event. Please make sure it has an appropriate `as` value and it is preloaded intentionally. @ https://vercel.com/rigo-melchor-s-projects/insourceful-website/deployments:0
[  927579ms] [WARNING] The resource https://vercel.com/_next/static/immutable/chunks/0vmhpedf_b0j8.css was preloaded using link preload but not used within a few seconds from the window's load event. Please make sure it has an appropriate `as` value and it is preloaded intentionally. @ https://vercel.com/rigo-melchor-s-projects/insourceful-website/deployments:0
[  927579ms] [WARNING] The resource https://vercel.com/_next/static/immutable/chunks/2mvavehoxc309.css was preloaded using link preload but not used within a few seconds from the window's load event. Please make sure it has an appropriate `as` value and it is preloaded intentionally. @ https://vercel.com/rigo-melchor-s-projects/insourceful-website/deployments:0
[  927579ms] [WARNING] The resource https://vercel.com/_next/static/immutable/chunks/3d792zqltro0t.css was preloaded using link preload but not used within a few seconds from the window's load event. Please make sure it has an appropriate `as` value and it is preloaded intentionally. @ https://vercel.com/rigo-melchor-s-projects/insourceful-website/deployments:0
[  927579ms] [WARNING] The resource https://vercel.com/_next/static/immutable/chunks/3z9uffp9rqnx8.css was preloaded using link preload but not used within a few seconds from the window's load event. Please make sure it has an appropriate `as` value and it is preloaded intentionally. @ https://vercel.com/rigo-melchor-s-projects/insourceful-website/deployments:0
[  927579ms] [WARNING] The resource https://vercel.com/_next/static/immutable/chunks/1yl8955ma4q4-.css was preloaded using link preload but not used within a few seconds from the window's load event. Please make sure it has an appropriate `as` value and it is preloaded intentionally. @ https://vercel.com/rigo-melchor-s-projects/insourceful-website/deployments:0
[  927579ms] [WARNING] The resource https://vercel.com/_next/static/immutable/chunks/0-shbsz3-8ybx.css was preloaded using link preload but not used within a few seconds from the window's load event. Please make sure it has an appropriate `as` value and it is preloaded intentionally. @ https://vercel.com/rigo-melchor-s-projects/insourceful-website/deployments:0
[  927579ms] [WARNING] The resource https://vercel.com/_next/static/immutable/chunks/3z36ncuffz89v.css was preloaded using link preload but not used within a few seconds from the window's load event. Please make sure it has an appropriate `as` value and it is preloaded intentionally. @ https://vercel.com/rigo-melchor-s-projects/insourceful-website/deployments:0
[  927579ms] [WARNING] The resource https://vercel.com/_next/static/immutable/chunks/1xg6gg5e39tni.css was preloaded using link preload but not used within a few seconds from the window's load event. Please make sure it has an appropriate `as` value and it is preloaded intentionally. @ https://vercel.com/rigo-melchor-s-projects/insourceful-website/deployments:0
[  927579ms] [WARNING] The resource https://vercel.com/_next/static/immutable/chunks/1hzff2kh3gano.css was preloaded using link preload but not used within a few seconds from the window's load event. Please make sure it has an appropriate `as` value and it is preloaded intentionally. @ https://vercel.com/rigo-melchor-s-projects/insourceful-website/deployments:0
[  927579ms] [WARNING] The resource https://vercel.com/_next/static/immutable/chunks/044vmykz7q7vs.css was preloaded using link preload but not used within a few seconds from the window's load event. Please make sure it has an appropriate `as` value and it is preloaded intentionally. @ https://vercel.com/rigo-melchor-s-projects/insourceful-website/deployments:0
[  927579ms] [WARNING] The resource https://vercel.com/_next/static/immutable/media/logo-vercel-light.3an2_9g6dt4xn.svg was preloaded using link preload but not used within a few seconds from the window's load event. Please make sure it has an appropriate `as` value and it is preloaded intentionally. @ https://vercel.com/rigo-melchor-s-projects/insourceful-website/deployments:0
[  927579ms] [WARNING] The resource https://vercel.com/_next/static/immutable/chunks/0rblmumf_9wz1.css was preloaded using link preload but not used within a few seconds from the window's load event. Please make sure it has an appropriate `as` value and it is preloaded intentionally. @ https://vercel.com/rigo-melchor-s-projects/insourceful-website/deployments:0
[  927579ms] [WARNING] The resource https://vercel.com/_next/static/immutable/chunks/25nnd13fh_4k5.css was preloaded using link preload but not used within a few seconds from the window's load event. Please make sure it has an appropriate `as` value and it is preloaded intentionally. @ https://vercel.com/rigo-melchor-s-projects/insourceful-website/deployments:0
[  927579ms] [WARNING] The resource https://vercel.com/_next/static/immutable/chunks/3p9g28no3_hj-.css was preloaded using link preload but not used within a few seconds from the window's load event. Please make sure it has an appropriate `as` value and it is preloaded intentionally. @ https://vercel.com/rigo-melchor-s-projects/insourceful-website/deployments:0
[  927579ms] [WARNING] The resource https://vercel.com/_next/static/immutable/chunks/3fd49nnoyujvi.css was preloaded using link preload but not used within a few seconds from the window's load event. Please make sure it has an appropriate `as` value and it is preloaded intentionally. @ https://vercel.com/rigo-melchor-s-projects/insourceful-website/deployments:0
[  927579ms] [WARNING] The resource https://vercel.com/_next/static/immutable/chunks/2cegy48-lpb69.css was preloaded using link preload but not used within a few seconds from the window's load event. Please make sure it has an appropriate `as` value and it is preloaded intentionally. @ https://vercel.com/rigo-melchor-s-projects/insourceful-website/deployments:0
[  927579ms] [WARNING] The resource https://vercel.com/_next/static/immutable/chunks/26_kjvxoedtei.css was preloaded using link preload but not used within a few seconds from the window's load event. Please make sure it has an appropriate `as` value and it is preloaded intentionally. @ https://vercel.com/rigo-melchor-s-projects/insourceful-website/deployments:0
[  930775ms] [ERROR] Failed to load resource: the server responded with a status of 504 () @ https://vercel.com/api/teams?flags=true&permissions=true&entitlements=true:0
[  935452ms] [WARNING] The resource https://vercel.com/_next/static/immutable/chunks/1y7np90zxj-un.css was preloaded using link preload but not used within a few seconds from the window's load event. Please make sure it has an appropriate `as` value and it is preloaded intentionally. @ https://vercel.com/rigo-melchor-s-projects/insourceful-website/deployments:0
[  935452ms] [WARNING] The resource https://vercel.com/_next/static/immutable/chunks/2xsdyifozdz06.css was preloaded using link preload but not used within a few seconds from the window's load event. Please make sure it has an appropriate `as` value and it is preloaded intentionally. @ https://vercel.com/rigo-melchor-s-projects/insourceful-website/deployments:0
[  935452ms] [WARNING] The resource https://vercel.com/_next/static/immutable/media/logo-vercel-dark.28zbfuuys0x7i.svg was preloaded using link preload but not used within a few seconds from the window's load event. Please make sure it has an appropriate `as` value and it is preloaded intentionally. @ https://vercel.com/rigo-melchor-s-projects/insourceful-website/deployments:0
[  935452ms] [WARNING] The resource https://vercel.com/_next/static/immutable/chunks/0vmhpedf_b0j8.css was preloaded using link preload but not used within a few seconds from the window's load event. Please make sure it has an appropriate `as` value and it is preloaded intentionally. @ https://vercel.com/rigo-melchor-s-projects/insourceful-website/deployments:0
[  935452ms] [WARNING] The resource https://vercel.com/_next/static/immutable/chunks/2mvavehoxc309.css was preloaded using link preload but not used within a few seconds from the window's load event. Please make sure it has an appropriate `as` value and it is preloaded intentionally. @ https://vercel.com/rigo-melchor-s-projects/insourceful-website/deployments:0
[  935452ms] [WARNING] The resource https://vercel.com/_next/static/immutable/chunks/3d792zqltro0t.css was preloaded using link preload but not used within a few seconds from the window's load event. Please make sure it has an appropriate `as` value and it is preloaded intentionally. @ https://vercel.com/rigo-melchor-s-projects/insourceful-website/deployments:0
[  935452ms] [WARNING] The resource https://vercel.com/_next/static/immutable/chunks/3z9uffp9rqnx8.css was preloaded using link preload but not used within a few seconds from the window's load event. Please make sure it has an appropriate `as` value and it is preloaded intentionally. @ https://vercel.com/rigo-melchor-s-projects/insourceful-website/deployments:0
[  935452ms] [WARNING] The resource https://vercel.com/_next/static/immutable/chunks/1yl8955ma4q4-.css was preloaded using link preload but not used within a few seconds from the window's load event. Please make sure it has an appropriate `as` value and it is preloaded intentionally. @ https://vercel.com/rigo-melchor-s-projects/insourceful-website/deployments:0
[  935452ms] [WARNING] The resource https://vercel.com/_next/static/immutable/chunks/0-shbsz3-8ybx.css was preloaded using link preload but not used within a few seconds from the window's load event. Please make sure it has an appropriate `as` value and it is preloaded intentionally. @ https://vercel.com/rigo-melchor-s-projects/insourceful-website/deployments:0
[  935452ms] [WARNING] The resource https://vercel.com/_next/static/immutable/chunks/3z36ncuffz89v.css was preloaded using link preload but not used within a few seconds from the window's load event. Please make sure it has an appropriate `as` value and it is preloaded intentionally. @ https://vercel.com/rigo-melchor-s-projects/insourceful-website/deployments:0
[  935452ms] [WARNING] The resource https://vercel.com/_next/static/immutable/chunks/1xg6gg5e39tni.css was preloaded using link preload but not used within a few seconds from the window's load event. Please make sure it has an appropriate `as` value and it is preloaded intentionally. @ https://vercel.com/rigo-melchor-s-projects/insourceful-website/deployments:0
[  935452ms] [WARNING] The resource https://vercel.com/_next/static/immutable/chunks/1hzff2kh3gano.css was preloaded using link preload but not used within a few seconds from the window's load event. Please make sure it has an appropriate `as` value and it is preloaded intentionally. @ https://vercel.com/rigo-melchor-s-projects/insourceful-website/deployments:0
[  935452ms] [WARNING] The resource https://vercel.com/_next/static/immutable/chunks/044vmykz7q7vs.css was preloaded using link preload but not used within a few seconds from the window's load event. Please make sure it has an appropriate `as` value and it is preloaded intentionally. @ https://vercel.com/rigo-melchor-s-projects/insourceful-website/deployments:0
[  935452ms] [WARNING] The resource https://vercel.com/_next/static/immutable/media/logo-vercel-light.3an2_9g6dt4xn.svg was preloaded using link preload but not used within a few seconds from the window's load event. Please make sure it has an appropriate `as` value and it is preloaded intentionally. @ https://vercel.com/rigo-melchor-s-projects/insourceful-website/deployments:0
[  935452ms] [WARNING] The resource https://vercel.com/_next/static/immutable/chunks/0rblmumf_9wz1.css was preloaded using link preload but not used within a few seconds from the window's load event. Please make sure it has an appropriate `as` value and it is preloaded intentionally. @ https://vercel.com/rigo-melchor-s-projects/insourceful-website/deployments:0
[  935452ms] [WARNING] The resource https://vercel.com/_next/static/immutable/chunks/25nnd13fh_4k5.css was preloaded using link preload but not used within a few seconds from the window's load event. Please make sure it has an appropriate `as` value and it is preloaded intentionally. @ https://vercel.com/rigo-melchor-s-projects/insourceful-website/deployments:0
[  935452ms] [WARNING] The resource https://vercel.com/_next/static/immutable/chunks/3p9g28no3_hj-.css was preloaded using link preload but not used within a few seconds from the window's load event. Please make sure it has an appropriate `as` value and it is preloaded intentionally. @ https://vercel.com/rigo-melchor-s-projects/insourceful-website/deployments:0
[  935452ms] [WARNING] The resource https://vercel.com/_next/static/immutable/chunks/3fd49nnoyujvi.css was preloaded using link preload but not used within a few seconds from the window's load event. Please make sure it has an appropriate `as` value and it is preloaded intentionally. @ https://vercel.com/rigo-melchor-s-projects/insourceful-website/deployments:0
[  935452ms] [WARNING] The resource https://vercel.com/_next/static/immutable/chunks/2cegy48-lpb69.css was preloaded using link preload but not used within a few seconds from the window's load event. Please make sure it has an appropriate `as` value and it is preloaded intentionally. @ https://vercel.com/rigo-melchor-s-projects/insourceful-website/deployments:0
[  935452ms] [WARNING] The resource https://vercel.com/_next/static/immutable/chunks/26_kjvxoedtei.css was preloaded using link preload but not used within a few seconds from the window's load event. Please make sure it has an appropriate `as` value and it is preloaded intentionally. @ https://vercel.com/rigo-melchor-s-projects/insourceful-website/deployments:0
[  957929ms] [WARNING] The resource https://vercel.com/_next/static/immutable/chunks/1y7np90zxj-un.css was preloaded using link preload but not used within a few seconds from the window's load event. Please make sure it has an appropriate `as` value and it is preloaded intentionally. @ https://vercel.com/rigo-melchor-s-projects/insourceful-website/deployments:0
[  957929ms] [WARNING] The resource https://vercel.com/_next/static/immutable/chunks/2xsdyifozdz06.css was preloaded using link preload but not used within a few seconds from the window's load event. Please make sure it has an appropriate `as` value and it is preloaded intentionally. @ https://vercel.com/rigo-melchor-s-projects/insourceful-website/deployments:0
[  957929ms] [WARNING] The resource https://vercel.com/_next/static/immutable/media/logo-vercel-dark.28zbfuuys0x7i.svg was preloaded using link preload but not used within a few seconds from the window's load event. Please make sure it has an appropriate `as` value and it is preloaded intentionally. @ https://vercel.com/rigo-melchor-s-projects/insourceful-website/deployments:0
[  957929ms] [WARNING] The resource https://vercel.com/_next/static/immutable/chunks/0vmhpedf_b0j8.css was preloaded using link preload but not used within a few seconds from the window's load event. Please make sure it has an appropriate `as` value and it is preloaded intentionally. @ https://vercel.com/rigo-melchor-s-projects/insourceful-website/deployments:0
[  957929ms] [WARNING] The resource https://vercel.com/_next/static/immutable/chunks/2mvavehoxc309.css was preloaded using link preload but not used within a few seconds from the window's load event. Please make sure it has an appropriate `as` value and it is preloaded intentionally. @ https://vercel.com/rigo-melchor-s-projects/insourceful-website/deployments:0
[  957929ms] [WARNING] The resource https://vercel.com/_next/static/immutable/chunks/3d792zqltro0t.css was preloaded using link preload but not used within a few seconds from the window's load event. Please make sure it has an appropriate `as` value and it is preloaded intentionally. @ https://vercel.com/rigo-melchor-s-projects/insourceful-website/deployments:0
[  957929ms] [WARNING] The resource https://vercel.com/_next/static/immutable/chunks/3z9uffp9rqnx8.css was preloaded using link preload but not used within a few seconds from the window's load event. Please make sure it has an appropriate `as` value and it is preloaded intentionally. @ https://vercel.com/rigo-melchor-s-projects/insourceful-website/deployments:0
[  957929ms] [WARNING] The resource https://vercel.com/_next/static/immutable/chunks/1yl8955ma4q4-.css was preloaded using link preload but not used within a few seconds from the window's load event. Please make sure it has an appropriate `as` value and it is preloaded intentionally. @ https://vercel.com/rigo-melchor-s-projects/insourceful-website/deployments:0
[  957929ms] [WARNING] The resource https://vercel.com/_next/static/immutable/chunks/0-shbsz3-8ybx.css was preloaded using link preload but not used within a few seconds from the window's load event. Please make sure it has an appropriate `as` value and it is preloaded intentionally. @ https://vercel.com/rigo-melchor-s-projects/insourceful-website/deployments:0
[  957929ms] [WARNING] The resource https://vercel.com/_next/static/immutable/chunks/3z36ncuffz89v.css was preloaded using link preload but not used within a few seconds from the window's load event. Please make sure it has an appropriate `as` value and it is preloaded intentionally. @ https://vercel.com/rigo-melchor-s-projects/insourceful-website/deployments:0
[  957929ms] [WARNING] The resource https://vercel.com/_next/static/immutable/chunks/1xg6gg5e39tni.css was preloaded using link preload but not used within a few seconds from the window's load event. Please make sure it has an appropriate `as` value and it is preloaded intentionally. @ https://vercel.com/rigo-melchor-s-projects/insourceful-website/deployments:0
[  957929ms] [WARNING] The resource https://vercel.com/_next/static/immutable/chunks/1hzff2kh3gano.css was preloaded using link preload but not used within a few seconds from the window's load event. Please make sure it has an appropriate `as` value and it is preloaded intentionally. @ https://vercel.com/rigo-melchor-s-projects/insourceful-website/deployments:0
[  957929ms] [WARNING] The resource https://vercel.com/_next/static/immutable/chunks/044vmykz7q7vs.css was preloaded using link preload but not used within a few seconds from the window's load event. Please make sure it has an appropriate `as` value and it is preloaded intentionally. @ https://vercel.com/rigo-melchor-s-projects/insourceful-website/deployments:0
[  957929ms] [WARNING] The resource https://vercel.com/_next/static/immutable/media/logo-vercel-light.3an2_9g6dt4xn.svg was preloaded using link preload but not used within a few seconds from the window's load event. Please make sure it has an appropriate `as` value and it is preloaded intentionally. @ https://vercel.com/rigo-melchor-s-projects/insourceful-website/deployments:0
[  957929ms] [WARNING] The resource https://vercel.com/_next/static/immutable/chunks/0rblmumf_9wz1.css was preloaded using link preload but not used within a few seconds from the window's load event. Please make sure it has an appropriate `as` value and it is preloaded intentionally. @ https://vercel.com/rigo-melchor-s-projects/insourceful-website/deployments:0
[  957929ms] [WARNING] The resource https://vercel.com/_next/static/immutable/chunks/25nnd13fh_4k5.css was preloaded using link preload but not used within a few seconds from the window's load event. Please make sure it has an appropriate `as` value and it is preloaded intentionally. @ https://vercel.com/rigo-melchor-s-projects/insourceful-website/deployments:0
[  957929ms] [WARNING] The resource https://vercel.com/_next/static/immutable/chunks/3p9g28no3_hj-.css was preloaded using link preload but not used within a few seconds from the window's load event. Please make sure it has an appropriate `as` value and it is preloaded intentionally. @ https://vercel.com/rigo-melchor-s-projects/insourceful-website/deployments:0
[  957929ms] [WARNING] The resource https://vercel.com/_next/static/immutable/chunks/3fd49nnoyujvi.css was preloaded using link preload but not used within a few seconds from the window's load event. Please make sure it has an appropriate `as` value and it is preloaded intentionally. @ https://vercel.com/rigo-melchor-s-projects/insourceful-website/deployments:0
[  957929ms] [WARNING] The resource https://vercel.com/_next/static/immutable/chunks/2cegy48-lpb69.css was preloaded using link preload but not used within a few seconds from the window's load event. Please make sure it has an appropriate `as` value and it is preloaded intentionally. @ https://vercel.com/rigo-melchor-s-projects/insourceful-website/deployments:0
[  957929ms] [WARNING] The resource https://vercel.com/_next/static/immutable/chunks/26_kjvxoedtei.css was preloaded using link preload but not used within a few seconds from the window's load event. Please make sure it has an appropriate `as` value and it is preloaded intentionally. @ https://vercel.com/rigo-melchor-s-projects/insourceful-website/deployments:0
[  964026ms] [WARNING] The resource https://vercel.com/_next/static/immutable/chunks/1y7np90zxj-un.css was preloaded using link preload but not used within a few seconds from the window's load event. Please make sure it has an appropriate `as` value and it is preloaded intentionally. @ https://vercel.com/rigo-melchor-s-projects/insourceful-website/deployments:0
[  964027ms] [WARNING] The resource https://vercel.com/_next/static/immutable/chunks/2xsdyifozdz06.css was preloaded using link preload but not used within a few seconds from the window's load event. Please make sure it has an appropriate `as` value and it is preloaded intentionally. @ https://vercel.com/rigo-melchor-s-projects/insourceful-website/deployments:0
[  964027ms] [WARNING] The resource https://vercel.com/_next/static/immutable/media/logo-vercel-dark.28zbfuuys0x7i.svg was preloaded using link preload but not used within a few seconds from the window's load event. Please make sure it has an appropriate `as` value and it is preloaded intentionally. @ https://vercel.com/rigo-melchor-s-projects/insourceful-website/deployments:0
[  964027ms] [WARNING] The resource https://vercel.com/_next/static/immutable/chunks/0vmhpedf_b0j8.css was preloaded using link preload but not used within a few seconds from the window's load event. Please make sure it has an appropriate `as` value and it is preloaded intentionally. @ https://vercel.com/rigo-melchor-s-projects/insourceful-website/deployments:0
[  964027ms] [WARNING] The resource https://vercel.com/_next/static/immutable/chunks/2mvavehoxc309.css was preloaded using link preload but not used within a few seconds from the window's load event. Please make sure it has an appropriate `as` value and it is preloaded intentionally. @ https://vercel.com/rigo-melchor-s-projects/insourceful-website/deployments:0
[  964027ms] [WARNING] The resource https://vercel.com/_next/static/immutable/chunks/3d792zqltro0t.css was preloaded using link preload but not used within a few seconds from the window's load event. Please make sure it has an appropriate `as` value and it is preloaded intentionally. @ https://vercel.com/rigo-melchor-s-projects/insourceful-website/deployments:0
[  964027ms] [WARNING] The resource https://vercel.com/_next/static/immutable/chunks/3z9uffp9rqnx8.css was preloaded using link preload but not used within a few seconds from the window's load event. Please make sure it has an appropriate `as` value and it is preloaded intentionally. @ https://vercel.com/rigo-melchor-s-projects/insourceful-website/deployments:0
[  964027ms] [WARNING] The resource https://vercel.com/_next/static/immutable/chunks/1yl8955ma4q4-.css was preloaded using link preload but not used within a few seconds from the window's load event. Please make sure it has an appropriate `as` value and it is preloaded intentionally. @ https://vercel.com/rigo-melchor-s-projects/insourceful-website/deployments:0
[  964027ms] [WARNING] The resource https://vercel.com/_next/static/immutable/chunks/0-shbsz3-8ybx.css was preloaded using link preload but not used within a few seconds from the window's load event. Please make sure it has an appropriate `as` value and it is preloaded intentionally. @ https://vercel.com/rigo-melchor-s-projects/insourceful-website/deployments:0
[  964027ms] [WARNING] The resource https://vercel.com/_next/static/immutable/chunks/3z36ncuffz89v.css was preloaded using link preload but not used within a few seconds from the window's load event. Please make sure it has an appropriate `as` value and it is preloaded intentionally. @ https://vercel.com/rigo-melchor-s-projects/insourceful-website/deployments:0
[  964027ms] [WARNING] The resource https://vercel.com/_next/static/immutable/chunks/1xg6gg5e39tni.css was preloaded using link preload but not used within a few seconds from the window's load event. Please make sure it has an appropriate `as` value and it is preloaded intentionally. @ https://vercel.com/rigo-melchor-s-projects/insourceful-website/deployments:0
[  964027ms] [WARNING] The resource https://vercel.com/_next/static/immutable/chunks/1hzff2kh3gano.css was preloaded using link preload but not used within a few seconds from the window's load event. Please make sure it has an appropriate `as` value and it is preloaded intentionally. @ https://vercel.com/rigo-melchor-s-projects/insourceful-website/deployments:0
[  964027ms] [WARNING] The resource https://vercel.com/_next/static/immutable/chunks/044vmykz7q7vs.css was preloaded using link preload but not used within a few seconds from the window's load event. Please make sure it has an appropriate `as` value and it is preloaded intentionally. @ https://vercel.com/rigo-melchor-s-projects/insourceful-website/deployments:0
[  964027ms] [WARNING] The resource https://vercel.com/_next/static/immutable/media/logo-vercel-light.3an2_9g6dt4xn.svg was preloaded using link preload but not used within a few seconds from the window's load event. Please make sure it has an appropriate `as` value and it is preloaded intentionally. @ https://vercel.com/rigo-melchor-s-projects/insourceful-website/deployments:0
[  964027ms] [WARNING] The resource https://vercel.com/_next/static/immutable/chunks/0rblmumf_9wz1.css was preloaded using link preload but not used within a few seconds from the window's load event. Please make sure it has an appropriate `as` value and it is preloaded intentionally. @ https://vercel.com/rigo-melchor-s-projects/insourceful-website/deployments:0
[  964027ms] [WARNING] The resource https://vercel.com/_next/static/immutable/chunks/25nnd13fh_4k5.css was preloaded using link preload but not used within a few seconds from the window's load event. Please make sure it has an appropriate `as` value and it is preloaded intentionally. @ https://vercel.com/rigo-melchor-s-projects/insourceful-website/deployments:0
[  964027ms] [WARNING] The resource https://vercel.com/_next/static/immutable/chunks/3p9g28no3_hj-.css was preloaded using link preload but not used within a few seconds from the window's load event. Please make sure it has an appropriate `as` value and it is preloaded intentionally. @ https://vercel.com/rigo-melchor-s-projects/insourceful-website/deployments:0
[  964027ms] [WARNING] The resource https://vercel.com/_next/static/immutable/chunks/3fd49nnoyujvi.css was preloaded using link preload but not used within a few seconds from the window's load event. Please make sure it has an appropriate `as` value and it is preloaded intentionally. @ https://vercel.com/rigo-melchor-s-projects/insourceful-website/deployments:0
[  964027ms] [WARNING] The resource https://vercel.com/_next/static/immutable/chunks/2cegy48-lpb69.css was preloaded using link preload but not used within a few seconds from the window's load event. Please make sure it has an appropriate `as` value and it is preloaded intentionally. @ https://vercel.com/rigo-melchor-s-projects/insourceful-website/deployments:0
[  964027ms] [WARNING] The resource https://vercel.com/_next/static/immutable/chunks/26_kjvxoedtei.css was preloaded using link preload but not used within a few seconds from the window's load event. Please make sure it has an appropriate `as` value and it is preloaded intentionally. @ https://vercel.com/rigo-melchor-s-projects/insourceful-website/deployments:0
[  988160ms] [WARNING] The resource https://vercel.com/_next/static/immutable/chunks/1y7np90zxj-un.css was preloaded using link preload but not used within a few seconds from the window's load event. Please make sure it has an appropriate `as` value and it is preloaded intentionally. @ https://vercel.com/rigo-melchor-s-projects/insourceful-website/deployments:0
[  988160ms] [WARNING] The resource https://vercel.com/_next/static/immutable/chunks/2xsdyifozdz06.css was preloaded using link preload but not used within a few seconds from the window's load event. Please make sure it has an appropriate `as` value and it is preloaded intentionally. @ https://vercel.com/rigo-melchor-s-projects/insourceful-website/deployments:0
[  988160ms] [WARNING] The resource https://vercel.com/_next/static/immutable/media/logo-vercel-dark.28zbfuuys0x7i.svg was preloaded using link preload but not used within a few seconds from the window's load event. Please make sure it has an appropriate `as` value and it is preloaded intentionally. @ https://vercel.com/rigo-melchor-s-projects/insourceful-website/deployments:0
[  988160ms] [WARNING] The resource https://vercel.com/_next/static/immutable/chunks/0vmhpedf_b0j8.css was preloaded using link preload but not used within a few seconds from the window's load event. Please make sure it has an appropriate `as` value and it is preloaded intentionally. @ https://vercel.com/rigo-melchor-s-projects/insourceful-website/deployments:0
[  988160ms] [WARNING] The resource https://vercel.com/_next/static/immutable/chunks/2mvavehoxc309.css was preloaded using link preload but not used within a few seconds from the window's load event. Please make sure it has an appropriate `as` value and it is preloaded intentionally. @ https://vercel.com/rigo-melchor-s-projects/insourceful-website/deployments:0
[  988160ms] [WARNING] The resource https://vercel.com/_next/static/immutable/chunks/3d792zqltro0t.css was preloaded using link preload but not used within a few seconds from the window's load event. Please make sure it has an appropriate `as` value and it is preloaded intentionally. @ https://vercel.com/rigo-melchor-s-projects/insourceful-website/deployments:0
[  988160ms] [WARNING] The resource https://vercel.com/_next/static/immutable/chunks/3z9uffp9rqnx8.css was preloaded using link preload but not used within a few seconds from the window's load event. Please make sure it has an appropriate `as` value and it is preloaded intentionally. @ https://vercel.com/rigo-melchor-s-projects/insourceful-website/deployments:0
[  988160ms] [WARNING] The resource https://vercel.com/_next/static/immutable/chunks/1yl8955ma4q4-.css was preloaded using link preload but not used within a few seconds from the window's load event. Please make sure it has an appropriate `as` value and it is preloaded intentionally. @ https://vercel.com/rigo-melchor-s-projects/insourceful-website/deployments:0
[  988160ms] [WARNING] The resource https://vercel.com/_next/static/immutable/chunks/0-shbsz3-8ybx.css was preloaded using link preload but not used within a few seconds from the window's load event. Please make sure it has an appropriate `as` value and it is preloaded intentionally. @ https://vercel.com/rigo-melchor-s-projects/insourceful-website/deployments:0
[  988160ms] [WARNING] The resource https://vercel.com/_next/static/immutable/chunks/3z36ncuffz89v.css was preloaded using link preload but not used within a few seconds from the window's load event. Please make sure it has an appropriate `as` value and it is preloaded intentionally. @ https://vercel.com/rigo-melchor-s-projects/insourceful-website/deployments:0
[  988160ms] [WARNING] The resource https://vercel.com/_next/static/immutable/chunks/1xg6gg5e39tni.css was preloaded using link preload but not used within a few seconds from the window's load event. Please make sure it has an appropriate `as` value and it is preloaded intentionally. @ https://vercel.com/rigo-melchor-s-projects/insourceful-website/deployments:0
[  988160ms] [WARNING] The resource https://vercel.com/_next/static/immutable/chunks/1hzff2kh3gano.css was preloaded using link preload but not used within a few seconds from the window's load event. Please make sure it has an appropriate `as` value and it is preloaded intentionally. @ https://vercel.com/rigo-melchor-s-projects/insourceful-website/deployments:0
[  988160ms] [WARNING] The resource https://vercel.com/_next/static/immutable/chunks/044vmykz7q7vs.css was preloaded using link preload but not used within a few seconds from the window's load event. Please make sure it has an appropriate `as` value and it is preloaded intentionally. @ https://vercel.com/rigo-melchor-s-projects/insourceful-website/deployments:0
[  988160ms] [WARNING] The resource https://vercel.com/_next/static/immutable/media/logo-vercel-light.3an2_9g6dt4xn.svg was preloaded using link preload but not used within a few seconds from the window's load event. Please make sure it has an appropriate `as` value and it is preloaded intentionally. @ https://vercel.com/rigo-melchor-s-projects/insourceful-website/deployments:0
[  988160ms] [WARNING] The resource https://vercel.com/_next/static/immutable/chunks/0rblmumf_9wz1.css was preloaded using link preload but not used within a few seconds from the window's load event. Please make sure it has an appropriate `as` value and it is preloaded intentionally. @ https://vercel.com/rigo-melchor-s-projects/insourceful-website/deployments:0
[  988160ms] [WARNING] The resource https://vercel.com/_next/static/immutable/chunks/25nnd13fh_4k5.css was preloaded using link preload but not used within a few seconds from the window's load event. Please make sure it has an appropriate `as` value and it is preloaded intentionally. @ https://vercel.com/rigo-melchor-s-projects/insourceful-website/deployments:0
[  988160ms] [WARNING] The resource https://vercel.com/_next/static/immutable/chunks/3p9g28no3_hj-.css was preloaded using link preload but not used within a few seconds from the window's load event. Please make sure it has an appropriate `as` value and it is preloaded intentionally. @ https://vercel.com/rigo-melchor-s-projects/insourceful-website/deployments:0
[  988160ms] [WARNING] The resource https://vercel.com/_next/static/immutable/chunks/3fd49nnoyujvi.css was preloaded using link preload but not used within a few seconds from the window's load event. Please make sure it has an appropriate `as` value and it is preloaded intentionally. @ https://vercel.com/rigo-melchor-s-projects/insourceful-website/deployments:0
[  988160ms] [WARNING] The resource https://vercel.com/_next/static/immutable/chunks/2cegy48-lpb69.css was preloaded using link preload but not used within a few seconds from the window's load event. Please make sure it has an appropriate `as` value and it is preloaded intentionally. @ https://vercel.com/rigo-melchor-s-projects/insourceful-website/deployments:0
[  988160ms] [WARNING] The resource https://vercel.com/_next/static/immutable/chunks/26_kjvxoedtei.css was preloaded using link preload but not used within a few seconds from the window's load event. Please make sure it has an appropriate `as` value and it is preloaded intentionally. @ https://vercel.com/rigo-melchor-s-projects/insourceful-website/deployments:0
[  994277ms] [WARNING] The resource https://vercel.com/_next/static/immutable/chunks/1y7np90zxj-un.css was preloaded using link preload but not used within a few seconds from the window's load event. Please make sure it has an appropriate `as` value and it is preloaded intentionally. @ https://vercel.com/rigo-melchor-s-projects/insourceful-website/deployments:0
[  994277ms] [WARNING] The resource https://vercel.com/_next/static/immutable/chunks/2xsdyifozdz06.css was preloaded using link preload but not used within a few seconds from the window's load event. Please make sure it has an appropriate `as` value and it is preloaded intentionally. @ https://vercel.com/rigo-melchor-s-projects/insourceful-website/deployments:0
[  994277ms] [WARNING] The resource https://vercel.com/_next/static/immutable/media/logo-vercel-dark.28zbfuuys0x7i.svg was preloaded using link preload but not used within a few seconds from the window's load event. Please make sure it has an appropriate `as` value and it is preloaded intentionally. @ https://vercel.com/rigo-melchor-s-projects/insourceful-website/deployments:0
[  994278ms] [WARNING] The resource https://vercel.com/_next/static/immutable/chunks/0vmhpedf_b0j8.css was preloaded using link preload but not used within a few seconds from the window's load event. Please make sure it has an appropriate `as` value and it is preloaded intentionally. @ https://vercel.com/rigo-melchor-s-projects/insourceful-website/deployments:0
[  994278ms] [WARNING] The resource https://vercel.com/_next/static/immutable/chunks/2mvavehoxc309.css was preloaded using link preload but not used within a few seconds from the window's load event. Please make sure it has an appropriate `as` value and it is preloaded intentionally. @ https://vercel.com/rigo-melchor-s-projects/insourceful-website/deployments:0
[  994278ms] [WARNING] The resource https://vercel.com/_next/static/immutable/chunks/3d792zqltro0t.css was preloaded using link preload but not used within a few seconds from the window's load event. Please make sure it has an appropriate `as` value and it is preloaded intentionally. @ https://vercel.com/rigo-melchor-s-projects/insourceful-website/deployments:0
[  994278ms] [WARNING] The resource https://vercel.com/_next/static/immutable/chunks/3z9uffp9rqnx8.css was preloaded using link preload but not used within a few seconds from the window's load event. Please make sure it has an appropriate `as` value and it is preloaded intentionally. @ https://vercel.com/rigo-melchor-s-projects/insourceful-website/deployments:0
[  994278ms] [WARNING] The resource https://vercel.com/_next/static/immutable/chunks/1yl8955ma4q4-.css was preloaded using link preload but not used within a few seconds from the window's load event. Please make sure it has an appropriate `as` value and it is preloaded intentionally. @ https://vercel.com/rigo-melchor-s-projects/insourceful-website/deployments:0
[  994278ms] [WARNING] The resource https://vercel.com/_next/static/immutable/chunks/0-shbsz3-8ybx.css was preloaded using link preload but not used within a few seconds from the window's load event. Please make sure it has an appropriate `as` value and it is preloaded intentionally. @ https://vercel.com/rigo-melchor-s-projects/insourceful-website/deployments:0
[  994278ms] [WARNING] The resource https://vercel.com/_next/static/immutable/chunks/3z36ncuffz89v.css was preloaded using link preload but not used within a few seconds from the window's load event. Please make sure it has an appropriate `as` value and it is preloaded intentionally. @ https://vercel.com/rigo-melchor-s-projects/insourceful-website/deployments:0
[  994278ms] [WARNING] The resource https://vercel.com/_next/static/immutable/chunks/1xg6gg5e39tni.css was preloaded using link preload but not used within a few seconds from the window's load event. Please make sure it has an appropriate `as` value and it is preloaded intentionally. @ https://vercel.com/rigo-melchor-s-projects/insourceful-website/deployments:0
[  994278ms] [WARNING] The resource https://vercel.com/_next/static/immutable/chunks/1hzff2kh3gano.css was preloaded using link preload but not used within a few seconds from the window's load event. Please make sure it has an appropriate `as` value and it is preloaded intentionally. @ https://vercel.com/rigo-melchor-s-projects/insourceful-website/deployments:0
[  994278ms] [WARNING] The resource https://vercel.com/_next/static/immutable/chunks/044vmykz7q7vs.css was preloaded using link preload but not used within a few seconds from the window's load event. Please make sure it has an appropriate `as` value and it is preloaded intentionally. @ https://vercel.com/rigo-melchor-s-projects/insourceful-website/deployments:0
[  994278ms] [WARNING] The resource https://vercel.com/_next/static/immutable/media/logo-vercel-light.3an2_9g6dt4xn.svg was preloaded using link preload but not used within a few seconds from the window's load event. Please make sure it has an appropriate `as` value and it is preloaded intentionally. @ https://vercel.com/rigo-melchor-s-projects/insourceful-website/deployments:0
[  994278ms] [WARNING] The resource https://vercel.com/_next/static/immutable/chunks/0rblmumf_9wz1.css was preloaded using link preload but not used within a few seconds from the window's load event. Please make sure it has an appropriate `as` value and it is preloaded intentionally. @ https://vercel.com/rigo-melchor-s-projects/insourceful-website/deployments:0
[  994278ms] [WARNING] The resource https://vercel.com/_next/static/immutable/chunks/25nnd13fh_4k5.css was preloaded using link preload but not used within a few seconds from the window's load event. Please make sure it has an appropriate `as` value and it is preloaded intentionally. @ https://vercel.com/rigo-melchor-s-projects/insourceful-website/deployments:0
[  994278ms] [WARNING] The resource https://vercel.com/_next/static/immutable/chunks/3p9g28no3_hj-.css was preloaded using link preload but not used within a few seconds from the window's load event. Please make sure it has an appropriate `as` value and it is preloaded intentionally. @ https://vercel.com/rigo-melchor-s-projects/insourceful-website/deployments:0
[  994278ms] [WARNING] The resource https://vercel.com/_next/static/immutable/chunks/3fd49nnoyujvi.css was preloaded using link preload but not used within a few seconds from the window's load event. Please make sure it has an appropriate `as` value and it is preloaded intentionally. @ https://vercel.com/rigo-melchor-s-projects/insourceful-website/deployments:0
[  994278ms] [WARNING] The resource https://vercel.com/_next/static/immutable/chunks/2cegy48-lpb69.css was preloaded using link preload but not used within a few seconds from the window's load event. Please make sure it has an appropriate `as` value and it is preloaded intentionally. @ https://vercel.com/rigo-melchor-s-projects/insourceful-website/deployments:0
[  994278ms] [WARNING] The resource https://vercel.com/_next/static/immutable/chunks/26_kjvxoedtei.css was preloaded using link preload but not used within a few seconds from the window's load event. Please make sure it has an appropriate `as` value and it is preloaded intentionally. @ https://vercel.com/rigo-melchor-s-projects/insourceful-website/deployments:0
[ 1018374ms] [WARNING] The resource https://vercel.com/_next/static/immutable/chunks/1y7np90zxj-un.css was preloaded using link preload but not used within a few seconds from the window's load event. Please make sure it has an appropriate `as` value and it is preloaded intentionally. @ https://vercel.com/rigo-melchor-s-projects/insourceful-website/deployments:0
[ 1018374ms] [WARNING] The resource https://vercel.com/_next/static/immutable/chunks/2xsdyifozdz06.css was preloaded using link preload but not used within a few seconds from the window's load event. Please make sure it has an appropriate `as` value and it is preloaded intentionally. @ https://vercel.com/rigo-melchor-s-projects/insourceful-website/deployments:0
[ 1018374ms] [WARNING] The resource https://vercel.com/_next/static/immutable/media/logo-vercel-dark.28zbfuuys0x7i.svg was preloaded using link preload but not used within a few seconds from the window's load event. Please make sure it has an appropriate `as` value and it is preloaded intentionally. @ https://vercel.com/rigo-melchor-s-projects/insourceful-website/deployments:0
[ 1018374ms] [WARNING] The resource https://vercel.com/_next/static/immutable/chunks/0vmhpedf_b0j8.css was preloaded using link preload but not used within a few seconds from the window's load event. Please make sure it has an appropriate `as` value and it is preloaded intentionally. @ https://vercel.com/rigo-melchor-s-projects/insourceful-website/deployments:0
[ 1018374ms] [WARNING] The resource https://vercel.com/_next/static/immutable/chunks/2mvavehoxc309.css was preloaded using link preload but not used within a few seconds from the window's load event. Please make sure it has an appropriate `as` value and it is preloaded intentionally. @ https://vercel.com/rigo-melchor-s-projects/insourceful-website/deployments:0
[ 1018374ms] [WARNING] The resource https://vercel.com/_next/static/immutable/chunks/3d792zqltro0t.css was preloaded using link preload but not used within a few seconds from the window's load event. Please make sure it has an appropriate `as` value and it is preloaded intentionally. @ https://vercel.com/rigo-melchor-s-projects/insourceful-website/deployments:0
[ 1018374ms] [WARNING] The resource https://vercel.com/_next/static/immutable/chunks/3z9uffp9rqnx8.css was preloaded using link preload but not used within a few seconds from the window's load event. Please make sure it has an appropriate `as` value and it is preloaded intentionally. @ https://vercel.com/rigo-melchor-s-projects/insourceful-website/deployments:0
[ 1018374ms] [WARNING] The resource https://vercel.com/_next/static/immutable/chunks/1yl8955ma4q4-.css was preloaded using link preload but not used within a few seconds from the window's load event. Please make sure it has an appropriate `as` value and it is preloaded intentionally. @ https://vercel.com/rigo-melchor-s-projects/insourceful-website/deployments:0
[ 1018374ms] [WARNING] The resource https://vercel.com/_next/static/immutable/chunks/0-shbsz3-8ybx.css was preloaded using link preload but not used within a few seconds from the window's load event. Please make sure it has an appropriate `as` value and it is preloaded intentionally. @ https://vercel.com/rigo-melchor-s-projects/insourceful-website/deployments:0
[ 1018374ms] [WARNING] The resource https://vercel.com/_next/static/immutable/chunks/3z36ncuffz89v.css was preloaded using link preload but not used within a few seconds from the window's load event. Please make sure it has an appropriate `as` value and it is preloaded intentionally. @ https://vercel.com/rigo-melchor-s-projects/insourceful-website/deployments:0
[ 1018374ms] [WARNING] The resource https://vercel.com/_next/static/immutable/chunks/1xg6gg5e39tni.css was preloaded using link preload but not used within a few seconds from the window's load event. Please make sure it has an appropriate `as` value and it is preloaded intentionally. @ https://vercel.com/rigo-melchor-s-projects/insourceful-website/deployments:0
[ 1018374ms] [WARNING] The resource https://vercel.com/_next/static/immutable/chunks/1hzff2kh3gano.css was preloaded using link preload but not used within a few seconds from the window's load event. Please make sure it has an appropriate `as` value and it is preloaded intentionally. @ https://vercel.com/rigo-melchor-s-projects/insourceful-website/deployments:0
[ 1018374ms] [WARNING] The resource https://vercel.com/_next/static/immutable/chunks/044vmykz7q7vs.css was preloaded using link preload but not used within a few seconds from the window's load event. Please make sure it has an appropriate `as` value and it is preloaded intentionally. @ https://vercel.com/rigo-melchor-s-projects/insourceful-website/deployments:0
[ 1018374ms] [WARNING] The resource https://vercel.com/_next/static/immutable/media/logo-vercel-light.3an2_9g6dt4xn.svg was preloaded using link preload but not used within a few seconds from the window's load event. Please make sure it has an appropriate `as` value and it is preloaded intentionally. @ https://vercel.com/rigo-melchor-s-projects/insourceful-website/deployments:0
[ 1018374ms] [WARNING] The resource https://vercel.com/_next/static/immutable/chunks/0rblmumf_9wz1.css was preloaded using link preload but not used within a few seconds from the window's load event. Please make sure it has an appropriate `as` value and it is preloaded intentionally. @ https://vercel.com/rigo-melchor-s-projects/insourceful-website/deployments:0
[ 1018374ms] [WARNING] The resource https://vercel.com/_next/static/immutable/chunks/25nnd13fh_4k5.css was preloaded using link preload but not used within a few seconds from the window's load event. Please make sure it has an appropriate `as` value and it is preloaded intentionally. @ https://vercel.com/rigo-melchor-s-projects/insourceful-website/deployments:0
[ 1018374ms] [WARNING] The resource https://vercel.com/_next/static/immutable/chunks/3p9g28no3_hj-.css was preloaded using link preload but not used within a few seconds from the window's load event. Please make sure it has an appropriate `as` value and it is preloaded intentionally. @ https://vercel.com/rigo-melchor-s-projects/insourceful-website/deployments:0
[ 1018374ms] [WARNING] The resource https://vercel.com/_next/static/immutable/chunks/3fd49nnoyujvi.css was preloaded using link preload but not used within a few seconds from the window's load event. Please make sure it has an appropriate `as` value and it is preloaded intentionally. @ https://vercel.com/rigo-melchor-s-projects/insourceful-website/deployments:0
[ 1018374ms] [WARNING] The resource https://vercel.com/_next/static/immutable/chunks/2cegy48-lpb69.css was preloaded using link preload but not used within a few seconds from the window's load event. Please make sure it has an appropriate `as` value and it is preloaded intentionally. @ https://vercel.com/rigo-melchor-s-projects/insourceful-website/deployments:0
[ 1018374ms] [WARNING] The resource https://vercel.com/_next/static/immutable/chunks/26_kjvxoedtei.css was preloaded using link preload but not used within a few seconds from the window's load event. Please make sure it has an appropriate `as` value and it is preloaded intentionally. @ https://vercel.com/rigo-melchor-s-projects/insourceful-website/deployments:0
[ 1024529ms] [WARNING] The resource https://vercel.com/_next/static/immutable/chunks/1y7np90zxj-un.css was preloaded using link preload but not used within a few seconds from the window's load event. Please make sure it has an appropriate `as` value and it is preloaded intentionally. @ https://vercel.com/rigo-melchor-s-projects/insourceful-website/deployments:0
[ 1024530ms] [WARNING] The resource https://vercel.com/_next/static/immutable/chunks/2xsdyifozdz06.css was preloaded using link preload but not used within a few seconds from the window's load event. Please make sure it has an appropriate `as` value and it is preloaded intentionally. @ https://vercel.com/rigo-melchor-s-projects/insourceful-website/deployments:0
[ 1024530ms] [WARNING] The resource https://vercel.com/_next/static/immutable/media/logo-vercel-dark.28zbfuuys0x7i.svg was preloaded using link preload but not used within a few seconds from the window's load event. Please make sure it has an appropriate `as` value and it is preloaded intentionally. @ https://vercel.com/rigo-melchor-s-projects/insourceful-website/deployments:0
[ 1024530ms] [WARNING] The resource https://vercel.com/_next/static/immutable/chunks/0vmhpedf_b0j8.css was preloaded using link preload but not used within a few seconds from the window's load event. Please make sure it has an appropriate `as` value and it is preloaded intentionally. @ https://vercel.com/rigo-melchor-s-projects/insourceful-website/deployments:0
[ 1024530ms] [WARNING] The resource https://vercel.com/_next/static/immutable/chunks/2mvavehoxc309.css was preloaded using link preload but not used within a few seconds from the window's load event. Please make sure it has an appropriate `as` value and it is preloaded intentionally. @ https://vercel.com/rigo-melchor-s-projects/insourceful-website/deployments:0
[ 1024530ms] [WARNING] The resource https://vercel.com/_next/static/immutable/chunks/3d792zqltro0t.css was preloaded using link preload but not used within a few seconds from the window's load event. Please make sure it has an appropriate `as` value and it is preloaded intentionally. @ https://vercel.com/rigo-melchor-s-projects/insourceful-website/deployments:0
[ 1024530ms] [WARNING] The resource https://vercel.com/_next/static/immutable/chunks/3z9uffp9rqnx8.css was preloaded using link preload but not used within a few seconds from the window's load event. Please make sure it has an appropriate `as` value and it is preloaded intentionally. @ https://vercel.com/rigo-melchor-s-projects/insourceful-website/deployments:0
[ 1024530ms] [WARNING] The resource https://vercel.com/_next/static/immutable/chunks/1yl8955ma4q4-.css was preloaded using link preload but not used within a few seconds from the window's load event. Please make sure it has an appropriate `as` value and it is preloaded intentionally. @ https://vercel.com/rigo-melchor-s-projects/insourceful-website/deployments:0
[ 1024530ms] [WARNING] The resource https://vercel.com/_next/static/immutable/chunks/0-shbsz3-8ybx.css was preloaded using link preload but not used within a few seconds from the window's load event. Please make sure it has an appropriate `as` value and it is preloaded intentionally. @ https://vercel.com/rigo-melchor-s-projects/insourceful-website/deployments:0
[ 1024530ms] [WARNING] The resource https://vercel.com/_next/static/immutable/chunks/3z36ncuffz89v.css was preloaded using link preload but not used within a few seconds from the window's load event. Please make sure it has an appropriate `as` value and it is preloaded intentionally. @ https://vercel.com/rigo-melchor-s-projects/insourceful-website/deployments:0
[ 1024530ms] [WARNING] The resource https://vercel.com/_next/static/immutable/chunks/1xg6gg5e39tni.css was preloaded using link preload but not used within a few seconds from the window's load event. Please make sure it has an appropriate `as` value and it is preloaded intentionally. @ https://vercel.com/rigo-melchor-s-projects/insourceful-website/deployments:0
[ 1024530ms] [WARNING] The resource https://vercel.com/_next/static/immutable/chunks/1hzff2kh3gano.css was preloaded using link preload but not used within a few seconds from the window's load event. Please make sure it has an appropriate `as` value and it is preloaded intentionally. @ https://vercel.com/rigo-melchor-s-projects/insourceful-website/deployments:0
[ 1024530ms] [WARNING] The resource https://vercel.com/_next/static/immutable/chunks/044vmykz7q7vs.css was preloaded using link preload but not used within a few seconds from the window's load event. Please make sure it has an appropriate `as` value and it is preloaded intentionally. @ https://vercel.com/rigo-melchor-s-projects/insourceful-website/deployments:0
[ 1024530ms] [WARNING] The resource https://vercel.com/_next/static/immutable/media/logo-vercel-light.3an2_9g6dt4xn.svg was preloaded using link preload but not used within a few seconds from the window's load event. Please make sure it has an appropriate `as` value and it is preloaded intentionally. @ https://vercel.com/rigo-melchor-s-projects/insourceful-website/deployments:0
[ 1024530ms] [WARNING] The resource https://vercel.com/_next/static/immutable/chunks/0rblmumf_9wz1.css was preloaded using link preload but not used within a few seconds from the window's load event. Please make sure it has an appropriate `as` value and it is preloaded intentionally. @ https://vercel.com/rigo-melchor-s-projects/insourceful-website/deployments:0
[ 1024530ms] [WARNING] The resource https://vercel.com/_next/static/immutable/chunks/25nnd13fh_4k5.css was preloaded using link preload but not used within a few seconds from the window's load event. Please make sure it has an appropriate `as` value and it is preloaded intentionally. @ https://vercel.com/rigo-melchor-s-projects/insourceful-website/deployments:0
[ 1024530ms] [WARNING] The resource https://vercel.com/_next/static/immutable/chunks/3p9g28no3_hj-.css was preloaded using link preload but not used within a few seconds from the window's load event. Please make sure it has an appropriate `as` value and it is preloaded intentionally. @ https://vercel.com/rigo-melchor-s-projects/insourceful-website/deployments:0
[ 1024530ms] [WARNING] The resource https://vercel.com/_next/static/immutable/chunks/3fd49nnoyujvi.css was preloaded using link preload but not used within a few seconds from the window's load event. Please make sure it has an appropriate `as` value and it is preloaded intentionally. @ https://vercel.com/rigo-melchor-s-projects/insourceful-website/deployments:0
[ 1024530ms] [WARNING] The resource https://vercel.com/_next/static/immutable/chunks/2cegy48-lpb69.css was preloaded using link preload but not used within a few seconds from the window's load event. Please make sure it has an appropriate `as` value and it is preloaded intentionally. @ https://vercel.com/rigo-melchor-s-projects/insourceful-website/deployments:0
[ 1024530ms] [WARNING] The resource https://vercel.com/_next/static/immutable/chunks/26_kjvxoedtei.css was preloaded using link preload but not used within a few seconds from the window's load event. Please make sure it has an appropriate `as` value and it is preloaded intentionally. @ https://vercel.com/rigo-melchor-s-projects/insourceful-website/deployments:0
[ 1035997ms] [WARNING] The resource https://vercel.com/_next/static/immutable/chunks/1y7np90zxj-un.css was preloaded using link preload but not used within a few seconds from the window's load event. Please make sure it has an appropriate `as` value and it is preloaded intentionally. @ https://vercel.com/rigo-melchor-s-projects/insourceful-website/deployments:0
[ 1035997ms] [WARNING] The resource https://vercel.com/_next/static/immutable/chunks/2xsdyifozdz06.css was preloaded using link preload but not used within a few seconds from the window's load event. Please make sure it has an appropriate `as` value and it is preloaded intentionally. @ https://vercel.com/rigo-melchor-s-projects/insourceful-website/deployments:0
[ 1035997ms] [WARNING] The resource https://vercel.com/_next/static/immutable/media/logo-vercel-dark.28zbfuuys0x7i.svg was preloaded using link preload but not used within a few seconds from the window's load event. Please make sure it has an appropriate `as` value and it is preloaded intentionally. @ https://vercel.com/rigo-melchor-s-projects/insourceful-website/deployments:0
[ 1035998ms] [WARNING] The resource https://vercel.com/_next/static/immutable/chunks/0vmhpedf_b0j8.css was preloaded using link preload but not used within a few seconds from the window's load event. Please make sure it has an appropriate `as` value and it is preloaded intentionally. @ https://vercel.com/rigo-melchor-s-projects/insourceful-website/deployments:0
[ 1035998ms] [WARNING] The resource https://vercel.com/_next/static/immutable/chunks/2mvavehoxc309.css was preloaded using link preload but not used within a few seconds from the window's load event. Please make sure it has an appropriate `as` value and it is preloaded intentionally. @ https://vercel.com/rigo-melchor-s-projects/insourceful-website/deployments:0
[ 1035998ms] [WARNING] The resource https://vercel.com/_next/static/immutable/chunks/3d792zqltro0t.css was preloaded using link preload but not used within a few seconds from the window's load event. Please make sure it has an appropriate `as` value and it is preloaded intentionally. @ https://vercel.com/rigo-melchor-s-projects/insourceful-website/deployments:0
[ 1035998ms] [WARNING] The resource https://vercel.com/_next/static/immutable/chunks/3z9uffp9rqnx8.css was preloaded using link preload but not used within a few seconds from the window's load event. Please make sure it has an appropriate `as` value and it is preloaded intentionally. @ https://vercel.com/rigo-melchor-s-projects/insourceful-website/deployments:0
[ 1035998ms] [WARNING] The resource https://vercel.com/_next/static/immutable/chunks/1yl8955ma4q4-.css was preloaded using link preload but not used within a few seconds from the window's load event. Please make sure it has an appropriate `as` value and it is preloaded intentionally. @ https://vercel.com/rigo-melchor-s-projects/insourceful-website/deployments:0
[ 1035998ms] [WARNING] The resource https://vercel.com/_next/static/immutable/chunks/0-shbsz3-8ybx.css was preloaded using link preload but not used within a few seconds from the window's load event. Please make sure it has an appropriate `as` value and it is preloaded intentionally. @ https://vercel.com/rigo-melchor-s-projects/insourceful-website/deployments:0
[ 1035998ms] [WARNING] The resource https://vercel.com/_next/static/immutable/chunks/3z36ncuffz89v.css was preloaded using link preload but not used within a few seconds from the window's load event. Please make sure it has an appropriate `as` value and it is preloaded intentionally. @ https://vercel.com/rigo-melchor-s-projects/insourceful-website/deployments:0
[ 1035998ms] [WARNING] The resource https://vercel.com/_next/static/immutable/chunks/1xg6gg5e39tni.css was preloaded using link preload but not used within a few seconds from the window's load event. Please make sure it has an appropriate `as` value and it is preloaded intentionally. @ https://vercel.com/rigo-melchor-s-projects/insourceful-website/deployments:0
[ 1035998ms] [WARNING] The resource https://vercel.com/_next/static/immutable/chunks/1hzff2kh3gano.css was preloaded using link preload but not used within a few seconds from the window's load event. Please make sure it has an appropriate `as` value and it is preloaded intentionally. @ https://vercel.com/rigo-melchor-s-projects/insourceful-website/deployments:0
[ 1035998ms] [WARNING] The resource https://vercel.com/_next/static/immutable/chunks/044vmykz7q7vs.css was preloaded using link preload but not used within a few seconds from the window's load event. Please make sure it has an appropriate `as` value and it is preloaded intentionally. @ https://vercel.com/rigo-melchor-s-projects/insourceful-website/deployments:0
[ 1035998ms] [WARNING] The resource https://vercel.com/_next/static/immutable/media/logo-vercel-light.3an2_9g6dt4xn.svg was preloaded using link preload but not used within a few seconds from the window's load event. Please make sure it has an appropriate `as` value and it is preloaded intentionally. @ https://vercel.com/rigo-melchor-s-projects/insourceful-website/deployments:0
[ 1035998ms] [WARNING] The resource https://vercel.com/_next/static/immutable/chunks/0rblmumf_9wz1.css was preloaded using link preload but not used within a few seconds from the window's load event. Please make sure it has an appropriate `as` value and it is preloaded intentionally. @ https://vercel.com/rigo-melchor-s-projects/insourceful-website/deployments:0
[ 1035998ms] [WARNING] The resource https://vercel.com/_next/static/immutable/chunks/25nnd13fh_4k5.css was preloaded using link preload but not used within a few seconds from the window's load event. Please make sure it has an appropriate `as` value and it is preloaded intentionally. @ https://vercel.com/rigo-melchor-s-projects/insourceful-website/deployments:0
[ 1035998ms] [WARNING] The resource https://vercel.com/_next/static/immutable/chunks/3p9g28no3_hj-.css was preloaded using link preload but not used within a few seconds from the window's load event. Please make sure it has an appropriate `as` value and it is preloaded intentionally. @ https://vercel.com/rigo-melchor-s-projects/insourceful-website/deployments:0
[ 1035998ms] [WARNING] The resource https://vercel.com/_next/static/immutable/chunks/3fd49nnoyujvi.css was preloaded using link preload but not used within a few seconds from the window's load event. Please make sure it has an appropriate `as` value and it is preloaded intentionally. @ https://vercel.com/rigo-melchor-s-projects/insourceful-website/deployments:0
[ 1035998ms] [WARNING] The resource https://vercel.com/_next/static/immutable/chunks/2cegy48-lpb69.css was preloaded using link preload but not used within a few seconds from the window's load event. Please make sure it has an appropriate `as` value and it is preloaded intentionally. @ https://vercel.com/rigo-melchor-s-projects/insourceful-website/deployments:0
[ 1035998ms] [WARNING] The resource https://vercel.com/_next/static/immutable/chunks/26_kjvxoedtei.css was preloaded using link preload but not used within a few seconds from the window's load event. Please make sure it has an appropriate `as` value and it is preloaded intentionally. @ https://vercel.com/rigo-melchor-s-projects/insourceful-website/deployments:0
