[    1530ms] [LOG] %c
▲

    ____                               _ __
   / __ \________  ____ _____ ___     (_) /_
  / / / / ___/ _ \/ __ `/ __ `__ \   / / __/
 / /_/ / /  /  __/ /_/ / / / / / /  / / /__
/_____/_/   \___/\__,_/_/ /_/ /_/  /_/\__( )
   _____ __    _          _ __           |/
  / ___// /_  (_)___     (_) /_
  \__ \/ __ \/ / __ \   / / __/
 ___/ / / / / / /_/ /  / / /_
/____/_/ /_/_/ .___/  /_/\__/
            /_/
  

Hello!

- Open Source https://vercel.com/oss
- Careers https://vercel.com/careers
- Status https://vercel-status.com

 font-family: "Geist Mono", monospace; white-space: pre; line-height: 1; @ https://vercel.com/_next/static/immutable/chunks/10bipm_r0kfgr.js:78
[    1873ms] [WARNING] iso_swr: SSR fetch failed for "/api/v9/projects/foxtrading/domains?limit=91&teamId=rigo-melchor-s-projects" {error: iso_swr_fetch_error, message: The request is missing an authentication token} @ https://vercel.com/rigo-melchor-s-projects/foxtrading/settings/domains:624
[    2448ms] [WARNING] iso_swr[warn] [client] fallback error for key: "/api/v9/projects/foxtrading/domains?limit=91&teamId=rigo-melchor-s-projects" {error: iso_swr_fetch_error, message: The request is missing an authentication token} @ https://vercel.com/_next/static/immutable/chunks/3s_6nuylxj3ys.js:2
[    2460ms] Error: Minified React error #418; visit https://react.dev/errors/418?args[]=HTML&args[]= for the full message or use the non-minified dev environment for full errors and additional helpful warnings.
    at r3 (https://vercel.com/_next/static/immutable/chunks/10bipm_r0kfgr.js:79:44664)
    at iP (https://vercel.com/_next/static/immutable/chunks/10bipm_r0kfgr.js:79:98737)
    at sW (https://vercel.com/_next/static/immutable/chunks/10bipm_r0kfgr.js:79:139673)
    at https://vercel.com/_next/static/immutable/chunks/10bipm_r0kfgr.js:79:139518
    at s$ (https://vercel.com/_next/static/immutable/chunks/10bipm_r0kfgr.js:79:139526)
    at sR (https://vercel.com/_next/static/immutable/chunks/10bipm_r0kfgr.js:79:134583)
    at cg (https://vercel.com/_next/static/immutable/chunks/10bipm_r0kfgr.js:79:169307)
    at cf (https://vercel.com/_next/static/immutable/chunks/10bipm_r0kfgr.js:79:167210)
    at cp (https://vercel.com/_next/static/immutable/chunks/10bipm_r0kfgr.js:79:167567)
    at https://vercel.com/_next/static/immutable/chunks/10bipm_r0kfgr.js:79:169366
[    2614ms] [WARNING] Deprecated API for given entry type. @ https://vercel.com/_next/static/immutable/chunks/3-tnb_jpr7237.js:18
[    2719ms] [ERROR] Failed to load resource: the server responded with a status of 429 () @ https://o205439.ingest.sentry.io/api/1323670/envelope/?sentry_key=d00780d432ac4ccf882f60dd02062e14&sentry_version=7&sentry_client=sentry.javascript.browser%2F7.111.0:0
[    2805ms] [ERROR] Failed to load resource: the server responded with a status of 404 () @ https://vercel.com/api/chat/L07mujRXXnw9mbx7/stream:0
[    2805ms] [WARNING] [omniagent] chat stream failed Error: {"error":{"code":"not_found","message":"The requested API endpoint was not found."}}
    at oS.reconnectToStream (https://vercel.com/_next/static/immutable/chunks/2deoqshqycxk0.js:38:48063)
    at async ae.makeRequest (https://vercel.com/_next/static/immutable/chunks/2deoqshqycxk0.js:23:47520)
    at async ae.resumeStream (https://vercel.com/_next/static/immutable/chunks/2deoqshqycxk0.js:23:44598) @ https://vercel.com/_next/static/immutable/chunks/3-tnb_jpr7237.js:16
[    2937ms] [ERROR] Failed to load resource: the server responded with a status of 403 () @ https://vercel.com/api/v6/domains/ftsgp.com?teamId=rigo-melchor-s-projects:0
[    2954ms] [ERROR] Failed to load resource: the server responded with a status of 400 () @ https://vercel.com/api/front-domains/domain-connect/status?domain=foxtradingsingapore.com:0
[    2955ms] [LOG] Ignored request error CustomFetchError: Unexpected response: text/plain Domain connect record not found
    at g (https://vercel.com/_next/static/immutable/chunks/3sm5e1b93o0jy.js:2:37791)
    at async https://vercel.com/_next/static/immutable/chunks/1gvyyr3h4217j.js:2:12183 @ https://vercel.com/_next/static/immutable/chunks/3-tnb_jpr7237.js:16
[    2955ms] [ERROR] Failed to load resource: the server responded with a status of 403 () @ https://vercel.com/api/v6/domains/ftsgp.net?teamId=rigo-melchor-s-projects:0
[    2975ms] [ERROR] Failed to load resource: the server responded with a status of 403 () @ https://vercel.com/api/v6/domains/www.ftsgp.net?teamId=rigo-melchor-s-projects:0
[    2987ms] [ERROR] Failed to load resource: the server responded with a status of 400 () @ https://vercel.com/api/front-domains/domain-connect/status?domain=www.foxtradingsingapore.com:0
[    2993ms] [LOG] Ignored request error CustomFetchError: Unexpected response: text/plain Domain connect record not found
    at g (https://vercel.com/_next/static/immutable/chunks/3sm5e1b93o0jy.js:2:37791)
    at async https://vercel.com/_next/static/immutable/chunks/1gvyyr3h4217j.js:2:12183 @ https://vercel.com/_next/static/immutable/chunks/3-tnb_jpr7237.js:16
[    3218ms] [ERROR] Failed to load resource: the server responded with a status of 403 () @ https://vercel.com/api/v6/domains/www.foxtradingsingapore.com?teamId=rigo-melchor-s-projects:0
[    4186ms] [ERROR] Failed to load resource: the server responded with a status of 403 () @ https://vercel.com/api/v6/domains/foxtradingsingapore.com?teamId=rigo-melchor-s-projects:0
[    8638ms] [ERROR] Failed to load resource: the server responded with a status of 403 () @ https://vercel.com/api/v6/domains/www.ftsgp.com?teamId=rigo-melchor-s-projects:0
[   10936ms] [ERROR] Failed to load resource: the server responded with a status of 404 () @ https://vercel.com/api/v6/deployments/dpl_BynpNzXDt5eRBNDEGgzNDQKy2xnt/files/turborepo-summary?teamId=rigo-melchor-s-projects:0
[   10948ms] [ERROR] Failed to load resource: the server responded with a status of 404 () @ https://vercel.com/api/v6/deployments/dpl_91Qta4xpj9aZM19rRginxfWu1Zpm/files/turborepo-summary?teamId=rigo-melchor-s-projects:0
[   14000ms] [WARNING] The resource https://vercel.com/_next/static/immutable/chunks/1y7np90zxj-un.css was preloaded using link preload but not used within a few seconds from the window's load event. Please make sure it has an appropriate `as` value and it is preloaded intentionally. @ https://vercel.com/rigo-melchor-s-projects/foxtrading/91Qta4xpj9aZM19rRginxfWu1Zpm:0
[   14000ms] [WARNING] The resource https://vercel.com/_next/static/immutable/media/caa3a2e1cccd8315.p.0wgildi0cnwt9.woff2 was preloaded using link preload but not used within a few seconds from the window's load event. Please make sure it has an appropriate `as` value and it is preloaded intentionally. @ https://vercel.com/rigo-melchor-s-projects/foxtrading/91Qta4xpj9aZM19rRginxfWu1Zpm:0
[   14000ms] [WARNING] The resource https://vercel.com/_next/static/immutable/chunks/2xsdyifozdz06.css was preloaded using link preload but not used within a few seconds from the window's load event. Please make sure it has an appropriate `as` value and it is preloaded intentionally. @ https://vercel.com/rigo-melchor-s-projects/foxtrading/91Qta4xpj9aZM19rRginxfWu1Zpm:0
[   14000ms] [WARNING] The resource https://vercel.com/_next/static/immutable/media/logo-vercel-dark.28zbfuuys0x7i.svg was preloaded using link preload but not used within a few seconds from the window's load event. Please make sure it has an appropriate `as` value and it is preloaded intentionally. @ https://vercel.com/rigo-melchor-s-projects/foxtrading/91Qta4xpj9aZM19rRginxfWu1Zpm:0
[   14000ms] [WARNING] The resource https://vercel.com/_next/static/immutable/chunks/1mvkrfndostfj.css was preloaded using link preload but not used within a few seconds from the window's load event. Please make sure it has an appropriate `as` value and it is preloaded intentionally. @ https://vercel.com/rigo-melchor-s-projects/foxtrading/91Qta4xpj9aZM19rRginxfWu1Zpm:0
[   14000ms] [WARNING] The resource https://vercel.com/_next/static/immutable/chunks/0vmhpedf_b0j8.css was preloaded using link preload but not used within a few seconds from the window's load event. Please make sure it has an appropriate `as` value and it is preloaded intentionally. @ https://vercel.com/rigo-melchor-s-projects/foxtrading/91Qta4xpj9aZM19rRginxfWu1Zpm:0
[   14000ms] [WARNING] The resource https://vercel.com/_next/static/immutable/media/GeistMono_Variable.p.1bcgm0qa26ixg.woff2 was preloaded using link preload but not used within a few seconds from the window's load event. Please make sure it has an appropriate `as` value and it is preloaded intentionally. @ https://vercel.com/rigo-melchor-s-projects/foxtrading/91Qta4xpj9aZM19rRginxfWu1Zpm:0
[   14000ms] [WARNING] The resource https://vercel.com/_next/static/immutable/chunks/3d792zqltro0t.css was preloaded using link preload but not used within a few seconds from the window's load event. Please make sure it has an appropriate `as` value and it is preloaded intentionally. @ https://vercel.com/rigo-melchor-s-projects/foxtrading/91Qta4xpj9aZM19rRginxfWu1Zpm:0
[   14000ms] [WARNING] The resource https://vercel.com/_next/static/immutable/chunks/1yl8955ma4q4-.css was preloaded using link preload but not used within a few seconds from the window's load event. Please make sure it has an appropriate `as` value and it is preloaded intentionally. @ https://vercel.com/rigo-melchor-s-projects/foxtrading/91Qta4xpj9aZM19rRginxfWu1Zpm:0
[   14000ms] [WARNING] The resource https://vercel.com/_next/static/immutable/chunks/0-shbsz3-8ybx.css was preloaded using link preload but not used within a few seconds from the window's load event. Please make sure it has an appropriate `as` value and it is preloaded intentionally. @ https://vercel.com/rigo-melchor-s-projects/foxtrading/91Qta4xpj9aZM19rRginxfWu1Zpm:0
[   14000ms] [WARNING] The resource https://vercel.com/_next/static/immutable/chunks/3z36ncuffz89v.css was preloaded using link preload but not used within a few seconds from the window's load event. Please make sure it has an appropriate `as` value and it is preloaded intentionally. @ https://vercel.com/rigo-melchor-s-projects/foxtrading/91Qta4xpj9aZM19rRginxfWu1Zpm:0
[   14000ms] [WARNING] The resource https://vercel.com/_next/static/immutable/chunks/3z9uffp9rqnx8.css was preloaded using link preload but not used within a few seconds from the window's load event. Please make sure it has an appropriate `as` value and it is preloaded intentionally. @ https://vercel.com/rigo-melchor-s-projects/foxtrading/91Qta4xpj9aZM19rRginxfWu1Zpm:0
[   14001ms] [WARNING] The resource https://vercel.com/_next/static/immutable/chunks/1xg6gg5e39tni.css was preloaded using link preload but not used within a few seconds from the window's load event. Please make sure it has an appropriate `as` value and it is preloaded intentionally. @ https://vercel.com/rigo-melchor-s-projects/foxtrading/91Qta4xpj9aZM19rRginxfWu1Zpm:0
[   14001ms] [WARNING] The resource https://vercel.com/_next/static/immutable/chunks/1hzff2kh3gano.css was preloaded using link preload but not used within a few seconds from the window's load event. Please make sure it has an appropriate `as` value and it is preloaded intentionally. @ https://vercel.com/rigo-melchor-s-projects/foxtrading/91Qta4xpj9aZM19rRginxfWu1Zpm:0
[   14001ms] [WARNING] The resource https://vercel.com/_next/static/immutable/chunks/044vmykz7q7vs.css was preloaded using link preload but not used within a few seconds from the window's load event. Please make sure it has an appropriate `as` value and it is preloaded intentionally. @ https://vercel.com/rigo-melchor-s-projects/foxtrading/91Qta4xpj9aZM19rRginxfWu1Zpm:0
[   14001ms] [WARNING] The resource https://vercel.com/_next/static/immutable/media/logo-vercel-light.3an2_9g6dt4xn.svg was preloaded using link preload but not used within a few seconds from the window's load event. Please make sure it has an appropriate `as` value and it is preloaded intentionally. @ https://vercel.com/rigo-melchor-s-projects/foxtrading/91Qta4xpj9aZM19rRginxfWu1Zpm:0
[   14001ms] [WARNING] The resource https://vercel.com/_next/static/immutable/chunks/0rblmumf_9wz1.css was preloaded using link preload but not used within a few seconds from the window's load event. Please make sure it has an appropriate `as` value and it is preloaded intentionally. @ https://vercel.com/rigo-melchor-s-projects/foxtrading/91Qta4xpj9aZM19rRginxfWu1Zpm:0
[   14001ms] [WARNING] The resource https://vercel.com/_next/static/immutable/chunks/25nnd13fh_4k5.css was preloaded using link preload but not used within a few seconds from the window's load event. Please make sure it has an appropriate `as` value and it is preloaded intentionally. @ https://vercel.com/rigo-melchor-s-projects/foxtrading/91Qta4xpj9aZM19rRginxfWu1Zpm:0
[   14001ms] [WARNING] The resource https://vercel.com/_next/static/immutable/chunks/3p9g28no3_hj-.css was preloaded using link preload but not used within a few seconds from the window's load event. Please make sure it has an appropriate `as` value and it is preloaded intentionally. @ https://vercel.com/rigo-melchor-s-projects/foxtrading/91Qta4xpj9aZM19rRginxfWu1Zpm:0
[   14001ms] [WARNING] The resource https://vercel.com/_next/static/immutable/chunks/3fd49nnoyujvi.css was preloaded using link preload but not used within a few seconds from the window's load event. Please make sure it has an appropriate `as` value and it is preloaded intentionally. @ https://vercel.com/rigo-melchor-s-projects/foxtrading/91Qta4xpj9aZM19rRginxfWu1Zpm:0
[   14001ms] [WARNING] The resource https://vercel.com/_next/static/immutable/chunks/1dpcx2e86le6i.css was preloaded using link preload but not used within a few seconds from the window's load event. Please make sure it has an appropriate `as` value and it is preloaded intentionally. @ https://vercel.com/rigo-melchor-s-projects/foxtrading/91Qta4xpj9aZM19rRginxfWu1Zpm:0
[   14001ms] [WARNING] The resource https://vercel.com/_next/static/immutable/chunks/2cegy48-lpb69.css was preloaded using link preload but not used within a few seconds from the window's load event. Please make sure it has an appropriate `as` value and it is preloaded intentionally. @ https://vercel.com/rigo-melchor-s-projects/foxtrading/91Qta4xpj9aZM19rRginxfWu1Zpm:0
[   14001ms] [WARNING] The resource https://vercel.com/_next/static/immutable/chunks/26_kjvxoedtei.css was preloaded using link preload but not used within a few seconds from the window's load event. Please make sure it has an appropriate `as` value and it is preloaded intentionally. @ https://vercel.com/rigo-melchor-s-projects/foxtrading/91Qta4xpj9aZM19rRginxfWu1Zpm:0
[   26147ms] [WARNING] The resource https://vercel.com/_next/static/immutable/chunks/1y7np90zxj-un.css was preloaded using link preload but not used within a few seconds from the window's load event. Please make sure it has an appropriate `as` value and it is preloaded intentionally. @ https://vercel.com/rigo-melchor-s-projects/foxtrading/91Qta4xpj9aZM19rRginxfWu1Zpm:0
[   26147ms] [WARNING] The resource https://vercel.com/_next/static/immutable/media/caa3a2e1cccd8315.p.0wgildi0cnwt9.woff2 was preloaded using link preload but not used within a few seconds from the window's load event. Please make sure it has an appropriate `as` value and it is preloaded intentionally. @ https://vercel.com/rigo-melchor-s-projects/foxtrading/91Qta4xpj9aZM19rRginxfWu1Zpm:0
[   26147ms] [WARNING] The resource https://vercel.com/_next/static/immutable/chunks/2xsdyifozdz06.css was preloaded using link preload but not used within a few seconds from the window's load event. Please make sure it has an appropriate `as` value and it is preloaded intentionally. @ https://vercel.com/rigo-melchor-s-projects/foxtrading/91Qta4xpj9aZM19rRginxfWu1Zpm:0
[   26147ms] [WARNING] The resource https://vercel.com/_next/static/immutable/media/logo-vercel-dark.28zbfuuys0x7i.svg was preloaded using link preload but not used within a few seconds from the window's load event. Please make sure it has an appropriate `as` value and it is preloaded intentionally. @ https://vercel.com/rigo-melchor-s-projects/foxtrading/91Qta4xpj9aZM19rRginxfWu1Zpm:0
[   26147ms] [WARNING] The resource https://vercel.com/_next/static/immutable/chunks/1mvkrfndostfj.css was preloaded using link preload but not used within a few seconds from the window's load event. Please make sure it has an appropriate `as` value and it is preloaded intentionally. @ https://vercel.com/rigo-melchor-s-projects/foxtrading/91Qta4xpj9aZM19rRginxfWu1Zpm:0
[   26147ms] [WARNING] The resource https://vercel.com/_next/static/immutable/chunks/0vmhpedf_b0j8.css was preloaded using link preload but not used within a few seconds from the window's load event. Please make sure it has an appropriate `as` value and it is preloaded intentionally. @ https://vercel.com/rigo-melchor-s-projects/foxtrading/91Qta4xpj9aZM19rRginxfWu1Zpm:0
[   26147ms] [WARNING] The resource https://vercel.com/_next/static/immutable/media/GeistMono_Variable.p.1bcgm0qa26ixg.woff2 was preloaded using link preload but not used within a few seconds from the window's load event. Please make sure it has an appropriate `as` value and it is preloaded intentionally. @ https://vercel.com/rigo-melchor-s-projects/foxtrading/91Qta4xpj9aZM19rRginxfWu1Zpm:0
[   26147ms] [WARNING] The resource https://vercel.com/_next/static/immutable/chunks/3d792zqltro0t.css was preloaded using link preload but not used within a few seconds from the window's load event. Please make sure it has an appropriate `as` value and it is preloaded intentionally. @ https://vercel.com/rigo-melchor-s-projects/foxtrading/91Qta4xpj9aZM19rRginxfWu1Zpm:0
[   26147ms] [WARNING] The resource https://vercel.com/_next/static/immutable/chunks/1yl8955ma4q4-.css was preloaded using link preload but not used within a few seconds from the window's load event. Please make sure it has an appropriate `as` value and it is preloaded intentionally. @ https://vercel.com/rigo-melchor-s-projects/foxtrading/91Qta4xpj9aZM19rRginxfWu1Zpm:0
[   26147ms] [WARNING] The resource https://vercel.com/_next/static/immutable/chunks/0-shbsz3-8ybx.css was preloaded using link preload but not used within a few seconds from the window's load event. Please make sure it has an appropriate `as` value and it is preloaded intentionally. @ https://vercel.com/rigo-melchor-s-projects/foxtrading/91Qta4xpj9aZM19rRginxfWu1Zpm:0
[   26147ms] [WARNING] The resource https://vercel.com/_next/static/immutable/chunks/3z36ncuffz89v.css was preloaded using link preload but not used within a few seconds from the window's load event. Please make sure it has an appropriate `as` value and it is preloaded intentionally. @ https://vercel.com/rigo-melchor-s-projects/foxtrading/91Qta4xpj9aZM19rRginxfWu1Zpm:0
[   26147ms] [WARNING] The resource https://vercel.com/_next/static/immutable/chunks/3z9uffp9rqnx8.css was preloaded using link preload but not used within a few seconds from the window's load event. Please make sure it has an appropriate `as` value and it is preloaded intentionally. @ https://vercel.com/rigo-melchor-s-projects/foxtrading/91Qta4xpj9aZM19rRginxfWu1Zpm:0
[   26147ms] [WARNING] The resource https://vercel.com/_next/static/immutable/chunks/1xg6gg5e39tni.css was preloaded using link preload but not used within a few seconds from the window's load event. Please make sure it has an appropriate `as` value and it is preloaded intentionally. @ https://vercel.com/rigo-melchor-s-projects/foxtrading/91Qta4xpj9aZM19rRginxfWu1Zpm:0
[   26147ms] [WARNING] The resource https://vercel.com/_next/static/immutable/chunks/1hzff2kh3gano.css was preloaded using link preload but not used within a few seconds from the window's load event. Please make sure it has an appropriate `as` value and it is preloaded intentionally. @ https://vercel.com/rigo-melchor-s-projects/foxtrading/91Qta4xpj9aZM19rRginxfWu1Zpm:0
[   26147ms] [WARNING] The resource https://vercel.com/_next/static/immutable/chunks/044vmykz7q7vs.css was preloaded using link preload but not used within a few seconds from the window's load event. Please make sure it has an appropriate `as` value and it is preloaded intentionally. @ https://vercel.com/rigo-melchor-s-projects/foxtrading/91Qta4xpj9aZM19rRginxfWu1Zpm:0
[   26147ms] [WARNING] The resource https://vercel.com/_next/static/immutable/media/logo-vercel-light.3an2_9g6dt4xn.svg was preloaded using link preload but not used within a few seconds from the window's load event. Please make sure it has an appropriate `as` value and it is preloaded intentionally. @ https://vercel.com/rigo-melchor-s-projects/foxtrading/91Qta4xpj9aZM19rRginxfWu1Zpm:0
[   26147ms] [WARNING] The resource https://vercel.com/_next/static/immutable/chunks/0rblmumf_9wz1.css was preloaded using link preload but not used within a few seconds from the window's load event. Please make sure it has an appropriate `as` value and it is preloaded intentionally. @ https://vercel.com/rigo-melchor-s-projects/foxtrading/91Qta4xpj9aZM19rRginxfWu1Zpm:0
[   26147ms] [WARNING] The resource https://vercel.com/_next/static/immutable/chunks/25nnd13fh_4k5.css was preloaded using link preload but not used within a few seconds from the window's load event. Please make sure it has an appropriate `as` value and it is preloaded intentionally. @ https://vercel.com/rigo-melchor-s-projects/foxtrading/91Qta4xpj9aZM19rRginxfWu1Zpm:0
[   26147ms] [WARNING] The resource https://vercel.com/_next/static/immutable/chunks/3p9g28no3_hj-.css was preloaded using link preload but not used within a few seconds from the window's load event. Please make sure it has an appropriate `as` value and it is preloaded intentionally. @ https://vercel.com/rigo-melchor-s-projects/foxtrading/91Qta4xpj9aZM19rRginxfWu1Zpm:0
[   26147ms] [WARNING] The resource https://vercel.com/_next/static/immutable/chunks/3fd49nnoyujvi.css was preloaded using link preload but not used within a few seconds from the window's load event. Please make sure it has an appropriate `as` value and it is preloaded intentionally. @ https://vercel.com/rigo-melchor-s-projects/foxtrading/91Qta4xpj9aZM19rRginxfWu1Zpm:0
[   26147ms] [WARNING] The resource https://vercel.com/_next/static/immutable/chunks/1dpcx2e86le6i.css was preloaded using link preload but not used within a few seconds from the window's load event. Please make sure it has an appropriate `as` value and it is preloaded intentionally. @ https://vercel.com/rigo-melchor-s-projects/foxtrading/91Qta4xpj9aZM19rRginxfWu1Zpm:0
[   26147ms] [WARNING] The resource https://vercel.com/_next/static/immutable/chunks/2cegy48-lpb69.css was preloaded using link preload but not used within a few seconds from the window's load event. Please make sure it has an appropriate `as` value and it is preloaded intentionally. @ https://vercel.com/rigo-melchor-s-projects/foxtrading/91Qta4xpj9aZM19rRginxfWu1Zpm:0
[   26147ms] [WARNING] The resource https://vercel.com/_next/static/immutable/chunks/26_kjvxoedtei.css was preloaded using link preload but not used within a few seconds from the window's load event. Please make sure it has an appropriate `as` value and it is preloaded intentionally. @ https://vercel.com/rigo-melchor-s-projects/foxtrading/91Qta4xpj9aZM19rRginxfWu1Zpm:0
[   29397ms] [WARNING] The resource https://vercel.com/_next/static/immutable/chunks/1y7np90zxj-un.css was preloaded using link preload but not used within a few seconds from the window's load event. Please make sure it has an appropriate `as` value and it is preloaded intentionally. @ https://vercel.com/rigo-melchor-s-projects/foxtrading/91Qta4xpj9aZM19rRginxfWu1Zpm:0
[   29397ms] [WARNING] The resource https://vercel.com/_next/static/immutable/media/caa3a2e1cccd8315.p.0wgildi0cnwt9.woff2 was preloaded using link preload but not used within a few seconds from the window's load event. Please make sure it has an appropriate `as` value and it is preloaded intentionally. @ https://vercel.com/rigo-melchor-s-projects/foxtrading/91Qta4xpj9aZM19rRginxfWu1Zpm:0
[   29397ms] [WARNING] The resource https://vercel.com/_next/static/immutable/chunks/2xsdyifozdz06.css was preloaded using link preload but not used within a few seconds from the window's load event. Please make sure it has an appropriate `as` value and it is preloaded intentionally. @ https://vercel.com/rigo-melchor-s-projects/foxtrading/91Qta4xpj9aZM19rRginxfWu1Zpm:0
[   29397ms] [WARNING] The resource https://vercel.com/_next/static/immutable/media/logo-vercel-dark.28zbfuuys0x7i.svg was preloaded using link preload but not used within a few seconds from the window's load event. Please make sure it has an appropriate `as` value and it is preloaded intentionally. @ https://vercel.com/rigo-melchor-s-projects/foxtrading/91Qta4xpj9aZM19rRginxfWu1Zpm:0
[   29397ms] [WARNING] The resource https://vercel.com/_next/static/immutable/chunks/1mvkrfndostfj.css was preloaded using link preload but not used within a few seconds from the window's load event. Please make sure it has an appropriate `as` value and it is preloaded intentionally. @ https://vercel.com/rigo-melchor-s-projects/foxtrading/91Qta4xpj9aZM19rRginxfWu1Zpm:0
[   29397ms] [WARNING] The resource https://vercel.com/_next/static/immutable/chunks/0vmhpedf_b0j8.css was preloaded using link preload but not used within a few seconds from the window's load event. Please make sure it has an appropriate `as` value and it is preloaded intentionally. @ https://vercel.com/rigo-melchor-s-projects/foxtrading/91Qta4xpj9aZM19rRginxfWu1Zpm:0
[   29397ms] [WARNING] The resource https://vercel.com/_next/static/immutable/media/GeistMono_Variable.p.1bcgm0qa26ixg.woff2 was preloaded using link preload but not used within a few seconds from the window's load event. Please make sure it has an appropriate `as` value and it is preloaded intentionally. @ https://vercel.com/rigo-melchor-s-projects/foxtrading/91Qta4xpj9aZM19rRginxfWu1Zpm:0
[   29397ms] [WARNING] The resource https://vercel.com/_next/static/immutable/chunks/3d792zqltro0t.css was preloaded using link preload but not used within a few seconds from the window's load event. Please make sure it has an appropriate `as` value and it is preloaded intentionally. @ https://vercel.com/rigo-melchor-s-projects/foxtrading/91Qta4xpj9aZM19rRginxfWu1Zpm:0
[   29397ms] [WARNING] The resource https://vercel.com/_next/static/immutable/chunks/1yl8955ma4q4-.css was preloaded using link preload but not used within a few seconds from the window's load event. Please make sure it has an appropriate `as` value and it is preloaded intentionally. @ https://vercel.com/rigo-melchor-s-projects/foxtrading/91Qta4xpj9aZM19rRginxfWu1Zpm:0
[   29397ms] [WARNING] The resource https://vercel.com/_next/static/immutable/chunks/0-shbsz3-8ybx.css was preloaded using link preload but not used within a few seconds from the window's load event. Please make sure it has an appropriate `as` value and it is preloaded intentionally. @ https://vercel.com/rigo-melchor-s-projects/foxtrading/91Qta4xpj9aZM19rRginxfWu1Zpm:0
[   29397ms] [WARNING] The resource https://vercel.com/_next/static/immutable/chunks/3z36ncuffz89v.css was preloaded using link preload but not used within a few seconds from the window's load event. Please make sure it has an appropriate `as` value and it is preloaded intentionally. @ https://vercel.com/rigo-melchor-s-projects/foxtrading/91Qta4xpj9aZM19rRginxfWu1Zpm:0
[   29397ms] [WARNING] The resource https://vercel.com/_next/static/immutable/chunks/3z9uffp9rqnx8.css was preloaded using link preload but not used within a few seconds from the window's load event. Please make sure it has an appropriate `as` value and it is preloaded intentionally. @ https://vercel.com/rigo-melchor-s-projects/foxtrading/91Qta4xpj9aZM19rRginxfWu1Zpm:0
[   29397ms] [WARNING] The resource https://vercel.com/_next/static/immutable/chunks/1xg6gg5e39tni.css was preloaded using link preload but not used within a few seconds from the window's load event. Please make sure it has an appropriate `as` value and it is preloaded intentionally. @ https://vercel.com/rigo-melchor-s-projects/foxtrading/91Qta4xpj9aZM19rRginxfWu1Zpm:0
[   29397ms] [WARNING] The resource https://vercel.com/_next/static/immutable/chunks/1hzff2kh3gano.css was preloaded using link preload but not used within a few seconds from the window's load event. Please make sure it has an appropriate `as` value and it is preloaded intentionally. @ https://vercel.com/rigo-melchor-s-projects/foxtrading/91Qta4xpj9aZM19rRginxfWu1Zpm:0
[   29397ms] [WARNING] The resource https://vercel.com/_next/static/immutable/chunks/044vmykz7q7vs.css was preloaded using link preload but not used within a few seconds from the window's load event. Please make sure it has an appropriate `as` value and it is preloaded intentionally. @ https://vercel.com/rigo-melchor-s-projects/foxtrading/91Qta4xpj9aZM19rRginxfWu1Zpm:0
[   29397ms] [WARNING] The resource https://vercel.com/_next/static/immutable/media/logo-vercel-light.3an2_9g6dt4xn.svg was preloaded using link preload but not used within a few seconds from the window's load event. Please make sure it has an appropriate `as` value and it is preloaded intentionally. @ https://vercel.com/rigo-melchor-s-projects/foxtrading/91Qta4xpj9aZM19rRginxfWu1Zpm:0
[   29397ms] [WARNING] The resource https://vercel.com/_next/static/immutable/chunks/0rblmumf_9wz1.css was preloaded using link preload but not used within a few seconds from the window's load event. Please make sure it has an appropriate `as` value and it is preloaded intentionally. @ https://vercel.com/rigo-melchor-s-projects/foxtrading/91Qta4xpj9aZM19rRginxfWu1Zpm:0
[   29397ms] [WARNING] The resource https://vercel.com/_next/static/immutable/chunks/25nnd13fh_4k5.css was preloaded using link preload but not used within a few seconds from the window's load event. Please make sure it has an appropriate `as` value and it is preloaded intentionally. @ https://vercel.com/rigo-melchor-s-projects/foxtrading/91Qta4xpj9aZM19rRginxfWu1Zpm:0
[   29397ms] [WARNING] The resource https://vercel.com/_next/static/immutable/chunks/3p9g28no3_hj-.css was preloaded using link preload but not used within a few seconds from the window's load event. Please make sure it has an appropriate `as` value and it is preloaded intentionally. @ https://vercel.com/rigo-melchor-s-projects/foxtrading/91Qta4xpj9aZM19rRginxfWu1Zpm:0
[   29397ms] [WARNING] The resource https://vercel.com/_next/static/immutable/chunks/3fd49nnoyujvi.css was preloaded using link preload but not used within a few seconds from the window's load event. Please make sure it has an appropriate `as` value and it is preloaded intentionally. @ https://vercel.com/rigo-melchor-s-projects/foxtrading/91Qta4xpj9aZM19rRginxfWu1Zpm:0
[   29397ms] [WARNING] The resource https://vercel.com/_next/static/immutable/chunks/1dpcx2e86le6i.css was preloaded using link preload but not used within a few seconds from the window's load event. Please make sure it has an appropriate `as` value and it is preloaded intentionally. @ https://vercel.com/rigo-melchor-s-projects/foxtrading/91Qta4xpj9aZM19rRginxfWu1Zpm:0
[   29397ms] [WARNING] The resource https://vercel.com/_next/static/immutable/chunks/2cegy48-lpb69.css was preloaded using link preload but not used within a few seconds from the window's load event. Please make sure it has an appropriate `as` value and it is preloaded intentionally. @ https://vercel.com/rigo-melchor-s-projects/foxtrading/91Qta4xpj9aZM19rRginxfWu1Zpm:0
[   29397ms] [WARNING] The resource https://vercel.com/_next/static/immutable/chunks/26_kjvxoedtei.css was preloaded using link preload but not used within a few seconds from the window's load event. Please make sure it has an appropriate `as` value and it is preloaded intentionally. @ https://vercel.com/rigo-melchor-s-projects/foxtrading/91Qta4xpj9aZM19rRginxfWu1Zpm:0
[   32596ms] [WARNING] The resource https://vercel.com/_next/static/immutable/chunks/1y7np90zxj-un.css was preloaded using link preload but not used within a few seconds from the window's load event. Please make sure it has an appropriate `as` value and it is preloaded intentionally. @ https://vercel.com/rigo-melchor-s-projects/foxtrading/91Qta4xpj9aZM19rRginxfWu1Zpm:0
[   32596ms] [WARNING] The resource https://vercel.com/_next/static/immutable/media/caa3a2e1cccd8315.p.0wgildi0cnwt9.woff2 was preloaded using link preload but not used within a few seconds from the window's load event. Please make sure it has an appropriate `as` value and it is preloaded intentionally. @ https://vercel.com/rigo-melchor-s-projects/foxtrading/91Qta4xpj9aZM19rRginxfWu1Zpm:0
[   32596ms] [WARNING] The resource https://vercel.com/_next/static/immutable/chunks/2xsdyifozdz06.css was preloaded using link preload but not used within a few seconds from the window's load event. Please make sure it has an appropriate `as` value and it is preloaded intentionally. @ https://vercel.com/rigo-melchor-s-projects/foxtrading/91Qta4xpj9aZM19rRginxfWu1Zpm:0
[   32596ms] [WARNING] The resource https://vercel.com/_next/static/immutable/media/logo-vercel-dark.28zbfuuys0x7i.svg was preloaded using link preload but not used within a few seconds from the window's load event. Please make sure it has an appropriate `as` value and it is preloaded intentionally. @ https://vercel.com/rigo-melchor-s-projects/foxtrading/91Qta4xpj9aZM19rRginxfWu1Zpm:0
[   32596ms] [WARNING] The resource https://vercel.com/_next/static/immutable/chunks/1mvkrfndostfj.css was preloaded using link preload but not used within a few seconds from the window's load event. Please make sure it has an appropriate `as` value and it is preloaded intentionally. @ https://vercel.com/rigo-melchor-s-projects/foxtrading/91Qta4xpj9aZM19rRginxfWu1Zpm:0
[   32596ms] [WARNING] The resource https://vercel.com/_next/static/immutable/chunks/0vmhpedf_b0j8.css was preloaded using link preload but not used within a few seconds from the window's load event. Please make sure it has an appropriate `as` value and it is preloaded intentionally. @ https://vercel.com/rigo-melchor-s-projects/foxtrading/91Qta4xpj9aZM19rRginxfWu1Zpm:0
[   32596ms] [WARNING] The resource https://vercel.com/_next/static/immutable/media/GeistMono_Variable.p.1bcgm0qa26ixg.woff2 was preloaded using link preload but not used within a few seconds from the window's load event. Please make sure it has an appropriate `as` value and it is preloaded intentionally. @ https://vercel.com/rigo-melchor-s-projects/foxtrading/91Qta4xpj9aZM19rRginxfWu1Zpm:0
[   32596ms] [WARNING] The resource https://vercel.com/_next/static/immutable/chunks/3d792zqltro0t.css was preloaded using link preload but not used within a few seconds from the window's load event. Please make sure it has an appropriate `as` value and it is preloaded intentionally. @ https://vercel.com/rigo-melchor-s-projects/foxtrading/91Qta4xpj9aZM19rRginxfWu1Zpm:0
[   32597ms] [WARNING] The resource https://vercel.com/_next/static/immutable/chunks/1yl8955ma4q4-.css was preloaded using link preload but not used within a few seconds from the window's load event. Please make sure it has an appropriate `as` value and it is preloaded intentionally. @ https://vercel.com/rigo-melchor-s-projects/foxtrading/91Qta4xpj9aZM19rRginxfWu1Zpm:0
[   32597ms] [WARNING] The resource https://vercel.com/_next/static/immutable/chunks/0-shbsz3-8ybx.css was preloaded using link preload but not used within a few seconds from the window's load event. Please make sure it has an appropriate `as` value and it is preloaded intentionally. @ https://vercel.com/rigo-melchor-s-projects/foxtrading/91Qta4xpj9aZM19rRginxfWu1Zpm:0
[   32597ms] [WARNING] The resource https://vercel.com/_next/static/immutable/chunks/3z36ncuffz89v.css was preloaded using link preload but not used within a few seconds from the window's load event. Please make sure it has an appropriate `as` value and it is preloaded intentionally. @ https://vercel.com/rigo-melchor-s-projects/foxtrading/91Qta4xpj9aZM19rRginxfWu1Zpm:0
[   32597ms] [WARNING] The resource https://vercel.com/_next/static/immutable/chunks/3z9uffp9rqnx8.css was preloaded using link preload but not used within a few seconds from the window's load event. Please make sure it has an appropriate `as` value and it is preloaded intentionally. @ https://vercel.com/rigo-melchor-s-projects/foxtrading/91Qta4xpj9aZM19rRginxfWu1Zpm:0
[   32597ms] [WARNING] The resource https://vercel.com/_next/static/immutable/chunks/1xg6gg5e39tni.css was preloaded using link preload but not used within a few seconds from the window's load event. Please make sure it has an appropriate `as` value and it is preloaded intentionally. @ https://vercel.com/rigo-melchor-s-projects/foxtrading/91Qta4xpj9aZM19rRginxfWu1Zpm:0
[   32597ms] [WARNING] The resource https://vercel.com/_next/static/immutable/chunks/1hzff2kh3gano.css was preloaded using link preload but not used within a few seconds from the window's load event. Please make sure it has an appropriate `as` value and it is preloaded intentionally. @ https://vercel.com/rigo-melchor-s-projects/foxtrading/91Qta4xpj9aZM19rRginxfWu1Zpm:0
[   32597ms] [WARNING] The resource https://vercel.com/_next/static/immutable/chunks/044vmykz7q7vs.css was preloaded using link preload but not used within a few seconds from the window's load event. Please make sure it has an appropriate `as` value and it is preloaded intentionally. @ https://vercel.com/rigo-melchor-s-projects/foxtrading/91Qta4xpj9aZM19rRginxfWu1Zpm:0
[   32597ms] [WARNING] The resource https://vercel.com/_next/static/immutable/media/logo-vercel-light.3an2_9g6dt4xn.svg was preloaded using link preload but not used within a few seconds from the window's load event. Please make sure it has an appropriate `as` value and it is preloaded intentionally. @ https://vercel.com/rigo-melchor-s-projects/foxtrading/91Qta4xpj9aZM19rRginxfWu1Zpm:0
[   32597ms] [WARNING] The resource https://vercel.com/_next/static/immutable/chunks/0rblmumf_9wz1.css was preloaded using link preload but not used within a few seconds from the window's load event. Please make sure it has an appropriate `as` value and it is preloaded intentionally. @ https://vercel.com/rigo-melchor-s-projects/foxtrading/91Qta4xpj9aZM19rRginxfWu1Zpm:0
[   32597ms] [WARNING] The resource https://vercel.com/_next/static/immutable/chunks/25nnd13fh_4k5.css was preloaded using link preload but not used within a few seconds from the window's load event. Please make sure it has an appropriate `as` value and it is preloaded intentionally. @ https://vercel.com/rigo-melchor-s-projects/foxtrading/91Qta4xpj9aZM19rRginxfWu1Zpm:0
[   32597ms] [WARNING] The resource https://vercel.com/_next/static/immutable/chunks/3p9g28no3_hj-.css was preloaded using link preload but not used within a few seconds from the window's load event. Please make sure it has an appropriate `as` value and it is preloaded intentionally. @ https://vercel.com/rigo-melchor-s-projects/foxtrading/91Qta4xpj9aZM19rRginxfWu1Zpm:0
[   32597ms] [WARNING] The resource https://vercel.com/_next/static/immutable/chunks/3fd49nnoyujvi.css was preloaded using link preload but not used within a few seconds from the window's load event. Please make sure it has an appropriate `as` value and it is preloaded intentionally. @ https://vercel.com/rigo-melchor-s-projects/foxtrading/91Qta4xpj9aZM19rRginxfWu1Zpm:0
[   32597ms] [WARNING] The resource https://vercel.com/_next/static/immutable/chunks/1dpcx2e86le6i.css was preloaded using link preload but not used within a few seconds from the window's load event. Please make sure it has an appropriate `as` value and it is preloaded intentionally. @ https://vercel.com/rigo-melchor-s-projects/foxtrading/91Qta4xpj9aZM19rRginxfWu1Zpm:0
[   32597ms] [WARNING] The resource https://vercel.com/_next/static/immutable/chunks/2cegy48-lpb69.css was preloaded using link preload but not used within a few seconds from the window's load event. Please make sure it has an appropriate `as` value and it is preloaded intentionally. @ https://vercel.com/rigo-melchor-s-projects/foxtrading/91Qta4xpj9aZM19rRginxfWu1Zpm:0
[   32597ms] [WARNING] The resource https://vercel.com/_next/static/immutable/chunks/26_kjvxoedtei.css was preloaded using link preload but not used within a few seconds from the window's load event. Please make sure it has an appropriate `as` value and it is preloaded intentionally. @ https://vercel.com/rigo-melchor-s-projects/foxtrading/91Qta4xpj9aZM19rRginxfWu1Zpm:0
[   35807ms] [WARNING] The resource https://vercel.com/_next/static/immutable/chunks/1y7np90zxj-un.css was preloaded using link preload but not used within a few seconds from the window's load event. Please make sure it has an appropriate `as` value and it is preloaded intentionally. @ https://vercel.com/rigo-melchor-s-projects/foxtrading/91Qta4xpj9aZM19rRginxfWu1Zpm:0
[   35807ms] [WARNING] The resource https://vercel.com/_next/static/immutable/media/caa3a2e1cccd8315.p.0wgildi0cnwt9.woff2 was preloaded using link preload but not used within a few seconds from the window's load event. Please make sure it has an appropriate `as` value and it is preloaded intentionally. @ https://vercel.com/rigo-melchor-s-projects/foxtrading/91Qta4xpj9aZM19rRginxfWu1Zpm:0
[   35807ms] [WARNING] The resource https://vercel.com/_next/static/immutable/chunks/2xsdyifozdz06.css was preloaded using link preload but not used within a few seconds from the window's load event. Please make sure it has an appropriate `as` value and it is preloaded intentionally. @ https://vercel.com/rigo-melchor-s-projects/foxtrading/91Qta4xpj9aZM19rRginxfWu1Zpm:0
[   35807ms] [WARNING] The resource https://vercel.com/_next/static/immutable/media/logo-vercel-dark.28zbfuuys0x7i.svg was preloaded using link preload but not used within a few seconds from the window's load event. Please make sure it has an appropriate `as` value and it is preloaded intentionally. @ https://vercel.com/rigo-melchor-s-projects/foxtrading/91Qta4xpj9aZM19rRginxfWu1Zpm:0
[   35807ms] [WARNING] The resource https://vercel.com/_next/static/immutable/chunks/1mvkrfndostfj.css was preloaded using link preload but not used within a few seconds from the window's load event. Please make sure it has an appropriate `as` value and it is preloaded intentionally. @ https://vercel.com/rigo-melchor-s-projects/foxtrading/91Qta4xpj9aZM19rRginxfWu1Zpm:0
[   35807ms] [WARNING] The resource https://vercel.com/_next/static/immutable/chunks/0vmhpedf_b0j8.css was preloaded using link preload but not used within a few seconds from the window's load event. Please make sure it has an appropriate `as` value and it is preloaded intentionally. @ https://vercel.com/rigo-melchor-s-projects/foxtrading/91Qta4xpj9aZM19rRginxfWu1Zpm:0
[   35807ms] [WARNING] The resource https://vercel.com/_next/static/immutable/media/GeistMono_Variable.p.1bcgm0qa26ixg.woff2 was preloaded using link preload but not used within a few seconds from the window's load event. Please make sure it has an appropriate `as` value and it is preloaded intentionally. @ https://vercel.com/rigo-melchor-s-projects/foxtrading/91Qta4xpj9aZM19rRginxfWu1Zpm:0
[   35807ms] [WARNING] The resource https://vercel.com/_next/static/immutable/chunks/3d792zqltro0t.css was preloaded using link preload but not used within a few seconds from the window's load event. Please make sure it has an appropriate `as` value and it is preloaded intentionally. @ https://vercel.com/rigo-melchor-s-projects/foxtrading/91Qta4xpj9aZM19rRginxfWu1Zpm:0
[   35807ms] [WARNING] The resource https://vercel.com/_next/static/immutable/chunks/1yl8955ma4q4-.css was preloaded using link preload but not used within a few seconds from the window's load event. Please make sure it has an appropriate `as` value and it is preloaded intentionally. @ https://vercel.com/rigo-melchor-s-projects/foxtrading/91Qta4xpj9aZM19rRginxfWu1Zpm:0
[   35807ms] [WARNING] The resource https://vercel.com/_next/static/immutable/chunks/0-shbsz3-8ybx.css was preloaded using link preload but not used within a few seconds from the window's load event. Please make sure it has an appropriate `as` value and it is preloaded intentionally. @ https://vercel.com/rigo-melchor-s-projects/foxtrading/91Qta4xpj9aZM19rRginxfWu1Zpm:0
[   35807ms] [WARNING] The resource https://vercel.com/_next/static/immutable/chunks/3z36ncuffz89v.css was preloaded using link preload but not used within a few seconds from the window's load event. Please make sure it has an appropriate `as` value and it is preloaded intentionally. @ https://vercel.com/rigo-melchor-s-projects/foxtrading/91Qta4xpj9aZM19rRginxfWu1Zpm:0
[   35807ms] [WARNING] The resource https://vercel.com/_next/static/immutable/chunks/3z9uffp9rqnx8.css was preloaded using link preload but not used within a few seconds from the window's load event. Please make sure it has an appropriate `as` value and it is preloaded intentionally. @ https://vercel.com/rigo-melchor-s-projects/foxtrading/91Qta4xpj9aZM19rRginxfWu1Zpm:0
[   35807ms] [WARNING] The resource https://vercel.com/_next/static/immutable/chunks/1xg6gg5e39tni.css was preloaded using link preload but not used within a few seconds from the window's load event. Please make sure it has an appropriate `as` value and it is preloaded intentionally. @ https://vercel.com/rigo-melchor-s-projects/foxtrading/91Qta4xpj9aZM19rRginxfWu1Zpm:0
[   35807ms] [WARNING] The resource https://vercel.com/_next/static/immutable/chunks/1hzff2kh3gano.css was preloaded using link preload but not used within a few seconds from the window's load event. Please make sure it has an appropriate `as` value and it is preloaded intentionally. @ https://vercel.com/rigo-melchor-s-projects/foxtrading/91Qta4xpj9aZM19rRginxfWu1Zpm:0
[   35807ms] [WARNING] The resource https://vercel.com/_next/static/immutable/chunks/044vmykz7q7vs.css was preloaded using link preload but not used within a few seconds from the window's load event. Please make sure it has an appropriate `as` value and it is preloaded intentionally. @ https://vercel.com/rigo-melchor-s-projects/foxtrading/91Qta4xpj9aZM19rRginxfWu1Zpm:0
[   35807ms] [WARNING] The resource https://vercel.com/_next/static/immutable/media/logo-vercel-light.3an2_9g6dt4xn.svg was preloaded using link preload but not used within a few seconds from the window's load event. Please make sure it has an appropriate `as` value and it is preloaded intentionally. @ https://vercel.com/rigo-melchor-s-projects/foxtrading/91Qta4xpj9aZM19rRginxfWu1Zpm:0
[   35808ms] [WARNING] The resource https://vercel.com/_next/static/immutable/chunks/0rblmumf_9wz1.css was preloaded using link preload but not used within a few seconds from the window's load event. Please make sure it has an appropriate `as` value and it is preloaded intentionally. @ https://vercel.com/rigo-melchor-s-projects/foxtrading/91Qta4xpj9aZM19rRginxfWu1Zpm:0
[   35808ms] [WARNING] The resource https://vercel.com/_next/static/immutable/chunks/25nnd13fh_4k5.css was preloaded using link preload but not used within a few seconds from the window's load event. Please make sure it has an appropriate `as` value and it is preloaded intentionally. @ https://vercel.com/rigo-melchor-s-projects/foxtrading/91Qta4xpj9aZM19rRginxfWu1Zpm:0
[   35808ms] [WARNING] The resource https://vercel.com/_next/static/immutable/chunks/3p9g28no3_hj-.css was preloaded using link preload but not used within a few seconds from the window's load event. Please make sure it has an appropriate `as` value and it is preloaded intentionally. @ https://vercel.com/rigo-melchor-s-projects/foxtrading/91Qta4xpj9aZM19rRginxfWu1Zpm:0
[   35808ms] [WARNING] The resource https://vercel.com/_next/static/immutable/chunks/3fd49nnoyujvi.css was preloaded using link preload but not used within a few seconds from the window's load event. Please make sure it has an appropriate `as` value and it is preloaded intentionally. @ https://vercel.com/rigo-melchor-s-projects/foxtrading/91Qta4xpj9aZM19rRginxfWu1Zpm:0
[   35808ms] [WARNING] The resource https://vercel.com/_next/static/immutable/chunks/1dpcx2e86le6i.css was preloaded using link preload but not used within a few seconds from the window's load event. Please make sure it has an appropriate `as` value and it is preloaded intentionally. @ https://vercel.com/rigo-melchor-s-projects/foxtrading/91Qta4xpj9aZM19rRginxfWu1Zpm:0
[   35808ms] [WARNING] The resource https://vercel.com/_next/static/immutable/chunks/2cegy48-lpb69.css was preloaded using link preload but not used within a few seconds from the window's load event. Please make sure it has an appropriate `as` value and it is preloaded intentionally. @ https://vercel.com/rigo-melchor-s-projects/foxtrading/91Qta4xpj9aZM19rRginxfWu1Zpm:0
[   35808ms] [WARNING] The resource https://vercel.com/_next/static/immutable/chunks/26_kjvxoedtei.css was preloaded using link preload but not used within a few seconds from the window's load event. Please make sure it has an appropriate `as` value and it is preloaded intentionally. @ https://vercel.com/rigo-melchor-s-projects/foxtrading/91Qta4xpj9aZM19rRginxfWu1Zpm:0
[   39024ms] [WARNING] The resource https://vercel.com/_next/static/immutable/chunks/1y7np90zxj-un.css was preloaded using link preload but not used within a few seconds from the window's load event. Please make sure it has an appropriate `as` value and it is preloaded intentionally. @ https://vercel.com/rigo-melchor-s-projects/foxtrading/91Qta4xpj9aZM19rRginxfWu1Zpm:0
[   39024ms] [WARNING] The resource https://vercel.com/_next/static/immutable/media/caa3a2e1cccd8315.p.0wgildi0cnwt9.woff2 was preloaded using link preload but not used within a few seconds from the window's load event. Please make sure it has an appropriate `as` value and it is preloaded intentionally. @ https://vercel.com/rigo-melchor-s-projects/foxtrading/91Qta4xpj9aZM19rRginxfWu1Zpm:0
[   39024ms] [WARNING] The resource https://vercel.com/_next/static/immutable/chunks/2xsdyifozdz06.css was preloaded using link preload but not used within a few seconds from the window's load event. Please make sure it has an appropriate `as` value and it is preloaded intentionally. @ https://vercel.com/rigo-melchor-s-projects/foxtrading/91Qta4xpj9aZM19rRginxfWu1Zpm:0
[   39024ms] [WARNING] The resource https://vercel.com/_next/static/immutable/media/logo-vercel-dark.28zbfuuys0x7i.svg was preloaded using link preload but not used within a few seconds from the window's load event. Please make sure it has an appropriate `as` value and it is preloaded intentionally. @ https://vercel.com/rigo-melchor-s-projects/foxtrading/91Qta4xpj9aZM19rRginxfWu1Zpm:0
[   39024ms] [WARNING] The resource https://vercel.com/_next/static/immutable/chunks/1mvkrfndostfj.css was preloaded using link preload but not used within a few seconds from the window's load event. Please make sure it has an appropriate `as` value and it is preloaded intentionally. @ https://vercel.com/rigo-melchor-s-projects/foxtrading/91Qta4xpj9aZM19rRginxfWu1Zpm:0
[   39024ms] [WARNING] The resource https://vercel.com/_next/static/immutable/chunks/0vmhpedf_b0j8.css was preloaded using link preload but not used within a few seconds from the window's load event. Please make sure it has an appropriate `as` value and it is preloaded intentionally. @ https://vercel.com/rigo-melchor-s-projects/foxtrading/91Qta4xpj9aZM19rRginxfWu1Zpm:0
[   39024ms] [WARNING] The resource https://vercel.com/_next/static/immutable/media/GeistMono_Variable.p.1bcgm0qa26ixg.woff2 was preloaded using link preload but not used within a few seconds from the window's load event. Please make sure it has an appropriate `as` value and it is preloaded intentionally. @ https://vercel.com/rigo-melchor-s-projects/foxtrading/91Qta4xpj9aZM19rRginxfWu1Zpm:0
[   39024ms] [WARNING] The resource https://vercel.com/_next/static/immutable/chunks/3d792zqltro0t.css was preloaded using link preload but not used within a few seconds from the window's load event. Please make sure it has an appropriate `as` value and it is preloaded intentionally. @ https://vercel.com/rigo-melchor-s-projects/foxtrading/91Qta4xpj9aZM19rRginxfWu1Zpm:0
[   39024ms] [WARNING] The resource https://vercel.com/_next/static/immutable/chunks/1yl8955ma4q4-.css was preloaded using link preload but not used within a few seconds from the window's load event. Please make sure it has an appropriate `as` value and it is preloaded intentionally. @ https://vercel.com/rigo-melchor-s-projects/foxtrading/91Qta4xpj9aZM19rRginxfWu1Zpm:0
[   39024ms] [WARNING] The resource https://vercel.com/_next/static/immutable/chunks/0-shbsz3-8ybx.css was preloaded using link preload but not used within a few seconds from the window's load event. Please make sure it has an appropriate `as` value and it is preloaded intentionally. @ https://vercel.com/rigo-melchor-s-projects/foxtrading/91Qta4xpj9aZM19rRginxfWu1Zpm:0
[   39024ms] [WARNING] The resource https://vercel.com/_next/static/immutable/chunks/3z36ncuffz89v.css was preloaded using link preload but not used within a few seconds from the window's load event. Please make sure it has an appropriate `as` value and it is preloaded intentionally. @ https://vercel.com/rigo-melchor-s-projects/foxtrading/91Qta4xpj9aZM19rRginxfWu1Zpm:0
[   39024ms] [WARNING] The resource https://vercel.com/_next/static/immutable/chunks/3z9uffp9rqnx8.css was preloaded using link preload but not used within a few seconds from the window's load event. Please make sure it has an appropriate `as` value and it is preloaded intentionally. @ https://vercel.com/rigo-melchor-s-projects/foxtrading/91Qta4xpj9aZM19rRginxfWu1Zpm:0
[   39024ms] [WARNING] The resource https://vercel.com/_next/static/immutable/chunks/1xg6gg5e39tni.css was preloaded using link preload but not used within a few seconds from the window's load event. Please make sure it has an appropriate `as` value and it is preloaded intentionally. @ https://vercel.com/rigo-melchor-s-projects/foxtrading/91Qta4xpj9aZM19rRginxfWu1Zpm:0
[   39024ms] [WARNING] The resource https://vercel.com/_next/static/immutable/chunks/1hzff2kh3gano.css was preloaded using link preload but not used within a few seconds from the window's load event. Please make sure it has an appropriate `as` value and it is preloaded intentionally. @ https://vercel.com/rigo-melchor-s-projects/foxtrading/91Qta4xpj9aZM19rRginxfWu1Zpm:0
[   39024ms] [WARNING] The resource https://vercel.com/_next/static/immutable/chunks/044vmykz7q7vs.css was preloaded using link preload but not used within a few seconds from the window's load event. Please make sure it has an appropriate `as` value and it is preloaded intentionally. @ https://vercel.com/rigo-melchor-s-projects/foxtrading/91Qta4xpj9aZM19rRginxfWu1Zpm:0
[   39024ms] [WARNING] The resource https://vercel.com/_next/static/immutable/media/logo-vercel-light.3an2_9g6dt4xn.svg was preloaded using link preload but not used within a few seconds from the window's load event. Please make sure it has an appropriate `as` value and it is preloaded intentionally. @ https://vercel.com/rigo-melchor-s-projects/foxtrading/91Qta4xpj9aZM19rRginxfWu1Zpm:0
[   39024ms] [WARNING] The resource https://vercel.com/_next/static/immutable/chunks/0rblmumf_9wz1.css was preloaded using link preload but not used within a few seconds from the window's load event. Please make sure it has an appropriate `as` value and it is preloaded intentionally. @ https://vercel.com/rigo-melchor-s-projects/foxtrading/91Qta4xpj9aZM19rRginxfWu1Zpm:0
[   39024ms] [WARNING] The resource https://vercel.com/_next/static/immutable/chunks/25nnd13fh_4k5.css was preloaded using link preload but not used within a few seconds from the window's load event. Please make sure it has an appropriate `as` value and it is preloaded intentionally. @ https://vercel.com/rigo-melchor-s-projects/foxtrading/91Qta4xpj9aZM19rRginxfWu1Zpm:0
[   39024ms] [WARNING] The resource https://vercel.com/_next/static/immutable/chunks/3p9g28no3_hj-.css was preloaded using link preload but not used within a few seconds from the window's load event. Please make sure it has an appropriate `as` value and it is preloaded intentionally. @ https://vercel.com/rigo-melchor-s-projects/foxtrading/91Qta4xpj9aZM19rRginxfWu1Zpm:0
[   39024ms] [WARNING] The resource https://vercel.com/_next/static/immutable/chunks/3fd49nnoyujvi.css was preloaded using link preload but not used within a few seconds from the window's load event. Please make sure it has an appropriate `as` value and it is preloaded intentionally. @ https://vercel.com/rigo-melchor-s-projects/foxtrading/91Qta4xpj9aZM19rRginxfWu1Zpm:0
[   39024ms] [WARNING] The resource https://vercel.com/_next/static/immutable/chunks/1dpcx2e86le6i.css was preloaded using link preload but not used within a few seconds from the window's load event. Please make sure it has an appropriate `as` value and it is preloaded intentionally. @ https://vercel.com/rigo-melchor-s-projects/foxtrading/91Qta4xpj9aZM19rRginxfWu1Zpm:0
[   39024ms] [WARNING] The resource https://vercel.com/_next/static/immutable/chunks/2cegy48-lpb69.css was preloaded using link preload but not used within a few seconds from the window's load event. Please make sure it has an appropriate `as` value and it is preloaded intentionally. @ https://vercel.com/rigo-melchor-s-projects/foxtrading/91Qta4xpj9aZM19rRginxfWu1Zpm:0
[   39024ms] [WARNING] The resource https://vercel.com/_next/static/immutable/chunks/26_kjvxoedtei.css was preloaded using link preload but not used within a few seconds from the window's load event. Please make sure it has an appropriate `as` value and it is preloaded intentionally. @ https://vercel.com/rigo-melchor-s-projects/foxtrading/91Qta4xpj9aZM19rRginxfWu1Zpm:0
[   42265ms] [WARNING] The resource https://vercel.com/_next/static/immutable/chunks/1y7np90zxj-un.css was preloaded using link preload but not used within a few seconds from the window's load event. Please make sure it has an appropriate `as` value and it is preloaded intentionally. @ https://vercel.com/rigo-melchor-s-projects/foxtrading/91Qta4xpj9aZM19rRginxfWu1Zpm:0
[   42265ms] [WARNING] The resource https://vercel.com/_next/static/immutable/media/caa3a2e1cccd8315.p.0wgildi0cnwt9.woff2 was preloaded using link preload but not used within a few seconds from the window's load event. Please make sure it has an appropriate `as` value and it is preloaded intentionally. @ https://vercel.com/rigo-melchor-s-projects/foxtrading/91Qta4xpj9aZM19rRginxfWu1Zpm:0
[   42265ms] [WARNING] The resource https://vercel.com/_next/static/immutable/chunks/2xsdyifozdz06.css was preloaded using link preload but not used within a few seconds from the window's load event. Please make sure it has an appropriate `as` value and it is preloaded intentionally. @ https://vercel.com/rigo-melchor-s-projects/foxtrading/91Qta4xpj9aZM19rRginxfWu1Zpm:0
[   42265ms] [WARNING] The resource https://vercel.com/_next/static/immutable/media/logo-vercel-dark.28zbfuuys0x7i.svg was preloaded using link preload but not used within a few seconds from the window's load event. Please make sure it has an appropriate `as` value and it is preloaded intentionally. @ https://vercel.com/rigo-melchor-s-projects/foxtrading/91Qta4xpj9aZM19rRginxfWu1Zpm:0
[   42265ms] [WARNING] The resource https://vercel.com/_next/static/immutable/chunks/1mvkrfndostfj.css was preloaded using link preload but not used within a few seconds from the window's load event. Please make sure it has an appropriate `as` value and it is preloaded intentionally. @ https://vercel.com/rigo-melchor-s-projects/foxtrading/91Qta4xpj9aZM19rRginxfWu1Zpm:0
[   42265ms] [WARNING] The resource https://vercel.com/_next/static/immutable/chunks/0vmhpedf_b0j8.css was preloaded using link preload but not used within a few seconds from the window's load event. Please make sure it has an appropriate `as` value and it is preloaded intentionally. @ https://vercel.com/rigo-melchor-s-projects/foxtrading/91Qta4xpj9aZM19rRginxfWu1Zpm:0
[   42265ms] [WARNING] The resource https://vercel.com/_next/static/immutable/media/GeistMono_Variable.p.1bcgm0qa26ixg.woff2 was preloaded using link preload but not used within a few seconds from the window's load event. Please make sure it has an appropriate `as` value and it is preloaded intentionally. @ https://vercel.com/rigo-melchor-s-projects/foxtrading/91Qta4xpj9aZM19rRginxfWu1Zpm:0
[   42265ms] [WARNING] The resource https://vercel.com/_next/static/immutable/chunks/3d792zqltro0t.css was preloaded using link preload but not used within a few seconds from the window's load event. Please make sure it has an appropriate `as` value and it is preloaded intentionally. @ https://vercel.com/rigo-melchor-s-projects/foxtrading/91Qta4xpj9aZM19rRginxfWu1Zpm:0
[   42265ms] [WARNING] The resource https://vercel.com/_next/static/immutable/chunks/1yl8955ma4q4-.css was preloaded using link preload but not used within a few seconds from the window's load event. Please make sure it has an appropriate `as` value and it is preloaded intentionally. @ https://vercel.com/rigo-melchor-s-projects/foxtrading/91Qta4xpj9aZM19rRginxfWu1Zpm:0
[   42266ms] [WARNING] The resource https://vercel.com/_next/static/immutable/chunks/0-shbsz3-8ybx.css was preloaded using link preload but not used within a few seconds from the window's load event. Please make sure it has an appropriate `as` value and it is preloaded intentionally. @ https://vercel.com/rigo-melchor-s-projects/foxtrading/91Qta4xpj9aZM19rRginxfWu1Zpm:0
[   42266ms] [WARNING] The resource https://vercel.com/_next/static/immutable/chunks/3z36ncuffz89v.css was preloaded using link preload but not used within a few seconds from the window's load event. Please make sure it has an appropriate `as` value and it is preloaded intentionally. @ https://vercel.com/rigo-melchor-s-projects/foxtrading/91Qta4xpj9aZM19rRginxfWu1Zpm:0
[   42266ms] [WARNING] The resource https://vercel.com/_next/static/immutable/chunks/3z9uffp9rqnx8.css was preloaded using link preload but not used within a few seconds from the window's load event. Please make sure it has an appropriate `as` value and it is preloaded intentionally. @ https://vercel.com/rigo-melchor-s-projects/foxtrading/91Qta4xpj9aZM19rRginxfWu1Zpm:0
[   42266ms] [WARNING] The resource https://vercel.com/_next/static/immutable/chunks/1xg6gg5e39tni.css was preloaded using link preload but not used within a few seconds from the window's load event. Please make sure it has an appropriate `as` value and it is preloaded intentionally. @ https://vercel.com/rigo-melchor-s-projects/foxtrading/91Qta4xpj9aZM19rRginxfWu1Zpm:0
[   42266ms] [WARNING] The resource https://vercel.com/_next/static/immutable/chunks/1hzff2kh3gano.css was preloaded using link preload but not used within a few seconds from the window's load event. Please make sure it has an appropriate `as` value and it is preloaded intentionally. @ https://vercel.com/rigo-melchor-s-projects/foxtrading/91Qta4xpj9aZM19rRginxfWu1Zpm:0
[   42266ms] [WARNING] The resource https://vercel.com/_next/static/immutable/chunks/044vmykz7q7vs.css was preloaded using link preload but not used within a few seconds from the window's load event. Please make sure it has an appropriate `as` value and it is preloaded intentionally. @ https://vercel.com/rigo-melchor-s-projects/foxtrading/91Qta4xpj9aZM19rRginxfWu1Zpm:0
[   42266ms] [WARNING] The resource https://vercel.com/_next/static/immutable/media/logo-vercel-light.3an2_9g6dt4xn.svg was preloaded using link preload but not used within a few seconds from the window's load event. Please make sure it has an appropriate `as` value and it is preloaded intentionally. @ https://vercel.com/rigo-melchor-s-projects/foxtrading/91Qta4xpj9aZM19rRginxfWu1Zpm:0
[   42266ms] [WARNING] The resource https://vercel.com/_next/static/immutable/chunks/0rblmumf_9wz1.css was preloaded using link preload but not used within a few seconds from the window's load event. Please make sure it has an appropriate `as` value and it is preloaded intentionally. @ https://vercel.com/rigo-melchor-s-projects/foxtrading/91Qta4xpj9aZM19rRginxfWu1Zpm:0
[   42266ms] [WARNING] The resource https://vercel.com/_next/static/immutable/chunks/25nnd13fh_4k5.css was preloaded using link preload but not used within a few seconds from the window's load event. Please make sure it has an appropriate `as` value and it is preloaded intentionally. @ https://vercel.com/rigo-melchor-s-projects/foxtrading/91Qta4xpj9aZM19rRginxfWu1Zpm:0
[   42266ms] [WARNING] The resource https://vercel.com/_next/static/immutable/chunks/3p9g28no3_hj-.css was preloaded using link preload but not used within a few seconds from the window's load event. Please make sure it has an appropriate `as` value and it is preloaded intentionally. @ https://vercel.com/rigo-melchor-s-projects/foxtrading/91Qta4xpj9aZM19rRginxfWu1Zpm:0
[   42266ms] [WARNING] The resource https://vercel.com/_next/static/immutable/chunks/3fd49nnoyujvi.css was preloaded using link preload but not used within a few seconds from the window's load event. Please make sure it has an appropriate `as` value and it is preloaded intentionally. @ https://vercel.com/rigo-melchor-s-projects/foxtrading/91Qta4xpj9aZM19rRginxfWu1Zpm:0
[   42266ms] [WARNING] The resource https://vercel.com/_next/static/immutable/chunks/1dpcx2e86le6i.css was preloaded using link preload but not used within a few seconds from the window's load event. Please make sure it has an appropriate `as` value and it is preloaded intentionally. @ https://vercel.com/rigo-melchor-s-projects/foxtrading/91Qta4xpj9aZM19rRginxfWu1Zpm:0
[   42266ms] [WARNING] The resource https://vercel.com/_next/static/immutable/chunks/2cegy48-lpb69.css was preloaded using link preload but not used within a few seconds from the window's load event. Please make sure it has an appropriate `as` value and it is preloaded intentionally. @ https://vercel.com/rigo-melchor-s-projects/foxtrading/91Qta4xpj9aZM19rRginxfWu1Zpm:0
[   42266ms] [WARNING] The resource https://vercel.com/_next/static/immutable/chunks/26_kjvxoedtei.css was preloaded using link preload but not used within a few seconds from the window's load event. Please make sure it has an appropriate `as` value and it is preloaded intentionally. @ https://vercel.com/rigo-melchor-s-projects/foxtrading/91Qta4xpj9aZM19rRginxfWu1Zpm:0
[   45481ms] [WARNING] The resource https://vercel.com/_next/static/immutable/chunks/1y7np90zxj-un.css was preloaded using link preload but not used within a few seconds from the window's load event. Please make sure it has an appropriate `as` value and it is preloaded intentionally. @ https://vercel.com/rigo-melchor-s-projects/foxtrading/91Qta4xpj9aZM19rRginxfWu1Zpm:0
[   45482ms] [WARNING] The resource https://vercel.com/_next/static/immutable/media/caa3a2e1cccd8315.p.0wgildi0cnwt9.woff2 was preloaded using link preload but not used within a few seconds from the window's load event. Please make sure it has an appropriate `as` value and it is preloaded intentionally. @ https://vercel.com/rigo-melchor-s-projects/foxtrading/91Qta4xpj9aZM19rRginxfWu1Zpm:0
[   45482ms] [WARNING] The resource https://vercel.com/_next/static/immutable/chunks/2xsdyifozdz06.css was preloaded using link preload but not used within a few seconds from the window's load event. Please make sure it has an appropriate `as` value and it is preloaded intentionally. @ https://vercel.com/rigo-melchor-s-projects/foxtrading/91Qta4xpj9aZM19rRginxfWu1Zpm:0
[   45482ms] [WARNING] The resource https://vercel.com/_next/static/immutable/media/logo-vercel-dark.28zbfuuys0x7i.svg was preloaded using link preload but not used within a few seconds from the window's load event. Please make sure it has an appropriate `as` value and it is preloaded intentionally. @ https://vercel.com/rigo-melchor-s-projects/foxtrading/91Qta4xpj9aZM19rRginxfWu1Zpm:0
[   45482ms] [WARNING] The resource https://vercel.com/_next/static/immutable/chunks/1mvkrfndostfj.css was preloaded using link preload but not used within a few seconds from the window's load event. Please make sure it has an appropriate `as` value and it is preloaded intentionally. @ https://vercel.com/rigo-melchor-s-projects/foxtrading/91Qta4xpj9aZM19rRginxfWu1Zpm:0
[   45482ms] [WARNING] The resource https://vercel.com/_next/static/immutable/chunks/0vmhpedf_b0j8.css was preloaded using link preload but not used within a few seconds from the window's load event. Please make sure it has an appropriate `as` value and it is preloaded intentionally. @ https://vercel.com/rigo-melchor-s-projects/foxtrading/91Qta4xpj9aZM19rRginxfWu1Zpm:0
[   45482ms] [WARNING] The resource https://vercel.com/_next/static/immutable/media/GeistMono_Variable.p.1bcgm0qa26ixg.woff2 was preloaded using link preload but not used within a few seconds from the window's load event. Please make sure it has an appropriate `as` value and it is preloaded intentionally. @ https://vercel.com/rigo-melchor-s-projects/foxtrading/91Qta4xpj9aZM19rRginxfWu1Zpm:0
[   45482ms] [WARNING] The resource https://vercel.com/_next/static/immutable/chunks/3d792zqltro0t.css was preloaded using link preload but not used within a few seconds from the window's load event. Please make sure it has an appropriate `as` value and it is preloaded intentionally. @ https://vercel.com/rigo-melchor-s-projects/foxtrading/91Qta4xpj9aZM19rRginxfWu1Zpm:0
[   45482ms] [WARNING] The resource https://vercel.com/_next/static/immutable/chunks/1yl8955ma4q4-.css was preloaded using link preload but not used within a few seconds from the window's load event. Please make sure it has an appropriate `as` value and it is preloaded intentionally. @ https://vercel.com/rigo-melchor-s-projects/foxtrading/91Qta4xpj9aZM19rRginxfWu1Zpm:0
[   45482ms] [WARNING] The resource https://vercel.com/_next/static/immutable/chunks/0-shbsz3-8ybx.css was preloaded using link preload but not used within a few seconds from the window's load event. Please make sure it has an appropriate `as` value and it is preloaded intentionally. @ https://vercel.com/rigo-melchor-s-projects/foxtrading/91Qta4xpj9aZM19rRginxfWu1Zpm:0
[   45482ms] [WARNING] The resource https://vercel.com/_next/static/immutable/chunks/3z36ncuffz89v.css was preloaded using link preload but not used within a few seconds from the window's load event. Please make sure it has an appropriate `as` value and it is preloaded intentionally. @ https://vercel.com/rigo-melchor-s-projects/foxtrading/91Qta4xpj9aZM19rRginxfWu1Zpm:0
[   45482ms] [WARNING] The resource https://vercel.com/_next/static/immutable/chunks/3z9uffp9rqnx8.css was preloaded using link preload but not used within a few seconds from the window's load event. Please make sure it has an appropriate `as` value and it is preloaded intentionally. @ https://vercel.com/rigo-melchor-s-projects/foxtrading/91Qta4xpj9aZM19rRginxfWu1Zpm:0
[   45482ms] [WARNING] The resource https://vercel.com/_next/static/immutable/chunks/1xg6gg5e39tni.css was preloaded using link preload but not used within a few seconds from the window's load event. Please make sure it has an appropriate `as` value and it is preloaded intentionally. @ https://vercel.com/rigo-melchor-s-projects/foxtrading/91Qta4xpj9aZM19rRginxfWu1Zpm:0
[   45482ms] [WARNING] The resource https://vercel.com/_next/static/immutable/chunks/1hzff2kh3gano.css was preloaded using link preload but not used within a few seconds from the window's load event. Please make sure it has an appropriate `as` value and it is preloaded intentionally. @ https://vercel.com/rigo-melchor-s-projects/foxtrading/91Qta4xpj9aZM19rRginxfWu1Zpm:0
[   45482ms] [WARNING] The resource https://vercel.com/_next/static/immutable/chunks/044vmykz7q7vs.css was preloaded using link preload but not used within a few seconds from the window's load event. Please make sure it has an appropriate `as` value and it is preloaded intentionally. @ https://vercel.com/rigo-melchor-s-projects/foxtrading/91Qta4xpj9aZM19rRginxfWu1Zpm:0
[   45482ms] [WARNING] The resource https://vercel.com/_next/static/immutable/media/logo-vercel-light.3an2_9g6dt4xn.svg was preloaded using link preload but not used within a few seconds from the window's load event. Please make sure it has an appropriate `as` value and it is preloaded intentionally. @ https://vercel.com/rigo-melchor-s-projects/foxtrading/91Qta4xpj9aZM19rRginxfWu1Zpm:0
[   45482ms] [WARNING] The resource https://vercel.com/_next/static/immutable/chunks/0rblmumf_9wz1.css was preloaded using link preload but not used within a few seconds from the window's load event. Please make sure it has an appropriate `as` value and it is preloaded intentionally. @ https://vercel.com/rigo-melchor-s-projects/foxtrading/91Qta4xpj9aZM19rRginxfWu1Zpm:0
[   45482ms] [WARNING] The resource https://vercel.com/_next/static/immutable/chunks/25nnd13fh_4k5.css was preloaded using link preload but not used within a few seconds from the window's load event. Please make sure it has an appropriate `as` value and it is preloaded intentionally. @ https://vercel.com/rigo-melchor-s-projects/foxtrading/91Qta4xpj9aZM19rRginxfWu1Zpm:0
[   45482ms] [WARNING] The resource https://vercel.com/_next/static/immutable/chunks/3p9g28no3_hj-.css was preloaded using link preload but not used within a few seconds from the window's load event. Please make sure it has an appropriate `as` value and it is preloaded intentionally. @ https://vercel.com/rigo-melchor-s-projects/foxtrading/91Qta4xpj9aZM19rRginxfWu1Zpm:0
[   45482ms] [WARNING] The resource https://vercel.com/_next/static/immutable/chunks/3fd49nnoyujvi.css was preloaded using link preload but not used within a few seconds from the window's load event. Please make sure it has an appropriate `as` value and it is preloaded intentionally. @ https://vercel.com/rigo-melchor-s-projects/foxtrading/91Qta4xpj9aZM19rRginxfWu1Zpm:0
[   45482ms] [WARNING] The resource https://vercel.com/_next/static/immutable/chunks/1dpcx2e86le6i.css was preloaded using link preload but not used within a few seconds from the window's load event. Please make sure it has an appropriate `as` value and it is preloaded intentionally. @ https://vercel.com/rigo-melchor-s-projects/foxtrading/91Qta4xpj9aZM19rRginxfWu1Zpm:0
[   45482ms] [WARNING] The resource https://vercel.com/_next/static/immutable/chunks/2cegy48-lpb69.css was preloaded using link preload but not used within a few seconds from the window's load event. Please make sure it has an appropriate `as` value and it is preloaded intentionally. @ https://vercel.com/rigo-melchor-s-projects/foxtrading/91Qta4xpj9aZM19rRginxfWu1Zpm:0
[   45482ms] [WARNING] The resource https://vercel.com/_next/static/immutable/chunks/26_kjvxoedtei.css was preloaded using link preload but not used within a few seconds from the window's load event. Please make sure it has an appropriate `as` value and it is preloaded intentionally. @ https://vercel.com/rigo-melchor-s-projects/foxtrading/91Qta4xpj9aZM19rRginxfWu1Zpm:0
[   48722ms] [WARNING] The resource https://vercel.com/_next/static/immutable/chunks/1y7np90zxj-un.css was preloaded using link preload but not used within a few seconds from the window's load event. Please make sure it has an appropriate `as` value and it is preloaded intentionally. @ https://vercel.com/rigo-melchor-s-projects/foxtrading/91Qta4xpj9aZM19rRginxfWu1Zpm:0
[   48722ms] [WARNING] The resource https://vercel.com/_next/static/immutable/media/caa3a2e1cccd8315.p.0wgildi0cnwt9.woff2 was preloaded using link preload but not used within a few seconds from the window's load event. Please make sure it has an appropriate `as` value and it is preloaded intentionally. @ https://vercel.com/rigo-melchor-s-projects/foxtrading/91Qta4xpj9aZM19rRginxfWu1Zpm:0
[   48722ms] [WARNING] The resource https://vercel.com/_next/static/immutable/chunks/2xsdyifozdz06.css was preloaded using link preload but not used within a few seconds from the window's load event. Please make sure it has an appropriate `as` value and it is preloaded intentionally. @ https://vercel.com/rigo-melchor-s-projects/foxtrading/91Qta4xpj9aZM19rRginxfWu1Zpm:0
[   48722ms] [WARNING] The resource https://vercel.com/_next/static/immutable/media/logo-vercel-dark.28zbfuuys0x7i.svg was preloaded using link preload but not used within a few seconds from the window's load event. Please make sure it has an appropriate `as` value and it is preloaded intentionally. @ https://vercel.com/rigo-melchor-s-projects/foxtrading/91Qta4xpj9aZM19rRginxfWu1Zpm:0
[   48722ms] [WARNING] The resource https://vercel.com/_next/static/immutable/chunks/1mvkrfndostfj.css was preloaded using link preload but not used within a few seconds from the window's load event. Please make sure it has an appropriate `as` value and it is preloaded intentionally. @ https://vercel.com/rigo-melchor-s-projects/foxtrading/91Qta4xpj9aZM19rRginxfWu1Zpm:0
[   48722ms] [WARNING] The resource https://vercel.com/_next/static/immutable/chunks/0vmhpedf_b0j8.css was preloaded using link preload but not used within a few seconds from the window's load event. Please make sure it has an appropriate `as` value and it is preloaded intentionally. @ https://vercel.com/rigo-melchor-s-projects/foxtrading/91Qta4xpj9aZM19rRginxfWu1Zpm:0
[   48722ms] [WARNING] The resource https://vercel.com/_next/static/immutable/media/GeistMono_Variable.p.1bcgm0qa26ixg.woff2 was preloaded using link preload but not used within a few seconds from the window's load event. Please make sure it has an appropriate `as` value and it is preloaded intentionally. @ https://vercel.com/rigo-melchor-s-projects/foxtrading/91Qta4xpj9aZM19rRginxfWu1Zpm:0
[   48722ms] [WARNING] The resource https://vercel.com/_next/static/immutable/chunks/3d792zqltro0t.css was preloaded using link preload but not used within a few seconds from the window's load event. Please make sure it has an appropriate `as` value and it is preloaded intentionally. @ https://vercel.com/rigo-melchor-s-projects/foxtrading/91Qta4xpj9aZM19rRginxfWu1Zpm:0
[   48722ms] [WARNING] The resource https://vercel.com/_next/static/immutable/chunks/1yl8955ma4q4-.css was preloaded using link preload but not used within a few seconds from the window's load event. Please make sure it has an appropriate `as` value and it is preloaded intentionally. @ https://vercel.com/rigo-melchor-s-projects/foxtrading/91Qta4xpj9aZM19rRginxfWu1Zpm:0
[   48722ms] [WARNING] The resource https://vercel.com/_next/static/immutable/chunks/0-shbsz3-8ybx.css was preloaded using link preload but not used within a few seconds from the window's load event. Please make sure it has an appropriate `as` value and it is preloaded intentionally. @ https://vercel.com/rigo-melchor-s-projects/foxtrading/91Qta4xpj9aZM19rRginxfWu1Zpm:0
[   48722ms] [WARNING] The resource https://vercel.com/_next/static/immutable/chunks/3z36ncuffz89v.css was preloaded using link preload but not used within a few seconds from the window's load event. Please make sure it has an appropriate `as` value and it is preloaded intentionally. @ https://vercel.com/rigo-melchor-s-projects/foxtrading/91Qta4xpj9aZM19rRginxfWu1Zpm:0
[   48722ms] [WARNING] The resource https://vercel.com/_next/static/immutable/chunks/3z9uffp9rqnx8.css was preloaded using link preload but not used within a few seconds from the window's load event. Please make sure it has an appropriate `as` value and it is preloaded intentionally. @ https://vercel.com/rigo-melchor-s-projects/foxtrading/91Qta4xpj9aZM19rRginxfWu1Zpm:0
[   48722ms] [WARNING] The resource https://vercel.com/_next/static/immutable/chunks/1xg6gg5e39tni.css was preloaded using link preload but not used within a few seconds from the window's load event. Please make sure it has an appropriate `as` value and it is preloaded intentionally. @ https://vercel.com/rigo-melchor-s-projects/foxtrading/91Qta4xpj9aZM19rRginxfWu1Zpm:0
[   48722ms] [WARNING] The resource https://vercel.com/_next/static/immutable/chunks/1hzff2kh3gano.css was preloaded using link preload but not used within a few seconds from the window's load event. Please make sure it has an appropriate `as` value and it is preloaded intentionally. @ https://vercel.com/rigo-melchor-s-projects/foxtrading/91Qta4xpj9aZM19rRginxfWu1Zpm:0
[   48722ms] [WARNING] The resource https://vercel.com/_next/static/immutable/chunks/044vmykz7q7vs.css was preloaded using link preload but not used within a few seconds from the window's load event. Please make sure it has an appropriate `as` value and it is preloaded intentionally. @ https://vercel.com/rigo-melchor-s-projects/foxtrading/91Qta4xpj9aZM19rRginxfWu1Zpm:0
[   48722ms] [WARNING] The resource https://vercel.com/_next/static/immutable/media/logo-vercel-light.3an2_9g6dt4xn.svg was preloaded using link preload but not used within a few seconds from the window's load event. Please make sure it has an appropriate `as` value and it is preloaded intentionally. @ https://vercel.com/rigo-melchor-s-projects/foxtrading/91Qta4xpj9aZM19rRginxfWu1Zpm:0
[   48722ms] [WARNING] The resource https://vercel.com/_next/static/immutable/chunks/0rblmumf_9wz1.css was preloaded using link preload but not used within a few seconds from the window's load event. Please make sure it has an appropriate `as` value and it is preloaded intentionally. @ https://vercel.com/rigo-melchor-s-projects/foxtrading/91Qta4xpj9aZM19rRginxfWu1Zpm:0
[   48722ms] [WARNING] The resource https://vercel.com/_next/static/immutable/chunks/25nnd13fh_4k5.css was preloaded using link preload but not used within a few seconds from the window's load event. Please make sure it has an appropriate `as` value and it is preloaded intentionally. @ https://vercel.com/rigo-melchor-s-projects/foxtrading/91Qta4xpj9aZM19rRginxfWu1Zpm:0
[   48722ms] [WARNING] The resource https://vercel.com/_next/static/immutable/chunks/3p9g28no3_hj-.css was preloaded using link preload but not used within a few seconds from the window's load event. Please make sure it has an appropriate `as` value and it is preloaded intentionally. @ https://vercel.com/rigo-melchor-s-projects/foxtrading/91Qta4xpj9aZM19rRginxfWu1Zpm:0
[   48722ms] [WARNING] The resource https://vercel.com/_next/static/immutable/chunks/3fd49nnoyujvi.css was preloaded using link preload but not used within a few seconds from the window's load event. Please make sure it has an appropriate `as` value and it is preloaded intentionally. @ https://vercel.com/rigo-melchor-s-projects/foxtrading/91Qta4xpj9aZM19rRginxfWu1Zpm:0
[   48722ms] [WARNING] The resource https://vercel.com/_next/static/immutable/chunks/1dpcx2e86le6i.css was preloaded using link preload but not used within a few seconds from the window's load event. Please make sure it has an appropriate `as` value and it is preloaded intentionally. @ https://vercel.com/rigo-melchor-s-projects/foxtrading/91Qta4xpj9aZM19rRginxfWu1Zpm:0
[   48722ms] [WARNING] The resource https://vercel.com/_next/static/immutable/chunks/2cegy48-lpb69.css was preloaded using link preload but not used within a few seconds from the window's load event. Please make sure it has an appropriate `as` value and it is preloaded intentionally. @ https://vercel.com/rigo-melchor-s-projects/foxtrading/91Qta4xpj9aZM19rRginxfWu1Zpm:0
[   48722ms] [WARNING] The resource https://vercel.com/_next/static/immutable/chunks/26_kjvxoedtei.css was preloaded using link preload but not used within a few seconds from the window's load event. Please make sure it has an appropriate `as` value and it is preloaded intentionally. @ https://vercel.com/rigo-melchor-s-projects/foxtrading/91Qta4xpj9aZM19rRginxfWu1Zpm:0
[   51927ms] [WARNING] The resource https://vercel.com/_next/static/immutable/chunks/1y7np90zxj-un.css was preloaded using link preload but not used within a few seconds from the window's load event. Please make sure it has an appropriate `as` value and it is preloaded intentionally. @ https://vercel.com/rigo-melchor-s-projects/foxtrading/91Qta4xpj9aZM19rRginxfWu1Zpm:0
[   51927ms] [WARNING] The resource https://vercel.com/_next/static/immutable/media/caa3a2e1cccd8315.p.0wgildi0cnwt9.woff2 was preloaded using link preload but not used within a few seconds from the window's load event. Please make sure it has an appropriate `as` value and it is preloaded intentionally. @ https://vercel.com/rigo-melchor-s-projects/foxtrading/91Qta4xpj9aZM19rRginxfWu1Zpm:0
[   51927ms] [WARNING] The resource https://vercel.com/_next/static/immutable/chunks/2xsdyifozdz06.css was preloaded using link preload but not used within a few seconds from the window's load event. Please make sure it has an appropriate `as` value and it is preloaded intentionally. @ https://vercel.com/rigo-melchor-s-projects/foxtrading/91Qta4xpj9aZM19rRginxfWu1Zpm:0
[   51927ms] [WARNING] The resource https://vercel.com/_next/static/immutable/media/logo-vercel-dark.28zbfuuys0x7i.svg was preloaded using link preload but not used within a few seconds from the window's load event. Please make sure it has an appropriate `as` value and it is preloaded intentionally. @ https://vercel.com/rigo-melchor-s-projects/foxtrading/91Qta4xpj9aZM19rRginxfWu1Zpm:0
[   51927ms] [WARNING] The resource https://vercel.com/_next/static/immutable/chunks/1mvkrfndostfj.css was preloaded using link preload but not used within a few seconds from the window's load event. Please make sure it has an appropriate `as` value and it is preloaded intentionally. @ https://vercel.com/rigo-melchor-s-projects/foxtrading/91Qta4xpj9aZM19rRginxfWu1Zpm:0
[   51927ms] [WARNING] The resource https://vercel.com/_next/static/immutable/chunks/0vmhpedf_b0j8.css was preloaded using link preload but not used within a few seconds from the window's load event. Please make sure it has an appropriate `as` value and it is preloaded intentionally. @ https://vercel.com/rigo-melchor-s-projects/foxtrading/91Qta4xpj9aZM19rRginxfWu1Zpm:0
[   51927ms] [WARNING] The resource https://vercel.com/_next/static/immutable/media/GeistMono_Variable.p.1bcgm0qa26ixg.woff2 was preloaded using link preload but not used within a few seconds from the window's load event. Please make sure it has an appropriate `as` value and it is preloaded intentionally. @ https://vercel.com/rigo-melchor-s-projects/foxtrading/91Qta4xpj9aZM19rRginxfWu1Zpm:0
[   51927ms] [WARNING] The resource https://vercel.com/_next/static/immutable/chunks/3d792zqltro0t.css was preloaded using link preload but not used within a few seconds from the window's load event. Please make sure it has an appropriate `as` value and it is preloaded intentionally. @ https://vercel.com/rigo-melchor-s-projects/foxtrading/91Qta4xpj9aZM19rRginxfWu1Zpm:0
[   51927ms] [WARNING] The resource https://vercel.com/_next/static/immutable/chunks/1yl8955ma4q4-.css was preloaded using link preload but not used within a few seconds from the window's load event. Please make sure it has an appropriate `as` value and it is preloaded intentionally. @ https://vercel.com/rigo-melchor-s-projects/foxtrading/91Qta4xpj9aZM19rRginxfWu1Zpm:0
[   51927ms] [WARNING] The resource https://vercel.com/_next/static/immutable/chunks/0-shbsz3-8ybx.css was preloaded using link preload but not used within a few seconds from the window's load event. Please make sure it has an appropriate `as` value and it is preloaded intentionally. @ https://vercel.com/rigo-melchor-s-projects/foxtrading/91Qta4xpj9aZM19rRginxfWu1Zpm:0
[   51927ms] [WARNING] The resource https://vercel.com/_next/static/immutable/chunks/3z36ncuffz89v.css was preloaded using link preload but not used within a few seconds from the window's load event. Please make sure it has an appropriate `as` value and it is preloaded intentionally. @ https://vercel.com/rigo-melchor-s-projects/foxtrading/91Qta4xpj9aZM19rRginxfWu1Zpm:0
[   51927ms] [WARNING] The resource https://vercel.com/_next/static/immutable/chunks/3z9uffp9rqnx8.css was preloaded using link preload but not used within a few seconds from the window's load event. Please make sure it has an appropriate `as` value and it is preloaded intentionally. @ https://vercel.com/rigo-melchor-s-projects/foxtrading/91Qta4xpj9aZM19rRginxfWu1Zpm:0
[   51927ms] [WARNING] The resource https://vercel.com/_next/static/immutable/chunks/1xg6gg5e39tni.css was preloaded using link preload but not used within a few seconds from the window's load event. Please make sure it has an appropriate `as` value and it is preloaded intentionally. @ https://vercel.com/rigo-melchor-s-projects/foxtrading/91Qta4xpj9aZM19rRginxfWu1Zpm:0
[   51927ms] [WARNING] The resource https://vercel.com/_next/static/immutable/chunks/1hzff2kh3gano.css was preloaded using link preload but not used within a few seconds from the window's load event. Please make sure it has an appropriate `as` value and it is preloaded intentionally. @ https://vercel.com/rigo-melchor-s-projects/foxtrading/91Qta4xpj9aZM19rRginxfWu1Zpm:0
[   51927ms] [WARNING] The resource https://vercel.com/_next/static/immutable/chunks/044vmykz7q7vs.css was preloaded using link preload but not used within a few seconds from the window's load event. Please make sure it has an appropriate `as` value and it is preloaded intentionally. @ https://vercel.com/rigo-melchor-s-projects/foxtrading/91Qta4xpj9aZM19rRginxfWu1Zpm:0
[   51927ms] [WARNING] The resource https://vercel.com/_next/static/immutable/media/logo-vercel-light.3an2_9g6dt4xn.svg was preloaded using link preload but not used within a few seconds from the window's load event. Please make sure it has an appropriate `as` value and it is preloaded intentionally. @ https://vercel.com/rigo-melchor-s-projects/foxtrading/91Qta4xpj9aZM19rRginxfWu1Zpm:0
[   51927ms] [WARNING] The resource https://vercel.com/_next/static/immutable/chunks/0rblmumf_9wz1.css was preloaded using link preload but not used within a few seconds from the window's load event. Please make sure it has an appropriate `as` value and it is preloaded intentionally. @ https://vercel.com/rigo-melchor-s-projects/foxtrading/91Qta4xpj9aZM19rRginxfWu1Zpm:0
[   51927ms] [WARNING] The resource https://vercel.com/_next/static/immutable/chunks/25nnd13fh_4k5.css was preloaded using link preload but not used within a few seconds from the window's load event. Please make sure it has an appropriate `as` value and it is preloaded intentionally. @ https://vercel.com/rigo-melchor-s-projects/foxtrading/91Qta4xpj9aZM19rRginxfWu1Zpm:0
[   51927ms] [WARNING] The resource https://vercel.com/_next/static/immutable/chunks/3p9g28no3_hj-.css was preloaded using link preload but not used within a few seconds from the window's load event. Please make sure it has an appropriate `as` value and it is preloaded intentionally. @ https://vercel.com/rigo-melchor-s-projects/foxtrading/91Qta4xpj9aZM19rRginxfWu1Zpm:0
[   51927ms] [WARNING] The resource https://vercel.com/_next/static/immutable/chunks/3fd49nnoyujvi.css was preloaded using link preload but not used within a few seconds from the window's load event. Please make sure it has an appropriate `as` value and it is preloaded intentionally. @ https://vercel.com/rigo-melchor-s-projects/foxtrading/91Qta4xpj9aZM19rRginxfWu1Zpm:0
[   51927ms] [WARNING] The resource https://vercel.com/_next/static/immutable/chunks/1dpcx2e86le6i.css was preloaded using link preload but not used within a few seconds from the window's load event. Please make sure it has an appropriate `as` value and it is preloaded intentionally. @ https://vercel.com/rigo-melchor-s-projects/foxtrading/91Qta4xpj9aZM19rRginxfWu1Zpm:0
[   51927ms] [WARNING] The resource https://vercel.com/_next/static/immutable/chunks/2cegy48-lpb69.css was preloaded using link preload but not used within a few seconds from the window's load event. Please make sure it has an appropriate `as` value and it is preloaded intentionally. @ https://vercel.com/rigo-melchor-s-projects/foxtrading/91Qta4xpj9aZM19rRginxfWu1Zpm:0
[   51927ms] [WARNING] The resource https://vercel.com/_next/static/immutable/chunks/26_kjvxoedtei.css was preloaded using link preload but not used within a few seconds from the window's load event. Please make sure it has an appropriate `as` value and it is preloaded intentionally. @ https://vercel.com/rigo-melchor-s-projects/foxtrading/91Qta4xpj9aZM19rRginxfWu1Zpm:0
[   55136ms] [WARNING] The resource https://vercel.com/_next/static/immutable/chunks/1y7np90zxj-un.css was preloaded using link preload but not used within a few seconds from the window's load event. Please make sure it has an appropriate `as` value and it is preloaded intentionally. @ https://vercel.com/rigo-melchor-s-projects/foxtrading/91Qta4xpj9aZM19rRginxfWu1Zpm:0
[   55136ms] [WARNING] The resource https://vercel.com/_next/static/immutable/media/caa3a2e1cccd8315.p.0wgildi0cnwt9.woff2 was preloaded using link preload but not used within a few seconds from the window's load event. Please make sure it has an appropriate `as` value and it is preloaded intentionally. @ https://vercel.com/rigo-melchor-s-projects/foxtrading/91Qta4xpj9aZM19rRginxfWu1Zpm:0
[   55136ms] [WARNING] The resource https://vercel.com/_next/static/immutable/chunks/2xsdyifozdz06.css was preloaded using link preload but not used within a few seconds from the window's load event. Please make sure it has an appropriate `as` value and it is preloaded intentionally. @ https://vercel.com/rigo-melchor-s-projects/foxtrading/91Qta4xpj9aZM19rRginxfWu1Zpm:0
[   55136ms] [WARNING] The resource https://vercel.com/_next/static/immutable/media/logo-vercel-dark.28zbfuuys0x7i.svg was preloaded using link preload but not used within a few seconds from the window's load event. Please make sure it has an appropriate `as` value and it is preloaded intentionally. @ https://vercel.com/rigo-melchor-s-projects/foxtrading/91Qta4xpj9aZM19rRginxfWu1Zpm:0
[   55136ms] [WARNING] The resource https://vercel.com/_next/static/immutable/chunks/1mvkrfndostfj.css was preloaded using link preload but not used within a few seconds from the window's load event. Please make sure it has an appropriate `as` value and it is preloaded intentionally. @ https://vercel.com/rigo-melchor-s-projects/foxtrading/91Qta4xpj9aZM19rRginxfWu1Zpm:0
[   55136ms] [WARNING] The resource https://vercel.com/_next/static/immutable/chunks/0vmhpedf_b0j8.css was preloaded using link preload but not used within a few seconds from the window's load event. Please make sure it has an appropriate `as` value and it is preloaded intentionally. @ https://vercel.com/rigo-melchor-s-projects/foxtrading/91Qta4xpj9aZM19rRginxfWu1Zpm:0
[   55136ms] [WARNING] The resource https://vercel.com/_next/static/immutable/media/GeistMono_Variable.p.1bcgm0qa26ixg.woff2 was preloaded using link preload but not used within a few seconds from the window's load event. Please make sure it has an appropriate `as` value and it is preloaded intentionally. @ https://vercel.com/rigo-melchor-s-projects/foxtrading/91Qta4xpj9aZM19rRginxfWu1Zpm:0
[   55136ms] [WARNING] The resource https://vercel.com/_next/static/immutable/chunks/3d792zqltro0t.css was preloaded using link preload but not used within a few seconds from the window's load event. Please make sure it has an appropriate `as` value and it is preloaded intentionally. @ https://vercel.com/rigo-melchor-s-projects/foxtrading/91Qta4xpj9aZM19rRginxfWu1Zpm:0
[   55136ms] [WARNING] The resource https://vercel.com/_next/static/immutable/chunks/1yl8955ma4q4-.css was preloaded using link preload but not used within a few seconds from the window's load event. Please make sure it has an appropriate `as` value and it is preloaded intentionally. @ https://vercel.com/rigo-melchor-s-projects/foxtrading/91Qta4xpj9aZM19rRginxfWu1Zpm:0
[   55136ms] [WARNING] The resource https://vercel.com/_next/static/immutable/chunks/0-shbsz3-8ybx.css was preloaded using link preload but not used within a few seconds from the window's load event. Please make sure it has an appropriate `as` value and it is preloaded intentionally. @ https://vercel.com/rigo-melchor-s-projects/foxtrading/91Qta4xpj9aZM19rRginxfWu1Zpm:0
[   55136ms] [WARNING] The resource https://vercel.com/_next/static/immutable/chunks/3z36ncuffz89v.css was preloaded using link preload but not used within a few seconds from the window's load event. Please make sure it has an appropriate `as` value and it is preloaded intentionally. @ https://vercel.com/rigo-melchor-s-projects/foxtrading/91Qta4xpj9aZM19rRginxfWu1Zpm:0
[   55136ms] [WARNING] The resource https://vercel.com/_next/static/immutable/chunks/3z9uffp9rqnx8.css was preloaded using link preload but not used within a few seconds from the window's load event. Please make sure it has an appropriate `as` value and it is preloaded intentionally. @ https://vercel.com/rigo-melchor-s-projects/foxtrading/91Qta4xpj9aZM19rRginxfWu1Zpm:0
[   55136ms] [WARNING] The resource https://vercel.com/_next/static/immutable/chunks/1xg6gg5e39tni.css was preloaded using link preload but not used within a few seconds from the window's load event. Please make sure it has an appropriate `as` value and it is preloaded intentionally. @ https://vercel.com/rigo-melchor-s-projects/foxtrading/91Qta4xpj9aZM19rRginxfWu1Zpm:0
[   55136ms] [WARNING] The resource https://vercel.com/_next/static/immutable/chunks/1hzff2kh3gano.css was preloaded using link preload but not used within a few seconds from the window's load event. Please make sure it has an appropriate `as` value and it is preloaded intentionally. @ https://vercel.com/rigo-melchor-s-projects/foxtrading/91Qta4xpj9aZM19rRginxfWu1Zpm:0
[   55136ms] [WARNING] The resource https://vercel.com/_next/static/immutable/chunks/044vmykz7q7vs.css was preloaded using link preload but not used within a few seconds from the window's load event. Please make sure it has an appropriate `as` value and it is preloaded intentionally. @ https://vercel.com/rigo-melchor-s-projects/foxtrading/91Qta4xpj9aZM19rRginxfWu1Zpm:0
[   55136ms] [WARNING] The resource https://vercel.com/_next/static/immutable/media/logo-vercel-light.3an2_9g6dt4xn.svg was preloaded using link preload but not used within a few seconds from the window's load event. Please make sure it has an appropriate `as` value and it is preloaded intentionally. @ https://vercel.com/rigo-melchor-s-projects/foxtrading/91Qta4xpj9aZM19rRginxfWu1Zpm:0
[   55136ms] [WARNING] The resource https://vercel.com/_next/static/immutable/chunks/0rblmumf_9wz1.css was preloaded using link preload but not used within a few seconds from the window's load event. Please make sure it has an appropriate `as` value and it is preloaded intentionally. @ https://vercel.com/rigo-melchor-s-projects/foxtrading/91Qta4xpj9aZM19rRginxfWu1Zpm:0
[   55136ms] [WARNING] The resource https://vercel.com/_next/static/immutable/chunks/25nnd13fh_4k5.css was preloaded using link preload but not used within a few seconds from the window's load event. Please make sure it has an appropriate `as` value and it is preloaded intentionally. @ https://vercel.com/rigo-melchor-s-projects/foxtrading/91Qta4xpj9aZM19rRginxfWu1Zpm:0
[   55136ms] [WARNING] The resource https://vercel.com/_next/static/immutable/chunks/3p9g28no3_hj-.css was preloaded using link preload but not used within a few seconds from the window's load event. Please make sure it has an appropriate `as` value and it is preloaded intentionally. @ https://vercel.com/rigo-melchor-s-projects/foxtrading/91Qta4xpj9aZM19rRginxfWu1Zpm:0
[   55136ms] [WARNING] The resource https://vercel.com/_next/static/immutable/chunks/3fd49nnoyujvi.css was preloaded using link preload but not used within a few seconds from the window's load event. Please make sure it has an appropriate `as` value and it is preloaded intentionally. @ https://vercel.com/rigo-melchor-s-projects/foxtrading/91Qta4xpj9aZM19rRginxfWu1Zpm:0
[   55136ms] [WARNING] The resource https://vercel.com/_next/static/immutable/chunks/1dpcx2e86le6i.css was preloaded using link preload but not used within a few seconds from the window's load event. Please make sure it has an appropriate `as` value and it is preloaded intentionally. @ https://vercel.com/rigo-melchor-s-projects/foxtrading/91Qta4xpj9aZM19rRginxfWu1Zpm:0
[   55136ms] [WARNING] The resource https://vercel.com/_next/static/immutable/chunks/2cegy48-lpb69.css was preloaded using link preload but not used within a few seconds from the window's load event. Please make sure it has an appropriate `as` value and it is preloaded intentionally. @ https://vercel.com/rigo-melchor-s-projects/foxtrading/91Qta4xpj9aZM19rRginxfWu1Zpm:0
[   55136ms] [WARNING] The resource https://vercel.com/_next/static/immutable/chunks/26_kjvxoedtei.css was preloaded using link preload but not used within a few seconds from the window's load event. Please make sure it has an appropriate `as` value and it is preloaded intentionally. @ https://vercel.com/rigo-melchor-s-projects/foxtrading/91Qta4xpj9aZM19rRginxfWu1Zpm:0
[   58333ms] [WARNING] The resource https://vercel.com/_next/static/immutable/chunks/1y7np90zxj-un.css was preloaded using link preload but not used within a few seconds from the window's load event. Please make sure it has an appropriate `as` value and it is preloaded intentionally. @ https://vercel.com/rigo-melchor-s-projects/foxtrading/91Qta4xpj9aZM19rRginxfWu1Zpm:0
[   58334ms] [WARNING] The resource https://vercel.com/_next/static/immutable/media/caa3a2e1cccd8315.p.0wgildi0cnwt9.woff2 was preloaded using link preload but not used within a few seconds from the window's load event. Please make sure it has an appropriate `as` value and it is preloaded intentionally. @ https://vercel.com/rigo-melchor-s-projects/foxtrading/91Qta4xpj9aZM19rRginxfWu1Zpm:0
[   58334ms] [WARNING] The resource https://vercel.com/_next/static/immutable/chunks/2xsdyifozdz06.css was preloaded using link preload but not used within a few seconds from the window's load event. Please make sure it has an appropriate `as` value and it is preloaded intentionally. @ https://vercel.com/rigo-melchor-s-projects/foxtrading/91Qta4xpj9aZM19rRginxfWu1Zpm:0
[   58334ms] [WARNING] The resource https://vercel.com/_next/static/immutable/media/logo-vercel-dark.28zbfuuys0x7i.svg was preloaded using link preload but not used within a few seconds from the window's load event. Please make sure it has an appropriate `as` value and it is preloaded intentionally. @ https://vercel.com/rigo-melchor-s-projects/foxtrading/91Qta4xpj9aZM19rRginxfWu1Zpm:0
[   58334ms] [WARNING] The resource https://vercel.com/_next/static/immutable/chunks/1mvkrfndostfj.css was preloaded using link preload but not used within a few seconds from the window's load event. Please make sure it has an appropriate `as` value and it is preloaded intentionally. @ https://vercel.com/rigo-melchor-s-projects/foxtrading/91Qta4xpj9aZM19rRginxfWu1Zpm:0
[   58334ms] [WARNING] The resource https://vercel.com/_next/static/immutable/chunks/0vmhpedf_b0j8.css was preloaded using link preload but not used within a few seconds from the window's load event. Please make sure it has an appropriate `as` value and it is preloaded intentionally. @ https://vercel.com/rigo-melchor-s-projects/foxtrading/91Qta4xpj9aZM19rRginxfWu1Zpm:0
[   58334ms] [WARNING] The resource https://vercel.com/_next/static/immutable/media/GeistMono_Variable.p.1bcgm0qa26ixg.woff2 was preloaded using link preload but not used within a few seconds from the window's load event. Please make sure it has an appropriate `as` value and it is preloaded intentionally. @ https://vercel.com/rigo-melchor-s-projects/foxtrading/91Qta4xpj9aZM19rRginxfWu1Zpm:0
[   58334ms] [WARNING] The resource https://vercel.com/_next/static/immutable/chunks/3d792zqltro0t.css was preloaded using link preload but not used within a few seconds from the window's load event. Please make sure it has an appropriate `as` value and it is preloaded intentionally. @ https://vercel.com/rigo-melchor-s-projects/foxtrading/91Qta4xpj9aZM19rRginxfWu1Zpm:0
[   58334ms] [WARNING] The resource https://vercel.com/_next/static/immutable/chunks/1yl8955ma4q4-.css was preloaded using link preload but not used within a few seconds from the window's load event. Please make sure it has an appropriate `as` value and it is preloaded intentionally. @ https://vercel.com/rigo-melchor-s-projects/foxtrading/91Qta4xpj9aZM19rRginxfWu1Zpm:0
[   58334ms] [WARNING] The resource https://vercel.com/_next/static/immutable/chunks/0-shbsz3-8ybx.css was preloaded using link preload but not used within a few seconds from the window's load event. Please make sure it has an appropriate `as` value and it is preloaded intentionally. @ https://vercel.com/rigo-melchor-s-projects/foxtrading/91Qta4xpj9aZM19rRginxfWu1Zpm:0
[   58334ms] [WARNING] The resource https://vercel.com/_next/static/immutable/chunks/3z36ncuffz89v.css was preloaded using link preload but not used within a few seconds from the window's load event. Please make sure it has an appropriate `as` value and it is preloaded intentionally. @ https://vercel.com/rigo-melchor-s-projects/foxtrading/91Qta4xpj9aZM19rRginxfWu1Zpm:0
[   58334ms] [WARNING] The resource https://vercel.com/_next/static/immutable/chunks/3z9uffp9rqnx8.css was preloaded using link preload but not used within a few seconds from the window's load event. Please make sure it has an appropriate `as` value and it is preloaded intentionally. @ https://vercel.com/rigo-melchor-s-projects/foxtrading/91Qta4xpj9aZM19rRginxfWu1Zpm:0
[   58334ms] [WARNING] The resource https://vercel.com/_next/static/immutable/chunks/1xg6gg5e39tni.css was preloaded using link preload but not used within a few seconds from the window's load event. Please make sure it has an appropriate `as` value and it is preloaded intentionally. @ https://vercel.com/rigo-melchor-s-projects/foxtrading/91Qta4xpj9aZM19rRginxfWu1Zpm:0
[   58334ms] [WARNING] The resource https://vercel.com/_next/static/immutable/chunks/1hzff2kh3gano.css was preloaded using link preload but not used within a few seconds from the window's load event. Please make sure it has an appropriate `as` value and it is preloaded intentionally. @ https://vercel.com/rigo-melchor-s-projects/foxtrading/91Qta4xpj9aZM19rRginxfWu1Zpm:0
[   58334ms] [WARNING] The resource https://vercel.com/_next/static/immutable/chunks/044vmykz7q7vs.css was preloaded using link preload but not used within a few seconds from the window's load event. Please make sure it has an appropriate `as` value and it is preloaded intentionally. @ https://vercel.com/rigo-melchor-s-projects/foxtrading/91Qta4xpj9aZM19rRginxfWu1Zpm:0
[   58334ms] [WARNING] The resource https://vercel.com/_next/static/immutable/media/logo-vercel-light.3an2_9g6dt4xn.svg was preloaded using link preload but not used within a few seconds from the window's load event. Please make sure it has an appropriate `as` value and it is preloaded intentionally. @ https://vercel.com/rigo-melchor-s-projects/foxtrading/91Qta4xpj9aZM19rRginxfWu1Zpm:0
[   58334ms] [WARNING] The resource https://vercel.com/_next/static/immutable/chunks/0rblmumf_9wz1.css was preloaded using link preload but not used within a few seconds from the window's load event. Please make sure it has an appropriate `as` value and it is preloaded intentionally. @ https://vercel.com/rigo-melchor-s-projects/foxtrading/91Qta4xpj9aZM19rRginxfWu1Zpm:0
[   58334ms] [WARNING] The resource https://vercel.com/_next/static/immutable/chunks/25nnd13fh_4k5.css was preloaded using link preload but not used within a few seconds from the window's load event. Please make sure it has an appropriate `as` value and it is preloaded intentionally. @ https://vercel.com/rigo-melchor-s-projects/foxtrading/91Qta4xpj9aZM19rRginxfWu1Zpm:0
[   58334ms] [WARNING] The resource https://vercel.com/_next/static/immutable/chunks/3p9g28no3_hj-.css was preloaded using link preload but not used within a few seconds from the window's load event. Please make sure it has an appropriate `as` value and it is preloaded intentionally. @ https://vercel.com/rigo-melchor-s-projects/foxtrading/91Qta4xpj9aZM19rRginxfWu1Zpm:0
[   58334ms] [WARNING] The resource https://vercel.com/_next/static/immutable/chunks/3fd49nnoyujvi.css was preloaded using link preload but not used within a few seconds from the window's load event. Please make sure it has an appropriate `as` value and it is preloaded intentionally. @ https://vercel.com/rigo-melchor-s-projects/foxtrading/91Qta4xpj9aZM19rRginxfWu1Zpm:0
[   58334ms] [WARNING] The resource https://vercel.com/_next/static/immutable/chunks/1dpcx2e86le6i.css was preloaded using link preload but not used within a few seconds from the window's load event. Please make sure it has an appropriate `as` value and it is preloaded intentionally. @ https://vercel.com/rigo-melchor-s-projects/foxtrading/91Qta4xpj9aZM19rRginxfWu1Zpm:0
[   58334ms] [WARNING] The resource https://vercel.com/_next/static/immutable/chunks/2cegy48-lpb69.css was preloaded using link preload but not used within a few seconds from the window's load event. Please make sure it has an appropriate `as` value and it is preloaded intentionally. @ https://vercel.com/rigo-melchor-s-projects/foxtrading/91Qta4xpj9aZM19rRginxfWu1Zpm:0
[   58334ms] [WARNING] The resource https://vercel.com/_next/static/immutable/chunks/26_kjvxoedtei.css was preloaded using link preload but not used within a few seconds from the window's load event. Please make sure it has an appropriate `as` value and it is preloaded intentionally. @ https://vercel.com/rigo-melchor-s-projects/foxtrading/91Qta4xpj9aZM19rRginxfWu1Zpm:0
[   61547ms] [WARNING] The resource https://vercel.com/_next/static/immutable/chunks/1y7np90zxj-un.css was preloaded using link preload but not used within a few seconds from the window's load event. Please make sure it has an appropriate `as` value and it is preloaded intentionally. @ https://vercel.com/rigo-melchor-s-projects/foxtrading/91Qta4xpj9aZM19rRginxfWu1Zpm:0
[   61547ms] [WARNING] The resource https://vercel.com/_next/static/immutable/media/caa3a2e1cccd8315.p.0wgildi0cnwt9.woff2 was preloaded using link preload but not used within a few seconds from the window's load event. Please make sure it has an appropriate `as` value and it is preloaded intentionally. @ https://vercel.com/rigo-melchor-s-projects/foxtrading/91Qta4xpj9aZM19rRginxfWu1Zpm:0
[   61547ms] [WARNING] The resource https://vercel.com/_next/static/immutable/chunks/2xsdyifozdz06.css was preloaded using link preload but not used within a few seconds from the window's load event. Please make sure it has an appropriate `as` value and it is preloaded intentionally. @ https://vercel.com/rigo-melchor-s-projects/foxtrading/91Qta4xpj9aZM19rRginxfWu1Zpm:0
[   61547ms] [WARNING] The resource https://vercel.com/_next/static/immutable/media/logo-vercel-dark.28zbfuuys0x7i.svg was preloaded using link preload but not used within a few seconds from the window's load event. Please make sure it has an appropriate `as` value and it is preloaded intentionally. @ https://vercel.com/rigo-melchor-s-projects/foxtrading/91Qta4xpj9aZM19rRginxfWu1Zpm:0
[   61547ms] [WARNING] The resource https://vercel.com/_next/static/immutable/chunks/1mvkrfndostfj.css was preloaded using link preload but not used within a few seconds from the window's load event. Please make sure it has an appropriate `as` value and it is preloaded intentionally. @ https://vercel.com/rigo-melchor-s-projects/foxtrading/91Qta4xpj9aZM19rRginxfWu1Zpm:0
[   61547ms] [WARNING] The resource https://vercel.com/_next/static/immutable/chunks/0vmhpedf_b0j8.css was preloaded using link preload but not used within a few seconds from the window's load event. Please make sure it has an appropriate `as` value and it is preloaded intentionally. @ https://vercel.com/rigo-melchor-s-projects/foxtrading/91Qta4xpj9aZM19rRginxfWu1Zpm:0
[   61547ms] [WARNING] The resource https://vercel.com/_next/static/immutable/media/GeistMono_Variable.p.1bcgm0qa26ixg.woff2 was preloaded using link preload but not used within a few seconds from the window's load event. Please make sure it has an appropriate `as` value and it is preloaded intentionally. @ https://vercel.com/rigo-melchor-s-projects/foxtrading/91Qta4xpj9aZM19rRginxfWu1Zpm:0
[   61547ms] [WARNING] The resource https://vercel.com/_next/static/immutable/chunks/3d792zqltro0t.css was preloaded using link preload but not used within a few seconds from the window's load event. Please make sure it has an appropriate `as` value and it is preloaded intentionally. @ https://vercel.com/rigo-melchor-s-projects/foxtrading/91Qta4xpj9aZM19rRginxfWu1Zpm:0
[   61547ms] [WARNING] The resource https://vercel.com/_next/static/immutable/chunks/1yl8955ma4q4-.css was preloaded using link preload but not used within a few seconds from the window's load event. Please make sure it has an appropriate `as` value and it is preloaded intentionally. @ https://vercel.com/rigo-melchor-s-projects/foxtrading/91Qta4xpj9aZM19rRginxfWu1Zpm:0
[   61547ms] [WARNING] The resource https://vercel.com/_next/static/immutable/chunks/0-shbsz3-8ybx.css was preloaded using link preload but not used within a few seconds from the window's load event. Please make sure it has an appropriate `as` value and it is preloaded intentionally. @ https://vercel.com/rigo-melchor-s-projects/foxtrading/91Qta4xpj9aZM19rRginxfWu1Zpm:0
[   61547ms] [WARNING] The resource https://vercel.com/_next/static/immutable/chunks/3z36ncuffz89v.css was preloaded using link preload but not used within a few seconds from the window's load event. Please make sure it has an appropriate `as` value and it is preloaded intentionally. @ https://vercel.com/rigo-melchor-s-projects/foxtrading/91Qta4xpj9aZM19rRginxfWu1Zpm:0
[   61547ms] [WARNING] The resource https://vercel.com/_next/static/immutable/chunks/3z9uffp9rqnx8.css was preloaded using link preload but not used within a few seconds from the window's load event. Please make sure it has an appropriate `as` value and it is preloaded intentionally. @ https://vercel.com/rigo-melchor-s-projects/foxtrading/91Qta4xpj9aZM19rRginxfWu1Zpm:0
[   61547ms] [WARNING] The resource https://vercel.com/_next/static/immutable/chunks/1xg6gg5e39tni.css was preloaded using link preload but not used within a few seconds from the window's load event. Please make sure it has an appropriate `as` value and it is preloaded intentionally. @ https://vercel.com/rigo-melchor-s-projects/foxtrading/91Qta4xpj9aZM19rRginxfWu1Zpm:0
[   61547ms] [WARNING] The resource https://vercel.com/_next/static/immutable/chunks/1hzff2kh3gano.css was preloaded using link preload but not used within a few seconds from the window's load event. Please make sure it has an appropriate `as` value and it is preloaded intentionally. @ https://vercel.com/rigo-melchor-s-projects/foxtrading/91Qta4xpj9aZM19rRginxfWu1Zpm:0
[   61547ms] [WARNING] The resource https://vercel.com/_next/static/immutable/chunks/044vmykz7q7vs.css was preloaded using link preload but not used within a few seconds from the window's load event. Please make sure it has an appropriate `as` value and it is preloaded intentionally. @ https://vercel.com/rigo-melchor-s-projects/foxtrading/91Qta4xpj9aZM19rRginxfWu1Zpm:0
[   61547ms] [WARNING] The resource https://vercel.com/_next/static/immutable/media/logo-vercel-light.3an2_9g6dt4xn.svg was preloaded using link preload but not used within a few seconds from the window's load event. Please make sure it has an appropriate `as` value and it is preloaded intentionally. @ https://vercel.com/rigo-melchor-s-projects/foxtrading/91Qta4xpj9aZM19rRginxfWu1Zpm:0
[   61547ms] [WARNING] The resource https://vercel.com/_next/static/immutable/chunks/0rblmumf_9wz1.css was preloaded using link preload but not used within a few seconds from the window's load event. Please make sure it has an appropriate `as` value and it is preloaded intentionally. @ https://vercel.com/rigo-melchor-s-projects/foxtrading/91Qta4xpj9aZM19rRginxfWu1Zpm:0
[   61548ms] [WARNING] The resource https://vercel.com/_next/static/immutable/chunks/25nnd13fh_4k5.css was preloaded using link preload but not used within a few seconds from the window's load event. Please make sure it has an appropriate `as` value and it is preloaded intentionally. @ https://vercel.com/rigo-melchor-s-projects/foxtrading/91Qta4xpj9aZM19rRginxfWu1Zpm:0
[   61548ms] [WARNING] The resource https://vercel.com/_next/static/immutable/chunks/3p9g28no3_hj-.css was preloaded using link preload but not used within a few seconds from the window's load event. Please make sure it has an appropriate `as` value and it is preloaded intentionally. @ https://vercel.com/rigo-melchor-s-projects/foxtrading/91Qta4xpj9aZM19rRginxfWu1Zpm:0
[   61548ms] [WARNING] The resource https://vercel.com/_next/static/immutable/chunks/3fd49nnoyujvi.css was preloaded using link preload but not used within a few seconds from the window's load event. Please make sure it has an appropriate `as` value and it is preloaded intentionally. @ https://vercel.com/rigo-melchor-s-projects/foxtrading/91Qta4xpj9aZM19rRginxfWu1Zpm:0
[   61548ms] [WARNING] The resource https://vercel.com/_next/static/immutable/chunks/1dpcx2e86le6i.css was preloaded using link preload but not used within a few seconds from the window's load event. Please make sure it has an appropriate `as` value and it is preloaded intentionally. @ https://vercel.com/rigo-melchor-s-projects/foxtrading/91Qta4xpj9aZM19rRginxfWu1Zpm:0
[   61548ms] [WARNING] The resource https://vercel.com/_next/static/immutable/chunks/2cegy48-lpb69.css was preloaded using link preload but not used within a few seconds from the window's load event. Please make sure it has an appropriate `as` value and it is preloaded intentionally. @ https://vercel.com/rigo-melchor-s-projects/foxtrading/91Qta4xpj9aZM19rRginxfWu1Zpm:0
[   61548ms] [WARNING] The resource https://vercel.com/_next/static/immutable/chunks/26_kjvxoedtei.css was preloaded using link preload but not used within a few seconds from the window's load event. Please make sure it has an appropriate `as` value and it is preloaded intentionally. @ https://vercel.com/rigo-melchor-s-projects/foxtrading/91Qta4xpj9aZM19rRginxfWu1Zpm:0
[   64761ms] [WARNING] The resource https://vercel.com/_next/static/immutable/chunks/1y7np90zxj-un.css was preloaded using link preload but not used within a few seconds from the window's load event. Please make sure it has an appropriate `as` value and it is preloaded intentionally. @ https://vercel.com/rigo-melchor-s-projects/foxtrading/91Qta4xpj9aZM19rRginxfWu1Zpm:0
[   64761ms] [WARNING] The resource https://vercel.com/_next/static/immutable/media/caa3a2e1cccd8315.p.0wgildi0cnwt9.woff2 was preloaded using link preload but not used within a few seconds from the window's load event. Please make sure it has an appropriate `as` value and it is preloaded intentionally. @ https://vercel.com/rigo-melchor-s-projects/foxtrading/91Qta4xpj9aZM19rRginxfWu1Zpm:0
[   64761ms] [WARNING] The resource https://vercel.com/_next/static/immutable/chunks/2xsdyifozdz06.css was preloaded using link preload but not used within a few seconds from the window's load event. Please make sure it has an appropriate `as` value and it is preloaded intentionally. @ https://vercel.com/rigo-melchor-s-projects/foxtrading/91Qta4xpj9aZM19rRginxfWu1Zpm:0
[   64761ms] [WARNING] The resource https://vercel.com/_next/static/immutable/media/logo-vercel-dark.28zbfuuys0x7i.svg was preloaded using link preload but not used within a few seconds from the window's load event. Please make sure it has an appropriate `as` value and it is preloaded intentionally. @ https://vercel.com/rigo-melchor-s-projects/foxtrading/91Qta4xpj9aZM19rRginxfWu1Zpm:0
[   64761ms] [WARNING] The resource https://vercel.com/_next/static/immutable/chunks/1mvkrfndostfj.css was preloaded using link preload but not used within a few seconds from the window's load event. Please make sure it has an appropriate `as` value and it is preloaded intentionally. @ https://vercel.com/rigo-melchor-s-projects/foxtrading/91Qta4xpj9aZM19rRginxfWu1Zpm:0
[   64761ms] [WARNING] The resource https://vercel.com/_next/static/immutable/chunks/0vmhpedf_b0j8.css was preloaded using link preload but not used within a few seconds from the window's load event. Please make sure it has an appropriate `as` value and it is preloaded intentionally. @ https://vercel.com/rigo-melchor-s-projects/foxtrading/91Qta4xpj9aZM19rRginxfWu1Zpm:0
[   64762ms] [WARNING] The resource https://vercel.com/_next/static/immutable/media/GeistMono_Variable.p.1bcgm0qa26ixg.woff2 was preloaded using link preload but not used within a few seconds from the window's load event. Please make sure it has an appropriate `as` value and it is preloaded intentionally. @ https://vercel.com/rigo-melchor-s-projects/foxtrading/91Qta4xpj9aZM19rRginxfWu1Zpm:0
[   64762ms] [WARNING] The resource https://vercel.com/_next/static/immutable/chunks/3d792zqltro0t.css was preloaded using link preload but not used within a few seconds from the window's load event. Please make sure it has an appropriate `as` value and it is preloaded intentionally. @ https://vercel.com/rigo-melchor-s-projects/foxtrading/91Qta4xpj9aZM19rRginxfWu1Zpm:0
[   64762ms] [WARNING] The resource https://vercel.com/_next/static/immutable/chunks/1yl8955ma4q4-.css was preloaded using link preload but not used within a few seconds from the window's load event. Please make sure it has an appropriate `as` value and it is preloaded intentionally. @ https://vercel.com/rigo-melchor-s-projects/foxtrading/91Qta4xpj9aZM19rRginxfWu1Zpm:0
[   64762ms] [WARNING] The resource https://vercel.com/_next/static/immutable/chunks/0-shbsz3-8ybx.css was preloaded using link preload but not used within a few seconds from the window's load event. Please make sure it has an appropriate `as` value and it is preloaded intentionally. @ https://vercel.com/rigo-melchor-s-projects/foxtrading/91Qta4xpj9aZM19rRginxfWu1Zpm:0
[   64762ms] [WARNING] The resource https://vercel.com/_next/static/immutable/chunks/3z36ncuffz89v.css was preloaded using link preload but not used within a few seconds from the window's load event. Please make sure it has an appropriate `as` value and it is preloaded intentionally. @ https://vercel.com/rigo-melchor-s-projects/foxtrading/91Qta4xpj9aZM19rRginxfWu1Zpm:0
[   64762ms] [WARNING] The resource https://vercel.com/_next/static/immutable/chunks/3z9uffp9rqnx8.css was preloaded using link preload but not used within a few seconds from the window's load event. Please make sure it has an appropriate `as` value and it is preloaded intentionally. @ https://vercel.com/rigo-melchor-s-projects/foxtrading/91Qta4xpj9aZM19rRginxfWu1Zpm:0
[   64762ms] [WARNING] The resource https://vercel.com/_next/static/immutable/chunks/1xg6gg5e39tni.css was preloaded using link preload but not used within a few seconds from the window's load event. Please make sure it has an appropriate `as` value and it is preloaded intentionally. @ https://vercel.com/rigo-melchor-s-projects/foxtrading/91Qta4xpj9aZM19rRginxfWu1Zpm:0
[   64762ms] [WARNING] The resource https://vercel.com/_next/static/immutable/chunks/1hzff2kh3gano.css was preloaded using link preload but not used within a few seconds from the window's load event. Please make sure it has an appropriate `as` value and it is preloaded intentionally. @ https://vercel.com/rigo-melchor-s-projects/foxtrading/91Qta4xpj9aZM19rRginxfWu1Zpm:0
[   64762ms] [WARNING] The resource https://vercel.com/_next/static/immutable/chunks/044vmykz7q7vs.css was preloaded using link preload but not used within a few seconds from the window's load event. Please make sure it has an appropriate `as` value and it is preloaded intentionally. @ https://vercel.com/rigo-melchor-s-projects/foxtrading/91Qta4xpj9aZM19rRginxfWu1Zpm:0
[   64762ms] [WARNING] The resource https://vercel.com/_next/static/immutable/media/logo-vercel-light.3an2_9g6dt4xn.svg was preloaded using link preload but not used within a few seconds from the window's load event. Please make sure it has an appropriate `as` value and it is preloaded intentionally. @ https://vercel.com/rigo-melchor-s-projects/foxtrading/91Qta4xpj9aZM19rRginxfWu1Zpm:0
[   64762ms] [WARNING] The resource https://vercel.com/_next/static/immutable/chunks/0rblmumf_9wz1.css was preloaded using link preload but not used within a few seconds from the window's load event. Please make sure it has an appropriate `as` value and it is preloaded intentionally. @ https://vercel.com/rigo-melchor-s-projects/foxtrading/91Qta4xpj9aZM19rRginxfWu1Zpm:0
[   64762ms] [WARNING] The resource https://vercel.com/_next/static/immutable/chunks/25nnd13fh_4k5.css was preloaded using link preload but not used within a few seconds from the window's load event. Please make sure it has an appropriate `as` value and it is preloaded intentionally. @ https://vercel.com/rigo-melchor-s-projects/foxtrading/91Qta4xpj9aZM19rRginxfWu1Zpm:0
[   64762ms] [WARNING] The resource https://vercel.com/_next/static/immutable/chunks/3p9g28no3_hj-.css was preloaded using link preload but not used within a few seconds from the window's load event. Please make sure it has an appropriate `as` value and it is preloaded intentionally. @ https://vercel.com/rigo-melchor-s-projects/foxtrading/91Qta4xpj9aZM19rRginxfWu1Zpm:0
[   64762ms] [WARNING] The resource https://vercel.com/_next/static/immutable/chunks/3fd49nnoyujvi.css was preloaded using link preload but not used within a few seconds from the window's load event. Please make sure it has an appropriate `as` value and it is preloaded intentionally. @ https://vercel.com/rigo-melchor-s-projects/foxtrading/91Qta4xpj9aZM19rRginxfWu1Zpm:0
[   64762ms] [WARNING] The resource https://vercel.com/_next/static/immutable/chunks/1dpcx2e86le6i.css was preloaded using link preload but not used within a few seconds from the window's load event. Please make sure it has an appropriate `as` value and it is preloaded intentionally. @ https://vercel.com/rigo-melchor-s-projects/foxtrading/91Qta4xpj9aZM19rRginxfWu1Zpm:0
[   64762ms] [WARNING] The resource https://vercel.com/_next/static/immutable/chunks/2cegy48-lpb69.css was preloaded using link preload but not used within a few seconds from the window's load event. Please make sure it has an appropriate `as` value and it is preloaded intentionally. @ https://vercel.com/rigo-melchor-s-projects/foxtrading/91Qta4xpj9aZM19rRginxfWu1Zpm:0
[   64762ms] [WARNING] The resource https://vercel.com/_next/static/immutable/chunks/26_kjvxoedtei.css was preloaded using link preload but not used within a few seconds from the window's load event. Please make sure it has an appropriate `as` value and it is preloaded intentionally. @ https://vercel.com/rigo-melchor-s-projects/foxtrading/91Qta4xpj9aZM19rRginxfWu1Zpm:0
[   67960ms] [WARNING] The resource https://vercel.com/_next/static/immutable/chunks/1y7np90zxj-un.css was preloaded using link preload but not used within a few seconds from the window's load event. Please make sure it has an appropriate `as` value and it is preloaded intentionally. @ https://vercel.com/rigo-melchor-s-projects/foxtrading/91Qta4xpj9aZM19rRginxfWu1Zpm:0
[   67960ms] [WARNING] The resource https://vercel.com/_next/static/immutable/media/caa3a2e1cccd8315.p.0wgildi0cnwt9.woff2 was preloaded using link preload but not used within a few seconds from the window's load event. Please make sure it has an appropriate `as` value and it is preloaded intentionally. @ https://vercel.com/rigo-melchor-s-projects/foxtrading/91Qta4xpj9aZM19rRginxfWu1Zpm:0
[   67960ms] [WARNING] The resource https://vercel.com/_next/static/immutable/chunks/2xsdyifozdz06.css was preloaded using link preload but not used within a few seconds from the window's load event. Please make sure it has an appropriate `as` value and it is preloaded intentionally. @ https://vercel.com/rigo-melchor-s-projects/foxtrading/91Qta4xpj9aZM19rRginxfWu1Zpm:0
[   67960ms] [WARNING] The resource https://vercel.com/_next/static/immutable/media/logo-vercel-dark.28zbfuuys0x7i.svg was preloaded using link preload but not used within a few seconds from the window's load event. Please make sure it has an appropriate `as` value and it is preloaded intentionally. @ https://vercel.com/rigo-melchor-s-projects/foxtrading/91Qta4xpj9aZM19rRginxfWu1Zpm:0
[   67960ms] [WARNING] The resource https://vercel.com/_next/static/immutable/chunks/1mvkrfndostfj.css was preloaded using link preload but not used within a few seconds from the window's load event. Please make sure it has an appropriate `as` value and it is preloaded intentionally. @ https://vercel.com/rigo-melchor-s-projects/foxtrading/91Qta4xpj9aZM19rRginxfWu1Zpm:0
[   67960ms] [WARNING] The resource https://vercel.com/_next/static/immutable/chunks/0vmhpedf_b0j8.css was preloaded using link preload but not used within a few seconds from the window's load event. Please make sure it has an appropriate `as` value and it is preloaded intentionally. @ https://vercel.com/rigo-melchor-s-projects/foxtrading/91Qta4xpj9aZM19rRginxfWu1Zpm:0
[   67960ms] [WARNING] The resource https://vercel.com/_next/static/immutable/media/GeistMono_Variable.p.1bcgm0qa26ixg.woff2 was preloaded using link preload but not used within a few seconds from the window's load event. Please make sure it has an appropriate `as` value and it is preloaded intentionally. @ https://vercel.com/rigo-melchor-s-projects/foxtrading/91Qta4xpj9aZM19rRginxfWu1Zpm:0
[   67960ms] [WARNING] The resource https://vercel.com/_next/static/immutable/chunks/3d792zqltro0t.css was preloaded using link preload but not used within a few seconds from the window's load event. Please make sure it has an appropriate `as` value and it is preloaded intentionally. @ https://vercel.com/rigo-melchor-s-projects/foxtrading/91Qta4xpj9aZM19rRginxfWu1Zpm:0
[   67960ms] [WARNING] The resource https://vercel.com/_next/static/immutable/chunks/1yl8955ma4q4-.css was preloaded using link preload but not used within a few seconds from the window's load event. Please make sure it has an appropriate `as` value and it is preloaded intentionally. @ https://vercel.com/rigo-melchor-s-projects/foxtrading/91Qta4xpj9aZM19rRginxfWu1Zpm:0
[   67960ms] [WARNING] The resource https://vercel.com/_next/static/immutable/chunks/0-shbsz3-8ybx.css was preloaded using link preload but not used within a few seconds from the window's load event. Please make sure it has an appropriate `as` value and it is preloaded intentionally. @ https://vercel.com/rigo-melchor-s-projects/foxtrading/91Qta4xpj9aZM19rRginxfWu1Zpm:0
[   67960ms] [WARNING] The resource https://vercel.com/_next/static/immutable/chunks/3z36ncuffz89v.css was preloaded using link preload but not used within a few seconds from the window's load event. Please make sure it has an appropriate `as` value and it is preloaded intentionally. @ https://vercel.com/rigo-melchor-s-projects/foxtrading/91Qta4xpj9aZM19rRginxfWu1Zpm:0
[   67961ms] [WARNING] The resource https://vercel.com/_next/static/immutable/chunks/3z9uffp9rqnx8.css was preloaded using link preload but not used within a few seconds from the window's load event. Please make sure it has an appropriate `as` value and it is preloaded intentionally. @ https://vercel.com/rigo-melchor-s-projects/foxtrading/91Qta4xpj9aZM19rRginxfWu1Zpm:0
[   67961ms] [WARNING] The resource https://vercel.com/_next/static/immutable/chunks/1xg6gg5e39tni.css was preloaded using link preload but not used within a few seconds from the window's load event. Please make sure it has an appropriate `as` value and it is preloaded intentionally. @ https://vercel.com/rigo-melchor-s-projects/foxtrading/91Qta4xpj9aZM19rRginxfWu1Zpm:0
[   67961ms] [WARNING] The resource https://vercel.com/_next/static/immutable/chunks/1hzff2kh3gano.css was preloaded using link preload but not used within a few seconds from the window's load event. Please make sure it has an appropriate `as` value and it is preloaded intentionally. @ https://vercel.com/rigo-melchor-s-projects/foxtrading/91Qta4xpj9aZM19rRginxfWu1Zpm:0
[   67961ms] [WARNING] The resource https://vercel.com/_next/static/immutable/chunks/044vmykz7q7vs.css was preloaded using link preload but not used within a few seconds from the window's load event. Please make sure it has an appropriate `as` value and it is preloaded intentionally. @ https://vercel.com/rigo-melchor-s-projects/foxtrading/91Qta4xpj9aZM19rRginxfWu1Zpm:0
[   67961ms] [WARNING] The resource https://vercel.com/_next/static/immutable/media/logo-vercel-light.3an2_9g6dt4xn.svg was preloaded using link preload but not used within a few seconds from the window's load event. Please make sure it has an appropriate `as` value and it is preloaded intentionally. @ https://vercel.com/rigo-melchor-s-projects/foxtrading/91Qta4xpj9aZM19rRginxfWu1Zpm:0
[   67961ms] [WARNING] The resource https://vercel.com/_next/static/immutable/chunks/0rblmumf_9wz1.css was preloaded using link preload but not used within a few seconds from the window's load event. Please make sure it has an appropriate `as` value and it is preloaded intentionally. @ https://vercel.com/rigo-melchor-s-projects/foxtrading/91Qta4xpj9aZM19rRginxfWu1Zpm:0
[   67961ms] [WARNING] The resource https://vercel.com/_next/static/immutable/chunks/25nnd13fh_4k5.css was preloaded using link preload but not used within a few seconds from the window's load event. Please make sure it has an appropriate `as` value and it is preloaded intentionally. @ https://vercel.com/rigo-melchor-s-projects/foxtrading/91Qta4xpj9aZM19rRginxfWu1Zpm:0
[   67961ms] [WARNING] The resource https://vercel.com/_next/static/immutable/chunks/3p9g28no3_hj-.css was preloaded using link preload but not used within a few seconds from the window's load event. Please make sure it has an appropriate `as` value and it is preloaded intentionally. @ https://vercel.com/rigo-melchor-s-projects/foxtrading/91Qta4xpj9aZM19rRginxfWu1Zpm:0
[   67961ms] [WARNING] The resource https://vercel.com/_next/static/immutable/chunks/3fd49nnoyujvi.css was preloaded using link preload but not used within a few seconds from the window's load event. Please make sure it has an appropriate `as` value and it is preloaded intentionally. @ https://vercel.com/rigo-melchor-s-projects/foxtrading/91Qta4xpj9aZM19rRginxfWu1Zpm:0
[   67961ms] [WARNING] The resource https://vercel.com/_next/static/immutable/chunks/1dpcx2e86le6i.css was preloaded using link preload but not used within a few seconds from the window's load event. Please make sure it has an appropriate `as` value and it is preloaded intentionally. @ https://vercel.com/rigo-melchor-s-projects/foxtrading/91Qta4xpj9aZM19rRginxfWu1Zpm:0
[   67961ms] [WARNING] The resource https://vercel.com/_next/static/immutable/chunks/2cegy48-lpb69.css was preloaded using link preload but not used within a few seconds from the window's load event. Please make sure it has an appropriate `as` value and it is preloaded intentionally. @ https://vercel.com/rigo-melchor-s-projects/foxtrading/91Qta4xpj9aZM19rRginxfWu1Zpm:0
[   67961ms] [WARNING] The resource https://vercel.com/_next/static/immutable/chunks/26_kjvxoedtei.css was preloaded using link preload but not used within a few seconds from the window's load event. Please make sure it has an appropriate `as` value and it is preloaded intentionally. @ https://vercel.com/rigo-melchor-s-projects/foxtrading/91Qta4xpj9aZM19rRginxfWu1Zpm:0
[   71176ms] [WARNING] The resource https://vercel.com/_next/static/immutable/chunks/1y7np90zxj-un.css was preloaded using link preload but not used within a few seconds from the window's load event. Please make sure it has an appropriate `as` value and it is preloaded intentionally. @ https://vercel.com/rigo-melchor-s-projects/foxtrading/91Qta4xpj9aZM19rRginxfWu1Zpm:0
[   71176ms] [WARNING] The resource https://vercel.com/_next/static/immutable/media/caa3a2e1cccd8315.p.0wgildi0cnwt9.woff2 was preloaded using link preload but not used within a few seconds from the window's load event. Please make sure it has an appropriate `as` value and it is preloaded intentionally. @ https://vercel.com/rigo-melchor-s-projects/foxtrading/91Qta4xpj9aZM19rRginxfWu1Zpm:0
[   71176ms] [WARNING] The resource https://vercel.com/_next/static/immutable/chunks/2xsdyifozdz06.css was preloaded using link preload but not used within a few seconds from the window's load event. Please make sure it has an appropriate `as` value and it is preloaded intentionally. @ https://vercel.com/rigo-melchor-s-projects/foxtrading/91Qta4xpj9aZM19rRginxfWu1Zpm:0
[   71176ms] [WARNING] The resource https://vercel.com/_next/static/immutable/media/logo-vercel-dark.28zbfuuys0x7i.svg was preloaded using link preload but not used within a few seconds from the window's load event. Please make sure it has an appropriate `as` value and it is preloaded intentionally. @ https://vercel.com/rigo-melchor-s-projects/foxtrading/91Qta4xpj9aZM19rRginxfWu1Zpm:0
[   71176ms] [WARNING] The resource https://vercel.com/_next/static/immutable/chunks/1mvkrfndostfj.css was preloaded using link preload but not used within a few seconds from the window's load event. Please make sure it has an appropriate `as` value and it is preloaded intentionally. @ https://vercel.com/rigo-melchor-s-projects/foxtrading/91Qta4xpj9aZM19rRginxfWu1Zpm:0
[   71176ms] [WARNING] The resource https://vercel.com/_next/static/immutable/chunks/0vmhpedf_b0j8.css was preloaded using link preload but not used within a few seconds from the window's load event. Please make sure it has an appropriate `as` value and it is preloaded intentionally. @ https://vercel.com/rigo-melchor-s-projects/foxtrading/91Qta4xpj9aZM19rRginxfWu1Zpm:0
[   71176ms] [WARNING] The resource https://vercel.com/_next/static/immutable/media/GeistMono_Variable.p.1bcgm0qa26ixg.woff2 was preloaded using link preload but not used within a few seconds from the window's load event. Please make sure it has an appropriate `as` value and it is preloaded intentionally. @ https://vercel.com/rigo-melchor-s-projects/foxtrading/91Qta4xpj9aZM19rRginxfWu1Zpm:0
[   71176ms] [WARNING] The resource https://vercel.com/_next/static/immutable/chunks/3d792zqltro0t.css was preloaded using link preload but not used within a few seconds from the window's load event. Please make sure it has an appropriate `as` value and it is preloaded intentionally. @ https://vercel.com/rigo-melchor-s-projects/foxtrading/91Qta4xpj9aZM19rRginxfWu1Zpm:0
[   71176ms] [WARNING] The resource https://vercel.com/_next/static/immutable/chunks/1yl8955ma4q4-.css was preloaded using link preload but not used within a few seconds from the window's load event. Please make sure it has an appropriate `as` value and it is preloaded intentionally. @ https://vercel.com/rigo-melchor-s-projects/foxtrading/91Qta4xpj9aZM19rRginxfWu1Zpm:0
[   71176ms] [WARNING] The resource https://vercel.com/_next/static/immutable/chunks/0-shbsz3-8ybx.css was preloaded using link preload but not used within a few seconds from the window's load event. Please make sure it has an appropriate `as` value and it is preloaded intentionally. @ https://vercel.com/rigo-melchor-s-projects/foxtrading/91Qta4xpj9aZM19rRginxfWu1Zpm:0
[   71176ms] [WARNING] The resource https://vercel.com/_next/static/immutable/chunks/3z36ncuffz89v.css was preloaded using link preload but not used within a few seconds from the window's load event. Please make sure it has an appropriate `as` value and it is preloaded intentionally. @ https://vercel.com/rigo-melchor-s-projects/foxtrading/91Qta4xpj9aZM19rRginxfWu1Zpm:0
[   71176ms] [WARNING] The resource https://vercel.com/_next/static/immutable/chunks/3z9uffp9rqnx8.css was preloaded using link preload but not used within a few seconds from the window's load event. Please make sure it has an appropriate `as` value and it is preloaded intentionally. @ https://vercel.com/rigo-melchor-s-projects/foxtrading/91Qta4xpj9aZM19rRginxfWu1Zpm:0
[   71176ms] [WARNING] The resource https://vercel.com/_next/static/immutable/chunks/1xg6gg5e39tni.css was preloaded using link preload but not used within a few seconds from the window's load event. Please make sure it has an appropriate `as` value and it is preloaded intentionally. @ https://vercel.com/rigo-melchor-s-projects/foxtrading/91Qta4xpj9aZM19rRginxfWu1Zpm:0
[   71176ms] [WARNING] The resource https://vercel.com/_next/static/immutable/chunks/1hzff2kh3gano.css was preloaded using link preload but not used within a few seconds from the window's load event. Please make sure it has an appropriate `as` value and it is preloaded intentionally. @ https://vercel.com/rigo-melchor-s-projects/foxtrading/91Qta4xpj9aZM19rRginxfWu1Zpm:0
[   71176ms] [WARNING] The resource https://vercel.com/_next/static/immutable/chunks/044vmykz7q7vs.css was preloaded using link preload but not used within a few seconds from the window's load event. Please make sure it has an appropriate `as` value and it is preloaded intentionally. @ https://vercel.com/rigo-melchor-s-projects/foxtrading/91Qta4xpj9aZM19rRginxfWu1Zpm:0
[   71176ms] [WARNING] The resource https://vercel.com/_next/static/immutable/media/logo-vercel-light.3an2_9g6dt4xn.svg was preloaded using link preload but not used within a few seconds from the window's load event. Please make sure it has an appropriate `as` value and it is preloaded intentionally. @ https://vercel.com/rigo-melchor-s-projects/foxtrading/91Qta4xpj9aZM19rRginxfWu1Zpm:0
[   71176ms] [WARNING] The resource https://vercel.com/_next/static/immutable/chunks/0rblmumf_9wz1.css was preloaded using link preload but not used within a few seconds from the window's load event. Please make sure it has an appropriate `as` value and it is preloaded intentionally. @ https://vercel.com/rigo-melchor-s-projects/foxtrading/91Qta4xpj9aZM19rRginxfWu1Zpm:0
[   71176ms] [WARNING] The resource https://vercel.com/_next/static/immutable/chunks/25nnd13fh_4k5.css was preloaded using link preload but not used within a few seconds from the window's load event. Please make sure it has an appropriate `as` value and it is preloaded intentionally. @ https://vercel.com/rigo-melchor-s-projects/foxtrading/91Qta4xpj9aZM19rRginxfWu1Zpm:0
[   71176ms] [WARNING] The resource https://vercel.com/_next/static/immutable/chunks/3p9g28no3_hj-.css was preloaded using link preload but not used within a few seconds from the window's load event. Please make sure it has an appropriate `as` value and it is preloaded intentionally. @ https://vercel.com/rigo-melchor-s-projects/foxtrading/91Qta4xpj9aZM19rRginxfWu1Zpm:0
[   71176ms] [WARNING] The resource https://vercel.com/_next/static/immutable/chunks/3fd49nnoyujvi.css was preloaded using link preload but not used within a few seconds from the window's load event. Please make sure it has an appropriate `as` value and it is preloaded intentionally. @ https://vercel.com/rigo-melchor-s-projects/foxtrading/91Qta4xpj9aZM19rRginxfWu1Zpm:0
[   71177ms] [WARNING] The resource https://vercel.com/_next/static/immutable/chunks/1dpcx2e86le6i.css was preloaded using link preload but not used within a few seconds from the window's load event. Please make sure it has an appropriate `as` value and it is preloaded intentionally. @ https://vercel.com/rigo-melchor-s-projects/foxtrading/91Qta4xpj9aZM19rRginxfWu1Zpm:0
[   71177ms] [WARNING] The resource https://vercel.com/_next/static/immutable/chunks/2cegy48-lpb69.css was preloaded using link preload but not used within a few seconds from the window's load event. Please make sure it has an appropriate `as` value and it is preloaded intentionally. @ https://vercel.com/rigo-melchor-s-projects/foxtrading/91Qta4xpj9aZM19rRginxfWu1Zpm:0
[   71177ms] [WARNING] The resource https://vercel.com/_next/static/immutable/chunks/26_kjvxoedtei.css was preloaded using link preload but not used within a few seconds from the window's load event. Please make sure it has an appropriate `as` value and it is preloaded intentionally. @ https://vercel.com/rigo-melchor-s-projects/foxtrading/91Qta4xpj9aZM19rRginxfWu1Zpm:0
[   74373ms] [WARNING] The resource https://vercel.com/_next/static/immutable/chunks/1y7np90zxj-un.css was preloaded using link preload but not used within a few seconds from the window's load event. Please make sure it has an appropriate `as` value and it is preloaded intentionally. @ https://vercel.com/rigo-melchor-s-projects/foxtrading/91Qta4xpj9aZM19rRginxfWu1Zpm:0
[   74373ms] [WARNING] The resource https://vercel.com/_next/static/immutable/media/caa3a2e1cccd8315.p.0wgildi0cnwt9.woff2 was preloaded using link preload but not used within a few seconds from the window's load event. Please make sure it has an appropriate `as` value and it is preloaded intentionally. @ https://vercel.com/rigo-melchor-s-projects/foxtrading/91Qta4xpj9aZM19rRginxfWu1Zpm:0
[   74373ms] [WARNING] The resource https://vercel.com/_next/static/immutable/chunks/2xsdyifozdz06.css was preloaded using link preload but not used within a few seconds from the window's load event. Please make sure it has an appropriate `as` value and it is preloaded intentionally. @ https://vercel.com/rigo-melchor-s-projects/foxtrading/91Qta4xpj9aZM19rRginxfWu1Zpm:0
[   74373ms] [WARNING] The resource https://vercel.com/_next/static/immutable/media/logo-vercel-dark.28zbfuuys0x7i.svg was preloaded using link preload but not used within a few seconds from the window's load event. Please make sure it has an appropriate `as` value and it is preloaded intentionally. @ https://vercel.com/rigo-melchor-s-projects/foxtrading/91Qta4xpj9aZM19rRginxfWu1Zpm:0
[   74373ms] [WARNING] The resource https://vercel.com/_next/static/immutable/chunks/1mvkrfndostfj.css was preloaded using link preload but not used within a few seconds from the window's load event. Please make sure it has an appropriate `as` value and it is preloaded intentionally. @ https://vercel.com/rigo-melchor-s-projects/foxtrading/91Qta4xpj9aZM19rRginxfWu1Zpm:0
[   74373ms] [WARNING] The resource https://vercel.com/_next/static/immutable/chunks/0vmhpedf_b0j8.css was preloaded using link preload but not used within a few seconds from the window's load event. Please make sure it has an appropriate `as` value and it is preloaded intentionally. @ https://vercel.com/rigo-melchor-s-projects/foxtrading/91Qta4xpj9aZM19rRginxfWu1Zpm:0
[   74373ms] [WARNING] The resource https://vercel.com/_next/static/immutable/media/GeistMono_Variable.p.1bcgm0qa26ixg.woff2 was preloaded using link preload but not used within a few seconds from the window's load event. Please make sure it has an appropriate `as` value and it is preloaded intentionally. @ https://vercel.com/rigo-melchor-s-projects/foxtrading/91Qta4xpj9aZM19rRginxfWu1Zpm:0
[   74373ms] [WARNING] The resource https://vercel.com/_next/static/immutable/chunks/3d792zqltro0t.css was preloaded using link preload but not used within a few seconds from the window's load event. Please make sure it has an appropriate `as` value and it is preloaded intentionally. @ https://vercel.com/rigo-melchor-s-projects/foxtrading/91Qta4xpj9aZM19rRginxfWu1Zpm:0
[   74373ms] [WARNING] The resource https://vercel.com/_next/static/immutable/chunks/1yl8955ma4q4-.css was preloaded using link preload but not used within a few seconds from the window's load event. Please make sure it has an appropriate `as` value and it is preloaded intentionally. @ https://vercel.com/rigo-melchor-s-projects/foxtrading/91Qta4xpj9aZM19rRginxfWu1Zpm:0
[   74373ms] [WARNING] The resource https://vercel.com/_next/static/immutable/chunks/0-shbsz3-8ybx.css was preloaded using link preload but not used within a few seconds from the window's load event. Please make sure it has an appropriate `as` value and it is preloaded intentionally. @ https://vercel.com/rigo-melchor-s-projects/foxtrading/91Qta4xpj9aZM19rRginxfWu1Zpm:0
[   74373ms] [WARNING] The resource https://vercel.com/_next/static/immutable/chunks/3z36ncuffz89v.css was preloaded using link preload but not used within a few seconds from the window's load event. Please make sure it has an appropriate `as` value and it is preloaded intentionally. @ https://vercel.com/rigo-melchor-s-projects/foxtrading/91Qta4xpj9aZM19rRginxfWu1Zpm:0
[   74373ms] [WARNING] The resource https://vercel.com/_next/static/immutable/chunks/3z9uffp9rqnx8.css was preloaded using link preload but not used within a few seconds from the window's load event. Please make sure it has an appropriate `as` value and it is preloaded intentionally. @ https://vercel.com/rigo-melchor-s-projects/foxtrading/91Qta4xpj9aZM19rRginxfWu1Zpm:0
[   74373ms] [WARNING] The resource https://vercel.com/_next/static/immutable/chunks/1xg6gg5e39tni.css was preloaded using link preload but not used within a few seconds from the window's load event. Please make sure it has an appropriate `as` value and it is preloaded intentionally. @ https://vercel.com/rigo-melchor-s-projects/foxtrading/91Qta4xpj9aZM19rRginxfWu1Zpm:0
[   74373ms] [WARNING] The resource https://vercel.com/_next/static/immutable/chunks/1hzff2kh3gano.css was preloaded using link preload but not used within a few seconds from the window's load event. Please make sure it has an appropriate `as` value and it is preloaded intentionally. @ https://vercel.com/rigo-melchor-s-projects/foxtrading/91Qta4xpj9aZM19rRginxfWu1Zpm:0
[   74373ms] [WARNING] The resource https://vercel.com/_next/static/immutable/chunks/044vmykz7q7vs.css was preloaded using link preload but not used within a few seconds from the window's load event. Please make sure it has an appropriate `as` value and it is preloaded intentionally. @ https://vercel.com/rigo-melchor-s-projects/foxtrading/91Qta4xpj9aZM19rRginxfWu1Zpm:0
[   74373ms] [WARNING] The resource https://vercel.com/_next/static/immutable/media/logo-vercel-light.3an2_9g6dt4xn.svg was preloaded using link preload but not used within a few seconds from the window's load event. Please make sure it has an appropriate `as` value and it is preloaded intentionally. @ https://vercel.com/rigo-melchor-s-projects/foxtrading/91Qta4xpj9aZM19rRginxfWu1Zpm:0
[   74373ms] [WARNING] The resource https://vercel.com/_next/static/immutable/chunks/0rblmumf_9wz1.css was preloaded using link preload but not used within a few seconds from the window's load event. Please make sure it has an appropriate `as` value and it is preloaded intentionally. @ https://vercel.com/rigo-melchor-s-projects/foxtrading/91Qta4xpj9aZM19rRginxfWu1Zpm:0
[   74373ms] [WARNING] The resource https://vercel.com/_next/static/immutable/chunks/25nnd13fh_4k5.css was preloaded using link preload but not used within a few seconds from the window's load event. Please make sure it has an appropriate `as` value and it is preloaded intentionally. @ https://vercel.com/rigo-melchor-s-projects/foxtrading/91Qta4xpj9aZM19rRginxfWu1Zpm:0
[   74373ms] [WARNING] The resource https://vercel.com/_next/static/immutable/chunks/3p9g28no3_hj-.css was preloaded using link preload but not used within a few seconds from the window's load event. Please make sure it has an appropriate `as` value and it is preloaded intentionally. @ https://vercel.com/rigo-melchor-s-projects/foxtrading/91Qta4xpj9aZM19rRginxfWu1Zpm:0
[   74373ms] [WARNING] The resource https://vercel.com/_next/static/immutable/chunks/3fd49nnoyujvi.css was preloaded using link preload but not used within a few seconds from the window's load event. Please make sure it has an appropriate `as` value and it is preloaded intentionally. @ https://vercel.com/rigo-melchor-s-projects/foxtrading/91Qta4xpj9aZM19rRginxfWu1Zpm:0
[   74373ms] [WARNING] The resource https://vercel.com/_next/static/immutable/chunks/1dpcx2e86le6i.css was preloaded using link preload but not used within a few seconds from the window's load event. Please make sure it has an appropriate `as` value and it is preloaded intentionally. @ https://vercel.com/rigo-melchor-s-projects/foxtrading/91Qta4xpj9aZM19rRginxfWu1Zpm:0
[   74373ms] [WARNING] The resource https://vercel.com/_next/static/immutable/chunks/2cegy48-lpb69.css was preloaded using link preload but not used within a few seconds from the window's load event. Please make sure it has an appropriate `as` value and it is preloaded intentionally. @ https://vercel.com/rigo-melchor-s-projects/foxtrading/91Qta4xpj9aZM19rRginxfWu1Zpm:0
[   74373ms] [WARNING] The resource https://vercel.com/_next/static/immutable/chunks/26_kjvxoedtei.css was preloaded using link preload but not used within a few seconds from the window's load event. Please make sure it has an appropriate `as` value and it is preloaded intentionally. @ https://vercel.com/rigo-melchor-s-projects/foxtrading/91Qta4xpj9aZM19rRginxfWu1Zpm:0
[   77578ms] [WARNING] The resource https://vercel.com/_next/static/immutable/chunks/1y7np90zxj-un.css was preloaded using link preload but not used within a few seconds from the window's load event. Please make sure it has an appropriate `as` value and it is preloaded intentionally. @ https://vercel.com/rigo-melchor-s-projects/foxtrading/91Qta4xpj9aZM19rRginxfWu1Zpm:0
[   77578ms] [WARNING] The resource https://vercel.com/_next/static/immutable/media/caa3a2e1cccd8315.p.0wgildi0cnwt9.woff2 was preloaded using link preload but not used within a few seconds from the window's load event. Please make sure it has an appropriate `as` value and it is preloaded intentionally. @ https://vercel.com/rigo-melchor-s-projects/foxtrading/91Qta4xpj9aZM19rRginxfWu1Zpm:0
[   77578ms] [WARNING] The resource https://vercel.com/_next/static/immutable/chunks/2xsdyifozdz06.css was preloaded using link preload but not used within a few seconds from the window's load event. Please make sure it has an appropriate `as` value and it is preloaded intentionally. @ https://vercel.com/rigo-melchor-s-projects/foxtrading/91Qta4xpj9aZM19rRginxfWu1Zpm:0
[   77578ms] [WARNING] The resource https://vercel.com/_next/static/immutable/media/logo-vercel-dark.28zbfuuys0x7i.svg was preloaded using link preload but not used within a few seconds from the window's load event. Please make sure it has an appropriate `as` value and it is preloaded intentionally. @ https://vercel.com/rigo-melchor-s-projects/foxtrading/91Qta4xpj9aZM19rRginxfWu1Zpm:0
[   77578ms] [WARNING] The resource https://vercel.com/_next/static/immutable/chunks/1mvkrfndostfj.css was preloaded using link preload but not used within a few seconds from the window's load event. Please make sure it has an appropriate `as` value and it is preloaded intentionally. @ https://vercel.com/rigo-melchor-s-projects/foxtrading/91Qta4xpj9aZM19rRginxfWu1Zpm:0
[   77578ms] [WARNING] The resource https://vercel.com/_next/static/immutable/chunks/0vmhpedf_b0j8.css was preloaded using link preload but not used within a few seconds from the window's load event. Please make sure it has an appropriate `as` value and it is preloaded intentionally. @ https://vercel.com/rigo-melchor-s-projects/foxtrading/91Qta4xpj9aZM19rRginxfWu1Zpm:0
[   77578ms] [WARNING] The resource https://vercel.com/_next/static/immutable/media/GeistMono_Variable.p.1bcgm0qa26ixg.woff2 was preloaded using link preload but not used within a few seconds from the window's load event. Please make sure it has an appropriate `as` value and it is preloaded intentionally. @ https://vercel.com/rigo-melchor-s-projects/foxtrading/91Qta4xpj9aZM19rRginxfWu1Zpm:0
[   77578ms] [WARNING] The resource https://vercel.com/_next/static/immutable/chunks/3d792zqltro0t.css was preloaded using link preload but not used within a few seconds from the window's load event. Please make sure it has an appropriate `as` value and it is preloaded intentionally. @ https://vercel.com/rigo-melchor-s-projects/foxtrading/91Qta4xpj9aZM19rRginxfWu1Zpm:0
[   77578ms] [WARNING] The resource https://vercel.com/_next/static/immutable/chunks/1yl8955ma4q4-.css was preloaded using link preload but not used within a few seconds from the window's load event. Please make sure it has an appropriate `as` value and it is preloaded intentionally. @ https://vercel.com/rigo-melchor-s-projects/foxtrading/91Qta4xpj9aZM19rRginxfWu1Zpm:0
[   77578ms] [WARNING] The resource https://vercel.com/_next/static/immutable/chunks/0-shbsz3-8ybx.css was preloaded using link preload but not used within a few seconds from the window's load event. Please make sure it has an appropriate `as` value and it is preloaded intentionally. @ https://vercel.com/rigo-melchor-s-projects/foxtrading/91Qta4xpj9aZM19rRginxfWu1Zpm:0
[   77578ms] [WARNING] The resource https://vercel.com/_next/static/immutable/chunks/3z36ncuffz89v.css was preloaded using link preload but not used within a few seconds from the window's load event. Please make sure it has an appropriate `as` value and it is preloaded intentionally. @ https://vercel.com/rigo-melchor-s-projects/foxtrading/91Qta4xpj9aZM19rRginxfWu1Zpm:0
[   77578ms] [WARNING] The resource https://vercel.com/_next/static/immutable/chunks/3z9uffp9rqnx8.css was preloaded using link preload but not used within a few seconds from the window's load event. Please make sure it has an appropriate `as` value and it is preloaded intentionally. @ https://vercel.com/rigo-melchor-s-projects/foxtrading/91Qta4xpj9aZM19rRginxfWu1Zpm:0
[   77578ms] [WARNING] The resource https://vercel.com/_next/static/immutable/chunks/1xg6gg5e39tni.css was preloaded using link preload but not used within a few seconds from the window's load event. Please make sure it has an appropriate `as` value and it is preloaded intentionally. @ https://vercel.com/rigo-melchor-s-projects/foxtrading/91Qta4xpj9aZM19rRginxfWu1Zpm:0
[   77578ms] [WARNING] The resource https://vercel.com/_next/static/immutable/chunks/1hzff2kh3gano.css was preloaded using link preload but not used within a few seconds from the window's load event. Please make sure it has an appropriate `as` value and it is preloaded intentionally. @ https://vercel.com/rigo-melchor-s-projects/foxtrading/91Qta4xpj9aZM19rRginxfWu1Zpm:0
[   77578ms] [WARNING] The resource https://vercel.com/_next/static/immutable/chunks/044vmykz7q7vs.css was preloaded using link preload but not used within a few seconds from the window's load event. Please make sure it has an appropriate `as` value and it is preloaded intentionally. @ https://vercel.com/rigo-melchor-s-projects/foxtrading/91Qta4xpj9aZM19rRginxfWu1Zpm:0
[   77578ms] [WARNING] The resource https://vercel.com/_next/static/immutable/media/logo-vercel-light.3an2_9g6dt4xn.svg was preloaded using link preload but not used within a few seconds from the window's load event. Please make sure it has an appropriate `as` value and it is preloaded intentionally. @ https://vercel.com/rigo-melchor-s-projects/foxtrading/91Qta4xpj9aZM19rRginxfWu1Zpm:0
[   77578ms] [WARNING] The resource https://vercel.com/_next/static/immutable/chunks/0rblmumf_9wz1.css was preloaded using link preload but not used within a few seconds from the window's load event. Please make sure it has an appropriate `as` value and it is preloaded intentionally. @ https://vercel.com/rigo-melchor-s-projects/foxtrading/91Qta4xpj9aZM19rRginxfWu1Zpm:0
[   77578ms] [WARNING] The resource https://vercel.com/_next/static/immutable/chunks/25nnd13fh_4k5.css was preloaded using link preload but not used within a few seconds from the window's load event. Please make sure it has an appropriate `as` value and it is preloaded intentionally. @ https://vercel.com/rigo-melchor-s-projects/foxtrading/91Qta4xpj9aZM19rRginxfWu1Zpm:0
[   77578ms] [WARNING] The resource https://vercel.com/_next/static/immutable/chunks/3p9g28no3_hj-.css was preloaded using link preload but not used within a few seconds from the window's load event. Please make sure it has an appropriate `as` value and it is preloaded intentionally. @ https://vercel.com/rigo-melchor-s-projects/foxtrading/91Qta4xpj9aZM19rRginxfWu1Zpm:0
[   77578ms] [WARNING] The resource https://vercel.com/_next/static/immutable/chunks/3fd49nnoyujvi.css was preloaded using link preload but not used within a few seconds from the window's load event. Please make sure it has an appropriate `as` value and it is preloaded intentionally. @ https://vercel.com/rigo-melchor-s-projects/foxtrading/91Qta4xpj9aZM19rRginxfWu1Zpm:0
[   77578ms] [WARNING] The resource https://vercel.com/_next/static/immutable/chunks/1dpcx2e86le6i.css was preloaded using link preload but not used within a few seconds from the window's load event. Please make sure it has an appropriate `as` value and it is preloaded intentionally. @ https://vercel.com/rigo-melchor-s-projects/foxtrading/91Qta4xpj9aZM19rRginxfWu1Zpm:0
[   77578ms] [WARNING] The resource https://vercel.com/_next/static/immutable/chunks/2cegy48-lpb69.css was preloaded using link preload but not used within a few seconds from the window's load event. Please make sure it has an appropriate `as` value and it is preloaded intentionally. @ https://vercel.com/rigo-melchor-s-projects/foxtrading/91Qta4xpj9aZM19rRginxfWu1Zpm:0
[   77578ms] [WARNING] The resource https://vercel.com/_next/static/immutable/chunks/26_kjvxoedtei.css was preloaded using link preload but not used within a few seconds from the window's load event. Please make sure it has an appropriate `as` value and it is preloaded intentionally. @ https://vercel.com/rigo-melchor-s-projects/foxtrading/91Qta4xpj9aZM19rRginxfWu1Zpm:0
[   80780ms] [WARNING] The resource https://vercel.com/_next/static/immutable/chunks/1y7np90zxj-un.css was preloaded using link preload but not used within a few seconds from the window's load event. Please make sure it has an appropriate `as` value and it is preloaded intentionally. @ https://vercel.com/rigo-melchor-s-projects/foxtrading/91Qta4xpj9aZM19rRginxfWu1Zpm:0
[   80780ms] [WARNING] The resource https://vercel.com/_next/static/immutable/media/caa3a2e1cccd8315.p.0wgildi0cnwt9.woff2 was preloaded using link preload but not used within a few seconds from the window's load event. Please make sure it has an appropriate `as` value and it is preloaded intentionally. @ https://vercel.com/rigo-melchor-s-projects/foxtrading/91Qta4xpj9aZM19rRginxfWu1Zpm:0
[   80780ms] [WARNING] The resource https://vercel.com/_next/static/immutable/chunks/2xsdyifozdz06.css was preloaded using link preload but not used within a few seconds from the window's load event. Please make sure it has an appropriate `as` value and it is preloaded intentionally. @ https://vercel.com/rigo-melchor-s-projects/foxtrading/91Qta4xpj9aZM19rRginxfWu1Zpm:0
[   80780ms] [WARNING] The resource https://vercel.com/_next/static/immutable/media/logo-vercel-dark.28zbfuuys0x7i.svg was preloaded using link preload but not used within a few seconds from the window's load event. Please make sure it has an appropriate `as` value and it is preloaded intentionally. @ https://vercel.com/rigo-melchor-s-projects/foxtrading/91Qta4xpj9aZM19rRginxfWu1Zpm:0
[   80780ms] [WARNING] The resource https://vercel.com/_next/static/immutable/chunks/1mvkrfndostfj.css was preloaded using link preload but not used within a few seconds from the window's load event. Please make sure it has an appropriate `as` value and it is preloaded intentionally. @ https://vercel.com/rigo-melchor-s-projects/foxtrading/91Qta4xpj9aZM19rRginxfWu1Zpm:0
[   80780ms] [WARNING] The resource https://vercel.com/_next/static/immutable/chunks/0vmhpedf_b0j8.css was preloaded using link preload but not used within a few seconds from the window's load event. Please make sure it has an appropriate `as` value and it is preloaded intentionally. @ https://vercel.com/rigo-melchor-s-projects/foxtrading/91Qta4xpj9aZM19rRginxfWu1Zpm:0
[   80780ms] [WARNING] The resource https://vercel.com/_next/static/immutable/media/GeistMono_Variable.p.1bcgm0qa26ixg.woff2 was preloaded using link preload but not used within a few seconds from the window's load event. Please make sure it has an appropriate `as` value and it is preloaded intentionally. @ https://vercel.com/rigo-melchor-s-projects/foxtrading/91Qta4xpj9aZM19rRginxfWu1Zpm:0
[   80780ms] [WARNING] The resource https://vercel.com/_next/static/immutable/chunks/3d792zqltro0t.css was preloaded using link preload but not used within a few seconds from the window's load event. Please make sure it has an appropriate `as` value and it is preloaded intentionally. @ https://vercel.com/rigo-melchor-s-projects/foxtrading/91Qta4xpj9aZM19rRginxfWu1Zpm:0
[   80780ms] [WARNING] The resource https://vercel.com/_next/static/immutable/chunks/1yl8955ma4q4-.css was preloaded using link preload but not used within a few seconds from the window's load event. Please make sure it has an appropriate `as` value and it is preloaded intentionally. @ https://vercel.com/rigo-melchor-s-projects/foxtrading/91Qta4xpj9aZM19rRginxfWu1Zpm:0
[   80780ms] [WARNING] The resource https://vercel.com/_next/static/immutable/chunks/0-shbsz3-8ybx.css was preloaded using link preload but not used within a few seconds from the window's load event. Please make sure it has an appropriate `as` value and it is preloaded intentionally. @ https://vercel.com/rigo-melchor-s-projects/foxtrading/91Qta4xpj9aZM19rRginxfWu1Zpm:0
[   80780ms] [WARNING] The resource https://vercel.com/_next/static/immutable/chunks/3z36ncuffz89v.css was preloaded using link preload but not used within a few seconds from the window's load event. Please make sure it has an appropriate `as` value and it is preloaded intentionally. @ https://vercel.com/rigo-melchor-s-projects/foxtrading/91Qta4xpj9aZM19rRginxfWu1Zpm:0
[   80780ms] [WARNING] The resource https://vercel.com/_next/static/immutable/chunks/3z9uffp9rqnx8.css was preloaded using link preload but not used within a few seconds from the window's load event. Please make sure it has an appropriate `as` value and it is preloaded intentionally. @ https://vercel.com/rigo-melchor-s-projects/foxtrading/91Qta4xpj9aZM19rRginxfWu1Zpm:0
[   80780ms] [WARNING] The resource https://vercel.com/_next/static/immutable/chunks/1xg6gg5e39tni.css was preloaded using link preload but not used within a few seconds from the window's load event. Please make sure it has an appropriate `as` value and it is preloaded intentionally. @ https://vercel.com/rigo-melchor-s-projects/foxtrading/91Qta4xpj9aZM19rRginxfWu1Zpm:0
[   80780ms] [WARNING] The resource https://vercel.com/_next/static/immutable/chunks/1hzff2kh3gano.css was preloaded using link preload but not used within a few seconds from the window's load event. Please make sure it has an appropriate `as` value and it is preloaded intentionally. @ https://vercel.com/rigo-melchor-s-projects/foxtrading/91Qta4xpj9aZM19rRginxfWu1Zpm:0
[   80780ms] [WARNING] The resource https://vercel.com/_next/static/immutable/chunks/044vmykz7q7vs.css was preloaded using link preload but not used within a few seconds from the window's load event. Please make sure it has an appropriate `as` value and it is preloaded intentionally. @ https://vercel.com/rigo-melchor-s-projects/foxtrading/91Qta4xpj9aZM19rRginxfWu1Zpm:0
[   80780ms] [WARNING] The resource https://vercel.com/_next/static/immutable/media/logo-vercel-light.3an2_9g6dt4xn.svg was preloaded using link preload but not used within a few seconds from the window's load event. Please make sure it has an appropriate `as` value and it is preloaded intentionally. @ https://vercel.com/rigo-melchor-s-projects/foxtrading/91Qta4xpj9aZM19rRginxfWu1Zpm:0
[   80780ms] [WARNING] The resource https://vercel.com/_next/static/immutable/chunks/0rblmumf_9wz1.css was preloaded using link preload but not used within a few seconds from the window's load event. Please make sure it has an appropriate `as` value and it is preloaded intentionally. @ https://vercel.com/rigo-melchor-s-projects/foxtrading/91Qta4xpj9aZM19rRginxfWu1Zpm:0
[   80780ms] [WARNING] The resource https://vercel.com/_next/static/immutable/chunks/25nnd13fh_4k5.css was preloaded using link preload but not used within a few seconds from the window's load event. Please make sure it has an appropriate `as` value and it is preloaded intentionally. @ https://vercel.com/rigo-melchor-s-projects/foxtrading/91Qta4xpj9aZM19rRginxfWu1Zpm:0
[   80780ms] [WARNING] The resource https://vercel.com/_next/static/immutable/chunks/3p9g28no3_hj-.css was preloaded using link preload but not used within a few seconds from the window's load event. Please make sure it has an appropriate `as` value and it is preloaded intentionally. @ https://vercel.com/rigo-melchor-s-projects/foxtrading/91Qta4xpj9aZM19rRginxfWu1Zpm:0
[   80780ms] [WARNING] The resource https://vercel.com/_next/static/immutable/chunks/3fd49nnoyujvi.css was preloaded using link preload but not used within a few seconds from the window's load event. Please make sure it has an appropriate `as` value and it is preloaded intentionally. @ https://vercel.com/rigo-melchor-s-projects/foxtrading/91Qta4xpj9aZM19rRginxfWu1Zpm:0
[   80780ms] [WARNING] The resource https://vercel.com/_next/static/immutable/chunks/1dpcx2e86le6i.css was preloaded using link preload but not used within a few seconds from the window's load event. Please make sure it has an appropriate `as` value and it is preloaded intentionally. @ https://vercel.com/rigo-melchor-s-projects/foxtrading/91Qta4xpj9aZM19rRginxfWu1Zpm:0
[   80780ms] [WARNING] The resource https://vercel.com/_next/static/immutable/chunks/2cegy48-lpb69.css was preloaded using link preload but not used within a few seconds from the window's load event. Please make sure it has an appropriate `as` value and it is preloaded intentionally. @ https://vercel.com/rigo-melchor-s-projects/foxtrading/91Qta4xpj9aZM19rRginxfWu1Zpm:0
[   80780ms] [WARNING] The resource https://vercel.com/_next/static/immutable/chunks/26_kjvxoedtei.css was preloaded using link preload but not used within a few seconds from the window's load event. Please make sure it has an appropriate `as` value and it is preloaded intentionally. @ https://vercel.com/rigo-melchor-s-projects/foxtrading/91Qta4xpj9aZM19rRginxfWu1Zpm:0
[   83986ms] [WARNING] The resource https://vercel.com/_next/static/immutable/chunks/1y7np90zxj-un.css was preloaded using link preload but not used within a few seconds from the window's load event. Please make sure it has an appropriate `as` value and it is preloaded intentionally. @ https://vercel.com/rigo-melchor-s-projects/foxtrading/91Qta4xpj9aZM19rRginxfWu1Zpm:0
[   83986ms] [WARNING] The resource https://vercel.com/_next/static/immutable/media/caa3a2e1cccd8315.p.0wgildi0cnwt9.woff2 was preloaded using link preload but not used within a few seconds from the window's load event. Please make sure it has an appropriate `as` value and it is preloaded intentionally. @ https://vercel.com/rigo-melchor-s-projects/foxtrading/91Qta4xpj9aZM19rRginxfWu1Zpm:0
[   83987ms] [WARNING] The resource https://vercel.com/_next/static/immutable/chunks/2xsdyifozdz06.css was preloaded using link preload but not used within a few seconds from the window's load event. Please make sure it has an appropriate `as` value and it is preloaded intentionally. @ https://vercel.com/rigo-melchor-s-projects/foxtrading/91Qta4xpj9aZM19rRginxfWu1Zpm:0
[   83987ms] [WARNING] The resource https://vercel.com/_next/static/immutable/media/logo-vercel-dark.28zbfuuys0x7i.svg was preloaded using link preload but not used within a few seconds from the window's load event. Please make sure it has an appropriate `as` value and it is preloaded intentionally. @ https://vercel.com/rigo-melchor-s-projects/foxtrading/91Qta4xpj9aZM19rRginxfWu1Zpm:0
[   83987ms] [WARNING] The resource https://vercel.com/_next/static/immutable/chunks/1mvkrfndostfj.css was preloaded using link preload but not used within a few seconds from the window's load event. Please make sure it has an appropriate `as` value and it is preloaded intentionally. @ https://vercel.com/rigo-melchor-s-projects/foxtrading/91Qta4xpj9aZM19rRginxfWu1Zpm:0
[   83987ms] [WARNING] The resource https://vercel.com/_next/static/immutable/chunks/0vmhpedf_b0j8.css was preloaded using link preload but not used within a few seconds from the window's load event. Please make sure it has an appropriate `as` value and it is preloaded intentionally. @ https://vercel.com/rigo-melchor-s-projects/foxtrading/91Qta4xpj9aZM19rRginxfWu1Zpm:0
[   83987ms] [WARNING] The resource https://vercel.com/_next/static/immutable/media/GeistMono_Variable.p.1bcgm0qa26ixg.woff2 was preloaded using link preload but not used within a few seconds from the window's load event. Please make sure it has an appropriate `as` value and it is preloaded intentionally. @ https://vercel.com/rigo-melchor-s-projects/foxtrading/91Qta4xpj9aZM19rRginxfWu1Zpm:0
[   83987ms] [WARNING] The resource https://vercel.com/_next/static/immutable/chunks/3d792zqltro0t.css was preloaded using link preload but not used within a few seconds from the window's load event. Please make sure it has an appropriate `as` value and it is preloaded intentionally. @ https://vercel.com/rigo-melchor-s-projects/foxtrading/91Qta4xpj9aZM19rRginxfWu1Zpm:0
[   83987ms] [WARNING] The resource https://vercel.com/_next/static/immutable/chunks/1yl8955ma4q4-.css was preloaded using link preload but not used within a few seconds from the window's load event. Please make sure it has an appropriate `as` value and it is preloaded intentionally. @ https://vercel.com/rigo-melchor-s-projects/foxtrading/91Qta4xpj9aZM19rRginxfWu1Zpm:0
[   83987ms] [WARNING] The resource https://vercel.com/_next/static/immutable/chunks/0-shbsz3-8ybx.css was preloaded using link preload but not used within a few seconds from the window's load event. Please make sure it has an appropriate `as` value and it is preloaded intentionally. @ https://vercel.com/rigo-melchor-s-projects/foxtrading/91Qta4xpj9aZM19rRginxfWu1Zpm:0
[   83987ms] [WARNING] The resource https://vercel.com/_next/static/immutable/chunks/3z36ncuffz89v.css was preloaded using link preload but not used within a few seconds from the window's load event. Please make sure it has an appropriate `as` value and it is preloaded intentionally. @ https://vercel.com/rigo-melchor-s-projects/foxtrading/91Qta4xpj9aZM19rRginxfWu1Zpm:0
[   83987ms] [WARNING] The resource https://vercel.com/_next/static/immutable/chunks/3z9uffp9rqnx8.css was preloaded using link preload but not used within a few seconds from the window's load event. Please make sure it has an appropriate `as` value and it is preloaded intentionally. @ https://vercel.com/rigo-melchor-s-projects/foxtrading/91Qta4xpj9aZM19rRginxfWu1Zpm:0
[   83987ms] [WARNING] The resource https://vercel.com/_next/static/immutable/chunks/1xg6gg5e39tni.css was preloaded using link preload but not used within a few seconds from the window's load event. Please make sure it has an appropriate `as` value and it is preloaded intentionally. @ https://vercel.com/rigo-melchor-s-projects/foxtrading/91Qta4xpj9aZM19rRginxfWu1Zpm:0
[   83987ms] [WARNING] The resource https://vercel.com/_next/static/immutable/chunks/1hzff2kh3gano.css was preloaded using link preload but not used within a few seconds from the window's load event. Please make sure it has an appropriate `as` value and it is preloaded intentionally. @ https://vercel.com/rigo-melchor-s-projects/foxtrading/91Qta4xpj9aZM19rRginxfWu1Zpm:0
[   83987ms] [WARNING] The resource https://vercel.com/_next/static/immutable/chunks/044vmykz7q7vs.css was preloaded using link preload but not used within a few seconds from the window's load event. Please make sure it has an appropriate `as` value and it is preloaded intentionally. @ https://vercel.com/rigo-melchor-s-projects/foxtrading/91Qta4xpj9aZM19rRginxfWu1Zpm:0
[   83987ms] [WARNING] The resource https://vercel.com/_next/static/immutable/media/logo-vercel-light.3an2_9g6dt4xn.svg was preloaded using link preload but not used within a few seconds from the window's load event. Please make sure it has an appropriate `as` value and it is preloaded intentionally. @ https://vercel.com/rigo-melchor-s-projects/foxtrading/91Qta4xpj9aZM19rRginxfWu1Zpm:0
[   83987ms] [WARNING] The resource https://vercel.com/_next/static/immutable/chunks/0rblmumf_9wz1.css was preloaded using link preload but not used within a few seconds from the window's load event. Please make sure it has an appropriate `as` value and it is preloaded intentionally. @ https://vercel.com/rigo-melchor-s-projects/foxtrading/91Qta4xpj9aZM19rRginxfWu1Zpm:0
[   83987ms] [WARNING] The resource https://vercel.com/_next/static/immutable/chunks/25nnd13fh_4k5.css was preloaded using link preload but not used within a few seconds from the window's load event. Please make sure it has an appropriate `as` value and it is preloaded intentionally. @ https://vercel.com/rigo-melchor-s-projects/foxtrading/91Qta4xpj9aZM19rRginxfWu1Zpm:0
[   83987ms] [WARNING] The resource https://vercel.com/_next/static/immutable/chunks/3p9g28no3_hj-.css was preloaded using link preload but not used within a few seconds from the window's load event. Please make sure it has an appropriate `as` value and it is preloaded intentionally. @ https://vercel.com/rigo-melchor-s-projects/foxtrading/91Qta4xpj9aZM19rRginxfWu1Zpm:0
[   83987ms] [WARNING] The resource https://vercel.com/_next/static/immutable/chunks/3fd49nnoyujvi.css was preloaded using link preload but not used within a few seconds from the window's load event. Please make sure it has an appropriate `as` value and it is preloaded intentionally. @ https://vercel.com/rigo-melchor-s-projects/foxtrading/91Qta4xpj9aZM19rRginxfWu1Zpm:0
[   83987ms] [WARNING] The resource https://vercel.com/_next/static/immutable/chunks/1dpcx2e86le6i.css was preloaded using link preload but not used within a few seconds from the window's load event. Please make sure it has an appropriate `as` value and it is preloaded intentionally. @ https://vercel.com/rigo-melchor-s-projects/foxtrading/91Qta4xpj9aZM19rRginxfWu1Zpm:0
[   83987ms] [WARNING] The resource https://vercel.com/_next/static/immutable/chunks/2cegy48-lpb69.css was preloaded using link preload but not used within a few seconds from the window's load event. Please make sure it has an appropriate `as` value and it is preloaded intentionally. @ https://vercel.com/rigo-melchor-s-projects/foxtrading/91Qta4xpj9aZM19rRginxfWu1Zpm:0
[   83987ms] [WARNING] The resource https://vercel.com/_next/static/immutable/chunks/26_kjvxoedtei.css was preloaded using link preload but not used within a few seconds from the window's load event. Please make sure it has an appropriate `as` value and it is preloaded intentionally. @ https://vercel.com/rigo-melchor-s-projects/foxtrading/91Qta4xpj9aZM19rRginxfWu1Zpm:0
[   87199ms] [WARNING] The resource https://vercel.com/_next/static/immutable/chunks/1y7np90zxj-un.css was preloaded using link preload but not used within a few seconds from the window's load event. Please make sure it has an appropriate `as` value and it is preloaded intentionally. @ https://vercel.com/rigo-melchor-s-projects/foxtrading/91Qta4xpj9aZM19rRginxfWu1Zpm:0
[   87199ms] [WARNING] The resource https://vercel.com/_next/static/immutable/media/caa3a2e1cccd8315.p.0wgildi0cnwt9.woff2 was preloaded using link preload but not used within a few seconds from the window's load event. Please make sure it has an appropriate `as` value and it is preloaded intentionally. @ https://vercel.com/rigo-melchor-s-projects/foxtrading/91Qta4xpj9aZM19rRginxfWu1Zpm:0
[   87199ms] [WARNING] The resource https://vercel.com/_next/static/immutable/chunks/2xsdyifozdz06.css was preloaded using link preload but not used within a few seconds from the window's load event. Please make sure it has an appropriate `as` value and it is preloaded intentionally. @ https://vercel.com/rigo-melchor-s-projects/foxtrading/91Qta4xpj9aZM19rRginxfWu1Zpm:0
[   87199ms] [WARNING] The resource https://vercel.com/_next/static/immutable/media/logo-vercel-dark.28zbfuuys0x7i.svg was preloaded using link preload but not used within a few seconds from the window's load event. Please make sure it has an appropriate `as` value and it is preloaded intentionally. @ https://vercel.com/rigo-melchor-s-projects/foxtrading/91Qta4xpj9aZM19rRginxfWu1Zpm:0
[   87199ms] [WARNING] The resource https://vercel.com/_next/static/immutable/chunks/1mvkrfndostfj.css was preloaded using link preload but not used within a few seconds from the window's load event. Please make sure it has an appropriate `as` value and it is preloaded intentionally. @ https://vercel.com/rigo-melchor-s-projects/foxtrading/91Qta4xpj9aZM19rRginxfWu1Zpm:0
[   87199ms] [WARNING] The resource https://vercel.com/_next/static/immutable/chunks/0vmhpedf_b0j8.css was preloaded using link preload but not used within a few seconds from the window's load event. Please make sure it has an appropriate `as` value and it is preloaded intentionally. @ https://vercel.com/rigo-melchor-s-projects/foxtrading/91Qta4xpj9aZM19rRginxfWu1Zpm:0
[   87199ms] [WARNING] The resource https://vercel.com/_next/static/immutable/media/GeistMono_Variable.p.1bcgm0qa26ixg.woff2 was preloaded using link preload but not used within a few seconds from the window's load event. Please make sure it has an appropriate `as` value and it is preloaded intentionally. @ https://vercel.com/rigo-melchor-s-projects/foxtrading/91Qta4xpj9aZM19rRginxfWu1Zpm:0
[   87199ms] [WARNING] The resource https://vercel.com/_next/static/immutable/chunks/3d792zqltro0t.css was preloaded using link preload but not used within a few seconds from the window's load event. Please make sure it has an appropriate `as` value and it is preloaded intentionally. @ https://vercel.com/rigo-melchor-s-projects/foxtrading/91Qta4xpj9aZM19rRginxfWu1Zpm:0
[   87199ms] [WARNING] The resource https://vercel.com/_next/static/immutable/chunks/1yl8955ma4q4-.css was preloaded using link preload but not used within a few seconds from the window's load event. Please make sure it has an appropriate `as` value and it is preloaded intentionally. @ https://vercel.com/rigo-melchor-s-projects/foxtrading/91Qta4xpj9aZM19rRginxfWu1Zpm:0
[   87199ms] [WARNING] The resource https://vercel.com/_next/static/immutable/chunks/0-shbsz3-8ybx.css was preloaded using link preload but not used within a few seconds from the window's load event. Please make sure it has an appropriate `as` value and it is preloaded intentionally. @ https://vercel.com/rigo-melchor-s-projects/foxtrading/91Qta4xpj9aZM19rRginxfWu1Zpm:0
[   87199ms] [WARNING] The resource https://vercel.com/_next/static/immutable/chunks/3z36ncuffz89v.css was preloaded using link preload but not used within a few seconds from the window's load event. Please make sure it has an appropriate `as` value and it is preloaded intentionally. @ https://vercel.com/rigo-melchor-s-projects/foxtrading/91Qta4xpj9aZM19rRginxfWu1Zpm:0
[   87199ms] [WARNING] The resource https://vercel.com/_next/static/immutable/chunks/3z9uffp9rqnx8.css was preloaded using link preload but not used within a few seconds from the window's load event. Please make sure it has an appropriate `as` value and it is preloaded intentionally. @ https://vercel.com/rigo-melchor-s-projects/foxtrading/91Qta4xpj9aZM19rRginxfWu1Zpm:0
[   87199ms] [WARNING] The resource https://vercel.com/_next/static/immutable/chunks/1xg6gg5e39tni.css was preloaded using link preload but not used within a few seconds from the window's load event. Please make sure it has an appropriate `as` value and it is preloaded intentionally. @ https://vercel.com/rigo-melchor-s-projects/foxtrading/91Qta4xpj9aZM19rRginxfWu1Zpm:0
[   87199ms] [WARNING] The resource https://vercel.com/_next/static/immutable/chunks/1hzff2kh3gano.css was preloaded using link preload but not used within a few seconds from the window's load event. Please make sure it has an appropriate `as` value and it is preloaded intentionally. @ https://vercel.com/rigo-melchor-s-projects/foxtrading/91Qta4xpj9aZM19rRginxfWu1Zpm:0
[   87199ms] [WARNING] The resource https://vercel.com/_next/static/immutable/chunks/044vmykz7q7vs.css was preloaded using link preload but not used within a few seconds from the window's load event. Please make sure it has an appropriate `as` value and it is preloaded intentionally. @ https://vercel.com/rigo-melchor-s-projects/foxtrading/91Qta4xpj9aZM19rRginxfWu1Zpm:0
[   87199ms] [WARNING] The resource https://vercel.com/_next/static/immutable/media/logo-vercel-light.3an2_9g6dt4xn.svg was preloaded using link preload but not used within a few seconds from the window's load event. Please make sure it has an appropriate `as` value and it is preloaded intentionally. @ https://vercel.com/rigo-melchor-s-projects/foxtrading/91Qta4xpj9aZM19rRginxfWu1Zpm:0
[   87199ms] [WARNING] The resource https://vercel.com/_next/static/immutable/chunks/0rblmumf_9wz1.css was preloaded using link preload but not used within a few seconds from the window's load event. Please make sure it has an appropriate `as` value and it is preloaded intentionally. @ https://vercel.com/rigo-melchor-s-projects/foxtrading/91Qta4xpj9aZM19rRginxfWu1Zpm:0
[   87199ms] [WARNING] The resource https://vercel.com/_next/static/immutable/chunks/25nnd13fh_4k5.css was preloaded using link preload but not used within a few seconds from the window's load event. Please make sure it has an appropriate `as` value and it is preloaded intentionally. @ https://vercel.com/rigo-melchor-s-projects/foxtrading/91Qta4xpj9aZM19rRginxfWu1Zpm:0
[   87199ms] [WARNING] The resource https://vercel.com/_next/static/immutable/chunks/3p9g28no3_hj-.css was preloaded using link preload but not used within a few seconds from the window's load event. Please make sure it has an appropriate `as` value and it is preloaded intentionally. @ https://vercel.com/rigo-melchor-s-projects/foxtrading/91Qta4xpj9aZM19rRginxfWu1Zpm:0
[   87199ms] [WARNING] The resource https://vercel.com/_next/static/immutable/chunks/3fd49nnoyujvi.css was preloaded using link preload but not used within a few seconds from the window's load event. Please make sure it has an appropriate `as` value and it is preloaded intentionally. @ https://vercel.com/rigo-melchor-s-projects/foxtrading/91Qta4xpj9aZM19rRginxfWu1Zpm:0
[   87199ms] [WARNING] The resource https://vercel.com/_next/static/immutable/chunks/1dpcx2e86le6i.css was preloaded using link preload but not used within a few seconds from the window's load event. Please make sure it has an appropriate `as` value and it is preloaded intentionally. @ https://vercel.com/rigo-melchor-s-projects/foxtrading/91Qta4xpj9aZM19rRginxfWu1Zpm:0
[   87199ms] [WARNING] The resource https://vercel.com/_next/static/immutable/chunks/2cegy48-lpb69.css was preloaded using link preload but not used within a few seconds from the window's load event. Please make sure it has an appropriate `as` value and it is preloaded intentionally. @ https://vercel.com/rigo-melchor-s-projects/foxtrading/91Qta4xpj9aZM19rRginxfWu1Zpm:0
[   87199ms] [WARNING] The resource https://vercel.com/_next/static/immutable/chunks/26_kjvxoedtei.css was preloaded using link preload but not used within a few seconds from the window's load event. Please make sure it has an appropriate `as` value and it is preloaded intentionally. @ https://vercel.com/rigo-melchor-s-projects/foxtrading/91Qta4xpj9aZM19rRginxfWu1Zpm:0
[   90402ms] [WARNING] The resource https://vercel.com/_next/static/immutable/chunks/1y7np90zxj-un.css was preloaded using link preload but not used within a few seconds from the window's load event. Please make sure it has an appropriate `as` value and it is preloaded intentionally. @ https://vercel.com/rigo-melchor-s-projects/foxtrading/91Qta4xpj9aZM19rRginxfWu1Zpm:0
[   90402ms] [WARNING] The resource https://vercel.com/_next/static/immutable/media/caa3a2e1cccd8315.p.0wgildi0cnwt9.woff2 was preloaded using link preload but not used within a few seconds from the window's load event. Please make sure it has an appropriate `as` value and it is preloaded intentionally. @ https://vercel.com/rigo-melchor-s-projects/foxtrading/91Qta4xpj9aZM19rRginxfWu1Zpm:0
[   90402ms] [WARNING] The resource https://vercel.com/_next/static/immutable/chunks/2xsdyifozdz06.css was preloaded using link preload but not used within a few seconds from the window's load event. Please make sure it has an appropriate `as` value and it is preloaded intentionally. @ https://vercel.com/rigo-melchor-s-projects/foxtrading/91Qta4xpj9aZM19rRginxfWu1Zpm:0
[   90402ms] [WARNING] The resource https://vercel.com/_next/static/immutable/media/logo-vercel-dark.28zbfuuys0x7i.svg was preloaded using link preload but not used within a few seconds from the window's load event. Please make sure it has an appropriate `as` value and it is preloaded intentionally. @ https://vercel.com/rigo-melchor-s-projects/foxtrading/91Qta4xpj9aZM19rRginxfWu1Zpm:0
[   90402ms] [WARNING] The resource https://vercel.com/_next/static/immutable/chunks/1mvkrfndostfj.css was preloaded using link preload but not used within a few seconds from the window's load event. Please make sure it has an appropriate `as` value and it is preloaded intentionally. @ https://vercel.com/rigo-melchor-s-projects/foxtrading/91Qta4xpj9aZM19rRginxfWu1Zpm:0
[   90402ms] [WARNING] The resource https://vercel.com/_next/static/immutable/chunks/0vmhpedf_b0j8.css was preloaded using link preload but not used within a few seconds from the window's load event. Please make sure it has an appropriate `as` value and it is preloaded intentionally. @ https://vercel.com/rigo-melchor-s-projects/foxtrading/91Qta4xpj9aZM19rRginxfWu1Zpm:0
[   90402ms] [WARNING] The resource https://vercel.com/_next/static/immutable/media/GeistMono_Variable.p.1bcgm0qa26ixg.woff2 was preloaded using link preload but not used within a few seconds from the window's load event. Please make sure it has an appropriate `as` value and it is preloaded intentionally. @ https://vercel.com/rigo-melchor-s-projects/foxtrading/91Qta4xpj9aZM19rRginxfWu1Zpm:0
[   90402ms] [WARNING] The resource https://vercel.com/_next/static/immutable/chunks/3d792zqltro0t.css was preloaded using link preload but not used within a few seconds from the window's load event. Please make sure it has an appropriate `as` value and it is preloaded intentionally. @ https://vercel.com/rigo-melchor-s-projects/foxtrading/91Qta4xpj9aZM19rRginxfWu1Zpm:0
[   90402ms] [WARNING] The resource https://vercel.com/_next/static/immutable/chunks/1yl8955ma4q4-.css was preloaded using link preload but not used within a few seconds from the window's load event. Please make sure it has an appropriate `as` value and it is preloaded intentionally. @ https://vercel.com/rigo-melchor-s-projects/foxtrading/91Qta4xpj9aZM19rRginxfWu1Zpm:0
[   90402ms] [WARNING] The resource https://vercel.com/_next/static/immutable/chunks/0-shbsz3-8ybx.css was preloaded using link preload but not used within a few seconds from the window's load event. Please make sure it has an appropriate `as` value and it is preloaded intentionally. @ https://vercel.com/rigo-melchor-s-projects/foxtrading/91Qta4xpj9aZM19rRginxfWu1Zpm:0
[   90402ms] [WARNING] The resource https://vercel.com/_next/static/immutable/chunks/3z36ncuffz89v.css was preloaded using link preload but not used within a few seconds from the window's load event. Please make sure it has an appropriate `as` value and it is preloaded intentionally. @ https://vercel.com/rigo-melchor-s-projects/foxtrading/91Qta4xpj9aZM19rRginxfWu1Zpm:0
[   90402ms] [WARNING] The resource https://vercel.com/_next/static/immutable/chunks/3z9uffp9rqnx8.css was preloaded using link preload but not used within a few seconds from the window's load event. Please make sure it has an appropriate `as` value and it is preloaded intentionally. @ https://vercel.com/rigo-melchor-s-projects/foxtrading/91Qta4xpj9aZM19rRginxfWu1Zpm:0
[   90402ms] [WARNING] The resource https://vercel.com/_next/static/immutable/chunks/1xg6gg5e39tni.css was preloaded using link preload but not used within a few seconds from the window's load event. Please make sure it has an appropriate `as` value and it is preloaded intentionally. @ https://vercel.com/rigo-melchor-s-projects/foxtrading/91Qta4xpj9aZM19rRginxfWu1Zpm:0
[   90402ms] [WARNING] The resource https://vercel.com/_next/static/immutable/chunks/1hzff2kh3gano.css was preloaded using link preload but not used within a few seconds from the window's load event. Please make sure it has an appropriate `as` value and it is preloaded intentionally. @ https://vercel.com/rigo-melchor-s-projects/foxtrading/91Qta4xpj9aZM19rRginxfWu1Zpm:0
[   90402ms] [WARNING] The resource https://vercel.com/_next/static/immutable/chunks/044vmykz7q7vs.css was preloaded using link preload but not used within a few seconds from the window's load event. Please make sure it has an appropriate `as` value and it is preloaded intentionally. @ https://vercel.com/rigo-melchor-s-projects/foxtrading/91Qta4xpj9aZM19rRginxfWu1Zpm:0
[   90402ms] [WARNING] The resource https://vercel.com/_next/static/immutable/media/logo-vercel-light.3an2_9g6dt4xn.svg was preloaded using link preload but not used within a few seconds from the window's load event. Please make sure it has an appropriate `as` value and it is preloaded intentionally. @ https://vercel.com/rigo-melchor-s-projects/foxtrading/91Qta4xpj9aZM19rRginxfWu1Zpm:0
[   90402ms] [WARNING] The resource https://vercel.com/_next/static/immutable/chunks/0rblmumf_9wz1.css was preloaded using link preload but not used within a few seconds from the window's load event. Please make sure it has an appropriate `as` value and it is preloaded intentionally. @ https://vercel.com/rigo-melchor-s-projects/foxtrading/91Qta4xpj9aZM19rRginxfWu1Zpm:0
[   90402ms] [WARNING] The resource https://vercel.com/_next/static/immutable/chunks/25nnd13fh_4k5.css was preloaded using link preload but not used within a few seconds from the window's load event. Please make sure it has an appropriate `as` value and it is preloaded intentionally. @ https://vercel.com/rigo-melchor-s-projects/foxtrading/91Qta4xpj9aZM19rRginxfWu1Zpm:0
[   90402ms] [WARNING] The resource https://vercel.com/_next/static/immutable/chunks/3p9g28no3_hj-.css was preloaded using link preload but not used within a few seconds from the window's load event. Please make sure it has an appropriate `as` value and it is preloaded intentionally. @ https://vercel.com/rigo-melchor-s-projects/foxtrading/91Qta4xpj9aZM19rRginxfWu1Zpm:0
[   90402ms] [WARNING] The resource https://vercel.com/_next/static/immutable/chunks/3fd49nnoyujvi.css was preloaded using link preload but not used within a few seconds from the window's load event. Please make sure it has an appropriate `as` value and it is preloaded intentionally. @ https://vercel.com/rigo-melchor-s-projects/foxtrading/91Qta4xpj9aZM19rRginxfWu1Zpm:0
[   90402ms] [WARNING] The resource https://vercel.com/_next/static/immutable/chunks/1dpcx2e86le6i.css was preloaded using link preload but not used within a few seconds from the window's load event. Please make sure it has an appropriate `as` value and it is preloaded intentionally. @ https://vercel.com/rigo-melchor-s-projects/foxtrading/91Qta4xpj9aZM19rRginxfWu1Zpm:0
[   90402ms] [WARNING] The resource https://vercel.com/_next/static/immutable/chunks/2cegy48-lpb69.css was preloaded using link preload but not used within a few seconds from the window's load event. Please make sure it has an appropriate `as` value and it is preloaded intentionally. @ https://vercel.com/rigo-melchor-s-projects/foxtrading/91Qta4xpj9aZM19rRginxfWu1Zpm:0
[   90402ms] [WARNING] The resource https://vercel.com/_next/static/immutable/chunks/26_kjvxoedtei.css was preloaded using link preload but not used within a few seconds from the window's load event. Please make sure it has an appropriate `as` value and it is preloaded intentionally. @ https://vercel.com/rigo-melchor-s-projects/foxtrading/91Qta4xpj9aZM19rRginxfWu1Zpm:0
[   93661ms] [WARNING] The resource https://vercel.com/_next/static/immutable/chunks/1y7np90zxj-un.css was preloaded using link preload but not used within a few seconds from the window's load event. Please make sure it has an appropriate `as` value and it is preloaded intentionally. @ https://vercel.com/rigo-melchor-s-projects/foxtrading/91Qta4xpj9aZM19rRginxfWu1Zpm:0
[   93661ms] [WARNING] The resource https://vercel.com/_next/static/immutable/media/caa3a2e1cccd8315.p.0wgildi0cnwt9.woff2 was preloaded using link preload but not used within a few seconds from the window's load event. Please make sure it has an appropriate `as` value and it is preloaded intentionally. @ https://vercel.com/rigo-melchor-s-projects/foxtrading/91Qta4xpj9aZM19rRginxfWu1Zpm:0
[   93661ms] [WARNING] The resource https://vercel.com/_next/static/immutable/chunks/2xsdyifozdz06.css was preloaded using link preload but not used within a few seconds from the window's load event. Please make sure it has an appropriate `as` value and it is preloaded intentionally. @ https://vercel.com/rigo-melchor-s-projects/foxtrading/91Qta4xpj9aZM19rRginxfWu1Zpm:0
[   93661ms] [WARNING] The resource https://vercel.com/_next/static/immutable/media/logo-vercel-dark.28zbfuuys0x7i.svg was preloaded using link preload but not used within a few seconds from the window's load event. Please make sure it has an appropriate `as` value and it is preloaded intentionally. @ https://vercel.com/rigo-melchor-s-projects/foxtrading/91Qta4xpj9aZM19rRginxfWu1Zpm:0
[   93661ms] [WARNING] The resource https://vercel.com/_next/static/immutable/chunks/1mvkrfndostfj.css was preloaded using link preload but not used within a few seconds from the window's load event. Please make sure it has an appropriate `as` value and it is preloaded intentionally. @ https://vercel.com/rigo-melchor-s-projects/foxtrading/91Qta4xpj9aZM19rRginxfWu1Zpm:0
[   93661ms] [WARNING] The resource https://vercel.com/_next/static/immutable/chunks/0vmhpedf_b0j8.css was preloaded using link preload but not used within a few seconds from the window's load event. Please make sure it has an appropriate `as` value and it is preloaded intentionally. @ https://vercel.com/rigo-melchor-s-projects/foxtrading/91Qta4xpj9aZM19rRginxfWu1Zpm:0
[   93661ms] [WARNING] The resource https://vercel.com/_next/static/immutable/media/GeistMono_Variable.p.1bcgm0qa26ixg.woff2 was preloaded using link preload but not used within a few seconds from the window's load event. Please make sure it has an appropriate `as` value and it is preloaded intentionally. @ https://vercel.com/rigo-melchor-s-projects/foxtrading/91Qta4xpj9aZM19rRginxfWu1Zpm:0
[   93661ms] [WARNING] The resource https://vercel.com/_next/static/immutable/chunks/3d792zqltro0t.css was preloaded using link preload but not used within a few seconds from the window's load event. Please make sure it has an appropriate `as` value and it is preloaded intentionally. @ https://vercel.com/rigo-melchor-s-projects/foxtrading/91Qta4xpj9aZM19rRginxfWu1Zpm:0
[   93661ms] [WARNING] The resource https://vercel.com/_next/static/immutable/chunks/1yl8955ma4q4-.css was preloaded using link preload but not used within a few seconds from the window's load event. Please make sure it has an appropriate `as` value and it is preloaded intentionally. @ https://vercel.com/rigo-melchor-s-projects/foxtrading/91Qta4xpj9aZM19rRginxfWu1Zpm:0
[   93661ms] [WARNING] The resource https://vercel.com/_next/static/immutable/chunks/0-shbsz3-8ybx.css was preloaded using link preload but not used within a few seconds from the window's load event. Please make sure it has an appropriate `as` value and it is preloaded intentionally. @ https://vercel.com/rigo-melchor-s-projects/foxtrading/91Qta4xpj9aZM19rRginxfWu1Zpm:0
[   93661ms] [WARNING] The resource https://vercel.com/_next/static/immutable/chunks/3z36ncuffz89v.css was preloaded using link preload but not used within a few seconds from the window's load event. Please make sure it has an appropriate `as` value and it is preloaded intentionally. @ https://vercel.com/rigo-melchor-s-projects/foxtrading/91Qta4xpj9aZM19rRginxfWu1Zpm:0
[   93661ms] [WARNING] The resource https://vercel.com/_next/static/immutable/chunks/3z9uffp9rqnx8.css was preloaded using link preload but not used within a few seconds from the window's load event. Please make sure it has an appropriate `as` value and it is preloaded intentionally. @ https://vercel.com/rigo-melchor-s-projects/foxtrading/91Qta4xpj9aZM19rRginxfWu1Zpm:0
[   93661ms] [WARNING] The resource https://vercel.com/_next/static/immutable/chunks/1xg6gg5e39tni.css was preloaded using link preload but not used within a few seconds from the window's load event. Please make sure it has an appropriate `as` value and it is preloaded intentionally. @ https://vercel.com/rigo-melchor-s-projects/foxtrading/91Qta4xpj9aZM19rRginxfWu1Zpm:0
[   93661ms] [WARNING] The resource https://vercel.com/_next/static/immutable/chunks/1hzff2kh3gano.css was preloaded using link preload but not used within a few seconds from the window's load event. Please make sure it has an appropriate `as` value and it is preloaded intentionally. @ https://vercel.com/rigo-melchor-s-projects/foxtrading/91Qta4xpj9aZM19rRginxfWu1Zpm:0
[   93661ms] [WARNING] The resource https://vercel.com/_next/static/immutable/chunks/044vmykz7q7vs.css was preloaded using link preload but not used within a few seconds from the window's load event. Please make sure it has an appropriate `as` value and it is preloaded intentionally. @ https://vercel.com/rigo-melchor-s-projects/foxtrading/91Qta4xpj9aZM19rRginxfWu1Zpm:0
[   93661ms] [WARNING] The resource https://vercel.com/_next/static/immutable/media/logo-vercel-light.3an2_9g6dt4xn.svg was preloaded using link preload but not used within a few seconds from the window's load event. Please make sure it has an appropriate `as` value and it is preloaded intentionally. @ https://vercel.com/rigo-melchor-s-projects/foxtrading/91Qta4xpj9aZM19rRginxfWu1Zpm:0
[   93661ms] [WARNING] The resource https://vercel.com/_next/static/immutable/chunks/0rblmumf_9wz1.css was preloaded using link preload but not used within a few seconds from the window's load event. Please make sure it has an appropriate `as` value and it is preloaded intentionally. @ https://vercel.com/rigo-melchor-s-projects/foxtrading/91Qta4xpj9aZM19rRginxfWu1Zpm:0
[   93661ms] [WARNING] The resource https://vercel.com/_next/static/immutable/chunks/25nnd13fh_4k5.css was preloaded using link preload but not used within a few seconds from the window's load event. Please make sure it has an appropriate `as` value and it is preloaded intentionally. @ https://vercel.com/rigo-melchor-s-projects/foxtrading/91Qta4xpj9aZM19rRginxfWu1Zpm:0
[   93661ms] [WARNING] The resource https://vercel.com/_next/static/immutable/chunks/3p9g28no3_hj-.css was preloaded using link preload but not used within a few seconds from the window's load event. Please make sure it has an appropriate `as` value and it is preloaded intentionally. @ https://vercel.com/rigo-melchor-s-projects/foxtrading/91Qta4xpj9aZM19rRginxfWu1Zpm:0
[   93661ms] [WARNING] The resource https://vercel.com/_next/static/immutable/chunks/3fd49nnoyujvi.css was preloaded using link preload but not used within a few seconds from the window's load event. Please make sure it has an appropriate `as` value and it is preloaded intentionally. @ https://vercel.com/rigo-melchor-s-projects/foxtrading/91Qta4xpj9aZM19rRginxfWu1Zpm:0
[   93661ms] [WARNING] The resource https://vercel.com/_next/static/immutable/chunks/1dpcx2e86le6i.css was preloaded using link preload but not used within a few seconds from the window's load event. Please make sure it has an appropriate `as` value and it is preloaded intentionally. @ https://vercel.com/rigo-melchor-s-projects/foxtrading/91Qta4xpj9aZM19rRginxfWu1Zpm:0
[   93661ms] [WARNING] The resource https://vercel.com/_next/static/immutable/chunks/2cegy48-lpb69.css was preloaded using link preload but not used within a few seconds from the window's load event. Please make sure it has an appropriate `as` value and it is preloaded intentionally. @ https://vercel.com/rigo-melchor-s-projects/foxtrading/91Qta4xpj9aZM19rRginxfWu1Zpm:0
[   93661ms] [WARNING] The resource https://vercel.com/_next/static/immutable/chunks/26_kjvxoedtei.css was preloaded using link preload but not used within a few seconds from the window's load event. Please make sure it has an appropriate `as` value and it is preloaded intentionally. @ https://vercel.com/rigo-melchor-s-projects/foxtrading/91Qta4xpj9aZM19rRginxfWu1Zpm:0
[   96869ms] [WARNING] The resource https://vercel.com/_next/static/immutable/chunks/1y7np90zxj-un.css was preloaded using link preload but not used within a few seconds from the window's load event. Please make sure it has an appropriate `as` value and it is preloaded intentionally. @ https://vercel.com/rigo-melchor-s-projects/foxtrading/91Qta4xpj9aZM19rRginxfWu1Zpm:0
[   96869ms] [WARNING] The resource https://vercel.com/_next/static/immutable/media/caa3a2e1cccd8315.p.0wgildi0cnwt9.woff2 was preloaded using link preload but not used within a few seconds from the window's load event. Please make sure it has an appropriate `as` value and it is preloaded intentionally. @ https://vercel.com/rigo-melchor-s-projects/foxtrading/91Qta4xpj9aZM19rRginxfWu1Zpm:0
[   96869ms] [WARNING] The resource https://vercel.com/_next/static/immutable/chunks/2xsdyifozdz06.css was preloaded using link preload but not used within a few seconds from the window's load event. Please make sure it has an appropriate `as` value and it is preloaded intentionally. @ https://vercel.com/rigo-melchor-s-projects/foxtrading/91Qta4xpj9aZM19rRginxfWu1Zpm:0
[   96869ms] [WARNING] The resource https://vercel.com/_next/static/immutable/media/logo-vercel-dark.28zbfuuys0x7i.svg was preloaded using link preload but not used within a few seconds from the window's load event. Please make sure it has an appropriate `as` value and it is preloaded intentionally. @ https://vercel.com/rigo-melchor-s-projects/foxtrading/91Qta4xpj9aZM19rRginxfWu1Zpm:0
[   96869ms] [WARNING] The resource https://vercel.com/_next/static/immutable/chunks/1mvkrfndostfj.css was preloaded using link preload but not used within a few seconds from the window's load event. Please make sure it has an appropriate `as` value and it is preloaded intentionally. @ https://vercel.com/rigo-melchor-s-projects/foxtrading/91Qta4xpj9aZM19rRginxfWu1Zpm:0
[   96869ms] [WARNING] The resource https://vercel.com/_next/static/immutable/chunks/0vmhpedf_b0j8.css was preloaded using link preload but not used within a few seconds from the window's load event. Please make sure it has an appropriate `as` value and it is preloaded intentionally. @ https://vercel.com/rigo-melchor-s-projects/foxtrading/91Qta4xpj9aZM19rRginxfWu1Zpm:0
[   96869ms] [WARNING] The resource https://vercel.com/_next/static/immutable/media/GeistMono_Variable.p.1bcgm0qa26ixg.woff2 was preloaded using link preload but not used within a few seconds from the window's load event. Please make sure it has an appropriate `as` value and it is preloaded intentionally. @ https://vercel.com/rigo-melchor-s-projects/foxtrading/91Qta4xpj9aZM19rRginxfWu1Zpm:0
[   96869ms] [WARNING] The resource https://vercel.com/_next/static/immutable/chunks/3d792zqltro0t.css was preloaded using link preload but not used within a few seconds from the window's load event. Please make sure it has an appropriate `as` value and it is preloaded intentionally. @ https://vercel.com/rigo-melchor-s-projects/foxtrading/91Qta4xpj9aZM19rRginxfWu1Zpm:0
[   96869ms] [WARNING] The resource https://vercel.com/_next/static/immutable/chunks/1yl8955ma4q4-.css was preloaded using link preload but not used within a few seconds from the window's load event. Please make sure it has an appropriate `as` value and it is preloaded intentionally. @ https://vercel.com/rigo-melchor-s-projects/foxtrading/91Qta4xpj9aZM19rRginxfWu1Zpm:0
[   96869ms] [WARNING] The resource https://vercel.com/_next/static/immutable/chunks/0-shbsz3-8ybx.css was preloaded using link preload but not used within a few seconds from the window's load event. Please make sure it has an appropriate `as` value and it is preloaded intentionally. @ https://vercel.com/rigo-melchor-s-projects/foxtrading/91Qta4xpj9aZM19rRginxfWu1Zpm:0
[   96869ms] [WARNING] The resource https://vercel.com/_next/static/immutable/chunks/3z36ncuffz89v.css was preloaded using link preload but not used within a few seconds from the window's load event. Please make sure it has an appropriate `as` value and it is preloaded intentionally. @ https://vercel.com/rigo-melchor-s-projects/foxtrading/91Qta4xpj9aZM19rRginxfWu1Zpm:0
[   96869ms] [WARNING] The resource https://vercel.com/_next/static/immutable/chunks/3z9uffp9rqnx8.css was preloaded using link preload but not used within a few seconds from the window's load event. Please make sure it has an appropriate `as` value and it is preloaded intentionally. @ https://vercel.com/rigo-melchor-s-projects/foxtrading/91Qta4xpj9aZM19rRginxfWu1Zpm:0
[   96869ms] [WARNING] The resource https://vercel.com/_next/static/immutable/chunks/1xg6gg5e39tni.css was preloaded using link preload but not used within a few seconds from the window's load event. Please make sure it has an appropriate `as` value and it is preloaded intentionally. @ https://vercel.com/rigo-melchor-s-projects/foxtrading/91Qta4xpj9aZM19rRginxfWu1Zpm:0
[   96869ms] [WARNING] The resource https://vercel.com/_next/static/immutable/chunks/1hzff2kh3gano.css was preloaded using link preload but not used within a few seconds from the window's load event. Please make sure it has an appropriate `as` value and it is preloaded intentionally. @ https://vercel.com/rigo-melchor-s-projects/foxtrading/91Qta4xpj9aZM19rRginxfWu1Zpm:0
[   96869ms] [WARNING] The resource https://vercel.com/_next/static/immutable/chunks/044vmykz7q7vs.css was preloaded using link preload but not used within a few seconds from the window's load event. Please make sure it has an appropriate `as` value and it is preloaded intentionally. @ https://vercel.com/rigo-melchor-s-projects/foxtrading/91Qta4xpj9aZM19rRginxfWu1Zpm:0
[   96869ms] [WARNING] The resource https://vercel.com/_next/static/immutable/media/logo-vercel-light.3an2_9g6dt4xn.svg was preloaded using link preload but not used within a few seconds from the window's load event. Please make sure it has an appropriate `as` value and it is preloaded intentionally. @ https://vercel.com/rigo-melchor-s-projects/foxtrading/91Qta4xpj9aZM19rRginxfWu1Zpm:0
[   96869ms] [WARNING] The resource https://vercel.com/_next/static/immutable/chunks/0rblmumf_9wz1.css was preloaded using link preload but not used within a few seconds from the window's load event. Please make sure it has an appropriate `as` value and it is preloaded intentionally. @ https://vercel.com/rigo-melchor-s-projects/foxtrading/91Qta4xpj9aZM19rRginxfWu1Zpm:0
[   96869ms] [WARNING] The resource https://vercel.com/_next/static/immutable/chunks/25nnd13fh_4k5.css was preloaded using link preload but not used within a few seconds from the window's load event. Please make sure it has an appropriate `as` value and it is preloaded intentionally. @ https://vercel.com/rigo-melchor-s-projects/foxtrading/91Qta4xpj9aZM19rRginxfWu1Zpm:0
[   96869ms] [WARNING] The resource https://vercel.com/_next/static/immutable/chunks/3p9g28no3_hj-.css was preloaded using link preload but not used within a few seconds from the window's load event. Please make sure it has an appropriate `as` value and it is preloaded intentionally. @ https://vercel.com/rigo-melchor-s-projects/foxtrading/91Qta4xpj9aZM19rRginxfWu1Zpm:0
[   96869ms] [WARNING] The resource https://vercel.com/_next/static/immutable/chunks/3fd49nnoyujvi.css was preloaded using link preload but not used within a few seconds from the window's load event. Please make sure it has an appropriate `as` value and it is preloaded intentionally. @ https://vercel.com/rigo-melchor-s-projects/foxtrading/91Qta4xpj9aZM19rRginxfWu1Zpm:0
[   96869ms] [WARNING] The resource https://vercel.com/_next/static/immutable/chunks/1dpcx2e86le6i.css was preloaded using link preload but not used within a few seconds from the window's load event. Please make sure it has an appropriate `as` value and it is preloaded intentionally. @ https://vercel.com/rigo-melchor-s-projects/foxtrading/91Qta4xpj9aZM19rRginxfWu1Zpm:0
[   96869ms] [WARNING] The resource https://vercel.com/_next/static/immutable/chunks/2cegy48-lpb69.css was preloaded using link preload but not used within a few seconds from the window's load event. Please make sure it has an appropriate `as` value and it is preloaded intentionally. @ https://vercel.com/rigo-melchor-s-projects/foxtrading/91Qta4xpj9aZM19rRginxfWu1Zpm:0
[   96869ms] [WARNING] The resource https://vercel.com/_next/static/immutable/chunks/26_kjvxoedtei.css was preloaded using link preload but not used within a few seconds from the window's load event. Please make sure it has an appropriate `as` value and it is preloaded intentionally. @ https://vercel.com/rigo-melchor-s-projects/foxtrading/91Qta4xpj9aZM19rRginxfWu1Zpm:0
[  100073ms] [WARNING] The resource https://vercel.com/_next/static/immutable/chunks/1y7np90zxj-un.css was preloaded using link preload but not used within a few seconds from the window's load event. Please make sure it has an appropriate `as` value and it is preloaded intentionally. @ https://vercel.com/rigo-melchor-s-projects/foxtrading/91Qta4xpj9aZM19rRginxfWu1Zpm:0
[  100073ms] [WARNING] The resource https://vercel.com/_next/static/immutable/media/caa3a2e1cccd8315.p.0wgildi0cnwt9.woff2 was preloaded using link preload but not used within a few seconds from the window's load event. Please make sure it has an appropriate `as` value and it is preloaded intentionally. @ https://vercel.com/rigo-melchor-s-projects/foxtrading/91Qta4xpj9aZM19rRginxfWu1Zpm:0
[  100073ms] [WARNING] The resource https://vercel.com/_next/static/immutable/chunks/2xsdyifozdz06.css was preloaded using link preload but not used within a few seconds from the window's load event. Please make sure it has an appropriate `as` value and it is preloaded intentionally. @ https://vercel.com/rigo-melchor-s-projects/foxtrading/91Qta4xpj9aZM19rRginxfWu1Zpm:0
[  100073ms] [WARNING] The resource https://vercel.com/_next/static/immutable/media/logo-vercel-dark.28zbfuuys0x7i.svg was preloaded using link preload but not used within a few seconds from the window's load event. Please make sure it has an appropriate `as` value and it is preloaded intentionally. @ https://vercel.com/rigo-melchor-s-projects/foxtrading/91Qta4xpj9aZM19rRginxfWu1Zpm:0
[  100073ms] [WARNING] The resource https://vercel.com/_next/static/immutable/chunks/1mvkrfndostfj.css was preloaded using link preload but not used within a few seconds from the window's load event. Please make sure it has an appropriate `as` value and it is preloaded intentionally. @ https://vercel.com/rigo-melchor-s-projects/foxtrading/91Qta4xpj9aZM19rRginxfWu1Zpm:0
[  100073ms] [WARNING] The resource https://vercel.com/_next/static/immutable/chunks/0vmhpedf_b0j8.css was preloaded using link preload but not used within a few seconds from the window's load event. Please make sure it has an appropriate `as` value and it is preloaded intentionally. @ https://vercel.com/rigo-melchor-s-projects/foxtrading/91Qta4xpj9aZM19rRginxfWu1Zpm:0
[  100073ms] [WARNING] The resource https://vercel.com/_next/static/immutable/media/GeistMono_Variable.p.1bcgm0qa26ixg.woff2 was preloaded using link preload but not used within a few seconds from the window's load event. Please make sure it has an appropriate `as` value and it is preloaded intentionally. @ https://vercel.com/rigo-melchor-s-projects/foxtrading/91Qta4xpj9aZM19rRginxfWu1Zpm:0
[  100073ms] [WARNING] The resource https://vercel.com/_next/static/immutable/chunks/3d792zqltro0t.css was preloaded using link preload but not used within a few seconds from the window's load event. Please make sure it has an appropriate `as` value and it is preloaded intentionally. @ https://vercel.com/rigo-melchor-s-projects/foxtrading/91Qta4xpj9aZM19rRginxfWu1Zpm:0
[  100073ms] [WARNING] The resource https://vercel.com/_next/static/immutable/chunks/1yl8955ma4q4-.css was preloaded using link preload but not used within a few seconds from the window's load event. Please make sure it has an appropriate `as` value and it is preloaded intentionally. @ https://vercel.com/rigo-melchor-s-projects/foxtrading/91Qta4xpj9aZM19rRginxfWu1Zpm:0
[  100073ms] [WARNING] The resource https://vercel.com/_next/static/immutable/chunks/0-shbsz3-8ybx.css was preloaded using link preload but not used within a few seconds from the window's load event. Please make sure it has an appropriate `as` value and it is preloaded intentionally. @ https://vercel.com/rigo-melchor-s-projects/foxtrading/91Qta4xpj9aZM19rRginxfWu1Zpm:0
[  100073ms] [WARNING] The resource https://vercel.com/_next/static/immutable/chunks/3z36ncuffz89v.css was preloaded using link preload but not used within a few seconds from the window's load event. Please make sure it has an appropriate `as` value and it is preloaded intentionally. @ https://vercel.com/rigo-melchor-s-projects/foxtrading/91Qta4xpj9aZM19rRginxfWu1Zpm:0
[  100073ms] [WARNING] The resource https://vercel.com/_next/static/immutable/chunks/3z9uffp9rqnx8.css was preloaded using link preload but not used within a few seconds from the window's load event. Please make sure it has an appropriate `as` value and it is preloaded intentionally. @ https://vercel.com/rigo-melchor-s-projects/foxtrading/91Qta4xpj9aZM19rRginxfWu1Zpm:0
[  100073ms] [WARNING] The resource https://vercel.com/_next/static/immutable/chunks/1xg6gg5e39tni.css was preloaded using link preload but not used within a few seconds from the window's load event. Please make sure it has an appropriate `as` value and it is preloaded intentionally. @ https://vercel.com/rigo-melchor-s-projects/foxtrading/91Qta4xpj9aZM19rRginxfWu1Zpm:0
[  100073ms] [WARNING] The resource https://vercel.com/_next/static/immutable/chunks/1hzff2kh3gano.css was preloaded using link preload but not used within a few seconds from the window's load event. Please make sure it has an appropriate `as` value and it is preloaded intentionally. @ https://vercel.com/rigo-melchor-s-projects/foxtrading/91Qta4xpj9aZM19rRginxfWu1Zpm:0
[  100073ms] [WARNING] The resource https://vercel.com/_next/static/immutable/chunks/044vmykz7q7vs.css was preloaded using link preload but not used within a few seconds from the window's load event. Please make sure it has an appropriate `as` value and it is preloaded intentionally. @ https://vercel.com/rigo-melchor-s-projects/foxtrading/91Qta4xpj9aZM19rRginxfWu1Zpm:0
[  100073ms] [WARNING] The resource https://vercel.com/_next/static/immutable/media/logo-vercel-light.3an2_9g6dt4xn.svg was preloaded using link preload but not used within a few seconds from the window's load event. Please make sure it has an appropriate `as` value and it is preloaded intentionally. @ https://vercel.com/rigo-melchor-s-projects/foxtrading/91Qta4xpj9aZM19rRginxfWu1Zpm:0
[  100073ms] [WARNING] The resource https://vercel.com/_next/static/immutable/chunks/0rblmumf_9wz1.css was preloaded using link preload but not used within a few seconds from the window's load event. Please make sure it has an appropriate `as` value and it is preloaded intentionally. @ https://vercel.com/rigo-melchor-s-projects/foxtrading/91Qta4xpj9aZM19rRginxfWu1Zpm:0
[  100073ms] [WARNING] The resource https://vercel.com/_next/static/immutable/chunks/25nnd13fh_4k5.css was preloaded using link preload but not used within a few seconds from the window's load event. Please make sure it has an appropriate `as` value and it is preloaded intentionally. @ https://vercel.com/rigo-melchor-s-projects/foxtrading/91Qta4xpj9aZM19rRginxfWu1Zpm:0
[  100073ms] [WARNING] The resource https://vercel.com/_next/static/immutable/chunks/3p9g28no3_hj-.css was preloaded using link preload but not used within a few seconds from the window's load event. Please make sure it has an appropriate `as` value and it is preloaded intentionally. @ https://vercel.com/rigo-melchor-s-projects/foxtrading/91Qta4xpj9aZM19rRginxfWu1Zpm:0
[  100073ms] [WARNING] The resource https://vercel.com/_next/static/immutable/chunks/3fd49nnoyujvi.css was preloaded using link preload but not used within a few seconds from the window's load event. Please make sure it has an appropriate `as` value and it is preloaded intentionally. @ https://vercel.com/rigo-melchor-s-projects/foxtrading/91Qta4xpj9aZM19rRginxfWu1Zpm:0
[  100073ms] [WARNING] The resource https://vercel.com/_next/static/immutable/chunks/1dpcx2e86le6i.css was preloaded using link preload but not used within a few seconds from the window's load event. Please make sure it has an appropriate `as` value and it is preloaded intentionally. @ https://vercel.com/rigo-melchor-s-projects/foxtrading/91Qta4xpj9aZM19rRginxfWu1Zpm:0
[  100073ms] [WARNING] The resource https://vercel.com/_next/static/immutable/chunks/2cegy48-lpb69.css was preloaded using link preload but not used within a few seconds from the window's load event. Please make sure it has an appropriate `as` value and it is preloaded intentionally. @ https://vercel.com/rigo-melchor-s-projects/foxtrading/91Qta4xpj9aZM19rRginxfWu1Zpm:0
[  100073ms] [WARNING] The resource https://vercel.com/_next/static/immutable/chunks/26_kjvxoedtei.css was preloaded using link preload but not used within a few seconds from the window's load event. Please make sure it has an appropriate `as` value and it is preloaded intentionally. @ https://vercel.com/rigo-melchor-s-projects/foxtrading/91Qta4xpj9aZM19rRginxfWu1Zpm:0
[  103576ms] [WARNING] The resource https://vercel.com/_next/static/immutable/chunks/1y7np90zxj-un.css was preloaded using link preload but not used within a few seconds from the window's load event. Please make sure it has an appropriate `as` value and it is preloaded intentionally. @ https://vercel.com/rigo-melchor-s-projects/foxtrading/91Qta4xpj9aZM19rRginxfWu1Zpm:0
[  103576ms] [WARNING] The resource https://vercel.com/_next/static/immutable/media/caa3a2e1cccd8315.p.0wgildi0cnwt9.woff2 was preloaded using link preload but not used within a few seconds from the window's load event. Please make sure it has an appropriate `as` value and it is preloaded intentionally. @ https://vercel.com/rigo-melchor-s-projects/foxtrading/91Qta4xpj9aZM19rRginxfWu1Zpm:0
[  103576ms] [WARNING] The resource https://vercel.com/_next/static/immutable/chunks/2xsdyifozdz06.css was preloaded using link preload but not used within a few seconds from the window's load event. Please make sure it has an appropriate `as` value and it is preloaded intentionally. @ https://vercel.com/rigo-melchor-s-projects/foxtrading/91Qta4xpj9aZM19rRginxfWu1Zpm:0
[  103576ms] [WARNING] The resource https://vercel.com/_next/static/immutable/media/logo-vercel-dark.28zbfuuys0x7i.svg was preloaded using link preload but not used within a few seconds from the window's load event. Please make sure it has an appropriate `as` value and it is preloaded intentionally. @ https://vercel.com/rigo-melchor-s-projects/foxtrading/91Qta4xpj9aZM19rRginxfWu1Zpm:0
[  103577ms] [WARNING] The resource https://vercel.com/_next/static/immutable/chunks/1mvkrfndostfj.css was preloaded using link preload but not used within a few seconds from the window's load event. Please make sure it has an appropriate `as` value and it is preloaded intentionally. @ https://vercel.com/rigo-melchor-s-projects/foxtrading/91Qta4xpj9aZM19rRginxfWu1Zpm:0
[  103577ms] [WARNING] The resource https://vercel.com/_next/static/immutable/chunks/0vmhpedf_b0j8.css was preloaded using link preload but not used within a few seconds from the window's load event. Please make sure it has an appropriate `as` value and it is preloaded intentionally. @ https://vercel.com/rigo-melchor-s-projects/foxtrading/91Qta4xpj9aZM19rRginxfWu1Zpm:0
[  103577ms] [WARNING] The resource https://vercel.com/_next/static/immutable/media/GeistMono_Variable.p.1bcgm0qa26ixg.woff2 was preloaded using link preload but not used within a few seconds from the window's load event. Please make sure it has an appropriate `as` value and it is preloaded intentionally. @ https://vercel.com/rigo-melchor-s-projects/foxtrading/91Qta4xpj9aZM19rRginxfWu1Zpm:0
[  103577ms] [WARNING] The resource https://vercel.com/_next/static/immutable/chunks/3d792zqltro0t.css was preloaded using link preload but not used within a few seconds from the window's load event. Please make sure it has an appropriate `as` value and it is preloaded intentionally. @ https://vercel.com/rigo-melchor-s-projects/foxtrading/91Qta4xpj9aZM19rRginxfWu1Zpm:0
[  103577ms] [WARNING] The resource https://vercel.com/_next/static/immutable/chunks/1yl8955ma4q4-.css was preloaded using link preload but not used within a few seconds from the window's load event. Please make sure it has an appropriate `as` value and it is preloaded intentionally. @ https://vercel.com/rigo-melchor-s-projects/foxtrading/91Qta4xpj9aZM19rRginxfWu1Zpm:0
[  103577ms] [WARNING] The resource https://vercel.com/_next/static/immutable/chunks/0-shbsz3-8ybx.css was preloaded using link preload but not used within a few seconds from the window's load event. Please make sure it has an appropriate `as` value and it is preloaded intentionally. @ https://vercel.com/rigo-melchor-s-projects/foxtrading/91Qta4xpj9aZM19rRginxfWu1Zpm:0
[  103577ms] [WARNING] The resource https://vercel.com/_next/static/immutable/chunks/3z36ncuffz89v.css was preloaded using link preload but not used within a few seconds from the window's load event. Please make sure it has an appropriate `as` value and it is preloaded intentionally. @ https://vercel.com/rigo-melchor-s-projects/foxtrading/91Qta4xpj9aZM19rRginxfWu1Zpm:0
[  103577ms] [WARNING] The resource https://vercel.com/_next/static/immutable/chunks/3z9uffp9rqnx8.css was preloaded using link preload but not used within a few seconds from the window's load event. Please make sure it has an appropriate `as` value and it is preloaded intentionally. @ https://vercel.com/rigo-melchor-s-projects/foxtrading/91Qta4xpj9aZM19rRginxfWu1Zpm:0
[  103577ms] [WARNING] The resource https://vercel.com/_next/static/immutable/chunks/1xg6gg5e39tni.css was preloaded using link preload but not used within a few seconds from the window's load event. Please make sure it has an appropriate `as` value and it is preloaded intentionally. @ https://vercel.com/rigo-melchor-s-projects/foxtrading/91Qta4xpj9aZM19rRginxfWu1Zpm:0
[  103577ms] [WARNING] The resource https://vercel.com/_next/static/immutable/chunks/1hzff2kh3gano.css was preloaded using link preload but not used within a few seconds from the window's load event. Please make sure it has an appropriate `as` value and it is preloaded intentionally. @ https://vercel.com/rigo-melchor-s-projects/foxtrading/91Qta4xpj9aZM19rRginxfWu1Zpm:0
[  103577ms] [WARNING] The resource https://vercel.com/_next/static/immutable/chunks/044vmykz7q7vs.css was preloaded using link preload but not used within a few seconds from the window's load event. Please make sure it has an appropriate `as` value and it is preloaded intentionally. @ https://vercel.com/rigo-melchor-s-projects/foxtrading/91Qta4xpj9aZM19rRginxfWu1Zpm:0
[  103577ms] [WARNING] The resource https://vercel.com/_next/static/immutable/media/logo-vercel-light.3an2_9g6dt4xn.svg was preloaded using link preload but not used within a few seconds from the window's load event. Please make sure it has an appropriate `as` value and it is preloaded intentionally. @ https://vercel.com/rigo-melchor-s-projects/foxtrading/91Qta4xpj9aZM19rRginxfWu1Zpm:0
[  103577ms] [WARNING] The resource https://vercel.com/_next/static/immutable/chunks/0rblmumf_9wz1.css was preloaded using link preload but not used within a few seconds from the window's load event. Please make sure it has an appropriate `as` value and it is preloaded intentionally. @ https://vercel.com/rigo-melchor-s-projects/foxtrading/91Qta4xpj9aZM19rRginxfWu1Zpm:0
[  103577ms] [WARNING] The resource https://vercel.com/_next/static/immutable/chunks/25nnd13fh_4k5.css was preloaded using link preload but not used within a few seconds from the window's load event. Please make sure it has an appropriate `as` value and it is preloaded intentionally. @ https://vercel.com/rigo-melchor-s-projects/foxtrading/91Qta4xpj9aZM19rRginxfWu1Zpm:0
[  103577ms] [WARNING] The resource https://vercel.com/_next/static/immutable/chunks/3p9g28no3_hj-.css was preloaded using link preload but not used within a few seconds from the window's load event. Please make sure it has an appropriate `as` value and it is preloaded intentionally. @ https://vercel.com/rigo-melchor-s-projects/foxtrading/91Qta4xpj9aZM19rRginxfWu1Zpm:0
[  103577ms] [WARNING] The resource https://vercel.com/_next/static/immutable/chunks/3fd49nnoyujvi.css was preloaded using link preload but not used within a few seconds from the window's load event. Please make sure it has an appropriate `as` value and it is preloaded intentionally. @ https://vercel.com/rigo-melchor-s-projects/foxtrading/91Qta4xpj9aZM19rRginxfWu1Zpm:0
[  103577ms] [WARNING] The resource https://vercel.com/_next/static/immutable/chunks/1dpcx2e86le6i.css was preloaded using link preload but not used within a few seconds from the window's load event. Please make sure it has an appropriate `as` value and it is preloaded intentionally. @ https://vercel.com/rigo-melchor-s-projects/foxtrading/91Qta4xpj9aZM19rRginxfWu1Zpm:0
[  103577ms] [WARNING] The resource https://vercel.com/_next/static/immutable/chunks/2cegy48-lpb69.css was preloaded using link preload but not used within a few seconds from the window's load event. Please make sure it has an appropriate `as` value and it is preloaded intentionally. @ https://vercel.com/rigo-melchor-s-projects/foxtrading/91Qta4xpj9aZM19rRginxfWu1Zpm:0
[  103577ms] [WARNING] The resource https://vercel.com/_next/static/immutable/chunks/26_kjvxoedtei.css was preloaded using link preload but not used within a few seconds from the window's load event. Please make sure it has an appropriate `as` value and it is preloaded intentionally. @ https://vercel.com/rigo-melchor-s-projects/foxtrading/91Qta4xpj9aZM19rRginxfWu1Zpm:0
[  106785ms] [WARNING] The resource https://vercel.com/_next/static/immutable/chunks/1y7np90zxj-un.css was preloaded using link preload but not used within a few seconds from the window's load event. Please make sure it has an appropriate `as` value and it is preloaded intentionally. @ https://vercel.com/rigo-melchor-s-projects/foxtrading/91Qta4xpj9aZM19rRginxfWu1Zpm:0
[  106785ms] [WARNING] The resource https://vercel.com/_next/static/immutable/media/caa3a2e1cccd8315.p.0wgildi0cnwt9.woff2 was preloaded using link preload but not used within a few seconds from the window's load event. Please make sure it has an appropriate `as` value and it is preloaded intentionally. @ https://vercel.com/rigo-melchor-s-projects/foxtrading/91Qta4xpj9aZM19rRginxfWu1Zpm:0
[  106785ms] [WARNING] The resource https://vercel.com/_next/static/immutable/chunks/2xsdyifozdz06.css was preloaded using link preload but not used within a few seconds from the window's load event. Please make sure it has an appropriate `as` value and it is preloaded intentionally. @ https://vercel.com/rigo-melchor-s-projects/foxtrading/91Qta4xpj9aZM19rRginxfWu1Zpm:0
[  106785ms] [WARNING] The resource https://vercel.com/_next/static/immutable/media/logo-vercel-dark.28zbfuuys0x7i.svg was preloaded using link preload but not used within a few seconds from the window's load event. Please make sure it has an appropriate `as` value and it is preloaded intentionally. @ https://vercel.com/rigo-melchor-s-projects/foxtrading/91Qta4xpj9aZM19rRginxfWu1Zpm:0
[  106785ms] [WARNING] The resource https://vercel.com/_next/static/immutable/chunks/1mvkrfndostfj.css was preloaded using link preload but not used within a few seconds from the window's load event. Please make sure it has an appropriate `as` value and it is preloaded intentionally. @ https://vercel.com/rigo-melchor-s-projects/foxtrading/91Qta4xpj9aZM19rRginxfWu1Zpm:0
[  106785ms] [WARNING] The resource https://vercel.com/_next/static/immutable/chunks/0vmhpedf_b0j8.css was preloaded using link preload but not used within a few seconds from the window's load event. Please make sure it has an appropriate `as` value and it is preloaded intentionally. @ https://vercel.com/rigo-melchor-s-projects/foxtrading/91Qta4xpj9aZM19rRginxfWu1Zpm:0
[  106785ms] [WARNING] The resource https://vercel.com/_next/static/immutable/media/GeistMono_Variable.p.1bcgm0qa26ixg.woff2 was preloaded using link preload but not used within a few seconds from the window's load event. Please make sure it has an appropriate `as` value and it is preloaded intentionally. @ https://vercel.com/rigo-melchor-s-projects/foxtrading/91Qta4xpj9aZM19rRginxfWu1Zpm:0
[  106785ms] [WARNING] The resource https://vercel.com/_next/static/immutable/chunks/3d792zqltro0t.css was preloaded using link preload but not used within a few seconds from the window's load event. Please make sure it has an appropriate `as` value and it is preloaded intentionally. @ https://vercel.com/rigo-melchor-s-projects/foxtrading/91Qta4xpj9aZM19rRginxfWu1Zpm:0
[  106785ms] [WARNING] The resource https://vercel.com/_next/static/immutable/chunks/1yl8955ma4q4-.css was preloaded using link preload but not used within a few seconds from the window's load event. Please make sure it has an appropriate `as` value and it is preloaded intentionally. @ https://vercel.com/rigo-melchor-s-projects/foxtrading/91Qta4xpj9aZM19rRginxfWu1Zpm:0
[  106785ms] [WARNING] The resource https://vercel.com/_next/static/immutable/chunks/0-shbsz3-8ybx.css was preloaded using link preload but not used within a few seconds from the window's load event. Please make sure it has an appropriate `as` value and it is preloaded intentionally. @ https://vercel.com/rigo-melchor-s-projects/foxtrading/91Qta4xpj9aZM19rRginxfWu1Zpm:0
[  106785ms] [WARNING] The resource https://vercel.com/_next/static/immutable/chunks/3z36ncuffz89v.css was preloaded using link preload but not used within a few seconds from the window's load event. Please make sure it has an appropriate `as` value and it is preloaded intentionally. @ https://vercel.com/rigo-melchor-s-projects/foxtrading/91Qta4xpj9aZM19rRginxfWu1Zpm:0
[  106785ms] [WARNING] The resource https://vercel.com/_next/static/immutable/chunks/3z9uffp9rqnx8.css was preloaded using link preload but not used within a few seconds from the window's load event. Please make sure it has an appropriate `as` value and it is preloaded intentionally. @ https://vercel.com/rigo-melchor-s-projects/foxtrading/91Qta4xpj9aZM19rRginxfWu1Zpm:0
[  106785ms] [WARNING] The resource https://vercel.com/_next/static/immutable/chunks/1xg6gg5e39tni.css was preloaded using link preload but not used within a few seconds from the window's load event. Please make sure it has an appropriate `as` value and it is preloaded intentionally. @ https://vercel.com/rigo-melchor-s-projects/foxtrading/91Qta4xpj9aZM19rRginxfWu1Zpm:0
[  106785ms] [WARNING] The resource https://vercel.com/_next/static/immutable/chunks/1hzff2kh3gano.css was preloaded using link preload but not used within a few seconds from the window's load event. Please make sure it has an appropriate `as` value and it is preloaded intentionally. @ https://vercel.com/rigo-melchor-s-projects/foxtrading/91Qta4xpj9aZM19rRginxfWu1Zpm:0
[  106785ms] [WARNING] The resource https://vercel.com/_next/static/immutable/chunks/044vmykz7q7vs.css was preloaded using link preload but not used within a few seconds from the window's load event. Please make sure it has an appropriate `as` value and it is preloaded intentionally. @ https://vercel.com/rigo-melchor-s-projects/foxtrading/91Qta4xpj9aZM19rRginxfWu1Zpm:0
[  106785ms] [WARNING] The resource https://vercel.com/_next/static/immutable/media/logo-vercel-light.3an2_9g6dt4xn.svg was preloaded using link preload but not used within a few seconds from the window's load event. Please make sure it has an appropriate `as` value and it is preloaded intentionally. @ https://vercel.com/rigo-melchor-s-projects/foxtrading/91Qta4xpj9aZM19rRginxfWu1Zpm:0
[  106785ms] [WARNING] The resource https://vercel.com/_next/static/immutable/chunks/0rblmumf_9wz1.css was preloaded using link preload but not used within a few seconds from the window's load event. Please make sure it has an appropriate `as` value and it is preloaded intentionally. @ https://vercel.com/rigo-melchor-s-projects/foxtrading/91Qta4xpj9aZM19rRginxfWu1Zpm:0
[  106785ms] [WARNING] The resource https://vercel.com/_next/static/immutable/chunks/25nnd13fh_4k5.css was preloaded using link preload but not used within a few seconds from the window's load event. Please make sure it has an appropriate `as` value and it is preloaded intentionally. @ https://vercel.com/rigo-melchor-s-projects/foxtrading/91Qta4xpj9aZM19rRginxfWu1Zpm:0
[  106785ms] [WARNING] The resource https://vercel.com/_next/static/immutable/chunks/3p9g28no3_hj-.css was preloaded using link preload but not used within a few seconds from the window's load event. Please make sure it has an appropriate `as` value and it is preloaded intentionally. @ https://vercel.com/rigo-melchor-s-projects/foxtrading/91Qta4xpj9aZM19rRginxfWu1Zpm:0
[  106785ms] [WARNING] The resource https://vercel.com/_next/static/immutable/chunks/3fd49nnoyujvi.css was preloaded using link preload but not used within a few seconds from the window's load event. Please make sure it has an appropriate `as` value and it is preloaded intentionally. @ https://vercel.com/rigo-melchor-s-projects/foxtrading/91Qta4xpj9aZM19rRginxfWu1Zpm:0
[  106785ms] [WARNING] The resource https://vercel.com/_next/static/immutable/chunks/1dpcx2e86le6i.css was preloaded using link preload but not used within a few seconds from the window's load event. Please make sure it has an appropriate `as` value and it is preloaded intentionally. @ https://vercel.com/rigo-melchor-s-projects/foxtrading/91Qta4xpj9aZM19rRginxfWu1Zpm:0
[  106785ms] [WARNING] The resource https://vercel.com/_next/static/immutable/chunks/2cegy48-lpb69.css was preloaded using link preload but not used within a few seconds from the window's load event. Please make sure it has an appropriate `as` value and it is preloaded intentionally. @ https://vercel.com/rigo-melchor-s-projects/foxtrading/91Qta4xpj9aZM19rRginxfWu1Zpm:0
[  106785ms] [WARNING] The resource https://vercel.com/_next/static/immutable/chunks/26_kjvxoedtei.css was preloaded using link preload but not used within a few seconds from the window's load event. Please make sure it has an appropriate `as` value and it is preloaded intentionally. @ https://vercel.com/rigo-melchor-s-projects/foxtrading/91Qta4xpj9aZM19rRginxfWu1Zpm:0
[  109992ms] [WARNING] The resource https://vercel.com/_next/static/immutable/chunks/1y7np90zxj-un.css was preloaded using link preload but not used within a few seconds from the window's load event. Please make sure it has an appropriate `as` value and it is preloaded intentionally. @ https://vercel.com/rigo-melchor-s-projects/foxtrading/91Qta4xpj9aZM19rRginxfWu1Zpm:0
[  109992ms] [WARNING] The resource https://vercel.com/_next/static/immutable/media/caa3a2e1cccd8315.p.0wgildi0cnwt9.woff2 was preloaded using link preload but not used within a few seconds from the window's load event. Please make sure it has an appropriate `as` value and it is preloaded intentionally. @ https://vercel.com/rigo-melchor-s-projects/foxtrading/91Qta4xpj9aZM19rRginxfWu1Zpm:0
[  109992ms] [WARNING] The resource https://vercel.com/_next/static/immutable/chunks/2xsdyifozdz06.css was preloaded using link preload but not used within a few seconds from the window's load event. Please make sure it has an appropriate `as` value and it is preloaded intentionally. @ https://vercel.com/rigo-melchor-s-projects/foxtrading/91Qta4xpj9aZM19rRginxfWu1Zpm:0
[  109992ms] [WARNING] The resource https://vercel.com/_next/static/immutable/media/logo-vercel-dark.28zbfuuys0x7i.svg was preloaded using link preload but not used within a few seconds from the window's load event. Please make sure it has an appropriate `as` value and it is preloaded intentionally. @ https://vercel.com/rigo-melchor-s-projects/foxtrading/91Qta4xpj9aZM19rRginxfWu1Zpm:0
[  109992ms] [WARNING] The resource https://vercel.com/_next/static/immutable/chunks/1mvkrfndostfj.css was preloaded using link preload but not used within a few seconds from the window's load event. Please make sure it has an appropriate `as` value and it is preloaded intentionally. @ https://vercel.com/rigo-melchor-s-projects/foxtrading/91Qta4xpj9aZM19rRginxfWu1Zpm:0
[  109992ms] [WARNING] The resource https://vercel.com/_next/static/immutable/chunks/0vmhpedf_b0j8.css was preloaded using link preload but not used within a few seconds from the window's load event. Please make sure it has an appropriate `as` value and it is preloaded intentionally. @ https://vercel.com/rigo-melchor-s-projects/foxtrading/91Qta4xpj9aZM19rRginxfWu1Zpm:0
[  109992ms] [WARNING] The resource https://vercel.com/_next/static/immutable/media/GeistMono_Variable.p.1bcgm0qa26ixg.woff2 was preloaded using link preload but not used within a few seconds from the window's load event. Please make sure it has an appropriate `as` value and it is preloaded intentionally. @ https://vercel.com/rigo-melchor-s-projects/foxtrading/91Qta4xpj9aZM19rRginxfWu1Zpm:0
[  109992ms] [WARNING] The resource https://vercel.com/_next/static/immutable/chunks/3d792zqltro0t.css was preloaded using link preload but not used within a few seconds from the window's load event. Please make sure it has an appropriate `as` value and it is preloaded intentionally. @ https://vercel.com/rigo-melchor-s-projects/foxtrading/91Qta4xpj9aZM19rRginxfWu1Zpm:0
[  109992ms] [WARNING] The resource https://vercel.com/_next/static/immutable/chunks/1yl8955ma4q4-.css was preloaded using link preload but not used within a few seconds from the window's load event. Please make sure it has an appropriate `as` value and it is preloaded intentionally. @ https://vercel.com/rigo-melchor-s-projects/foxtrading/91Qta4xpj9aZM19rRginxfWu1Zpm:0
[  109992ms] [WARNING] The resource https://vercel.com/_next/static/immutable/chunks/0-shbsz3-8ybx.css was preloaded using link preload but not used within a few seconds from the window's load event. Please make sure it has an appropriate `as` value and it is preloaded intentionally. @ https://vercel.com/rigo-melchor-s-projects/foxtrading/91Qta4xpj9aZM19rRginxfWu1Zpm:0
[  109992ms] [WARNING] The resource https://vercel.com/_next/static/immutable/chunks/3z36ncuffz89v.css was preloaded using link preload but not used within a few seconds from the window's load event. Please make sure it has an appropriate `as` value and it is preloaded intentionally. @ https://vercel.com/rigo-melchor-s-projects/foxtrading/91Qta4xpj9aZM19rRginxfWu1Zpm:0
[  109992ms] [WARNING] The resource https://vercel.com/_next/static/immutable/chunks/3z9uffp9rqnx8.css was preloaded using link preload but not used within a few seconds from the window's load event. Please make sure it has an appropriate `as` value and it is preloaded intentionally. @ https://vercel.com/rigo-melchor-s-projects/foxtrading/91Qta4xpj9aZM19rRginxfWu1Zpm:0
[  109992ms] [WARNING] The resource https://vercel.com/_next/static/immutable/chunks/1xg6gg5e39tni.css was preloaded using link preload but not used within a few seconds from the window's load event. Please make sure it has an appropriate `as` value and it is preloaded intentionally. @ https://vercel.com/rigo-melchor-s-projects/foxtrading/91Qta4xpj9aZM19rRginxfWu1Zpm:0
[  109992ms] [WARNING] The resource https://vercel.com/_next/static/immutable/chunks/1hzff2kh3gano.css was preloaded using link preload but not used within a few seconds from the window's load event. Please make sure it has an appropriate `as` value and it is preloaded intentionally. @ https://vercel.com/rigo-melchor-s-projects/foxtrading/91Qta4xpj9aZM19rRginxfWu1Zpm:0
[  109992ms] [WARNING] The resource https://vercel.com/_next/static/immutable/chunks/044vmykz7q7vs.css was preloaded using link preload but not used within a few seconds from the window's load event. Please make sure it has an appropriate `as` value and it is preloaded intentionally. @ https://vercel.com/rigo-melchor-s-projects/foxtrading/91Qta4xpj9aZM19rRginxfWu1Zpm:0
[  109992ms] [WARNING] The resource https://vercel.com/_next/static/immutable/media/logo-vercel-light.3an2_9g6dt4xn.svg was preloaded using link preload but not used within a few seconds from the window's load event. Please make sure it has an appropriate `as` value and it is preloaded intentionally. @ https://vercel.com/rigo-melchor-s-projects/foxtrading/91Qta4xpj9aZM19rRginxfWu1Zpm:0
[  109992ms] [WARNING] The resource https://vercel.com/_next/static/immutable/chunks/0rblmumf_9wz1.css was preloaded using link preload but not used within a few seconds from the window's load event. Please make sure it has an appropriate `as` value and it is preloaded intentionally. @ https://vercel.com/rigo-melchor-s-projects/foxtrading/91Qta4xpj9aZM19rRginxfWu1Zpm:0
[  109992ms] [WARNING] The resource https://vercel.com/_next/static/immutable/chunks/25nnd13fh_4k5.css was preloaded using link preload but not used within a few seconds from the window's load event. Please make sure it has an appropriate `as` value and it is preloaded intentionally. @ https://vercel.com/rigo-melchor-s-projects/foxtrading/91Qta4xpj9aZM19rRginxfWu1Zpm:0
[  109992ms] [WARNING] The resource https://vercel.com/_next/static/immutable/chunks/3p9g28no3_hj-.css was preloaded using link preload but not used within a few seconds from the window's load event. Please make sure it has an appropriate `as` value and it is preloaded intentionally. @ https://vercel.com/rigo-melchor-s-projects/foxtrading/91Qta4xpj9aZM19rRginxfWu1Zpm:0
[  109992ms] [WARNING] The resource https://vercel.com/_next/static/immutable/chunks/3fd49nnoyujvi.css was preloaded using link preload but not used within a few seconds from the window's load event. Please make sure it has an appropriate `as` value and it is preloaded intentionally. @ https://vercel.com/rigo-melchor-s-projects/foxtrading/91Qta4xpj9aZM19rRginxfWu1Zpm:0
[  109992ms] [WARNING] The resource https://vercel.com/_next/static/immutable/chunks/1dpcx2e86le6i.css was preloaded using link preload but not used within a few seconds from the window's load event. Please make sure it has an appropriate `as` value and it is preloaded intentionally. @ https://vercel.com/rigo-melchor-s-projects/foxtrading/91Qta4xpj9aZM19rRginxfWu1Zpm:0
[  109992ms] [WARNING] The resource https://vercel.com/_next/static/immutable/chunks/2cegy48-lpb69.css was preloaded using link preload but not used within a few seconds from the window's load event. Please make sure it has an appropriate `as` value and it is preloaded intentionally. @ https://vercel.com/rigo-melchor-s-projects/foxtrading/91Qta4xpj9aZM19rRginxfWu1Zpm:0
[  109992ms] [WARNING] The resource https://vercel.com/_next/static/immutable/chunks/26_kjvxoedtei.css was preloaded using link preload but not used within a few seconds from the window's load event. Please make sure it has an appropriate `as` value and it is preloaded intentionally. @ https://vercel.com/rigo-melchor-s-projects/foxtrading/91Qta4xpj9aZM19rRginxfWu1Zpm:0
[  113190ms] [WARNING] The resource https://vercel.com/_next/static/immutable/chunks/1y7np90zxj-un.css was preloaded using link preload but not used within a few seconds from the window's load event. Please make sure it has an appropriate `as` value and it is preloaded intentionally. @ https://vercel.com/rigo-melchor-s-projects/foxtrading/91Qta4xpj9aZM19rRginxfWu1Zpm:0
[  113190ms] [WARNING] The resource https://vercel.com/_next/static/immutable/media/caa3a2e1cccd8315.p.0wgildi0cnwt9.woff2 was preloaded using link preload but not used within a few seconds from the window's load event. Please make sure it has an appropriate `as` value and it is preloaded intentionally. @ https://vercel.com/rigo-melchor-s-projects/foxtrading/91Qta4xpj9aZM19rRginxfWu1Zpm:0
[  113191ms] [WARNING] The resource https://vercel.com/_next/static/immutable/chunks/2xsdyifozdz06.css was preloaded using link preload but not used within a few seconds from the window's load event. Please make sure it has an appropriate `as` value and it is preloaded intentionally. @ https://vercel.com/rigo-melchor-s-projects/foxtrading/91Qta4xpj9aZM19rRginxfWu1Zpm:0
[  113191ms] [WARNING] The resource https://vercel.com/_next/static/immutable/media/logo-vercel-dark.28zbfuuys0x7i.svg was preloaded using link preload but not used within a few seconds from the window's load event. Please make sure it has an appropriate `as` value and it is preloaded intentionally. @ https://vercel.com/rigo-melchor-s-projects/foxtrading/91Qta4xpj9aZM19rRginxfWu1Zpm:0
[  113191ms] [WARNING] The resource https://vercel.com/_next/static/immutable/chunks/1mvkrfndostfj.css was preloaded using link preload but not used within a few seconds from the window's load event. Please make sure it has an appropriate `as` value and it is preloaded intentionally. @ https://vercel.com/rigo-melchor-s-projects/foxtrading/91Qta4xpj9aZM19rRginxfWu1Zpm:0
[  113191ms] [WARNING] The resource https://vercel.com/_next/static/immutable/chunks/0vmhpedf_b0j8.css was preloaded using link preload but not used within a few seconds from the window's load event. Please make sure it has an appropriate `as` value and it is preloaded intentionally. @ https://vercel.com/rigo-melchor-s-projects/foxtrading/91Qta4xpj9aZM19rRginxfWu1Zpm:0
[  113191ms] [WARNING] The resource https://vercel.com/_next/static/immutable/media/GeistMono_Variable.p.1bcgm0qa26ixg.woff2 was preloaded using link preload but not used within a few seconds from the window's load event. Please make sure it has an appropriate `as` value and it is preloaded intentionally. @ https://vercel.com/rigo-melchor-s-projects/foxtrading/91Qta4xpj9aZM19rRginxfWu1Zpm:0
[  113191ms] [WARNING] The resource https://vercel.com/_next/static/immutable/chunks/3d792zqltro0t.css was preloaded using link preload but not used within a few seconds from the window's load event. Please make sure it has an appropriate `as` value and it is preloaded intentionally. @ https://vercel.com/rigo-melchor-s-projects/foxtrading/91Qta4xpj9aZM19rRginxfWu1Zpm:0
[  113191ms] [WARNING] The resource https://vercel.com/_next/static/immutable/chunks/1yl8955ma4q4-.css was preloaded using link preload but not used within a few seconds from the window's load event. Please make sure it has an appropriate `as` value and it is preloaded intentionally. @ https://vercel.com/rigo-melchor-s-projects/foxtrading/91Qta4xpj9aZM19rRginxfWu1Zpm:0
[  113191ms] [WARNING] The resource https://vercel.com/_next/static/immutable/chunks/0-shbsz3-8ybx.css was preloaded using link preload but not used within a few seconds from the window's load event. Please make sure it has an appropriate `as` value and it is preloaded intentionally. @ https://vercel.com/rigo-melchor-s-projects/foxtrading/91Qta4xpj9aZM19rRginxfWu1Zpm:0
[  113191ms] [WARNING] The resource https://vercel.com/_next/static/immutable/chunks/3z36ncuffz89v.css was preloaded using link preload but not used within a few seconds from the window's load event. Please make sure it has an appropriate `as` value and it is preloaded intentionally. @ https://vercel.com/rigo-melchor-s-projects/foxtrading/91Qta4xpj9aZM19rRginxfWu1Zpm:0
[  113191ms] [WARNING] The resource https://vercel.com/_next/static/immutable/chunks/3z9uffp9rqnx8.css was preloaded using link preload but not used within a few seconds from the window's load event. Please make sure it has an appropriate `as` value and it is preloaded intentionally. @ https://vercel.com/rigo-melchor-s-projects/foxtrading/91Qta4xpj9aZM19rRginxfWu1Zpm:0
[  113191ms] [WARNING] The resource https://vercel.com/_next/static/immutable/chunks/1xg6gg5e39tni.css was preloaded using link preload but not used within a few seconds from the window's load event. Please make sure it has an appropriate `as` value and it is preloaded intentionally. @ https://vercel.com/rigo-melchor-s-projects/foxtrading/91Qta4xpj9aZM19rRginxfWu1Zpm:0
[  113191ms] [WARNING] The resource https://vercel.com/_next/static/immutable/chunks/1hzff2kh3gano.css was preloaded using link preload but not used within a few seconds from the window's load event. Please make sure it has an appropriate `as` value and it is preloaded intentionally. @ https://vercel.com/rigo-melchor-s-projects/foxtrading/91Qta4xpj9aZM19rRginxfWu1Zpm:0
[  113191ms] [WARNING] The resource https://vercel.com/_next/static/immutable/chunks/044vmykz7q7vs.css was preloaded using link preload but not used within a few seconds from the window's load event. Please make sure it has an appropriate `as` value and it is preloaded intentionally. @ https://vercel.com/rigo-melchor-s-projects/foxtrading/91Qta4xpj9aZM19rRginxfWu1Zpm:0
[  113191ms] [WARNING] The resource https://vercel.com/_next/static/immutable/media/logo-vercel-light.3an2_9g6dt4xn.svg was preloaded using link preload but not used within a few seconds from the window's load event. Please make sure it has an appropriate `as` value and it is preloaded intentionally. @ https://vercel.com/rigo-melchor-s-projects/foxtrading/91Qta4xpj9aZM19rRginxfWu1Zpm:0
[  113191ms] [WARNING] The resource https://vercel.com/_next/static/immutable/chunks/0rblmumf_9wz1.css was preloaded using link preload but not used within a few seconds from the window's load event. Please make sure it has an appropriate `as` value and it is preloaded intentionally. @ https://vercel.com/rigo-melchor-s-projects/foxtrading/91Qta4xpj9aZM19rRginxfWu1Zpm:0
[  113191ms] [WARNING] The resource https://vercel.com/_next/static/immutable/chunks/25nnd13fh_4k5.css was preloaded using link preload but not used within a few seconds from the window's load event. Please make sure it has an appropriate `as` value and it is preloaded intentionally. @ https://vercel.com/rigo-melchor-s-projects/foxtrading/91Qta4xpj9aZM19rRginxfWu1Zpm:0
[  113191ms] [WARNING] The resource https://vercel.com/_next/static/immutable/chunks/3p9g28no3_hj-.css was preloaded using link preload but not used within a few seconds from the window's load event. Please make sure it has an appropriate `as` value and it is preloaded intentionally. @ https://vercel.com/rigo-melchor-s-projects/foxtrading/91Qta4xpj9aZM19rRginxfWu1Zpm:0
[  113191ms] [WARNING] The resource https://vercel.com/_next/static/immutable/chunks/3fd49nnoyujvi.css was preloaded using link preload but not used within a few seconds from the window's load event. Please make sure it has an appropriate `as` value and it is preloaded intentionally. @ https://vercel.com/rigo-melchor-s-projects/foxtrading/91Qta4xpj9aZM19rRginxfWu1Zpm:0
[  113191ms] [WARNING] The resource https://vercel.com/_next/static/immutable/chunks/1dpcx2e86le6i.css was preloaded using link preload but not used within a few seconds from the window's load event. Please make sure it has an appropriate `as` value and it is preloaded intentionally. @ https://vercel.com/rigo-melchor-s-projects/foxtrading/91Qta4xpj9aZM19rRginxfWu1Zpm:0
[  113191ms] [WARNING] The resource https://vercel.com/_next/static/immutable/chunks/2cegy48-lpb69.css was preloaded using link preload but not used within a few seconds from the window's load event. Please make sure it has an appropriate `as` value and it is preloaded intentionally. @ https://vercel.com/rigo-melchor-s-projects/foxtrading/91Qta4xpj9aZM19rRginxfWu1Zpm:0
[  113191ms] [WARNING] The resource https://vercel.com/_next/static/immutable/chunks/26_kjvxoedtei.css was preloaded using link preload but not used within a few seconds from the window's load event. Please make sure it has an appropriate `as` value and it is preloaded intentionally. @ https://vercel.com/rigo-melchor-s-projects/foxtrading/91Qta4xpj9aZM19rRginxfWu1Zpm:0
[  116394ms] [WARNING] The resource https://vercel.com/_next/static/immutable/chunks/1y7np90zxj-un.css was preloaded using link preload but not used within a few seconds from the window's load event. Please make sure it has an appropriate `as` value and it is preloaded intentionally. @ https://vercel.com/rigo-melchor-s-projects/foxtrading/91Qta4xpj9aZM19rRginxfWu1Zpm:0
[  116394ms] [WARNING] The resource https://vercel.com/_next/static/immutable/media/caa3a2e1cccd8315.p.0wgildi0cnwt9.woff2 was preloaded using link preload but not used within a few seconds from the window's load event. Please make sure it has an appropriate `as` value and it is preloaded intentionally. @ https://vercel.com/rigo-melchor-s-projects/foxtrading/91Qta4xpj9aZM19rRginxfWu1Zpm:0
[  116394ms] [WARNING] The resource https://vercel.com/_next/static/immutable/chunks/2xsdyifozdz06.css was preloaded using link preload but not used within a few seconds from the window's load event. Please make sure it has an appropriate `as` value and it is preloaded intentionally. @ https://vercel.com/rigo-melchor-s-projects/foxtrading/91Qta4xpj9aZM19rRginxfWu1Zpm:0
[  116394ms] [WARNING] The resource https://vercel.com/_next/static/immutable/media/logo-vercel-dark.28zbfuuys0x7i.svg was preloaded using link preload but not used within a few seconds from the window's load event. Please make sure it has an appropriate `as` value and it is preloaded intentionally. @ https://vercel.com/rigo-melchor-s-projects/foxtrading/91Qta4xpj9aZM19rRginxfWu1Zpm:0
[  116394ms] [WARNING] The resource https://vercel.com/_next/static/immutable/chunks/1mvkrfndostfj.css was preloaded using link preload but not used within a few seconds from the window's load event. Please make sure it has an appropriate `as` value and it is preloaded intentionally. @ https://vercel.com/rigo-melchor-s-projects/foxtrading/91Qta4xpj9aZM19rRginxfWu1Zpm:0
[  116394ms] [WARNING] The resource https://vercel.com/_next/static/immutable/chunks/0vmhpedf_b0j8.css was preloaded using link preload but not used within a few seconds from the window's load event. Please make sure it has an appropriate `as` value and it is preloaded intentionally. @ https://vercel.com/rigo-melchor-s-projects/foxtrading/91Qta4xpj9aZM19rRginxfWu1Zpm:0
[  116394ms] [WARNING] The resource https://vercel.com/_next/static/immutable/media/GeistMono_Variable.p.1bcgm0qa26ixg.woff2 was preloaded using link preload but not used within a few seconds from the window's load event. Please make sure it has an appropriate `as` value and it is preloaded intentionally. @ https://vercel.com/rigo-melchor-s-projects/foxtrading/91Qta4xpj9aZM19rRginxfWu1Zpm:0
[  116394ms] [WARNING] The resource https://vercel.com/_next/static/immutable/chunks/3d792zqltro0t.css was preloaded using link preload but not used within a few seconds from the window's load event. Please make sure it has an appropriate `as` value and it is preloaded intentionally. @ https://vercel.com/rigo-melchor-s-projects/foxtrading/91Qta4xpj9aZM19rRginxfWu1Zpm:0
[  116394ms] [WARNING] The resource https://vercel.com/_next/static/immutable/chunks/1yl8955ma4q4-.css was preloaded using link preload but not used within a few seconds from the window's load event. Please make sure it has an appropriate `as` value and it is preloaded intentionally. @ https://vercel.com/rigo-melchor-s-projects/foxtrading/91Qta4xpj9aZM19rRginxfWu1Zpm:0
[  116394ms] [WARNING] The resource https://vercel.com/_next/static/immutable/chunks/0-shbsz3-8ybx.css was preloaded using link preload but not used within a few seconds from the window's load event. Please make sure it has an appropriate `as` value and it is preloaded intentionally. @ https://vercel.com/rigo-melchor-s-projects/foxtrading/91Qta4xpj9aZM19rRginxfWu1Zpm:0
[  116394ms] [WARNING] The resource https://vercel.com/_next/static/immutable/chunks/3z36ncuffz89v.css was preloaded using link preload but not used within a few seconds from the window's load event. Please make sure it has an appropriate `as` value and it is preloaded intentionally. @ https://vercel.com/rigo-melchor-s-projects/foxtrading/91Qta4xpj9aZM19rRginxfWu1Zpm:0
[  116394ms] [WARNING] The resource https://vercel.com/_next/static/immutable/chunks/3z9uffp9rqnx8.css was preloaded using link preload but not used within a few seconds from the window's load event. Please make sure it has an appropriate `as` value and it is preloaded intentionally. @ https://vercel.com/rigo-melchor-s-projects/foxtrading/91Qta4xpj9aZM19rRginxfWu1Zpm:0
[  116394ms] [WARNING] The resource https://vercel.com/_next/static/immutable/chunks/1xg6gg5e39tni.css was preloaded using link preload but not used within a few seconds from the window's load event. Please make sure it has an appropriate `as` value and it is preloaded intentionally. @ https://vercel.com/rigo-melchor-s-projects/foxtrading/91Qta4xpj9aZM19rRginxfWu1Zpm:0
[  116394ms] [WARNING] The resource https://vercel.com/_next/static/immutable/chunks/1hzff2kh3gano.css was preloaded using link preload but not used within a few seconds from the window's load event. Please make sure it has an appropriate `as` value and it is preloaded intentionally. @ https://vercel.com/rigo-melchor-s-projects/foxtrading/91Qta4xpj9aZM19rRginxfWu1Zpm:0
[  116394ms] [WARNING] The resource https://vercel.com/_next/static/immutable/chunks/044vmykz7q7vs.css was preloaded using link preload but not used within a few seconds from the window's load event. Please make sure it has an appropriate `as` value and it is preloaded intentionally. @ https://vercel.com/rigo-melchor-s-projects/foxtrading/91Qta4xpj9aZM19rRginxfWu1Zpm:0
[  116394ms] [WARNING] The resource https://vercel.com/_next/static/immutable/media/logo-vercel-light.3an2_9g6dt4xn.svg was preloaded using link preload but not used within a few seconds from the window's load event. Please make sure it has an appropriate `as` value and it is preloaded intentionally. @ https://vercel.com/rigo-melchor-s-projects/foxtrading/91Qta4xpj9aZM19rRginxfWu1Zpm:0
[  116394ms] [WARNING] The resource https://vercel.com/_next/static/immutable/chunks/0rblmumf_9wz1.css was preloaded using link preload but not used within a few seconds from the window's load event. Please make sure it has an appropriate `as` value and it is preloaded intentionally. @ https://vercel.com/rigo-melchor-s-projects/foxtrading/91Qta4xpj9aZM19rRginxfWu1Zpm:0
[  116394ms] [WARNING] The resource https://vercel.com/_next/static/immutable/chunks/25nnd13fh_4k5.css was preloaded using link preload but not used within a few seconds from the window's load event. Please make sure it has an appropriate `as` value and it is preloaded intentionally. @ https://vercel.com/rigo-melchor-s-projects/foxtrading/91Qta4xpj9aZM19rRginxfWu1Zpm:0
[  116394ms] [WARNING] The resource https://vercel.com/_next/static/immutable/chunks/3p9g28no3_hj-.css was preloaded using link preload but not used within a few seconds from the window's load event. Please make sure it has an appropriate `as` value and it is preloaded intentionally. @ https://vercel.com/rigo-melchor-s-projects/foxtrading/91Qta4xpj9aZM19rRginxfWu1Zpm:0
[  116394ms] [WARNING] The resource https://vercel.com/_next/static/immutable/chunks/3fd49nnoyujvi.css was preloaded using link preload but not used within a few seconds from the window's load event. Please make sure it has an appropriate `as` value and it is preloaded intentionally. @ https://vercel.com/rigo-melchor-s-projects/foxtrading/91Qta4xpj9aZM19rRginxfWu1Zpm:0
[  116394ms] [WARNING] The resource https://vercel.com/_next/static/immutable/chunks/1dpcx2e86le6i.css was preloaded using link preload but not used within a few seconds from the window's load event. Please make sure it has an appropriate `as` value and it is preloaded intentionally. @ https://vercel.com/rigo-melchor-s-projects/foxtrading/91Qta4xpj9aZM19rRginxfWu1Zpm:0
[  116394ms] [WARNING] The resource https://vercel.com/_next/static/immutable/chunks/2cegy48-lpb69.css was preloaded using link preload but not used within a few seconds from the window's load event. Please make sure it has an appropriate `as` value and it is preloaded intentionally. @ https://vercel.com/rigo-melchor-s-projects/foxtrading/91Qta4xpj9aZM19rRginxfWu1Zpm:0
[  116394ms] [WARNING] The resource https://vercel.com/_next/static/immutable/chunks/26_kjvxoedtei.css was preloaded using link preload but not used within a few seconds from the window's load event. Please make sure it has an appropriate `as` value and it is preloaded intentionally. @ https://vercel.com/rigo-melchor-s-projects/foxtrading/91Qta4xpj9aZM19rRginxfWu1Zpm:0
[  119887ms] [WARNING] The resource https://vercel.com/_next/static/immutable/chunks/1y7np90zxj-un.css was preloaded using link preload but not used within a few seconds from the window's load event. Please make sure it has an appropriate `as` value and it is preloaded intentionally. @ https://vercel.com/rigo-melchor-s-projects/foxtrading/91Qta4xpj9aZM19rRginxfWu1Zpm:0
[  119887ms] [WARNING] The resource https://vercel.com/_next/static/immutable/media/caa3a2e1cccd8315.p.0wgildi0cnwt9.woff2 was preloaded using link preload but not used within a few seconds from the window's load event. Please make sure it has an appropriate `as` value and it is preloaded intentionally. @ https://vercel.com/rigo-melchor-s-projects/foxtrading/91Qta4xpj9aZM19rRginxfWu1Zpm:0
[  119887ms] [WARNING] The resource https://vercel.com/_next/static/immutable/chunks/2xsdyifozdz06.css was preloaded using link preload but not used within a few seconds from the window's load event. Please make sure it has an appropriate `as` value and it is preloaded intentionally. @ https://vercel.com/rigo-melchor-s-projects/foxtrading/91Qta4xpj9aZM19rRginxfWu1Zpm:0
[  119887ms] [WARNING] The resource https://vercel.com/_next/static/immutable/media/logo-vercel-dark.28zbfuuys0x7i.svg was preloaded using link preload but not used within a few seconds from the window's load event. Please make sure it has an appropriate `as` value and it is preloaded intentionally. @ https://vercel.com/rigo-melchor-s-projects/foxtrading/91Qta4xpj9aZM19rRginxfWu1Zpm:0
[  119887ms] [WARNING] The resource https://vercel.com/_next/static/immutable/chunks/1mvkrfndostfj.css was preloaded using link preload but not used within a few seconds from the window's load event. Please make sure it has an appropriate `as` value and it is preloaded intentionally. @ https://vercel.com/rigo-melchor-s-projects/foxtrading/91Qta4xpj9aZM19rRginxfWu1Zpm:0
[  119887ms] [WARNING] The resource https://vercel.com/_next/static/immutable/chunks/0vmhpedf_b0j8.css was preloaded using link preload but not used within a few seconds from the window's load event. Please make sure it has an appropriate `as` value and it is preloaded intentionally. @ https://vercel.com/rigo-melchor-s-projects/foxtrading/91Qta4xpj9aZM19rRginxfWu1Zpm:0
[  119887ms] [WARNING] The resource https://vercel.com/_next/static/immutable/media/GeistMono_Variable.p.1bcgm0qa26ixg.woff2 was preloaded using link preload but not used within a few seconds from the window's load event. Please make sure it has an appropriate `as` value and it is preloaded intentionally. @ https://vercel.com/rigo-melchor-s-projects/foxtrading/91Qta4xpj9aZM19rRginxfWu1Zpm:0
[  119887ms] [WARNING] The resource https://vercel.com/_next/static/immutable/chunks/3d792zqltro0t.css was preloaded using link preload but not used within a few seconds from the window's load event. Please make sure it has an appropriate `as` value and it is preloaded intentionally. @ https://vercel.com/rigo-melchor-s-projects/foxtrading/91Qta4xpj9aZM19rRginxfWu1Zpm:0
[  119887ms] [WARNING] The resource https://vercel.com/_next/static/immutable/chunks/1yl8955ma4q4-.css was preloaded using link preload but not used within a few seconds from the window's load event. Please make sure it has an appropriate `as` value and it is preloaded intentionally. @ https://vercel.com/rigo-melchor-s-projects/foxtrading/91Qta4xpj9aZM19rRginxfWu1Zpm:0
[  119887ms] [WARNING] The resource https://vercel.com/_next/static/immutable/chunks/0-shbsz3-8ybx.css was preloaded using link preload but not used within a few seconds from the window's load event. Please make sure it has an appropriate `as` value and it is preloaded intentionally. @ https://vercel.com/rigo-melchor-s-projects/foxtrading/91Qta4xpj9aZM19rRginxfWu1Zpm:0
[  119887ms] [WARNING] The resource https://vercel.com/_next/static/immutable/chunks/3z36ncuffz89v.css was preloaded using link preload but not used within a few seconds from the window's load event. Please make sure it has an appropriate `as` value and it is preloaded intentionally. @ https://vercel.com/rigo-melchor-s-projects/foxtrading/91Qta4xpj9aZM19rRginxfWu1Zpm:0
[  119887ms] [WARNING] The resource https://vercel.com/_next/static/immutable/chunks/3z9uffp9rqnx8.css was preloaded using link preload but not used within a few seconds from the window's load event. Please make sure it has an appropriate `as` value and it is preloaded intentionally. @ https://vercel.com/rigo-melchor-s-projects/foxtrading/91Qta4xpj9aZM19rRginxfWu1Zpm:0
[  119887ms] [WARNING] The resource https://vercel.com/_next/static/immutable/chunks/1xg6gg5e39tni.css was preloaded using link preload but not used within a few seconds from the window's load event. Please make sure it has an appropriate `as` value and it is preloaded intentionally. @ https://vercel.com/rigo-melchor-s-projects/foxtrading/91Qta4xpj9aZM19rRginxfWu1Zpm:0
[  119887ms] [WARNING] The resource https://vercel.com/_next/static/immutable/chunks/1hzff2kh3gano.css was preloaded using link preload but not used within a few seconds from the window's load event. Please make sure it has an appropriate `as` value and it is preloaded intentionally. @ https://vercel.com/rigo-melchor-s-projects/foxtrading/91Qta4xpj9aZM19rRginxfWu1Zpm:0
[  119887ms] [WARNING] The resource https://vercel.com/_next/static/immutable/chunks/044vmykz7q7vs.css was preloaded using link preload but not used within a few seconds from the window's load event. Please make sure it has an appropriate `as` value and it is preloaded intentionally. @ https://vercel.com/rigo-melchor-s-projects/foxtrading/91Qta4xpj9aZM19rRginxfWu1Zpm:0
[  119887ms] [WARNING] The resource https://vercel.com/_next/static/immutable/media/logo-vercel-light.3an2_9g6dt4xn.svg was preloaded using link preload but not used within a few seconds from the window's load event. Please make sure it has an appropriate `as` value and it is preloaded intentionally. @ https://vercel.com/rigo-melchor-s-projects/foxtrading/91Qta4xpj9aZM19rRginxfWu1Zpm:0
[  119887ms] [WARNING] The resource https://vercel.com/_next/static/immutable/chunks/0rblmumf_9wz1.css was preloaded using link preload but not used within a few seconds from the window's load event. Please make sure it has an appropriate `as` value and it is preloaded intentionally. @ https://vercel.com/rigo-melchor-s-projects/foxtrading/91Qta4xpj9aZM19rRginxfWu1Zpm:0
[  119887ms] [WARNING] The resource https://vercel.com/_next/static/immutable/chunks/25nnd13fh_4k5.css was preloaded using link preload but not used within a few seconds from the window's load event. Please make sure it has an appropriate `as` value and it is preloaded intentionally. @ https://vercel.com/rigo-melchor-s-projects/foxtrading/91Qta4xpj9aZM19rRginxfWu1Zpm:0
[  119887ms] [WARNING] The resource https://vercel.com/_next/static/immutable/chunks/3p9g28no3_hj-.css was preloaded using link preload but not used within a few seconds from the window's load event. Please make sure it has an appropriate `as` value and it is preloaded intentionally. @ https://vercel.com/rigo-melchor-s-projects/foxtrading/91Qta4xpj9aZM19rRginxfWu1Zpm:0
[  119887ms] [WARNING] The resource https://vercel.com/_next/static/immutable/chunks/3fd49nnoyujvi.css was preloaded using link preload but not used within a few seconds from the window's load event. Please make sure it has an appropriate `as` value and it is preloaded intentionally. @ https://vercel.com/rigo-melchor-s-projects/foxtrading/91Qta4xpj9aZM19rRginxfWu1Zpm:0
[  119887ms] [WARNING] The resource https://vercel.com/_next/static/immutable/chunks/1dpcx2e86le6i.css was preloaded using link preload but not used within a few seconds from the window's load event. Please make sure it has an appropriate `as` value and it is preloaded intentionally. @ https://vercel.com/rigo-melchor-s-projects/foxtrading/91Qta4xpj9aZM19rRginxfWu1Zpm:0
[  119887ms] [WARNING] The resource https://vercel.com/_next/static/immutable/chunks/2cegy48-lpb69.css was preloaded using link preload but not used within a few seconds from the window's load event. Please make sure it has an appropriate `as` value and it is preloaded intentionally. @ https://vercel.com/rigo-melchor-s-projects/foxtrading/91Qta4xpj9aZM19rRginxfWu1Zpm:0
[  119887ms] [WARNING] The resource https://vercel.com/_next/static/immutable/chunks/26_kjvxoedtei.css was preloaded using link preload but not used within a few seconds from the window's load event. Please make sure it has an appropriate `as` value and it is preloaded intentionally. @ https://vercel.com/rigo-melchor-s-projects/foxtrading/91Qta4xpj9aZM19rRginxfWu1Zpm:0
[  123088ms] [WARNING] The resource https://vercel.com/_next/static/immutable/chunks/1y7np90zxj-un.css was preloaded using link preload but not used within a few seconds from the window's load event. Please make sure it has an appropriate `as` value and it is preloaded intentionally. @ https://vercel.com/rigo-melchor-s-projects/foxtrading/91Qta4xpj9aZM19rRginxfWu1Zpm:0
[  123088ms] [WARNING] The resource https://vercel.com/_next/static/immutable/media/caa3a2e1cccd8315.p.0wgildi0cnwt9.woff2 was preloaded using link preload but not used within a few seconds from the window's load event. Please make sure it has an appropriate `as` value and it is preloaded intentionally. @ https://vercel.com/rigo-melchor-s-projects/foxtrading/91Qta4xpj9aZM19rRginxfWu1Zpm:0
[  123088ms] [WARNING] The resource https://vercel.com/_next/static/immutable/chunks/2xsdyifozdz06.css was preloaded using link preload but not used within a few seconds from the window's load event. Please make sure it has an appropriate `as` value and it is preloaded intentionally. @ https://vercel.com/rigo-melchor-s-projects/foxtrading/91Qta4xpj9aZM19rRginxfWu1Zpm:0
[  123088ms] [WARNING] The resource https://vercel.com/_next/static/immutable/media/logo-vercel-dark.28zbfuuys0x7i.svg was preloaded using link preload but not used within a few seconds from the window's load event. Please make sure it has an appropriate `as` value and it is preloaded intentionally. @ https://vercel.com/rigo-melchor-s-projects/foxtrading/91Qta4xpj9aZM19rRginxfWu1Zpm:0
[  123088ms] [WARNING] The resource https://vercel.com/_next/static/immutable/chunks/1mvkrfndostfj.css was preloaded using link preload but not used within a few seconds from the window's load event. Please make sure it has an appropriate `as` value and it is preloaded intentionally. @ https://vercel.com/rigo-melchor-s-projects/foxtrading/91Qta4xpj9aZM19rRginxfWu1Zpm:0
[  123088ms] [WARNING] The resource https://vercel.com/_next/static/immutable/chunks/0vmhpedf_b0j8.css was preloaded using link preload but not used within a few seconds from the window's load event. Please make sure it has an appropriate `as` value and it is preloaded intentionally. @ https://vercel.com/rigo-melchor-s-projects/foxtrading/91Qta4xpj9aZM19rRginxfWu1Zpm:0
[  123088ms] [WARNING] The resource https://vercel.com/_next/static/immutable/media/GeistMono_Variable.p.1bcgm0qa26ixg.woff2 was preloaded using link preload but not used within a few seconds from the window's load event. Please make sure it has an appropriate `as` value and it is preloaded intentionally. @ https://vercel.com/rigo-melchor-s-projects/foxtrading/91Qta4xpj9aZM19rRginxfWu1Zpm:0
[  123088ms] [WARNING] The resource https://vercel.com/_next/static/immutable/chunks/3d792zqltro0t.css was preloaded using link preload but not used within a few seconds from the window's load event. Please make sure it has an appropriate `as` value and it is preloaded intentionally. @ https://vercel.com/rigo-melchor-s-projects/foxtrading/91Qta4xpj9aZM19rRginxfWu1Zpm:0
[  123088ms] [WARNING] The resource https://vercel.com/_next/static/immutable/chunks/1yl8955ma4q4-.css was preloaded using link preload but not used within a few seconds from the window's load event. Please make sure it has an appropriate `as` value and it is preloaded intentionally. @ https://vercel.com/rigo-melchor-s-projects/foxtrading/91Qta4xpj9aZM19rRginxfWu1Zpm:0
[  123088ms] [WARNING] The resource https://vercel.com/_next/static/immutable/chunks/0-shbsz3-8ybx.css was preloaded using link preload but not used within a few seconds from the window's load event. Please make sure it has an appropriate `as` value and it is preloaded intentionally. @ https://vercel.com/rigo-melchor-s-projects/foxtrading/91Qta4xpj9aZM19rRginxfWu1Zpm:0
[  123088ms] [WARNING] The resource https://vercel.com/_next/static/immutable/chunks/3z36ncuffz89v.css was preloaded using link preload but not used within a few seconds from the window's load event. Please make sure it has an appropriate `as` value and it is preloaded intentionally. @ https://vercel.com/rigo-melchor-s-projects/foxtrading/91Qta4xpj9aZM19rRginxfWu1Zpm:0
[  123088ms] [WARNING] The resource https://vercel.com/_next/static/immutable/chunks/3z9uffp9rqnx8.css was preloaded using link preload but not used within a few seconds from the window's load event. Please make sure it has an appropriate `as` value and it is preloaded intentionally. @ https://vercel.com/rigo-melchor-s-projects/foxtrading/91Qta4xpj9aZM19rRginxfWu1Zpm:0
[  123088ms] [WARNING] The resource https://vercel.com/_next/static/immutable/chunks/1xg6gg5e39tni.css was preloaded using link preload but not used within a few seconds from the window's load event. Please make sure it has an appropriate `as` value and it is preloaded intentionally. @ https://vercel.com/rigo-melchor-s-projects/foxtrading/91Qta4xpj9aZM19rRginxfWu1Zpm:0
[  123088ms] [WARNING] The resource https://vercel.com/_next/static/immutable/chunks/1hzff2kh3gano.css was preloaded using link preload but not used within a few seconds from the window's load event. Please make sure it has an appropriate `as` value and it is preloaded intentionally. @ https://vercel.com/rigo-melchor-s-projects/foxtrading/91Qta4xpj9aZM19rRginxfWu1Zpm:0
[  123088ms] [WARNING] The resource https://vercel.com/_next/static/immutable/chunks/044vmykz7q7vs.css was preloaded using link preload but not used within a few seconds from the window's load event. Please make sure it has an appropriate `as` value and it is preloaded intentionally. @ https://vercel.com/rigo-melchor-s-projects/foxtrading/91Qta4xpj9aZM19rRginxfWu1Zpm:0
[  123088ms] [WARNING] The resource https://vercel.com/_next/static/immutable/media/logo-vercel-light.3an2_9g6dt4xn.svg was preloaded using link preload but not used within a few seconds from the window's load event. Please make sure it has an appropriate `as` value and it is preloaded intentionally. @ https://vercel.com/rigo-melchor-s-projects/foxtrading/91Qta4xpj9aZM19rRginxfWu1Zpm:0
[  123088ms] [WARNING] The resource https://vercel.com/_next/static/immutable/chunks/0rblmumf_9wz1.css was preloaded using link preload but not used within a few seconds from the window's load event. Please make sure it has an appropriate `as` value and it is preloaded intentionally. @ https://vercel.com/rigo-melchor-s-projects/foxtrading/91Qta4xpj9aZM19rRginxfWu1Zpm:0
[  123088ms] [WARNING] The resource https://vercel.com/_next/static/immutable/chunks/25nnd13fh_4k5.css was preloaded using link preload but not used within a few seconds from the window's load event. Please make sure it has an appropriate `as` value and it is preloaded intentionally. @ https://vercel.com/rigo-melchor-s-projects/foxtrading/91Qta4xpj9aZM19rRginxfWu1Zpm:0
[  123088ms] [WARNING] The resource https://vercel.com/_next/static/immutable/chunks/3p9g28no3_hj-.css was preloaded using link preload but not used within a few seconds from the window's load event. Please make sure it has an appropriate `as` value and it is preloaded intentionally. @ https://vercel.com/rigo-melchor-s-projects/foxtrading/91Qta4xpj9aZM19rRginxfWu1Zpm:0
[  123088ms] [WARNING] The resource https://vercel.com/_next/static/immutable/chunks/3fd49nnoyujvi.css was preloaded using link preload but not used within a few seconds from the window's load event. Please make sure it has an appropriate `as` value and it is preloaded intentionally. @ https://vercel.com/rigo-melchor-s-projects/foxtrading/91Qta4xpj9aZM19rRginxfWu1Zpm:0
[  123088ms] [WARNING] The resource https://vercel.com/_next/static/immutable/chunks/1dpcx2e86le6i.css was preloaded using link preload but not used within a few seconds from the window's load event. Please make sure it has an appropriate `as` value and it is preloaded intentionally. @ https://vercel.com/rigo-melchor-s-projects/foxtrading/91Qta4xpj9aZM19rRginxfWu1Zpm:0
[  123088ms] [WARNING] The resource https://vercel.com/_next/static/immutable/chunks/2cegy48-lpb69.css was preloaded using link preload but not used within a few seconds from the window's load event. Please make sure it has an appropriate `as` value and it is preloaded intentionally. @ https://vercel.com/rigo-melchor-s-projects/foxtrading/91Qta4xpj9aZM19rRginxfWu1Zpm:0
[  123088ms] [WARNING] The resource https://vercel.com/_next/static/immutable/chunks/26_kjvxoedtei.css was preloaded using link preload but not used within a few seconds from the window's load event. Please make sure it has an appropriate `as` value and it is preloaded intentionally. @ https://vercel.com/rigo-melchor-s-projects/foxtrading/91Qta4xpj9aZM19rRginxfWu1Zpm:0
[  126290ms] [WARNING] The resource https://vercel.com/_next/static/immutable/chunks/1y7np90zxj-un.css was preloaded using link preload but not used within a few seconds from the window's load event. Please make sure it has an appropriate `as` value and it is preloaded intentionally. @ https://vercel.com/rigo-melchor-s-projects/foxtrading/91Qta4xpj9aZM19rRginxfWu1Zpm:0
[  126290ms] [WARNING] The resource https://vercel.com/_next/static/immutable/media/caa3a2e1cccd8315.p.0wgildi0cnwt9.woff2 was preloaded using link preload but not used within a few seconds from the window's load event. Please make sure it has an appropriate `as` value and it is preloaded intentionally. @ https://vercel.com/rigo-melchor-s-projects/foxtrading/91Qta4xpj9aZM19rRginxfWu1Zpm:0
[  126290ms] [WARNING] The resource https://vercel.com/_next/static/immutable/chunks/2xsdyifozdz06.css was preloaded using link preload but not used within a few seconds from the window's load event. Please make sure it has an appropriate `as` value and it is preloaded intentionally. @ https://vercel.com/rigo-melchor-s-projects/foxtrading/91Qta4xpj9aZM19rRginxfWu1Zpm:0
[  126290ms] [WARNING] The resource https://vercel.com/_next/static/immutable/media/logo-vercel-dark.28zbfuuys0x7i.svg was preloaded using link preload but not used within a few seconds from the window's load event. Please make sure it has an appropriate `as` value and it is preloaded intentionally. @ https://vercel.com/rigo-melchor-s-projects/foxtrading/91Qta4xpj9aZM19rRginxfWu1Zpm:0
[  126290ms] [WARNING] The resource https://vercel.com/_next/static/immutable/chunks/1mvkrfndostfj.css was preloaded using link preload but not used within a few seconds from the window's load event. Please make sure it has an appropriate `as` value and it is preloaded intentionally. @ https://vercel.com/rigo-melchor-s-projects/foxtrading/91Qta4xpj9aZM19rRginxfWu1Zpm:0
[  126290ms] [WARNING] The resource https://vercel.com/_next/static/immutable/chunks/0vmhpedf_b0j8.css was preloaded using link preload but not used within a few seconds from the window's load event. Please make sure it has an appropriate `as` value and it is preloaded intentionally. @ https://vercel.com/rigo-melchor-s-projects/foxtrading/91Qta4xpj9aZM19rRginxfWu1Zpm:0
[  126290ms] [WARNING] The resource https://vercel.com/_next/static/immutable/media/GeistMono_Variable.p.1bcgm0qa26ixg.woff2 was preloaded using link preload but not used within a few seconds from the window's load event. Please make sure it has an appropriate `as` value and it is preloaded intentionally. @ https://vercel.com/rigo-melchor-s-projects/foxtrading/91Qta4xpj9aZM19rRginxfWu1Zpm:0
[  126290ms] [WARNING] The resource https://vercel.com/_next/static/immutable/chunks/3d792zqltro0t.css was preloaded using link preload but not used within a few seconds from the window's load event. Please make sure it has an appropriate `as` value and it is preloaded intentionally. @ https://vercel.com/rigo-melchor-s-projects/foxtrading/91Qta4xpj9aZM19rRginxfWu1Zpm:0
[  126290ms] [WARNING] The resource https://vercel.com/_next/static/immutable/chunks/1yl8955ma4q4-.css was preloaded using link preload but not used within a few seconds from the window's load event. Please make sure it has an appropriate `as` value and it is preloaded intentionally. @ https://vercel.com/rigo-melchor-s-projects/foxtrading/91Qta4xpj9aZM19rRginxfWu1Zpm:0
[  126290ms] [WARNING] The resource https://vercel.com/_next/static/immutable/chunks/0-shbsz3-8ybx.css was preloaded using link preload but not used within a few seconds from the window's load event. Please make sure it has an appropriate `as` value and it is preloaded intentionally. @ https://vercel.com/rigo-melchor-s-projects/foxtrading/91Qta4xpj9aZM19rRginxfWu1Zpm:0
[  126290ms] [WARNING] The resource https://vercel.com/_next/static/immutable/chunks/3z36ncuffz89v.css was preloaded using link preload but not used within a few seconds from the window's load event. Please make sure it has an appropriate `as` value and it is preloaded intentionally. @ https://vercel.com/rigo-melchor-s-projects/foxtrading/91Qta4xpj9aZM19rRginxfWu1Zpm:0
[  126290ms] [WARNING] The resource https://vercel.com/_next/static/immutable/chunks/3z9uffp9rqnx8.css was preloaded using link preload but not used within a few seconds from the window's load event. Please make sure it has an appropriate `as` value and it is preloaded intentionally. @ https://vercel.com/rigo-melchor-s-projects/foxtrading/91Qta4xpj9aZM19rRginxfWu1Zpm:0
[  126290ms] [WARNING] The resource https://vercel.com/_next/static/immutable/chunks/1xg6gg5e39tni.css was preloaded using link preload but not used within a few seconds from the window's load event. Please make sure it has an appropriate `as` value and it is preloaded intentionally. @ https://vercel.com/rigo-melchor-s-projects/foxtrading/91Qta4xpj9aZM19rRginxfWu1Zpm:0
[  126290ms] [WARNING] The resource https://vercel.com/_next/static/immutable/chunks/1hzff2kh3gano.css was preloaded using link preload but not used within a few seconds from the window's load event. Please make sure it has an appropriate `as` value and it is preloaded intentionally. @ https://vercel.com/rigo-melchor-s-projects/foxtrading/91Qta4xpj9aZM19rRginxfWu1Zpm:0
[  126290ms] [WARNING] The resource https://vercel.com/_next/static/immutable/chunks/044vmykz7q7vs.css was preloaded using link preload but not used within a few seconds from the window's load event. Please make sure it has an appropriate `as` value and it is preloaded intentionally. @ https://vercel.com/rigo-melchor-s-projects/foxtrading/91Qta4xpj9aZM19rRginxfWu1Zpm:0
[  126290ms] [WARNING] The resource https://vercel.com/_next/static/immutable/media/logo-vercel-light.3an2_9g6dt4xn.svg was preloaded using link preload but not used within a few seconds from the window's load event. Please make sure it has an appropriate `as` value and it is preloaded intentionally. @ https://vercel.com/rigo-melchor-s-projects/foxtrading/91Qta4xpj9aZM19rRginxfWu1Zpm:0
[  126290ms] [WARNING] The resource https://vercel.com/_next/static/immutable/chunks/0rblmumf_9wz1.css was preloaded using link preload but not used within a few seconds from the window's load event. Please make sure it has an appropriate `as` value and it is preloaded intentionally. @ https://vercel.com/rigo-melchor-s-projects/foxtrading/91Qta4xpj9aZM19rRginxfWu1Zpm:0
[  126290ms] [WARNING] The resource https://vercel.com/_next/static/immutable/chunks/25nnd13fh_4k5.css was preloaded using link preload but not used within a few seconds from the window's load event. Please make sure it has an appropriate `as` value and it is preloaded intentionally. @ https://vercel.com/rigo-melchor-s-projects/foxtrading/91Qta4xpj9aZM19rRginxfWu1Zpm:0
[  126290ms] [WARNING] The resource https://vercel.com/_next/static/immutable/chunks/3p9g28no3_hj-.css was preloaded using link preload but not used within a few seconds from the window's load event. Please make sure it has an appropriate `as` value and it is preloaded intentionally. @ https://vercel.com/rigo-melchor-s-projects/foxtrading/91Qta4xpj9aZM19rRginxfWu1Zpm:0
[  126290ms] [WARNING] The resource https://vercel.com/_next/static/immutable/chunks/3fd49nnoyujvi.css was preloaded using link preload but not used within a few seconds from the window's load event. Please make sure it has an appropriate `as` value and it is preloaded intentionally. @ https://vercel.com/rigo-melchor-s-projects/foxtrading/91Qta4xpj9aZM19rRginxfWu1Zpm:0
[  126290ms] [WARNING] The resource https://vercel.com/_next/static/immutable/chunks/1dpcx2e86le6i.css was preloaded using link preload but not used within a few seconds from the window's load event. Please make sure it has an appropriate `as` value and it is preloaded intentionally. @ https://vercel.com/rigo-melchor-s-projects/foxtrading/91Qta4xpj9aZM19rRginxfWu1Zpm:0
[  126290ms] [WARNING] The resource https://vercel.com/_next/static/immutable/chunks/2cegy48-lpb69.css was preloaded using link preload but not used within a few seconds from the window's load event. Please make sure it has an appropriate `as` value and it is preloaded intentionally. @ https://vercel.com/rigo-melchor-s-projects/foxtrading/91Qta4xpj9aZM19rRginxfWu1Zpm:0
[  126290ms] [WARNING] The resource https://vercel.com/_next/static/immutable/chunks/26_kjvxoedtei.css was preloaded using link preload but not used within a few seconds from the window's load event. Please make sure it has an appropriate `as` value and it is preloaded intentionally. @ https://vercel.com/rigo-melchor-s-projects/foxtrading/91Qta4xpj9aZM19rRginxfWu1Zpm:0
[  129510ms] [WARNING] The resource https://vercel.com/_next/static/immutable/chunks/1y7np90zxj-un.css was preloaded using link preload but not used within a few seconds from the window's load event. Please make sure it has an appropriate `as` value and it is preloaded intentionally. @ https://vercel.com/rigo-melchor-s-projects/foxtrading/91Qta4xpj9aZM19rRginxfWu1Zpm:0
[  129510ms] [WARNING] The resource https://vercel.com/_next/static/immutable/media/caa3a2e1cccd8315.p.0wgildi0cnwt9.woff2 was preloaded using link preload but not used within a few seconds from the window's load event. Please make sure it has an appropriate `as` value and it is preloaded intentionally. @ https://vercel.com/rigo-melchor-s-projects/foxtrading/91Qta4xpj9aZM19rRginxfWu1Zpm:0
[  129510ms] [WARNING] The resource https://vercel.com/_next/static/immutable/chunks/2xsdyifozdz06.css was preloaded using link preload but not used within a few seconds from the window's load event. Please make sure it has an appropriate `as` value and it is preloaded intentionally. @ https://vercel.com/rigo-melchor-s-projects/foxtrading/91Qta4xpj9aZM19rRginxfWu1Zpm:0
[  129510ms] [WARNING] The resource https://vercel.com/_next/static/immutable/media/logo-vercel-dark.28zbfuuys0x7i.svg was preloaded using link preload but not used within a few seconds from the window's load event. Please make sure it has an appropriate `as` value and it is preloaded intentionally. @ https://vercel.com/rigo-melchor-s-projects/foxtrading/91Qta4xpj9aZM19rRginxfWu1Zpm:0
[  129510ms] [WARNING] The resource https://vercel.com/_next/static/immutable/chunks/1mvkrfndostfj.css was preloaded using link preload but not used within a few seconds from the window's load event. Please make sure it has an appropriate `as` value and it is preloaded intentionally. @ https://vercel.com/rigo-melchor-s-projects/foxtrading/91Qta4xpj9aZM19rRginxfWu1Zpm:0
[  129510ms] [WARNING] The resource https://vercel.com/_next/static/immutable/chunks/0vmhpedf_b0j8.css was preloaded using link preload but not used within a few seconds from the window's load event. Please make sure it has an appropriate `as` value and it is preloaded intentionally. @ https://vercel.com/rigo-melchor-s-projects/foxtrading/91Qta4xpj9aZM19rRginxfWu1Zpm:0
[  129510ms] [WARNING] The resource https://vercel.com/_next/static/immutable/media/GeistMono_Variable.p.1bcgm0qa26ixg.woff2 was preloaded using link preload but not used within a few seconds from the window's load event. Please make sure it has an appropriate `as` value and it is preloaded intentionally. @ https://vercel.com/rigo-melchor-s-projects/foxtrading/91Qta4xpj9aZM19rRginxfWu1Zpm:0
[  129510ms] [WARNING] The resource https://vercel.com/_next/static/immutable/chunks/3d792zqltro0t.css was preloaded using link preload but not used within a few seconds from the window's load event. Please make sure it has an appropriate `as` value and it is preloaded intentionally. @ https://vercel.com/rigo-melchor-s-projects/foxtrading/91Qta4xpj9aZM19rRginxfWu1Zpm:0
[  129510ms] [WARNING] The resource https://vercel.com/_next/static/immutable/chunks/1yl8955ma4q4-.css was preloaded using link preload but not used within a few seconds from the window's load event. Please make sure it has an appropriate `as` value and it is preloaded intentionally. @ https://vercel.com/rigo-melchor-s-projects/foxtrading/91Qta4xpj9aZM19rRginxfWu1Zpm:0
[  129510ms] [WARNING] The resource https://vercel.com/_next/static/immutable/chunks/0-shbsz3-8ybx.css was preloaded using link preload but not used within a few seconds from the window's load event. Please make sure it has an appropriate `as` value and it is preloaded intentionally. @ https://vercel.com/rigo-melchor-s-projects/foxtrading/91Qta4xpj9aZM19rRginxfWu1Zpm:0
[  129510ms] [WARNING] The resource https://vercel.com/_next/static/immutable/chunks/3z36ncuffz89v.css was preloaded using link preload but not used within a few seconds from the window's load event. Please make sure it has an appropriate `as` value and it is preloaded intentionally. @ https://vercel.com/rigo-melchor-s-projects/foxtrading/91Qta4xpj9aZM19rRginxfWu1Zpm:0
[  129510ms] [WARNING] The resource https://vercel.com/_next/static/immutable/chunks/3z9uffp9rqnx8.css was preloaded using link preload but not used within a few seconds from the window's load event. Please make sure it has an appropriate `as` value and it is preloaded intentionally. @ https://vercel.com/rigo-melchor-s-projects/foxtrading/91Qta4xpj9aZM19rRginxfWu1Zpm:0
[  129510ms] [WARNING] The resource https://vercel.com/_next/static/immutable/chunks/1xg6gg5e39tni.css was preloaded using link preload but not used within a few seconds from the window's load event. Please make sure it has an appropriate `as` value and it is preloaded intentionally. @ https://vercel.com/rigo-melchor-s-projects/foxtrading/91Qta4xpj9aZM19rRginxfWu1Zpm:0
[  129511ms] [WARNING] The resource https://vercel.com/_next/static/immutable/chunks/1hzff2kh3gano.css was preloaded using link preload but not used within a few seconds from the window's load event. Please make sure it has an appropriate `as` value and it is preloaded intentionally. @ https://vercel.com/rigo-melchor-s-projects/foxtrading/91Qta4xpj9aZM19rRginxfWu1Zpm:0
[  129511ms] [WARNING] The resource https://vercel.com/_next/static/immutable/chunks/044vmykz7q7vs.css was preloaded using link preload but not used within a few seconds from the window's load event. Please make sure it has an appropriate `as` value and it is preloaded intentionally. @ https://vercel.com/rigo-melchor-s-projects/foxtrading/91Qta4xpj9aZM19rRginxfWu1Zpm:0
[  129511ms] [WARNING] The resource https://vercel.com/_next/static/immutable/media/logo-vercel-light.3an2_9g6dt4xn.svg was preloaded using link preload but not used within a few seconds from the window's load event. Please make sure it has an appropriate `as` value and it is preloaded intentionally. @ https://vercel.com/rigo-melchor-s-projects/foxtrading/91Qta4xpj9aZM19rRginxfWu1Zpm:0
[  129511ms] [WARNING] The resource https://vercel.com/_next/static/immutable/chunks/0rblmumf_9wz1.css was preloaded using link preload but not used within a few seconds from the window's load event. Please make sure it has an appropriate `as` value and it is preloaded intentionally. @ https://vercel.com/rigo-melchor-s-projects/foxtrading/91Qta4xpj9aZM19rRginxfWu1Zpm:0
[  129511ms] [WARNING] The resource https://vercel.com/_next/static/immutable/chunks/25nnd13fh_4k5.css was preloaded using link preload but not used within a few seconds from the window's load event. Please make sure it has an appropriate `as` value and it is preloaded intentionally. @ https://vercel.com/rigo-melchor-s-projects/foxtrading/91Qta4xpj9aZM19rRginxfWu1Zpm:0
[  129511ms] [WARNING] The resource https://vercel.com/_next/static/immutable/chunks/3p9g28no3_hj-.css was preloaded using link preload but not used within a few seconds from the window's load event. Please make sure it has an appropriate `as` value and it is preloaded intentionally. @ https://vercel.com/rigo-melchor-s-projects/foxtrading/91Qta4xpj9aZM19rRginxfWu1Zpm:0
[  129511ms] [WARNING] The resource https://vercel.com/_next/static/immutable/chunks/3fd49nnoyujvi.css was preloaded using link preload but not used within a few seconds from the window's load event. Please make sure it has an appropriate `as` value and it is preloaded intentionally. @ https://vercel.com/rigo-melchor-s-projects/foxtrading/91Qta4xpj9aZM19rRginxfWu1Zpm:0
[  129511ms] [WARNING] The resource https://vercel.com/_next/static/immutable/chunks/1dpcx2e86le6i.css was preloaded using link preload but not used within a few seconds from the window's load event. Please make sure it has an appropriate `as` value and it is preloaded intentionally. @ https://vercel.com/rigo-melchor-s-projects/foxtrading/91Qta4xpj9aZM19rRginxfWu1Zpm:0
[  129511ms] [WARNING] The resource https://vercel.com/_next/static/immutable/chunks/2cegy48-lpb69.css was preloaded using link preload but not used within a few seconds from the window's load event. Please make sure it has an appropriate `as` value and it is preloaded intentionally. @ https://vercel.com/rigo-melchor-s-projects/foxtrading/91Qta4xpj9aZM19rRginxfWu1Zpm:0
[  129511ms] [WARNING] The resource https://vercel.com/_next/static/immutable/chunks/26_kjvxoedtei.css was preloaded using link preload but not used within a few seconds from the window's load event. Please make sure it has an appropriate `as` value and it is preloaded intentionally. @ https://vercel.com/rigo-melchor-s-projects/foxtrading/91Qta4xpj9aZM19rRginxfWu1Zpm:0
