[    2554ms] [LOG] %c
▲

    ________   _ __ _          ____           __
   /  _/ __/  (_) /( )_____   / __/___ ______/ /_
   / // /_   / / __/// ___/  / /_/ __ `/ ___/ __/
 _/ // __/  / / /_  (__  )  / __/ /_/ (__  ) /_
/___/_/    /_/\__/ /____/  /_/  \__,_/____/\__/
    _ __ _                         _    __                    __
   (_) /( )_____   ____  ____     | |  / /__  _____________  / /
  / / __/// ___/  / __ \/ __ \    | | / / _ \/ ___/ ___/ _ \/ /
 / / /_  (__  )  / /_/ / / / /    | |/ /  __/ /  / /__/  __/ /
/_/\__/ /____/   \____/_/ /_/     |___/\___/_/   \___/\___/_/
  

Hello!

- Open Source https://vercel.com/oss
- Careers https://vercel.com/careers
- Status https://vercel-status.com

 font-family: "Geist Mono", monospace; white-space: pre; line-height: 1; @ https://vercel.com/_next/static/immutable/chunks/10bipm_r0kfgr.js:78
[    2884ms] [WARNING] iso_swr: SSR fetch failed for "/api/v9/projects/foxtrading/domains?limit=91&teamId=rigo-melchor-s-projects" {error: iso_swr_fetch_error, message: The request is missing an authentication token} @ https://vercel.com/rigo-melchor-s-projects/foxtrading/settings/domains:624
[    3365ms] [WARNING] iso_swr[warn] [client] fallback error for key: "/api/v9/projects/foxtrading/domains?limit=91&teamId=rigo-melchor-s-projects" {error: iso_swr_fetch_error, message: The request is missing an authentication token} @ https://vercel.com/_next/static/immutable/chunks/3s_6nuylxj3ys.js:2
[    3704ms] [ERROR] Failed to load resource: the server responded with a status of 404 () @ https://vercel.com/api/chat/ArUVkJbJwboSztVE/stream:0
[    3713ms] [WARNING] [omniagent] chat stream failed Error: {"error":{"code":"not_found","message":"The requested API endpoint was not found."}}
    at oS.reconnectToStream (https://vercel.com/_next/static/immutable/chunks/2deoqshqycxk0.js:38:48063)
    at async ae.makeRequest (https://vercel.com/_next/static/immutable/chunks/2deoqshqycxk0.js:23:47520)
    at async ae.resumeStream (https://vercel.com/_next/static/immutable/chunks/2deoqshqycxk0.js:23:44598) @ https://vercel.com/_next/static/immutable/chunks/099maahsqejgw.js:1
[    3854ms] [WARNING] Deprecated API for given entry type. @ https://vercel.com/_next/static/immutable/chunks/3-tnb_jpr7237.js:18
[    3878ms] [ERROR] Failed to load resource: the server responded with a status of 403 () @ https://vercel.com/api/v6/domains/ftsgp.net?teamId=rigo-melchor-s-projects:0
[    3920ms] [ERROR] Failed to load resource: the server responded with a status of 403 () @ https://vercel.com/api/v6/domains/www.foxtradingsingapore.com?teamId=rigo-melchor-s-projects:0
[    3920ms] [ERROR] Failed to load resource: the server responded with a status of 403 () @ https://vercel.com/api/v6/domains/www.ftsgp.net?teamId=rigo-melchor-s-projects:0
[    3921ms] [ERROR] Failed to load resource: the server responded with a status of 400 () @ https://vercel.com/api/front-domains/domain-connect/status?domain=www.foxtradingsingapore.com:0
[    3924ms] [ERROR] Failed to load resource: the server responded with a status of 403 () @ https://vercel.com/api/v6/domains/ftsgp.com?teamId=rigo-melchor-s-projects:0
[    3925ms] [LOG] Ignored request error CustomFetchError: Unexpected response: text/plain Domain connect record not found
    at g (https://vercel.com/_next/static/immutable/chunks/3sm5e1b93o0jy.js:2:37791)
    at async https://vercel.com/_next/static/immutable/chunks/1gvyyr3h4217j.js:2:12183 @ https://vercel.com/_next/static/immutable/chunks/3-tnb_jpr7237.js:16
[    3977ms] [ERROR] Failed to load resource: the server responded with a status of 400 () @ https://vercel.com/api/front-domains/domain-connect/status?domain=foxtradingsingapore.com:0
[    3980ms] [LOG] Ignored request error CustomFetchError: Unexpected response: text/plain Domain connect record not found
    at g (https://vercel.com/_next/static/immutable/chunks/3sm5e1b93o0jy.js:2:37791)
    at async https://vercel.com/_next/static/immutable/chunks/1gvyyr3h4217j.js:2:12183 @ https://vercel.com/_next/static/immutable/chunks/3-tnb_jpr7237.js:16
[    4023ms] [ERROR] Failed to load resource: the server responded with a status of 429 () @ https://o205439.ingest.sentry.io/api/1323670/envelope/?sentry_key=d00780d432ac4ccf882f60dd02062e14&sentry_version=7&sentry_client=sentry.javascript.browser%2F7.111.0:0
[    4236ms] [ERROR] Failed to load resource: the server responded with a status of 403 () @ https://vercel.com/api/v6/domains/www.ftsgp.com?teamId=rigo-melchor-s-projects:0
[    5630ms] [ERROR] Failed to load resource: the server responded with a status of 403 () @ https://vercel.com/api/v6/domains/foxtradingsingapore.com?teamId=rigo-melchor-s-projects:0
[   12078ms] [WARNING] The resource https://vercel.com/_next/static/immutable/chunks/1y7np90zxj-un.css was preloaded using link preload but not used within a few seconds from the window's load event. Please make sure it has an appropriate `as` value and it is preloaded intentionally. @ https://vercel.com/rigo-melchor-s-projects/foxtrading/settings/domains:0
[   12078ms] [WARNING] The resource https://vercel.com/_next/static/immutable/chunks/2xsdyifozdz06.css was preloaded using link preload but not used within a few seconds from the window's load event. Please make sure it has an appropriate `as` value and it is preloaded intentionally. @ https://vercel.com/rigo-melchor-s-projects/foxtrading/settings/domains:0
[   12078ms] [WARNING] The resource https://vercel.com/_next/static/immutable/media/logo-vercel-dark.28zbfuuys0x7i.svg was preloaded using link preload but not used within a few seconds from the window's load event. Please make sure it has an appropriate `as` value and it is preloaded intentionally. @ https://vercel.com/rigo-melchor-s-projects/foxtrading/settings/domains:0
[   12078ms] [WARNING] The resource https://vercel.com/_next/static/immutable/chunks/0vmhpedf_b0j8.css was preloaded using link preload but not used within a few seconds from the window's load event. Please make sure it has an appropriate `as` value and it is preloaded intentionally. @ https://vercel.com/rigo-melchor-s-projects/foxtrading/settings/domains:0
[   12078ms] [WARNING] The resource https://vercel.com/_next/static/immutable/chunks/012p6cwa_e92y.css was preloaded using link preload but not used within a few seconds from the window's load event. Please make sure it has an appropriate `as` value and it is preloaded intentionally. @ https://vercel.com/rigo-melchor-s-projects/foxtrading/settings/domains:0
[   12078ms] [WARNING] The resource https://vercel.com/_next/static/immutable/chunks/1cqt2xba0-dxw.css was preloaded using link preload but not used within a few seconds from the window's load event. Please make sure it has an appropriate `as` value and it is preloaded intentionally. @ https://vercel.com/rigo-melchor-s-projects/foxtrading/settings/domains:0
[   12078ms] [WARNING] The resource https://vercel.com/_next/static/immutable/chunks/3d792zqltro0t.css was preloaded using link preload but not used within a few seconds from the window's load event. Please make sure it has an appropriate `as` value and it is preloaded intentionally. @ https://vercel.com/rigo-melchor-s-projects/foxtrading/settings/domains:0
[   12078ms] [WARNING] The resource https://vercel.com/_next/static/immutable/chunks/1yl8955ma4q4-.css was preloaded using link preload but not used within a few seconds from the window's load event. Please make sure it has an appropriate `as` value and it is preloaded intentionally. @ https://vercel.com/rigo-melchor-s-projects/foxtrading/settings/domains:0
[   12078ms] [WARNING] The resource https://vercel.com/_next/static/immutable/chunks/0-shbsz3-8ybx.css was preloaded using link preload but not used within a few seconds from the window's load event. Please make sure it has an appropriate `as` value and it is preloaded intentionally. @ https://vercel.com/rigo-melchor-s-projects/foxtrading/settings/domains:0
[   12078ms] [WARNING] The resource https://vercel.com/_next/static/immutable/chunks/1qpjfmo0jgtu2.css was preloaded using link preload but not used within a few seconds from the window's load event. Please make sure it has an appropriate `as` value and it is preloaded intentionally. @ https://vercel.com/rigo-melchor-s-projects/foxtrading/settings/domains:0
[   12078ms] [WARNING] The resource https://vercel.com/_next/static/immutable/chunks/3z36ncuffz89v.css was preloaded using link preload but not used within a few seconds from the window's load event. Please make sure it has an appropriate `as` value and it is preloaded intentionally. @ https://vercel.com/rigo-melchor-s-projects/foxtrading/settings/domains:0
[   12078ms] [WARNING] The resource https://vercel.com/_next/static/immutable/chunks/3z9uffp9rqnx8.css was preloaded using link preload but not used within a few seconds from the window's load event. Please make sure it has an appropriate `as` value and it is preloaded intentionally. @ https://vercel.com/rigo-melchor-s-projects/foxtrading/settings/domains:0
[   12078ms] [WARNING] The resource https://vercel.com/_next/static/immutable/chunks/1xg6gg5e39tni.css was preloaded using link preload but not used within a few seconds from the window's load event. Please make sure it has an appropriate `as` value and it is preloaded intentionally. @ https://vercel.com/rigo-melchor-s-projects/foxtrading/settings/domains:0
[   12078ms] [WARNING] The resource https://vercel.com/_next/static/immutable/chunks/1hzff2kh3gano.css was preloaded using link preload but not used within a few seconds from the window's load event. Please make sure it has an appropriate `as` value and it is preloaded intentionally. @ https://vercel.com/rigo-melchor-s-projects/foxtrading/settings/domains:0
[   12078ms] [WARNING] The resource https://vercel.com/_next/static/immutable/chunks/044vmykz7q7vs.css was preloaded using link preload but not used within a few seconds from the window's load event. Please make sure it has an appropriate `as` value and it is preloaded intentionally. @ https://vercel.com/rigo-melchor-s-projects/foxtrading/settings/domains:0
[   12078ms] [WARNING] The resource https://vercel.com/_next/static/immutable/media/logo-vercel-light.3an2_9g6dt4xn.svg was preloaded using link preload but not used within a few seconds from the window's load event. Please make sure it has an appropriate `as` value and it is preloaded intentionally. @ https://vercel.com/rigo-melchor-s-projects/foxtrading/settings/domains:0
[   12078ms] [WARNING] The resource https://vercel.com/_next/static/immutable/chunks/0rblmumf_9wz1.css was preloaded using link preload but not used within a few seconds from the window's load event. Please make sure it has an appropriate `as` value and it is preloaded intentionally. @ https://vercel.com/rigo-melchor-s-projects/foxtrading/settings/domains:0
[   12078ms] [WARNING] The resource https://vercel.com/_next/static/immutable/chunks/2qegur97i-cye.css was preloaded using link preload but not used within a few seconds from the window's load event. Please make sure it has an appropriate `as` value and it is preloaded intentionally. @ https://vercel.com/rigo-melchor-s-projects/foxtrading/settings/domains:0
[   12078ms] [WARNING] The resource https://vercel.com/_next/static/immutable/chunks/25nnd13fh_4k5.css was preloaded using link preload but not used within a few seconds from the window's load event. Please make sure it has an appropriate `as` value and it is preloaded intentionally. @ https://vercel.com/rigo-melchor-s-projects/foxtrading/settings/domains:0
[   12078ms] [WARNING] The resource https://vercel.com/_next/static/immutable/chunks/3p9g28no3_hj-.css was preloaded using link preload but not used within a few seconds from the window's load event. Please make sure it has an appropriate `as` value and it is preloaded intentionally. @ https://vercel.com/rigo-melchor-s-projects/foxtrading/settings/domains:0
[   12078ms] [WARNING] The resource https://vercel.com/_next/static/immutable/chunks/3fd49nnoyujvi.css was preloaded using link preload but not used within a few seconds from the window's load event. Please make sure it has an appropriate `as` value and it is preloaded intentionally. @ https://vercel.com/rigo-melchor-s-projects/foxtrading/settings/domains:0
[   12078ms] [WARNING] The resource https://vercel.com/_next/static/immutable/chunks/2cegy48-lpb69.css was preloaded using link preload but not used within a few seconds from the window's load event. Please make sure it has an appropriate `as` value and it is preloaded intentionally. @ https://vercel.com/rigo-melchor-s-projects/foxtrading/settings/domains:0
[   12078ms] [WARNING] The resource https://vercel.com/_next/static/immutable/chunks/26_kjvxoedtei.css was preloaded using link preload but not used within a few seconds from the window's load event. Please make sure it has an appropriate `as` value and it is preloaded intentionally. @ https://vercel.com/rigo-melchor-s-projects/foxtrading/settings/domains:0
[   18584ms] [WARNING] The resource https://vercel.com/_next/static/immutable/chunks/1y7np90zxj-un.css was preloaded using link preload but not used within a few seconds from the window's load event. Please make sure it has an appropriate `as` value and it is preloaded intentionally. @ https://vercel.com/rigo-melchor-s-projects:0
[   18584ms] [WARNING] The resource https://vercel.com/_next/static/immutable/chunks/2xsdyifozdz06.css was preloaded using link preload but not used within a few seconds from the window's load event. Please make sure it has an appropriate `as` value and it is preloaded intentionally. @ https://vercel.com/rigo-melchor-s-projects:0
[   18584ms] [WARNING] The resource https://vercel.com/_next/static/immutable/media/logo-vercel-dark.28zbfuuys0x7i.svg was preloaded using link preload but not used within a few seconds from the window's load event. Please make sure it has an appropriate `as` value and it is preloaded intentionally. @ https://vercel.com/rigo-melchor-s-projects:0
[   18584ms] [WARNING] The resource https://vercel.com/_next/static/immutable/chunks/0vmhpedf_b0j8.css was preloaded using link preload but not used within a few seconds from the window's load event. Please make sure it has an appropriate `as` value and it is preloaded intentionally. @ https://vercel.com/rigo-melchor-s-projects:0
[   18584ms] [WARNING] The resource https://vercel.com/_next/static/immutable/chunks/012p6cwa_e92y.css was preloaded using link preload but not used within a few seconds from the window's load event. Please make sure it has an appropriate `as` value and it is preloaded intentionally. @ https://vercel.com/rigo-melchor-s-projects:0
[   18584ms] [WARNING] The resource https://vercel.com/_next/static/immutable/chunks/1cqt2xba0-dxw.css was preloaded using link preload but not used within a few seconds from the window's load event. Please make sure it has an appropriate `as` value and it is preloaded intentionally. @ https://vercel.com/rigo-melchor-s-projects:0
[   18584ms] [WARNING] The resource https://vercel.com/_next/static/immutable/chunks/1yl8955ma4q4-.css was preloaded using link preload but not used within a few seconds from the window's load event. Please make sure it has an appropriate `as` value and it is preloaded intentionally. @ https://vercel.com/rigo-melchor-s-projects:0
[   18584ms] [WARNING] The resource https://vercel.com/_next/static/immutable/chunks/0-shbsz3-8ybx.css was preloaded using link preload but not used within a few seconds from the window's load event. Please make sure it has an appropriate `as` value and it is preloaded intentionally. @ https://vercel.com/rigo-melchor-s-projects:0
[   18584ms] [WARNING] The resource https://vercel.com/_next/static/immutable/chunks/1qpjfmo0jgtu2.css was preloaded using link preload but not used within a few seconds from the window's load event. Please make sure it has an appropriate `as` value and it is preloaded intentionally. @ https://vercel.com/rigo-melchor-s-projects:0
[   18584ms] [WARNING] The resource https://vercel.com/_next/static/immutable/chunks/3z36ncuffz89v.css was preloaded using link preload but not used within a few seconds from the window's load event. Please make sure it has an appropriate `as` value and it is preloaded intentionally. @ https://vercel.com/rigo-melchor-s-projects:0
[   18584ms] [WARNING] The resource https://vercel.com/_next/static/immutable/chunks/3z9uffp9rqnx8.css was preloaded using link preload but not used within a few seconds from the window's load event. Please make sure it has an appropriate `as` value and it is preloaded intentionally. @ https://vercel.com/rigo-melchor-s-projects:0
[   18584ms] [WARNING] The resource https://vercel.com/_next/static/immutable/chunks/1xg6gg5e39tni.css was preloaded using link preload but not used within a few seconds from the window's load event. Please make sure it has an appropriate `as` value and it is preloaded intentionally. @ https://vercel.com/rigo-melchor-s-projects:0
[   18584ms] [WARNING] The resource https://vercel.com/_next/static/immutable/chunks/1hzff2kh3gano.css was preloaded using link preload but not used within a few seconds from the window's load event. Please make sure it has an appropriate `as` value and it is preloaded intentionally. @ https://vercel.com/rigo-melchor-s-projects:0
[   18584ms] [WARNING] The resource https://vercel.com/_next/static/immutable/chunks/044vmykz7q7vs.css was preloaded using link preload but not used within a few seconds from the window's load event. Please make sure it has an appropriate `as` value and it is preloaded intentionally. @ https://vercel.com/rigo-melchor-s-projects:0
[   18584ms] [WARNING] The resource https://vercel.com/_next/static/immutable/media/logo-vercel-light.3an2_9g6dt4xn.svg was preloaded using link preload but not used within a few seconds from the window's load event. Please make sure it has an appropriate `as` value and it is preloaded intentionally. @ https://vercel.com/rigo-melchor-s-projects:0
[   18584ms] [WARNING] The resource https://vercel.com/_next/static/immutable/chunks/0rblmumf_9wz1.css was preloaded using link preload but not used within a few seconds from the window's load event. Please make sure it has an appropriate `as` value and it is preloaded intentionally. @ https://vercel.com/rigo-melchor-s-projects:0
[   18584ms] [WARNING] The resource https://vercel.com/_next/static/immutable/chunks/2qegur97i-cye.css was preloaded using link preload but not used within a few seconds from the window's load event. Please make sure it has an appropriate `as` value and it is preloaded intentionally. @ https://vercel.com/rigo-melchor-s-projects:0
[   18584ms] [WARNING] The resource https://vercel.com/_next/static/immutable/chunks/25nnd13fh_4k5.css was preloaded using link preload but not used within a few seconds from the window's load event. Please make sure it has an appropriate `as` value and it is preloaded intentionally. @ https://vercel.com/rigo-melchor-s-projects:0
[   18584ms] [WARNING] The resource https://vercel.com/_next/static/immutable/chunks/3p9g28no3_hj-.css was preloaded using link preload but not used within a few seconds from the window's load event. Please make sure it has an appropriate `as` value and it is preloaded intentionally. @ https://vercel.com/rigo-melchor-s-projects:0
[   18584ms] [WARNING] The resource https://vercel.com/_next/static/immutable/chunks/3fd49nnoyujvi.css was preloaded using link preload but not used within a few seconds from the window's load event. Please make sure it has an appropriate `as` value and it is preloaded intentionally. @ https://vercel.com/rigo-melchor-s-projects:0
[   18584ms] [WARNING] The resource https://vercel.com/_next/static/immutable/chunks/2cegy48-lpb69.css was preloaded using link preload but not used within a few seconds from the window's load event. Please make sure it has an appropriate `as` value and it is preloaded intentionally. @ https://vercel.com/rigo-melchor-s-projects:0
[   18584ms] [WARNING] The resource https://vercel.com/_next/static/immutable/chunks/26_kjvxoedtei.css was preloaded using link preload but not used within a few seconds from the window's load event. Please make sure it has an appropriate `as` value and it is preloaded intentionally. @ https://vercel.com/rigo-melchor-s-projects:0
[   20141ms] [ERROR] Failed to load resource: the server responded with a status of 502 () @ https://vercel.com/api/teams/team_OCfqsj0qanccnVnsUUIL47tf/program:0
[   20143ms] [LOG] Ignored request error CustomFetchError: Unexpected response: text/html <html>
<head><title>502 Bad Gateway</title></head>
<body>
<center><h1>502 Bad Gateway</h1></center>
<hr><center>nginx</center>
</body>
</html>
<!-- a padding to disable MSIE and Chrome friendly error page -->
<!-- a padding to disable MSIE and Chrome friendly error page -->
<!-- a padding to disable MSIE and Chrome friendly error page -->
<!-- a padding to disable MSIE and Chrome friendly error page -->
<!-- a padding to disable MSIE and Chrome friendly error page -->
<!-- a padding to disable MSIE and Chrome friendly error page -->

    at g (https://vercel.com/_next/static/immutable/chunks/3sm5e1b93o0jy.js:2:37791)
    at async https://vercel.com/_next/static/immutable/chunks/1gvyyr3h4217j.js:2:12183 @ https://vercel.com/_next/static/immutable/chunks/3-tnb_jpr7237.js:16
[   25971ms] [ERROR] Failed to load resource: the server responded with a status of 502 () @ https://vercel.com/api/v2/teams/rigo-melchor-s-projects:0
[   25972ms] [LOG] Ignored request error CustomFetchError: Unexpected response: text/html <html>
<head><title>502 Bad Gateway</title></head>
<body>
<center><h1>502 Bad Gateway</h1></center>
<hr><center>nginx</center>
</body>
</html>
<!-- a padding to disable MSIE and Chrome friendly error page -->
<!-- a padding to disable MSIE and Chrome friendly error page -->
<!-- a padding to disable MSIE and Chrome friendly error page -->
<!-- a padding to disable MSIE and Chrome friendly error page -->
<!-- a padding to disable MSIE and Chrome friendly error page -->
<!-- a padding to disable MSIE and Chrome friendly error page -->

    at g (https://vercel.com/_next/static/immutable/chunks/3sm5e1b93o0jy.js:2:37791)
    at async https://vercel.com/_next/static/immutable/chunks/1gvyyr3h4217j.js:2:12183 @ https://vercel.com/_next/static/immutable/chunks/3-tnb_jpr7237.js:16
[   28972ms] [WARNING] The resource https://vercel.com/_next/static/immutable/chunks/1y7np90zxj-un.css was preloaded using link preload but not used within a few seconds from the window's load event. Please make sure it has an appropriate `as` value and it is preloaded intentionally. @ https://vercel.com/rigo-melchor-s-projects:0
[   28972ms] [WARNING] The resource https://vercel.com/_next/static/immutable/chunks/2xsdyifozdz06.css was preloaded using link preload but not used within a few seconds from the window's load event. Please make sure it has an appropriate `as` value and it is preloaded intentionally. @ https://vercel.com/rigo-melchor-s-projects:0
[   28972ms] [WARNING] The resource https://vercel.com/_next/static/immutable/media/logo-vercel-dark.28zbfuuys0x7i.svg was preloaded using link preload but not used within a few seconds from the window's load event. Please make sure it has an appropriate `as` value and it is preloaded intentionally. @ https://vercel.com/rigo-melchor-s-projects:0
[   28972ms] [WARNING] The resource https://vercel.com/_next/static/immutable/chunks/0vmhpedf_b0j8.css was preloaded using link preload but not used within a few seconds from the window's load event. Please make sure it has an appropriate `as` value and it is preloaded intentionally. @ https://vercel.com/rigo-melchor-s-projects:0
[   28972ms] [WARNING] The resource https://vercel.com/_next/static/immutable/chunks/012p6cwa_e92y.css was preloaded using link preload but not used within a few seconds from the window's load event. Please make sure it has an appropriate `as` value and it is preloaded intentionally. @ https://vercel.com/rigo-melchor-s-projects:0
[   28972ms] [WARNING] The resource https://vercel.com/_next/static/immutable/chunks/1cqt2xba0-dxw.css was preloaded using link preload but not used within a few seconds from the window's load event. Please make sure it has an appropriate `as` value and it is preloaded intentionally. @ https://vercel.com/rigo-melchor-s-projects:0
[   28972ms] [WARNING] The resource https://vercel.com/_next/static/immutable/chunks/1yl8955ma4q4-.css was preloaded using link preload but not used within a few seconds from the window's load event. Please make sure it has an appropriate `as` value and it is preloaded intentionally. @ https://vercel.com/rigo-melchor-s-projects:0
[   28972ms] [WARNING] The resource https://vercel.com/_next/static/immutable/chunks/0-shbsz3-8ybx.css was preloaded using link preload but not used within a few seconds from the window's load event. Please make sure it has an appropriate `as` value and it is preloaded intentionally. @ https://vercel.com/rigo-melchor-s-projects:0
[   28972ms] [WARNING] The resource https://vercel.com/_next/static/immutable/chunks/1qpjfmo0jgtu2.css was preloaded using link preload but not used within a few seconds from the window's load event. Please make sure it has an appropriate `as` value and it is preloaded intentionally. @ https://vercel.com/rigo-melchor-s-projects:0
[   28972ms] [WARNING] The resource https://vercel.com/_next/static/immutable/chunks/3z36ncuffz89v.css was preloaded using link preload but not used within a few seconds from the window's load event. Please make sure it has an appropriate `as` value and it is preloaded intentionally. @ https://vercel.com/rigo-melchor-s-projects:0
[   28972ms] [WARNING] The resource https://vercel.com/_next/static/immutable/chunks/1u_bcwmq8rhcl.css was preloaded using link preload but not used within a few seconds from the window's load event. Please make sure it has an appropriate `as` value and it is preloaded intentionally. @ https://vercel.com/rigo-melchor-s-projects:0
[   28972ms] [WARNING] The resource https://vercel.com/_next/static/immutable/chunks/3z9uffp9rqnx8.css was preloaded using link preload but not used within a few seconds from the window's load event. Please make sure it has an appropriate `as` value and it is preloaded intentionally. @ https://vercel.com/rigo-melchor-s-projects:0
[   28972ms] [WARNING] The resource https://vercel.com/_next/static/immutable/chunks/1xg6gg5e39tni.css was preloaded using link preload but not used within a few seconds from the window's load event. Please make sure it has an appropriate `as` value and it is preloaded intentionally. @ https://vercel.com/rigo-melchor-s-projects:0
[   28972ms] [WARNING] The resource https://vercel.com/_next/static/immutable/chunks/1hzff2kh3gano.css was preloaded using link preload but not used within a few seconds from the window's load event. Please make sure it has an appropriate `as` value and it is preloaded intentionally. @ https://vercel.com/rigo-melchor-s-projects:0
[   28972ms] [WARNING] The resource https://vercel.com/_next/static/immutable/chunks/044vmykz7q7vs.css was preloaded using link preload but not used within a few seconds from the window's load event. Please make sure it has an appropriate `as` value and it is preloaded intentionally. @ https://vercel.com/rigo-melchor-s-projects:0
[   28972ms] [WARNING] The resource https://vercel.com/_next/static/immutable/media/logo-vercel-light.3an2_9g6dt4xn.svg was preloaded using link preload but not used within a few seconds from the window's load event. Please make sure it has an appropriate `as` value and it is preloaded intentionally. @ https://vercel.com/rigo-melchor-s-projects:0
[   28972ms] [WARNING] The resource https://vercel.com/_next/static/immutable/chunks/0rblmumf_9wz1.css was preloaded using link preload but not used within a few seconds from the window's load event. Please make sure it has an appropriate `as` value and it is preloaded intentionally. @ https://vercel.com/rigo-melchor-s-projects:0
[   28972ms] [WARNING] The resource https://vercel.com/_next/static/immutable/chunks/2qegur97i-cye.css was preloaded using link preload but not used within a few seconds from the window's load event. Please make sure it has an appropriate `as` value and it is preloaded intentionally. @ https://vercel.com/rigo-melchor-s-projects:0
[   28972ms] [WARNING] The resource https://vercel.com/_next/static/immutable/chunks/25nnd13fh_4k5.css was preloaded using link preload but not used within a few seconds from the window's load event. Please make sure it has an appropriate `as` value and it is preloaded intentionally. @ https://vercel.com/rigo-melchor-s-projects:0
[   28972ms] [WARNING] The resource https://vercel.com/_next/static/immutable/chunks/3p9g28no3_hj-.css was preloaded using link preload but not used within a few seconds from the window's load event. Please make sure it has an appropriate `as` value and it is preloaded intentionally. @ https://vercel.com/rigo-melchor-s-projects:0
[   28972ms] [WARNING] The resource https://vercel.com/_next/static/immutable/chunks/3fd49nnoyujvi.css was preloaded using link preload but not used within a few seconds from the window's load event. Please make sure it has an appropriate `as` value and it is preloaded intentionally. @ https://vercel.com/rigo-melchor-s-projects:0
[   28972ms] [WARNING] The resource https://vercel.com/_next/static/immutable/chunks/2cegy48-lpb69.css was preloaded using link preload but not used within a few seconds from the window's load event. Please make sure it has an appropriate `as` value and it is preloaded intentionally. @ https://vercel.com/rigo-melchor-s-projects:0
[   28972ms] [WARNING] The resource https://vercel.com/_next/static/immutable/chunks/26_kjvxoedtei.css was preloaded using link preload but not used within a few seconds from the window's load event. Please make sure it has an appropriate `as` value and it is preloaded intentionally. @ https://vercel.com/rigo-melchor-s-projects:0
[   33316ms] [ERROR] Failed to load resource: the server responded with a status of 504 () @ https://vercel.com/api/jwt:0
[   47190ms] [WARNING] The resource https://vercel.com/_next/static/immutable/chunks/1y7np90zxj-un.css was preloaded using link preload but not used within a few seconds from the window's load event. Please make sure it has an appropriate `as` value and it is preloaded intentionally. @ https://vercel.com/rigo-melchor-s-projects/foxtrading:0
[   47190ms] [WARNING] The resource https://vercel.com/_next/static/immutable/chunks/2xsdyifozdz06.css was preloaded using link preload but not used within a few seconds from the window's load event. Please make sure it has an appropriate `as` value and it is preloaded intentionally. @ https://vercel.com/rigo-melchor-s-projects/foxtrading:0
[   47190ms] [WARNING] The resource https://vercel.com/_next/static/immutable/media/logo-vercel-dark.28zbfuuys0x7i.svg was preloaded using link preload but not used within a few seconds from the window's load event. Please make sure it has an appropriate `as` value and it is preloaded intentionally. @ https://vercel.com/rigo-melchor-s-projects/foxtrading:0
[   47190ms] [WARNING] The resource https://vercel.com/_next/static/immutable/chunks/0vmhpedf_b0j8.css was preloaded using link preload but not used within a few seconds from the window's load event. Please make sure it has an appropriate `as` value and it is preloaded intentionally. @ https://vercel.com/rigo-melchor-s-projects/foxtrading:0
[   47190ms] [WARNING] The resource https://vercel.com/_next/static/immutable/chunks/012p6cwa_e92y.css was preloaded using link preload but not used within a few seconds from the window's load event. Please make sure it has an appropriate `as` value and it is preloaded intentionally. @ https://vercel.com/rigo-melchor-s-projects/foxtrading:0
[   47190ms] [WARNING] The resource https://vercel.com/_next/static/immutable/chunks/1cqt2xba0-dxw.css was preloaded using link preload but not used within a few seconds from the window's load event. Please make sure it has an appropriate `as` value and it is preloaded intentionally. @ https://vercel.com/rigo-melchor-s-projects/foxtrading:0
[   47190ms] [WARNING] The resource https://vercel.com/_next/static/immutable/chunks/1yl8955ma4q4-.css was preloaded using link preload but not used within a few seconds from the window's load event. Please make sure it has an appropriate `as` value and it is preloaded intentionally. @ https://vercel.com/rigo-melchor-s-projects/foxtrading:0
[   47190ms] [WARNING] The resource https://vercel.com/_next/static/immutable/chunks/0-shbsz3-8ybx.css was preloaded using link preload but not used within a few seconds from the window's load event. Please make sure it has an appropriate `as` value and it is preloaded intentionally. @ https://vercel.com/rigo-melchor-s-projects/foxtrading:0
[   47190ms] [WARNING] The resource https://vercel.com/_next/static/immutable/chunks/1qpjfmo0jgtu2.css was preloaded using link preload but not used within a few seconds from the window's load event. Please make sure it has an appropriate `as` value and it is preloaded intentionally. @ https://vercel.com/rigo-melchor-s-projects/foxtrading:0
[   47190ms] [WARNING] The resource https://vercel.com/_next/static/immutable/chunks/3z36ncuffz89v.css was preloaded using link preload but not used within a few seconds from the window's load event. Please make sure it has an appropriate `as` value and it is preloaded intentionally. @ https://vercel.com/rigo-melchor-s-projects/foxtrading:0
[   47190ms] [WARNING] The resource https://vercel.com/_next/static/immutable/chunks/1u_bcwmq8rhcl.css was preloaded using link preload but not used within a few seconds from the window's load event. Please make sure it has an appropriate `as` value and it is preloaded intentionally. @ https://vercel.com/rigo-melchor-s-projects/foxtrading:0
[   47190ms] [WARNING] The resource https://vercel.com/_next/static/immutable/chunks/3z9uffp9rqnx8.css was preloaded using link preload but not used within a few seconds from the window's load event. Please make sure it has an appropriate `as` value and it is preloaded intentionally. @ https://vercel.com/rigo-melchor-s-projects/foxtrading:0
[   47190ms] [WARNING] The resource https://vercel.com/_next/static/immutable/chunks/1xg6gg5e39tni.css was preloaded using link preload but not used within a few seconds from the window's load event. Please make sure it has an appropriate `as` value and it is preloaded intentionally. @ https://vercel.com/rigo-melchor-s-projects/foxtrading:0
[   47190ms] [WARNING] The resource https://vercel.com/_next/static/immutable/chunks/1hzff2kh3gano.css was preloaded using link preload but not used within a few seconds from the window's load event. Please make sure it has an appropriate `as` value and it is preloaded intentionally. @ https://vercel.com/rigo-melchor-s-projects/foxtrading:0
[   47190ms] [WARNING] The resource https://vercel.com/_next/static/immutable/chunks/044vmykz7q7vs.css was preloaded using link preload but not used within a few seconds from the window's load event. Please make sure it has an appropriate `as` value and it is preloaded intentionally. @ https://vercel.com/rigo-melchor-s-projects/foxtrading:0
[   47190ms] [WARNING] The resource https://vercel.com/_next/static/immutable/media/logo-vercel-light.3an2_9g6dt4xn.svg was preloaded using link preload but not used within a few seconds from the window's load event. Please make sure it has an appropriate `as` value and it is preloaded intentionally. @ https://vercel.com/rigo-melchor-s-projects/foxtrading:0
[   47190ms] [WARNING] The resource https://vercel.com/_next/static/immutable/chunks/0rblmumf_9wz1.css was preloaded using link preload but not used within a few seconds from the window's load event. Please make sure it has an appropriate `as` value and it is preloaded intentionally. @ https://vercel.com/rigo-melchor-s-projects/foxtrading:0
[   47190ms] [WARNING] The resource https://vercel.com/_next/static/immutable/chunks/2qegur97i-cye.css was preloaded using link preload but not used within a few seconds from the window's load event. Please make sure it has an appropriate `as` value and it is preloaded intentionally. @ https://vercel.com/rigo-melchor-s-projects/foxtrading:0
[   47190ms] [WARNING] The resource https://vercel.com/_next/static/immutable/chunks/25nnd13fh_4k5.css was preloaded using link preload but not used within a few seconds from the window's load event. Please make sure it has an appropriate `as` value and it is preloaded intentionally. @ https://vercel.com/rigo-melchor-s-projects/foxtrading:0
[   47190ms] [WARNING] The resource https://vercel.com/_next/static/immutable/chunks/3p9g28no3_hj-.css was preloaded using link preload but not used within a few seconds from the window's load event. Please make sure it has an appropriate `as` value and it is preloaded intentionally. @ https://vercel.com/rigo-melchor-s-projects/foxtrading:0
[   47190ms] [WARNING] The resource https://vercel.com/_next/static/immutable/chunks/3fd49nnoyujvi.css was preloaded using link preload but not used within a few seconds from the window's load event. Please make sure it has an appropriate `as` value and it is preloaded intentionally. @ https://vercel.com/rigo-melchor-s-projects/foxtrading:0
[   47190ms] [WARNING] The resource https://vercel.com/_next/static/immutable/chunks/2cegy48-lpb69.css was preloaded using link preload but not used within a few seconds from the window's load event. Please make sure it has an appropriate `as` value and it is preloaded intentionally. @ https://vercel.com/rigo-melchor-s-projects/foxtrading:0
[   47190ms] [WARNING] The resource https://vercel.com/_next/static/immutable/chunks/26_kjvxoedtei.css was preloaded using link preload but not used within a few seconds from the window's load event. Please make sure it has an appropriate `as` value and it is preloaded intentionally. @ https://vercel.com/rigo-melchor-s-projects/foxtrading:0
[   61478ms] [WARNING] The resource https://vercel.com/_next/static/immutable/chunks/1y7np90zxj-un.css was preloaded using link preload but not used within a few seconds from the window's load event. Please make sure it has an appropriate `as` value and it is preloaded intentionally. @ https://vercel.com/rigo-melchor-s-projects/insourceful-website:0
[   61478ms] [WARNING] The resource https://vercel.com/_next/static/immutable/media/caa3a2e1cccd8315.p.0wgildi0cnwt9.woff2 was preloaded using link preload but not used within a few seconds from the window's load event. Please make sure it has an appropriate `as` value and it is preloaded intentionally. @ https://vercel.com/rigo-melchor-s-projects/insourceful-website:0
[   61478ms] [WARNING] The resource https://vercel.com/_next/static/immutable/chunks/2xsdyifozdz06.css was preloaded using link preload but not used within a few seconds from the window's load event. Please make sure it has an appropriate `as` value and it is preloaded intentionally. @ https://vercel.com/rigo-melchor-s-projects/insourceful-website:0
[   61478ms] [WARNING] The resource https://vercel.com/_next/static/immutable/media/logo-vercel-dark.28zbfuuys0x7i.svg was preloaded using link preload but not used within a few seconds from the window's load event. Please make sure it has an appropriate `as` value and it is preloaded intentionally. @ https://vercel.com/rigo-melchor-s-projects/insourceful-website:0
[   61478ms] [WARNING] The resource https://vercel.com/_next/static/immutable/chunks/0vmhpedf_b0j8.css was preloaded using link preload but not used within a few seconds from the window's load event. Please make sure it has an appropriate `as` value and it is preloaded intentionally. @ https://vercel.com/rigo-melchor-s-projects/insourceful-website:0
[   61478ms] [WARNING] The resource https://vercel.com/_next/static/immutable/media/GeistMono_Variable.p.1bcgm0qa26ixg.woff2 was preloaded using link preload but not used within a few seconds from the window's load event. Please make sure it has an appropriate `as` value and it is preloaded intentionally. @ https://vercel.com/rigo-melchor-s-projects/insourceful-website:0
[   61478ms] [WARNING] The resource https://vercel.com/_next/static/immutable/chunks/012p6cwa_e92y.css was preloaded using link preload but not used within a few seconds from the window's load event. Please make sure it has an appropriate `as` value and it is preloaded intentionally. @ https://vercel.com/rigo-melchor-s-projects/insourceful-website:0
[   61478ms] [WARNING] The resource https://vercel.com/_next/static/immutable/chunks/1cqt2xba0-dxw.css was preloaded using link preload but not used within a few seconds from the window's load event. Please make sure it has an appropriate `as` value and it is preloaded intentionally. @ https://vercel.com/rigo-melchor-s-projects/insourceful-website:0
[   61478ms] [WARNING] The resource https://vercel.com/_next/static/immutable/chunks/1yl8955ma4q4-.css was preloaded using link preload but not used within a few seconds from the window's load event. Please make sure it has an appropriate `as` value and it is preloaded intentionally. @ https://vercel.com/rigo-melchor-s-projects/insourceful-website:0
[   61478ms] [WARNING] The resource https://vercel.com/_next/static/immutable/chunks/0-shbsz3-8ybx.css was preloaded using link preload but not used within a few seconds from the window's load event. Please make sure it has an appropriate `as` value and it is preloaded intentionally. @ https://vercel.com/rigo-melchor-s-projects/insourceful-website:0
[   61478ms] [WARNING] The resource https://vercel.com/_next/static/immutable/chunks/1qpjfmo0jgtu2.css was preloaded using link preload but not used within a few seconds from the window's load event. Please make sure it has an appropriate `as` value and it is preloaded intentionally. @ https://vercel.com/rigo-melchor-s-projects/insourceful-website:0
[   61478ms] [WARNING] The resource https://vercel.com/_next/static/immutable/chunks/3z36ncuffz89v.css was preloaded using link preload but not used within a few seconds from the window's load event. Please make sure it has an appropriate `as` value and it is preloaded intentionally. @ https://vercel.com/rigo-melchor-s-projects/insourceful-website:0
[   61478ms] [WARNING] The resource https://vercel.com/_next/static/immutable/chunks/1u_bcwmq8rhcl.css was preloaded using link preload but not used within a few seconds from the window's load event. Please make sure it has an appropriate `as` value and it is preloaded intentionally. @ https://vercel.com/rigo-melchor-s-projects/insourceful-website:0
[   61479ms] [WARNING] The resource https://vercel.com/_next/static/immutable/chunks/3z9uffp9rqnx8.css was preloaded using link preload but not used within a few seconds from the window's load event. Please make sure it has an appropriate `as` value and it is preloaded intentionally. @ https://vercel.com/rigo-melchor-s-projects/insourceful-website:0
[   61479ms] [WARNING] The resource https://vercel.com/_next/static/immutable/chunks/1xg6gg5e39tni.css was preloaded using link preload but not used within a few seconds from the window's load event. Please make sure it has an appropriate `as` value and it is preloaded intentionally. @ https://vercel.com/rigo-melchor-s-projects/insourceful-website:0
[   61479ms] [WARNING] The resource https://vercel.com/_next/static/immutable/chunks/1hzff2kh3gano.css was preloaded using link preload but not used within a few seconds from the window's load event. Please make sure it has an appropriate `as` value and it is preloaded intentionally. @ https://vercel.com/rigo-melchor-s-projects/insourceful-website:0
[   61479ms] [WARNING] The resource https://vercel.com/_next/static/immutable/chunks/044vmykz7q7vs.css was preloaded using link preload but not used within a few seconds from the window's load event. Please make sure it has an appropriate `as` value and it is preloaded intentionally. @ https://vercel.com/rigo-melchor-s-projects/insourceful-website:0
[   61479ms] [WARNING] The resource https://vercel.com/_next/static/immutable/media/logo-vercel-light.3an2_9g6dt4xn.svg was preloaded using link preload but not used within a few seconds from the window's load event. Please make sure it has an appropriate `as` value and it is preloaded intentionally. @ https://vercel.com/rigo-melchor-s-projects/insourceful-website:0
[   61479ms] [WARNING] The resource https://vercel.com/_next/static/immutable/chunks/0rblmumf_9wz1.css was preloaded using link preload but not used within a few seconds from the window's load event. Please make sure it has an appropriate `as` value and it is preloaded intentionally. @ https://vercel.com/rigo-melchor-s-projects/insourceful-website:0
[   61479ms] [WARNING] The resource https://vercel.com/_next/static/immutable/chunks/2qegur97i-cye.css was preloaded using link preload but not used within a few seconds from the window's load event. Please make sure it has an appropriate `as` value and it is preloaded intentionally. @ https://vercel.com/rigo-melchor-s-projects/insourceful-website:0
[   61479ms] [WARNING] The resource https://vercel.com/_next/static/immutable/chunks/25nnd13fh_4k5.css was preloaded using link preload but not used within a few seconds from the window's load event. Please make sure it has an appropriate `as` value and it is preloaded intentionally. @ https://vercel.com/rigo-melchor-s-projects/insourceful-website:0
[   61479ms] [WARNING] The resource https://vercel.com/_next/static/immutable/chunks/3p9g28no3_hj-.css was preloaded using link preload but not used within a few seconds from the window's load event. Please make sure it has an appropriate `as` value and it is preloaded intentionally. @ https://vercel.com/rigo-melchor-s-projects/insourceful-website:0
[   61479ms] [WARNING] The resource https://vercel.com/_next/static/immutable/chunks/3fd49nnoyujvi.css was preloaded using link preload but not used within a few seconds from the window's load event. Please make sure it has an appropriate `as` value and it is preloaded intentionally. @ https://vercel.com/rigo-melchor-s-projects/insourceful-website:0
[   61479ms] [WARNING] The resource https://vercel.com/_next/static/immutable/chunks/2cegy48-lpb69.css was preloaded using link preload but not used within a few seconds from the window's load event. Please make sure it has an appropriate `as` value and it is preloaded intentionally. @ https://vercel.com/rigo-melchor-s-projects/insourceful-website:0
[   61479ms] [WARNING] The resource https://vercel.com/_next/static/immutable/chunks/26_kjvxoedtei.css was preloaded using link preload but not used within a few seconds from the window's load event. Please make sure it has an appropriate `as` value and it is preloaded intentionally. @ https://vercel.com/rigo-melchor-s-projects/insourceful-website:0
[   71925ms] [WARNING] The resource https://vercel.com/_next/static/immutable/chunks/1y7np90zxj-un.css was preloaded using link preload but not used within a few seconds from the window's load event. Please make sure it has an appropriate `as` value and it is preloaded intentionally. @ https://vercel.com/rigo-melchor-s-projects/insourceful-website:0
[   71925ms] [WARNING] The resource https://vercel.com/_next/static/immutable/media/caa3a2e1cccd8315.p.0wgildi0cnwt9.woff2 was preloaded using link preload but not used within a few seconds from the window's load event. Please make sure it has an appropriate `as` value and it is preloaded intentionally. @ https://vercel.com/rigo-melchor-s-projects/insourceful-website:0
[   71925ms] [WARNING] The resource https://vercel.com/_next/static/immutable/chunks/2xsdyifozdz06.css was preloaded using link preload but not used within a few seconds from the window's load event. Please make sure it has an appropriate `as` value and it is preloaded intentionally. @ https://vercel.com/rigo-melchor-s-projects/insourceful-website:0
[   71925ms] [WARNING] The resource https://vercel.com/_next/static/immutable/media/logo-vercel-dark.28zbfuuys0x7i.svg was preloaded using link preload but not used within a few seconds from the window's load event. Please make sure it has an appropriate `as` value and it is preloaded intentionally. @ https://vercel.com/rigo-melchor-s-projects/insourceful-website:0
[   71925ms] [WARNING] The resource https://vercel.com/_next/static/immutable/chunks/0vmhpedf_b0j8.css was preloaded using link preload but not used within a few seconds from the window's load event. Please make sure it has an appropriate `as` value and it is preloaded intentionally. @ https://vercel.com/rigo-melchor-s-projects/insourceful-website:0
[   71925ms] [WARNING] The resource https://vercel.com/_next/static/immutable/media/GeistMono_Variable.p.1bcgm0qa26ixg.woff2 was preloaded using link preload but not used within a few seconds from the window's load event. Please make sure it has an appropriate `as` value and it is preloaded intentionally. @ https://vercel.com/rigo-melchor-s-projects/insourceful-website:0
[   71925ms] [WARNING] The resource https://vercel.com/_next/static/immutable/chunks/012p6cwa_e92y.css was preloaded using link preload but not used within a few seconds from the window's load event. Please make sure it has an appropriate `as` value and it is preloaded intentionally. @ https://vercel.com/rigo-melchor-s-projects/insourceful-website:0
[   71925ms] [WARNING] The resource https://vercel.com/_next/static/immutable/chunks/1cqt2xba0-dxw.css was preloaded using link preload but not used within a few seconds from the window's load event. Please make sure it has an appropriate `as` value and it is preloaded intentionally. @ https://vercel.com/rigo-melchor-s-projects/insourceful-website:0
[   71925ms] [WARNING] The resource https://vercel.com/_next/static/immutable/chunks/1yl8955ma4q4-.css was preloaded using link preload but not used within a few seconds from the window's load event. Please make sure it has an appropriate `as` value and it is preloaded intentionally. @ https://vercel.com/rigo-melchor-s-projects/insourceful-website:0
[   71925ms] [WARNING] The resource https://vercel.com/_next/static/immutable/chunks/0-shbsz3-8ybx.css was preloaded using link preload but not used within a few seconds from the window's load event. Please make sure it has an appropriate `as` value and it is preloaded intentionally. @ https://vercel.com/rigo-melchor-s-projects/insourceful-website:0
[   71925ms] [WARNING] The resource https://vercel.com/_next/static/immutable/chunks/1qpjfmo0jgtu2.css was preloaded using link preload but not used within a few seconds from the window's load event. Please make sure it has an appropriate `as` value and it is preloaded intentionally. @ https://vercel.com/rigo-melchor-s-projects/insourceful-website:0
[   71925ms] [WARNING] The resource https://vercel.com/_next/static/immutable/chunks/3z36ncuffz89v.css was preloaded using link preload but not used within a few seconds from the window's load event. Please make sure it has an appropriate `as` value and it is preloaded intentionally. @ https://vercel.com/rigo-melchor-s-projects/insourceful-website:0
[   71925ms] [WARNING] The resource https://vercel.com/_next/static/immutable/chunks/1u_bcwmq8rhcl.css was preloaded using link preload but not used within a few seconds from the window's load event. Please make sure it has an appropriate `as` value and it is preloaded intentionally. @ https://vercel.com/rigo-melchor-s-projects/insourceful-website:0
[   71925ms] [WARNING] The resource https://vercel.com/_next/static/immutable/chunks/3z9uffp9rqnx8.css was preloaded using link preload but not used within a few seconds from the window's load event. Please make sure it has an appropriate `as` value and it is preloaded intentionally. @ https://vercel.com/rigo-melchor-s-projects/insourceful-website:0
[   71925ms] [WARNING] The resource https://vercel.com/_next/static/immutable/chunks/1xg6gg5e39tni.css was preloaded using link preload but not used within a few seconds from the window's load event. Please make sure it has an appropriate `as` value and it is preloaded intentionally. @ https://vercel.com/rigo-melchor-s-projects/insourceful-website:0
[   71925ms] [WARNING] The resource https://vercel.com/_next/static/immutable/chunks/1hzff2kh3gano.css was preloaded using link preload but not used within a few seconds from the window's load event. Please make sure it has an appropriate `as` value and it is preloaded intentionally. @ https://vercel.com/rigo-melchor-s-projects/insourceful-website:0
[   71925ms] [WARNING] The resource https://vercel.com/_next/static/immutable/chunks/044vmykz7q7vs.css was preloaded using link preload but not used within a few seconds from the window's load event. Please make sure it has an appropriate `as` value and it is preloaded intentionally. @ https://vercel.com/rigo-melchor-s-projects/insourceful-website:0
[   71925ms] [WARNING] The resource https://vercel.com/_next/static/immutable/media/logo-vercel-light.3an2_9g6dt4xn.svg was preloaded using link preload but not used within a few seconds from the window's load event. Please make sure it has an appropriate `as` value and it is preloaded intentionally. @ https://vercel.com/rigo-melchor-s-projects/insourceful-website:0
[   71925ms] [WARNING] The resource https://vercel.com/_next/static/immutable/chunks/0rblmumf_9wz1.css was preloaded using link preload but not used within a few seconds from the window's load event. Please make sure it has an appropriate `as` value and it is preloaded intentionally. @ https://vercel.com/rigo-melchor-s-projects/insourceful-website:0
[   71925ms] [WARNING] The resource https://vercel.com/_next/static/immutable/chunks/2qegur97i-cye.css was preloaded using link preload but not used within a few seconds from the window's load event. Please make sure it has an appropriate `as` value and it is preloaded intentionally. @ https://vercel.com/rigo-melchor-s-projects/insourceful-website:0
[   71925ms] [WARNING] The resource https://vercel.com/_next/static/immutable/chunks/25nnd13fh_4k5.css was preloaded using link preload but not used within a few seconds from the window's load event. Please make sure it has an appropriate `as` value and it is preloaded intentionally. @ https://vercel.com/rigo-melchor-s-projects/insourceful-website:0
[   71925ms] [WARNING] The resource https://vercel.com/_next/static/immutable/chunks/3p9g28no3_hj-.css was preloaded using link preload but not used within a few seconds from the window's load event. Please make sure it has an appropriate `as` value and it is preloaded intentionally. @ https://vercel.com/rigo-melchor-s-projects/insourceful-website:0
[   71925ms] [WARNING] The resource https://vercel.com/_next/static/immutable/chunks/3fd49nnoyujvi.css was preloaded using link preload but not used within a few seconds from the window's load event. Please make sure it has an appropriate `as` value and it is preloaded intentionally. @ https://vercel.com/rigo-melchor-s-projects/insourceful-website:0
[   71925ms] [WARNING] The resource https://vercel.com/_next/static/immutable/chunks/2cegy48-lpb69.css was preloaded using link preload but not used within a few seconds from the window's load event. Please make sure it has an appropriate `as` value and it is preloaded intentionally. @ https://vercel.com/rigo-melchor-s-projects/insourceful-website:0
[   71925ms] [WARNING] The resource https://vercel.com/_next/static/immutable/chunks/26_kjvxoedtei.css was preloaded using link preload but not used within a few seconds from the window's load event. Please make sure it has an appropriate `as` value and it is preloaded intentionally. @ https://vercel.com/rigo-melchor-s-projects/insourceful-website:0
[   81403ms] [ERROR] Failed to load resource: the server responded with a status of 504 () @ https://vercel.com/api/nav/sidebar/badges?scope=project&teamId=rigo-melchor-s-projects&projectId=insourceful-website:0
[   92919ms] [WARNING] The resource https://vercel.com/_next/static/immutable/chunks/1y7np90zxj-un.css was preloaded using link preload but not used within a few seconds from the window's load event. Please make sure it has an appropriate `as` value and it is preloaded intentionally. @ https://vercel.com/rigo-melchor-s-projects/insourceful-website:0
[   92919ms] [WARNING] The resource https://vercel.com/_next/static/immutable/media/caa3a2e1cccd8315.p.0wgildi0cnwt9.woff2 was preloaded using link preload but not used within a few seconds from the window's load event. Please make sure it has an appropriate `as` value and it is preloaded intentionally. @ https://vercel.com/rigo-melchor-s-projects/insourceful-website:0
[   92919ms] [WARNING] The resource https://vercel.com/_next/static/immutable/chunks/2xsdyifozdz06.css was preloaded using link preload but not used within a few seconds from the window's load event. Please make sure it has an appropriate `as` value and it is preloaded intentionally. @ https://vercel.com/rigo-melchor-s-projects/insourceful-website:0
[   92919ms] [WARNING] The resource https://vercel.com/_next/static/immutable/media/logo-vercel-dark.28zbfuuys0x7i.svg was preloaded using link preload but not used within a few seconds from the window's load event. Please make sure it has an appropriate `as` value and it is preloaded intentionally. @ https://vercel.com/rigo-melchor-s-projects/insourceful-website:0
[   92919ms] [WARNING] The resource https://vercel.com/_next/static/immutable/chunks/0vmhpedf_b0j8.css was preloaded using link preload but not used within a few seconds from the window's load event. Please make sure it has an appropriate `as` value and it is preloaded intentionally. @ https://vercel.com/rigo-melchor-s-projects/insourceful-website:0
[   92919ms] [WARNING] The resource https://vercel.com/_next/static/immutable/media/GeistMono_Variable.p.1bcgm0qa26ixg.woff2 was preloaded using link preload but not used within a few seconds from the window's load event. Please make sure it has an appropriate `as` value and it is preloaded intentionally. @ https://vercel.com/rigo-melchor-s-projects/insourceful-website:0
[   92919ms] [WARNING] The resource https://vercel.com/_next/static/immutable/chunks/012p6cwa_e92y.css was preloaded using link preload but not used within a few seconds from the window's load event. Please make sure it has an appropriate `as` value and it is preloaded intentionally. @ https://vercel.com/rigo-melchor-s-projects/insourceful-website:0
[   92919ms] [WARNING] The resource https://vercel.com/_next/static/immutable/chunks/1cqt2xba0-dxw.css was preloaded using link preload but not used within a few seconds from the window's load event. Please make sure it has an appropriate `as` value and it is preloaded intentionally. @ https://vercel.com/rigo-melchor-s-projects/insourceful-website:0
[   92919ms] [WARNING] The resource https://vercel.com/_next/static/immutable/chunks/1yl8955ma4q4-.css was preloaded using link preload but not used within a few seconds from the window's load event. Please make sure it has an appropriate `as` value and it is preloaded intentionally. @ https://vercel.com/rigo-melchor-s-projects/insourceful-website:0
[   92919ms] [WARNING] The resource https://vercel.com/_next/static/immutable/chunks/0-shbsz3-8ybx.css was preloaded using link preload but not used within a few seconds from the window's load event. Please make sure it has an appropriate `as` value and it is preloaded intentionally. @ https://vercel.com/rigo-melchor-s-projects/insourceful-website:0
[   92919ms] [WARNING] The resource https://vercel.com/_next/static/immutable/chunks/1qpjfmo0jgtu2.css was preloaded using link preload but not used within a few seconds from the window's load event. Please make sure it has an appropriate `as` value and it is preloaded intentionally. @ https://vercel.com/rigo-melchor-s-projects/insourceful-website:0
[   92919ms] [WARNING] The resource https://vercel.com/_next/static/immutable/chunks/3z36ncuffz89v.css was preloaded using link preload but not used within a few seconds from the window's load event. Please make sure it has an appropriate `as` value and it is preloaded intentionally. @ https://vercel.com/rigo-melchor-s-projects/insourceful-website:0
[   92919ms] [WARNING] The resource https://vercel.com/_next/static/immutable/chunks/1u_bcwmq8rhcl.css was preloaded using link preload but not used within a few seconds from the window's load event. Please make sure it has an appropriate `as` value and it is preloaded intentionally. @ https://vercel.com/rigo-melchor-s-projects/insourceful-website:0
[   92919ms] [WARNING] The resource https://vercel.com/_next/static/immutable/chunks/3z9uffp9rqnx8.css was preloaded using link preload but not used within a few seconds from the window's load event. Please make sure it has an appropriate `as` value and it is preloaded intentionally. @ https://vercel.com/rigo-melchor-s-projects/insourceful-website:0
[   92919ms] [WARNING] The resource https://vercel.com/_next/static/immutable/chunks/1xg6gg5e39tni.css was preloaded using link preload but not used within a few seconds from the window's load event. Please make sure it has an appropriate `as` value and it is preloaded intentionally. @ https://vercel.com/rigo-melchor-s-projects/insourceful-website:0
[   92919ms] [WARNING] The resource https://vercel.com/_next/static/immutable/chunks/1hzff2kh3gano.css was preloaded using link preload but not used within a few seconds from the window's load event. Please make sure it has an appropriate `as` value and it is preloaded intentionally. @ https://vercel.com/rigo-melchor-s-projects/insourceful-website:0
[   92919ms] [WARNING] The resource https://vercel.com/_next/static/immutable/chunks/044vmykz7q7vs.css was preloaded using link preload but not used within a few seconds from the window's load event. Please make sure it has an appropriate `as` value and it is preloaded intentionally. @ https://vercel.com/rigo-melchor-s-projects/insourceful-website:0
[   92919ms] [WARNING] The resource https://vercel.com/_next/static/immutable/media/logo-vercel-light.3an2_9g6dt4xn.svg was preloaded using link preload but not used within a few seconds from the window's load event. Please make sure it has an appropriate `as` value and it is preloaded intentionally. @ https://vercel.com/rigo-melchor-s-projects/insourceful-website:0
[   92919ms] [WARNING] The resource https://vercel.com/_next/static/immutable/chunks/0rblmumf_9wz1.css was preloaded using link preload but not used within a few seconds from the window's load event. Please make sure it has an appropriate `as` value and it is preloaded intentionally. @ https://vercel.com/rigo-melchor-s-projects/insourceful-website:0
[   92919ms] [WARNING] The resource https://vercel.com/_next/static/immutable/chunks/2qegur97i-cye.css was preloaded using link preload but not used within a few seconds from the window's load event. Please make sure it has an appropriate `as` value and it is preloaded intentionally. @ https://vercel.com/rigo-melchor-s-projects/insourceful-website:0
[   92919ms] [WARNING] The resource https://vercel.com/_next/static/immutable/chunks/25nnd13fh_4k5.css was preloaded using link preload but not used within a few seconds from the window's load event. Please make sure it has an appropriate `as` value and it is preloaded intentionally. @ https://vercel.com/rigo-melchor-s-projects/insourceful-website:0
[   92919ms] [WARNING] The resource https://vercel.com/_next/static/immutable/chunks/3p9g28no3_hj-.css was preloaded using link preload but not used within a few seconds from the window's load event. Please make sure it has an appropriate `as` value and it is preloaded intentionally. @ https://vercel.com/rigo-melchor-s-projects/insourceful-website:0
[   92919ms] [WARNING] The resource https://vercel.com/_next/static/immutable/chunks/3fd49nnoyujvi.css was preloaded using link preload but not used within a few seconds from the window's load event. Please make sure it has an appropriate `as` value and it is preloaded intentionally. @ https://vercel.com/rigo-melchor-s-projects/insourceful-website:0
[   92919ms] [WARNING] The resource https://vercel.com/_next/static/immutable/chunks/2cegy48-lpb69.css was preloaded using link preload but not used within a few seconds from the window's load event. Please make sure it has an appropriate `as` value and it is preloaded intentionally. @ https://vercel.com/rigo-melchor-s-projects/insourceful-website:0
[   92919ms] [WARNING] The resource https://vercel.com/_next/static/immutable/chunks/26_kjvxoedtei.css was preloaded using link preload but not used within a few seconds from the window's load event. Please make sure it has an appropriate `as` value and it is preloaded intentionally. @ https://vercel.com/rigo-melchor-s-projects/insourceful-website:0
[  112255ms] [ERROR] Failed to load resource: the server responded with a status of 504 () @ https://vercel.com/api/v2/teams/rigo-melchor-s-projects:0
[  112255ms] [TABLE] CustomFetchError: Unexpected response: text/html <html>
<head><title>504 Gateway Time-out</title></head>
<body>
<center><h1>504 Gateway Time-out</h1></center>
<hr><center>nginx</center>
</body>
</html>
<!-- a padding to disable MSIE and Chrome friendly error page -->
<!-- a padding to disable MSIE and Chrome friendly error page -->
<!-- a padding to disable MSIE and Chrome friendly error page -->
<!-- a padding to disable MSIE and Chrome friendly error page -->
<!-- a padding to disable MSIE and Chrome friendly error page -->
<!-- a padding to disable MSIE and Chrome friendly error page -->

    at g (https://vercel.com/_next/static/immutable/chunks/3sm5e1b93o0jy.js:2:37791)
    at async https://vercel.com/_next/static/immutable/chunks/1gvyyr3h4217j.js:2:12183 @ https://vercel.com/_next/static/immutable/chunks/3na213g55ghth.js:8
[  112256ms] [ERROR] CustomFetchError: Unexpected response: text/html <html>
<head><title>504 Gateway Time-out</title></head>
<body>
<center><h1>504 Gateway Time-out</h1></center>
<hr><center>nginx</center>
</body>
</html>
<!-- a padding to disable MSIE and Chrome friendly error page -->
<!-- a padding to disable MSIE and Chrome friendly error page -->
<!-- a padding to disable MSIE and Chrome friendly error page -->
<!-- a padding to disable MSIE and Chrome friendly error page -->
<!-- a padding to disable MSIE and Chrome friendly error page -->
<!-- a padding to disable MSIE and Chrome friendly error page -->

    at g (https://vercel.com/_next/static/immutable/chunks/3sm5e1b93o0jy.js:2:37791)
    at async https://vercel.com/_next/static/immutable/chunks/1gvyyr3h4217j.js:2:12183 @ https://vercel.com/_next/static/immutable/chunks/289qy9s_uvb51.js:1
[  112315ms] [ERROR] Failed to load resource: the server responded with a status of 429 () @ https://o205439.ingest.sentry.io/api/1323670/envelope/?sentry_key=d00780d432ac4ccf882f60dd02062e14&sentry_version=7&sentry_client=sentry.javascript.browser%2F7.111.0:0
[  115618ms] [WARNING] The resource https://vercel.com/_next/static/immutable/chunks/1y7np90zxj-un.css was preloaded using link preload but not used within a few seconds from the window's load event. Please make sure it has an appropriate `as` value and it is preloaded intentionally. @ https://vercel.com/rigo-melchor-s-projects/foxtrading:0
[  115618ms] [WARNING] The resource https://vercel.com/_next/static/immutable/media/caa3a2e1cccd8315.p.0wgildi0cnwt9.woff2 was preloaded using link preload but not used within a few seconds from the window's load event. Please make sure it has an appropriate `as` value and it is preloaded intentionally. @ https://vercel.com/rigo-melchor-s-projects/foxtrading:0
[  115618ms] [WARNING] The resource https://vercel.com/_next/static/immutable/chunks/2xsdyifozdz06.css was preloaded using link preload but not used within a few seconds from the window's load event. Please make sure it has an appropriate `as` value and it is preloaded intentionally. @ https://vercel.com/rigo-melchor-s-projects/foxtrading:0
[  115618ms] [WARNING] The resource https://vercel.com/_next/static/immutable/media/logo-vercel-dark.28zbfuuys0x7i.svg was preloaded using link preload but not used within a few seconds from the window's load event. Please make sure it has an appropriate `as` value and it is preloaded intentionally. @ https://vercel.com/rigo-melchor-s-projects/foxtrading:0
[  115618ms] [WARNING] The resource https://vercel.com/_next/static/immutable/chunks/0vmhpedf_b0j8.css was preloaded using link preload but not used within a few seconds from the window's load event. Please make sure it has an appropriate `as` value and it is preloaded intentionally. @ https://vercel.com/rigo-melchor-s-projects/foxtrading:0
[  115618ms] [WARNING] The resource https://vercel.com/_next/static/immutable/media/GeistMono_Variable.p.1bcgm0qa26ixg.woff2 was preloaded using link preload but not used within a few seconds from the window's load event. Please make sure it has an appropriate `as` value and it is preloaded intentionally. @ https://vercel.com/rigo-melchor-s-projects/foxtrading:0
[  115618ms] [WARNING] The resource https://vercel.com/_next/static/immutable/chunks/012p6cwa_e92y.css was preloaded using link preload but not used within a few seconds from the window's load event. Please make sure it has an appropriate `as` value and it is preloaded intentionally. @ https://vercel.com/rigo-melchor-s-projects/foxtrading:0
[  115618ms] [WARNING] The resource https://vercel.com/_next/static/immutable/chunks/1cqt2xba0-dxw.css was preloaded using link preload but not used within a few seconds from the window's load event. Please make sure it has an appropriate `as` value and it is preloaded intentionally. @ https://vercel.com/rigo-melchor-s-projects/foxtrading:0
[  115618ms] [WARNING] The resource https://vercel.com/_next/static/immutable/chunks/1yl8955ma4q4-.css was preloaded using link preload but not used within a few seconds from the window's load event. Please make sure it has an appropriate `as` value and it is preloaded intentionally. @ https://vercel.com/rigo-melchor-s-projects/foxtrading:0
[  115618ms] [WARNING] The resource https://vercel.com/_next/static/immutable/chunks/0-shbsz3-8ybx.css was preloaded using link preload but not used within a few seconds from the window's load event. Please make sure it has an appropriate `as` value and it is preloaded intentionally. @ https://vercel.com/rigo-melchor-s-projects/foxtrading:0
[  115618ms] [WARNING] The resource https://vercel.com/_next/static/immutable/chunks/1qpjfmo0jgtu2.css was preloaded using link preload but not used within a few seconds from the window's load event. Please make sure it has an appropriate `as` value and it is preloaded intentionally. @ https://vercel.com/rigo-melchor-s-projects/foxtrading:0
[  115618ms] [WARNING] The resource https://vercel.com/_next/static/immutable/chunks/3z36ncuffz89v.css was preloaded using link preload but not used within a few seconds from the window's load event. Please make sure it has an appropriate `as` value and it is preloaded intentionally. @ https://vercel.com/rigo-melchor-s-projects/foxtrading:0
[  115618ms] [WARNING] The resource https://vercel.com/_next/static/immutable/chunks/1u_bcwmq8rhcl.css was preloaded using link preload but not used within a few seconds from the window's load event. Please make sure it has an appropriate `as` value and it is preloaded intentionally. @ https://vercel.com/rigo-melchor-s-projects/foxtrading:0
[  115618ms] [WARNING] The resource https://vercel.com/_next/static/immutable/chunks/3z9uffp9rqnx8.css was preloaded using link preload but not used within a few seconds from the window's load event. Please make sure it has an appropriate `as` value and it is preloaded intentionally. @ https://vercel.com/rigo-melchor-s-projects/foxtrading:0
[  115618ms] [WARNING] The resource https://vercel.com/_next/static/immutable/chunks/1xg6gg5e39tni.css was preloaded using link preload but not used within a few seconds from the window's load event. Please make sure it has an appropriate `as` value and it is preloaded intentionally. @ https://vercel.com/rigo-melchor-s-projects/foxtrading:0
[  115618ms] [WARNING] The resource https://vercel.com/_next/static/immutable/chunks/1hzff2kh3gano.css was preloaded using link preload but not used within a few seconds from the window's load event. Please make sure it has an appropriate `as` value and it is preloaded intentionally. @ https://vercel.com/rigo-melchor-s-projects/foxtrading:0
[  115618ms] [WARNING] The resource https://vercel.com/_next/static/immutable/chunks/044vmykz7q7vs.css was preloaded using link preload but not used within a few seconds from the window's load event. Please make sure it has an appropriate `as` value and it is preloaded intentionally. @ https://vercel.com/rigo-melchor-s-projects/foxtrading:0
[  115618ms] [WARNING] The resource https://vercel.com/_next/static/immutable/media/logo-vercel-light.3an2_9g6dt4xn.svg was preloaded using link preload but not used within a few seconds from the window's load event. Please make sure it has an appropriate `as` value and it is preloaded intentionally. @ https://vercel.com/rigo-melchor-s-projects/foxtrading:0
[  115618ms] [WARNING] The resource https://vercel.com/_next/static/immutable/chunks/0rblmumf_9wz1.css was preloaded using link preload but not used within a few seconds from the window's load event. Please make sure it has an appropriate `as` value and it is preloaded intentionally. @ https://vercel.com/rigo-melchor-s-projects/foxtrading:0
[  115618ms] [WARNING] The resource https://vercel.com/_next/static/immutable/chunks/2qegur97i-cye.css was preloaded using link preload but not used within a few seconds from the window's load event. Please make sure it has an appropriate `as` value and it is preloaded intentionally. @ https://vercel.com/rigo-melchor-s-projects/foxtrading:0
[  115618ms] [WARNING] The resource https://vercel.com/_next/static/immutable/chunks/25nnd13fh_4k5.css was preloaded using link preload but not used within a few seconds from the window's load event. Please make sure it has an appropriate `as` value and it is preloaded intentionally. @ https://vercel.com/rigo-melchor-s-projects/foxtrading:0
[  115618ms] [WARNING] The resource https://vercel.com/_next/static/immutable/chunks/3p9g28no3_hj-.css was preloaded using link preload but not used within a few seconds from the window's load event. Please make sure it has an appropriate `as` value and it is preloaded intentionally. @ https://vercel.com/rigo-melchor-s-projects/foxtrading:0
[  115618ms] [WARNING] The resource https://vercel.com/_next/static/immutable/chunks/3fd49nnoyujvi.css was preloaded using link preload but not used within a few seconds from the window's load event. Please make sure it has an appropriate `as` value and it is preloaded intentionally. @ https://vercel.com/rigo-melchor-s-projects/foxtrading:0
[  115618ms] [WARNING] The resource https://vercel.com/_next/static/immutable/chunks/2cegy48-lpb69.css was preloaded using link preload but not used within a few seconds from the window's load event. Please make sure it has an appropriate `as` value and it is preloaded intentionally. @ https://vercel.com/rigo-melchor-s-projects/foxtrading:0
[  115618ms] [WARNING] The resource https://vercel.com/_next/static/immutable/chunks/26_kjvxoedtei.css was preloaded using link preload but not used within a few seconds from the window's load event. Please make sure it has an appropriate `as` value and it is preloaded intentionally. @ https://vercel.com/rigo-melchor-s-projects/foxtrading:0
[  119319ms] [WARNING] The resource https://vercel.com/_next/static/immutable/chunks/1y7np90zxj-un.css was preloaded using link preload but not used within a few seconds from the window's load event. Please make sure it has an appropriate `as` value and it is preloaded intentionally. @ https://vercel.com/rigo-melchor-s-projects/foxtrading:0
[  119319ms] [WARNING] The resource https://vercel.com/_next/static/immutable/media/caa3a2e1cccd8315.p.0wgildi0cnwt9.woff2 was preloaded using link preload but not used within a few seconds from the window's load event. Please make sure it has an appropriate `as` value and it is preloaded intentionally. @ https://vercel.com/rigo-melchor-s-projects/foxtrading:0
[  119319ms] [WARNING] The resource https://vercel.com/_next/static/immutable/chunks/2xsdyifozdz06.css was preloaded using link preload but not used within a few seconds from the window's load event. Please make sure it has an appropriate `as` value and it is preloaded intentionally. @ https://vercel.com/rigo-melchor-s-projects/foxtrading:0
[  119319ms] [WARNING] The resource https://vercel.com/_next/static/immutable/media/logo-vercel-dark.28zbfuuys0x7i.svg was preloaded using link preload but not used within a few seconds from the window's load event. Please make sure it has an appropriate `as` value and it is preloaded intentionally. @ https://vercel.com/rigo-melchor-s-projects/foxtrading:0
[  119319ms] [WARNING] The resource https://vercel.com/_next/static/immutable/chunks/0vmhpedf_b0j8.css was preloaded using link preload but not used within a few seconds from the window's load event. Please make sure it has an appropriate `as` value and it is preloaded intentionally. @ https://vercel.com/rigo-melchor-s-projects/foxtrading:0
[  119319ms] [WARNING] The resource https://vercel.com/_next/static/immutable/media/GeistMono_Variable.p.1bcgm0qa26ixg.woff2 was preloaded using link preload but not used within a few seconds from the window's load event. Please make sure it has an appropriate `as` value and it is preloaded intentionally. @ https://vercel.com/rigo-melchor-s-projects/foxtrading:0
[  119319ms] [WARNING] The resource https://vercel.com/_next/static/immutable/chunks/012p6cwa_e92y.css was preloaded using link preload but not used within a few seconds from the window's load event. Please make sure it has an appropriate `as` value and it is preloaded intentionally. @ https://vercel.com/rigo-melchor-s-projects/foxtrading:0
[  119319ms] [WARNING] The resource https://vercel.com/_next/static/immutable/chunks/1cqt2xba0-dxw.css was preloaded using link preload but not used within a few seconds from the window's load event. Please make sure it has an appropriate `as` value and it is preloaded intentionally. @ https://vercel.com/rigo-melchor-s-projects/foxtrading:0
[  119319ms] [WARNING] The resource https://vercel.com/_next/static/immutable/chunks/1yl8955ma4q4-.css was preloaded using link preload but not used within a few seconds from the window's load event. Please make sure it has an appropriate `as` value and it is preloaded intentionally. @ https://vercel.com/rigo-melchor-s-projects/foxtrading:0
[  119319ms] [WARNING] The resource https://vercel.com/_next/static/immutable/chunks/0-shbsz3-8ybx.css was preloaded using link preload but not used within a few seconds from the window's load event. Please make sure it has an appropriate `as` value and it is preloaded intentionally. @ https://vercel.com/rigo-melchor-s-projects/foxtrading:0
[  119319ms] [WARNING] The resource https://vercel.com/_next/static/immutable/chunks/1qpjfmo0jgtu2.css was preloaded using link preload but not used within a few seconds from the window's load event. Please make sure it has an appropriate `as` value and it is preloaded intentionally. @ https://vercel.com/rigo-melchor-s-projects/foxtrading:0
[  119319ms] [WARNING] The resource https://vercel.com/_next/static/immutable/chunks/3z36ncuffz89v.css was preloaded using link preload but not used within a few seconds from the window's load event. Please make sure it has an appropriate `as` value and it is preloaded intentionally. @ https://vercel.com/rigo-melchor-s-projects/foxtrading:0
[  119319ms] [WARNING] The resource https://vercel.com/_next/static/immutable/chunks/1u_bcwmq8rhcl.css was preloaded using link preload but not used within a few seconds from the window's load event. Please make sure it has an appropriate `as` value and it is preloaded intentionally. @ https://vercel.com/rigo-melchor-s-projects/foxtrading:0
[  119319ms] [WARNING] The resource https://vercel.com/_next/static/immutable/chunks/3z9uffp9rqnx8.css was preloaded using link preload but not used within a few seconds from the window's load event. Please make sure it has an appropriate `as` value and it is preloaded intentionally. @ https://vercel.com/rigo-melchor-s-projects/foxtrading:0
[  119319ms] [WARNING] The resource https://vercel.com/_next/static/immutable/chunks/1xg6gg5e39tni.css was preloaded using link preload but not used within a few seconds from the window's load event. Please make sure it has an appropriate `as` value and it is preloaded intentionally. @ https://vercel.com/rigo-melchor-s-projects/foxtrading:0
[  119319ms] [WARNING] The resource https://vercel.com/_next/static/immutable/chunks/1hzff2kh3gano.css was preloaded using link preload but not used within a few seconds from the window's load event. Please make sure it has an appropriate `as` value and it is preloaded intentionally. @ https://vercel.com/rigo-melchor-s-projects/foxtrading:0
[  119319ms] [WARNING] The resource https://vercel.com/_next/static/immutable/chunks/044vmykz7q7vs.css was preloaded using link preload but not used within a few seconds from the window's load event. Please make sure it has an appropriate `as` value and it is preloaded intentionally. @ https://vercel.com/rigo-melchor-s-projects/foxtrading:0
[  119319ms] [WARNING] The resource https://vercel.com/_next/static/immutable/media/logo-vercel-light.3an2_9g6dt4xn.svg was preloaded using link preload but not used within a few seconds from the window's load event. Please make sure it has an appropriate `as` value and it is preloaded intentionally. @ https://vercel.com/rigo-melchor-s-projects/foxtrading:0
[  119319ms] [WARNING] The resource https://vercel.com/_next/static/immutable/chunks/0rblmumf_9wz1.css was preloaded using link preload but not used within a few seconds from the window's load event. Please make sure it has an appropriate `as` value and it is preloaded intentionally. @ https://vercel.com/rigo-melchor-s-projects/foxtrading:0
[  119319ms] [WARNING] The resource https://vercel.com/_next/static/immutable/chunks/2qegur97i-cye.css was preloaded using link preload but not used within a few seconds from the window's load event. Please make sure it has an appropriate `as` value and it is preloaded intentionally. @ https://vercel.com/rigo-melchor-s-projects/foxtrading:0
[  119319ms] [WARNING] The resource https://vercel.com/_next/static/immutable/chunks/25nnd13fh_4k5.css was preloaded using link preload but not used within a few seconds from the window's load event. Please make sure it has an appropriate `as` value and it is preloaded intentionally. @ https://vercel.com/rigo-melchor-s-projects/foxtrading:0
[  119320ms] [WARNING] The resource https://vercel.com/_next/static/immutable/chunks/3p9g28no3_hj-.css was preloaded using link preload but not used within a few seconds from the window's load event. Please make sure it has an appropriate `as` value and it is preloaded intentionally. @ https://vercel.com/rigo-melchor-s-projects/foxtrading:0
[  119320ms] [WARNING] The resource https://vercel.com/_next/static/immutable/chunks/3fd49nnoyujvi.css was preloaded using link preload but not used within a few seconds from the window's load event. Please make sure it has an appropriate `as` value and it is preloaded intentionally. @ https://vercel.com/rigo-melchor-s-projects/foxtrading:0
[  119320ms] [WARNING] The resource https://vercel.com/_next/static/immutable/chunks/2cegy48-lpb69.css was preloaded using link preload but not used within a few seconds from the window's load event. Please make sure it has an appropriate `as` value and it is preloaded intentionally. @ https://vercel.com/rigo-melchor-s-projects/foxtrading:0
[  119320ms] [WARNING] The resource https://vercel.com/_next/static/immutable/chunks/26_kjvxoedtei.css was preloaded using link preload but not used within a few seconds from the window's load event. Please make sure it has an appropriate `as` value and it is preloaded intentionally. @ https://vercel.com/rigo-melchor-s-projects/foxtrading:0
[  125812ms] [WARNING] The resource https://vercel.com/_next/static/immutable/chunks/1y7np90zxj-un.css was preloaded using link preload but not used within a few seconds from the window's load event. Please make sure it has an appropriate `as` value and it is preloaded intentionally. @ https://vercel.com/rigo-melchor-s-projects/foxtrading:0
[  125812ms] [WARNING] The resource https://vercel.com/_next/static/immutable/media/caa3a2e1cccd8315.p.0wgildi0cnwt9.woff2 was preloaded using link preload but not used within a few seconds from the window's load event. Please make sure it has an appropriate `as` value and it is preloaded intentionally. @ https://vercel.com/rigo-melchor-s-projects/foxtrading:0
[  125812ms] [WARNING] The resource https://vercel.com/_next/static/immutable/chunks/2xsdyifozdz06.css was preloaded using link preload but not used within a few seconds from the window's load event. Please make sure it has an appropriate `as` value and it is preloaded intentionally. @ https://vercel.com/rigo-melchor-s-projects/foxtrading:0
[  125812ms] [WARNING] The resource https://vercel.com/_next/static/immutable/media/logo-vercel-dark.28zbfuuys0x7i.svg was preloaded using link preload but not used within a few seconds from the window's load event. Please make sure it has an appropriate `as` value and it is preloaded intentionally. @ https://vercel.com/rigo-melchor-s-projects/foxtrading:0
[  125812ms] [WARNING] The resource https://vercel.com/_next/static/immutable/chunks/0vmhpedf_b0j8.css was preloaded using link preload but not used within a few seconds from the window's load event. Please make sure it has an appropriate `as` value and it is preloaded intentionally. @ https://vercel.com/rigo-melchor-s-projects/foxtrading:0
[  125812ms] [WARNING] The resource https://vercel.com/_next/static/immutable/media/GeistMono_Variable.p.1bcgm0qa26ixg.woff2 was preloaded using link preload but not used within a few seconds from the window's load event. Please make sure it has an appropriate `as` value and it is preloaded intentionally. @ https://vercel.com/rigo-melchor-s-projects/foxtrading:0
[  125812ms] [WARNING] The resource https://vercel.com/_next/static/immutable/chunks/012p6cwa_e92y.css was preloaded using link preload but not used within a few seconds from the window's load event. Please make sure it has an appropriate `as` value and it is preloaded intentionally. @ https://vercel.com/rigo-melchor-s-projects/foxtrading:0
[  125812ms] [WARNING] The resource https://vercel.com/_next/static/immutable/chunks/1cqt2xba0-dxw.css was preloaded using link preload but not used within a few seconds from the window's load event. Please make sure it has an appropriate `as` value and it is preloaded intentionally. @ https://vercel.com/rigo-melchor-s-projects/foxtrading:0
[  125812ms] [WARNING] The resource https://vercel.com/_next/static/immutable/chunks/1yl8955ma4q4-.css was preloaded using link preload but not used within a few seconds from the window's load event. Please make sure it has an appropriate `as` value and it is preloaded intentionally. @ https://vercel.com/rigo-melchor-s-projects/foxtrading:0
[  125812ms] [WARNING] The resource https://vercel.com/_next/static/immutable/chunks/0-shbsz3-8ybx.css was preloaded using link preload but not used within a few seconds from the window's load event. Please make sure it has an appropriate `as` value and it is preloaded intentionally. @ https://vercel.com/rigo-melchor-s-projects/foxtrading:0
[  125812ms] [WARNING] The resource https://vercel.com/_next/static/immutable/chunks/1qpjfmo0jgtu2.css was preloaded using link preload but not used within a few seconds from the window's load event. Please make sure it has an appropriate `as` value and it is preloaded intentionally. @ https://vercel.com/rigo-melchor-s-projects/foxtrading:0
[  125812ms] [WARNING] The resource https://vercel.com/_next/static/immutable/chunks/3z36ncuffz89v.css was preloaded using link preload but not used within a few seconds from the window's load event. Please make sure it has an appropriate `as` value and it is preloaded intentionally. @ https://vercel.com/rigo-melchor-s-projects/foxtrading:0
[  125812ms] [WARNING] The resource https://vercel.com/_next/static/immutable/chunks/1u_bcwmq8rhcl.css was preloaded using link preload but not used within a few seconds from the window's load event. Please make sure it has an appropriate `as` value and it is preloaded intentionally. @ https://vercel.com/rigo-melchor-s-projects/foxtrading:0
[  125812ms] [WARNING] The resource https://vercel.com/_next/static/immutable/chunks/3z9uffp9rqnx8.css was preloaded using link preload but not used within a few seconds from the window's load event. Please make sure it has an appropriate `as` value and it is preloaded intentionally. @ https://vercel.com/rigo-melchor-s-projects/foxtrading:0
[  125812ms] [WARNING] The resource https://vercel.com/_next/static/immutable/chunks/1xg6gg5e39tni.css was preloaded using link preload but not used within a few seconds from the window's load event. Please make sure it has an appropriate `as` value and it is preloaded intentionally. @ https://vercel.com/rigo-melchor-s-projects/foxtrading:0
[  125812ms] [WARNING] The resource https://vercel.com/_next/static/immutable/chunks/1hzff2kh3gano.css was preloaded using link preload but not used within a few seconds from the window's load event. Please make sure it has an appropriate `as` value and it is preloaded intentionally. @ https://vercel.com/rigo-melchor-s-projects/foxtrading:0
[  125812ms] [WARNING] The resource https://vercel.com/_next/static/immutable/chunks/044vmykz7q7vs.css was preloaded using link preload but not used within a few seconds from the window's load event. Please make sure it has an appropriate `as` value and it is preloaded intentionally. @ https://vercel.com/rigo-melchor-s-projects/foxtrading:0
[  125812ms] [WARNING] The resource https://vercel.com/_next/static/immutable/media/logo-vercel-light.3an2_9g6dt4xn.svg was preloaded using link preload but not used within a few seconds from the window's load event. Please make sure it has an appropriate `as` value and it is preloaded intentionally. @ https://vercel.com/rigo-melchor-s-projects/foxtrading:0
[  125812ms] [WARNING] The resource https://vercel.com/_next/static/immutable/chunks/0rblmumf_9wz1.css was preloaded using link preload but not used within a few seconds from the window's load event. Please make sure it has an appropriate `as` value and it is preloaded intentionally. @ https://vercel.com/rigo-melchor-s-projects/foxtrading:0
[  125812ms] [WARNING] The resource https://vercel.com/_next/static/immutable/chunks/2qegur97i-cye.css was preloaded using link preload but not used within a few seconds from the window's load event. Please make sure it has an appropriate `as` value and it is preloaded intentionally. @ https://vercel.com/rigo-melchor-s-projects/foxtrading:0
[  125812ms] [WARNING] The resource https://vercel.com/_next/static/immutable/chunks/25nnd13fh_4k5.css was preloaded using link preload but not used within a few seconds from the window's load event. Please make sure it has an appropriate `as` value and it is preloaded intentionally. @ https://vercel.com/rigo-melchor-s-projects/foxtrading:0
[  125812ms] [WARNING] The resource https://vercel.com/_next/static/immutable/chunks/3p9g28no3_hj-.css was preloaded using link preload but not used within a few seconds from the window's load event. Please make sure it has an appropriate `as` value and it is preloaded intentionally. @ https://vercel.com/rigo-melchor-s-projects/foxtrading:0
[  125812ms] [WARNING] The resource https://vercel.com/_next/static/immutable/chunks/3fd49nnoyujvi.css was preloaded using link preload but not used within a few seconds from the window's load event. Please make sure it has an appropriate `as` value and it is preloaded intentionally. @ https://vercel.com/rigo-melchor-s-projects/foxtrading:0
[  125812ms] [WARNING] The resource https://vercel.com/_next/static/immutable/chunks/2cegy48-lpb69.css was preloaded using link preload but not used within a few seconds from the window's load event. Please make sure it has an appropriate `as` value and it is preloaded intentionally. @ https://vercel.com/rigo-melchor-s-projects/foxtrading:0
[  125812ms] [WARNING] The resource https://vercel.com/_next/static/immutable/chunks/26_kjvxoedtei.css was preloaded using link preload but not used within a few seconds from the window's load event. Please make sure it has an appropriate `as` value and it is preloaded intentionally. @ https://vercel.com/rigo-melchor-s-projects/foxtrading:0
[  129641ms] [WARNING] The resource https://vercel.com/_next/static/immutable/chunks/1y7np90zxj-un.css was preloaded using link preload but not used within a few seconds from the window's load event. Please make sure it has an appropriate `as` value and it is preloaded intentionally. @ https://vercel.com/rigo-melchor-s-projects/foxtrading:0
[  129641ms] [WARNING] The resource https://vercel.com/_next/static/immutable/media/caa3a2e1cccd8315.p.0wgildi0cnwt9.woff2 was preloaded using link preload but not used within a few seconds from the window's load event. Please make sure it has an appropriate `as` value and it is preloaded intentionally. @ https://vercel.com/rigo-melchor-s-projects/foxtrading:0
[  129641ms] [WARNING] The resource https://vercel.com/_next/static/immutable/chunks/2xsdyifozdz06.css was preloaded using link preload but not used within a few seconds from the window's load event. Please make sure it has an appropriate `as` value and it is preloaded intentionally. @ https://vercel.com/rigo-melchor-s-projects/foxtrading:0
[  129641ms] [WARNING] The resource https://vercel.com/_next/static/immutable/media/logo-vercel-dark.28zbfuuys0x7i.svg was preloaded using link preload but not used within a few seconds from the window's load event. Please make sure it has an appropriate `as` value and it is preloaded intentionally. @ https://vercel.com/rigo-melchor-s-projects/foxtrading:0
[  129641ms] [WARNING] The resource https://vercel.com/_next/static/immutable/chunks/0vmhpedf_b0j8.css was preloaded using link preload but not used within a few seconds from the window's load event. Please make sure it has an appropriate `as` value and it is preloaded intentionally. @ https://vercel.com/rigo-melchor-s-projects/foxtrading:0
[  129641ms] [WARNING] The resource https://vercel.com/_next/static/immutable/media/GeistMono_Variable.p.1bcgm0qa26ixg.woff2 was preloaded using link preload but not used within a few seconds from the window's load event. Please make sure it has an appropriate `as` value and it is preloaded intentionally. @ https://vercel.com/rigo-melchor-s-projects/foxtrading:0
[  129641ms] [WARNING] The resource https://vercel.com/_next/static/immutable/chunks/012p6cwa_e92y.css was preloaded using link preload but not used within a few seconds from the window's load event. Please make sure it has an appropriate `as` value and it is preloaded intentionally. @ https://vercel.com/rigo-melchor-s-projects/foxtrading:0
[  129641ms] [WARNING] The resource https://vercel.com/_next/static/immutable/chunks/1cqt2xba0-dxw.css was preloaded using link preload but not used within a few seconds from the window's load event. Please make sure it has an appropriate `as` value and it is preloaded intentionally. @ https://vercel.com/rigo-melchor-s-projects/foxtrading:0
[  129641ms] [WARNING] The resource https://vercel.com/_next/static/immutable/chunks/1yl8955ma4q4-.css was preloaded using link preload but not used within a few seconds from the window's load event. Please make sure it has an appropriate `as` value and it is preloaded intentionally. @ https://vercel.com/rigo-melchor-s-projects/foxtrading:0
[  129641ms] [WARNING] The resource https://vercel.com/_next/static/immutable/chunks/0-shbsz3-8ybx.css was preloaded using link preload but not used within a few seconds from the window's load event. Please make sure it has an appropriate `as` value and it is preloaded intentionally. @ https://vercel.com/rigo-melchor-s-projects/foxtrading:0
[  129641ms] [WARNING] The resource https://vercel.com/_next/static/immutable/chunks/1qpjfmo0jgtu2.css was preloaded using link preload but not used within a few seconds from the window's load event. Please make sure it has an appropriate `as` value and it is preloaded intentionally. @ https://vercel.com/rigo-melchor-s-projects/foxtrading:0
[  129641ms] [WARNING] The resource https://vercel.com/_next/static/immutable/chunks/3z36ncuffz89v.css was preloaded using link preload but not used within a few seconds from the window's load event. Please make sure it has an appropriate `as` value and it is preloaded intentionally. @ https://vercel.com/rigo-melchor-s-projects/foxtrading:0
[  129641ms] [WARNING] The resource https://vercel.com/_next/static/immutable/chunks/1u_bcwmq8rhcl.css was preloaded using link preload but not used within a few seconds from the window's load event. Please make sure it has an appropriate `as` value and it is preloaded intentionally. @ https://vercel.com/rigo-melchor-s-projects/foxtrading:0
[  129641ms] [WARNING] The resource https://vercel.com/_next/static/immutable/chunks/3z9uffp9rqnx8.css was preloaded using link preload but not used within a few seconds from the window's load event. Please make sure it has an appropriate `as` value and it is preloaded intentionally. @ https://vercel.com/rigo-melchor-s-projects/foxtrading:0
[  129641ms] [WARNING] The resource https://vercel.com/_next/static/immutable/chunks/1xg6gg5e39tni.css was preloaded using link preload but not used within a few seconds from the window's load event. Please make sure it has an appropriate `as` value and it is preloaded intentionally. @ https://vercel.com/rigo-melchor-s-projects/foxtrading:0
[  129641ms] [WARNING] The resource https://vercel.com/_next/static/immutable/chunks/1hzff2kh3gano.css was preloaded using link preload but not used within a few seconds from the window's load event. Please make sure it has an appropriate `as` value and it is preloaded intentionally. @ https://vercel.com/rigo-melchor-s-projects/foxtrading:0
[  129641ms] [WARNING] The resource https://vercel.com/_next/static/immutable/chunks/044vmykz7q7vs.css was preloaded using link preload but not used within a few seconds from the window's load event. Please make sure it has an appropriate `as` value and it is preloaded intentionally. @ https://vercel.com/rigo-melchor-s-projects/foxtrading:0
[  129641ms] [WARNING] The resource https://vercel.com/_next/static/immutable/media/logo-vercel-light.3an2_9g6dt4xn.svg was preloaded using link preload but not used within a few seconds from the window's load event. Please make sure it has an appropriate `as` value and it is preloaded intentionally. @ https://vercel.com/rigo-melchor-s-projects/foxtrading:0
[  129641ms] [WARNING] The resource https://vercel.com/_next/static/immutable/chunks/0rblmumf_9wz1.css was preloaded using link preload but not used within a few seconds from the window's load event. Please make sure it has an appropriate `as` value and it is preloaded intentionally. @ https://vercel.com/rigo-melchor-s-projects/foxtrading:0
[  129641ms] [WARNING] The resource https://vercel.com/_next/static/immutable/chunks/2qegur97i-cye.css was preloaded using link preload but not used within a few seconds from the window's load event. Please make sure it has an appropriate `as` value and it is preloaded intentionally. @ https://vercel.com/rigo-melchor-s-projects/foxtrading:0
[  129641ms] [WARNING] The resource https://vercel.com/_next/static/immutable/chunks/25nnd13fh_4k5.css was preloaded using link preload but not used within a few seconds from the window's load event. Please make sure it has an appropriate `as` value and it is preloaded intentionally. @ https://vercel.com/rigo-melchor-s-projects/foxtrading:0
[  129641ms] [WARNING] The resource https://vercel.com/_next/static/immutable/chunks/3p9g28no3_hj-.css was preloaded using link preload but not used within a few seconds from the window's load event. Please make sure it has an appropriate `as` value and it is preloaded intentionally. @ https://vercel.com/rigo-melchor-s-projects/foxtrading:0
[  129641ms] [WARNING] The resource https://vercel.com/_next/static/immutable/chunks/3fd49nnoyujvi.css was preloaded using link preload but not used within a few seconds from the window's load event. Please make sure it has an appropriate `as` value and it is preloaded intentionally. @ https://vercel.com/rigo-melchor-s-projects/foxtrading:0
[  129641ms] [WARNING] The resource https://vercel.com/_next/static/immutable/chunks/2cegy48-lpb69.css was preloaded using link preload but not used within a few seconds from the window's load event. Please make sure it has an appropriate `as` value and it is preloaded intentionally. @ https://vercel.com/rigo-melchor-s-projects/foxtrading:0
[  129641ms] [WARNING] The resource https://vercel.com/_next/static/immutable/chunks/26_kjvxoedtei.css was preloaded using link preload but not used within a few seconds from the window's load event. Please make sure it has an appropriate `as` value and it is preloaded intentionally. @ https://vercel.com/rigo-melchor-s-projects/foxtrading:0
[  146393ms] [WARNING] The resource https://vercel.com/_next/static/immutable/chunks/1y7np90zxj-un.css was preloaded using link preload but not used within a few seconds from the window's load event. Please make sure it has an appropriate `as` value and it is preloaded intentionally. @ https://vercel.com/rigo-melchor-s-projects/foxtrading:0
[  146393ms] [WARNING] The resource https://vercel.com/_next/static/immutable/media/caa3a2e1cccd8315.p.0wgildi0cnwt9.woff2 was preloaded using link preload but not used within a few seconds from the window's load event. Please make sure it has an appropriate `as` value and it is preloaded intentionally. @ https://vercel.com/rigo-melchor-s-projects/foxtrading:0
[  146393ms] [WARNING] The resource https://vercel.com/_next/static/immutable/chunks/2xsdyifozdz06.css was preloaded using link preload but not used within a few seconds from the window's load event. Please make sure it has an appropriate `as` value and it is preloaded intentionally. @ https://vercel.com/rigo-melchor-s-projects/foxtrading:0
[  146393ms] [WARNING] The resource https://vercel.com/_next/static/immutable/media/logo-vercel-dark.28zbfuuys0x7i.svg was preloaded using link preload but not used within a few seconds from the window's load event. Please make sure it has an appropriate `as` value and it is preloaded intentionally. @ https://vercel.com/rigo-melchor-s-projects/foxtrading:0
[  146393ms] [WARNING] The resource https://vercel.com/_next/static/immutable/chunks/0vmhpedf_b0j8.css was preloaded using link preload but not used within a few seconds from the window's load event. Please make sure it has an appropriate `as` value and it is preloaded intentionally. @ https://vercel.com/rigo-melchor-s-projects/foxtrading:0
[  146393ms] [WARNING] The resource https://vercel.com/_next/static/immutable/media/GeistMono_Variable.p.1bcgm0qa26ixg.woff2 was preloaded using link preload but not used within a few seconds from the window's load event. Please make sure it has an appropriate `as` value and it is preloaded intentionally. @ https://vercel.com/rigo-melchor-s-projects/foxtrading:0
[  146393ms] [WARNING] The resource https://vercel.com/_next/static/immutable/chunks/012p6cwa_e92y.css was preloaded using link preload but not used within a few seconds from the window's load event. Please make sure it has an appropriate `as` value and it is preloaded intentionally. @ https://vercel.com/rigo-melchor-s-projects/foxtrading:0
[  146394ms] [WARNING] The resource https://vercel.com/_next/static/immutable/chunks/1cqt2xba0-dxw.css was preloaded using link preload but not used within a few seconds from the window's load event. Please make sure it has an appropriate `as` value and it is preloaded intentionally. @ https://vercel.com/rigo-melchor-s-projects/foxtrading:0
[  146394ms] [WARNING] The resource https://vercel.com/_next/static/immutable/chunks/1yl8955ma4q4-.css was preloaded using link preload but not used within a few seconds from the window's load event. Please make sure it has an appropriate `as` value and it is preloaded intentionally. @ https://vercel.com/rigo-melchor-s-projects/foxtrading:0
[  146394ms] [WARNING] The resource https://vercel.com/_next/static/immutable/chunks/0-shbsz3-8ybx.css was preloaded using link preload but not used within a few seconds from the window's load event. Please make sure it has an appropriate `as` value and it is preloaded intentionally. @ https://vercel.com/rigo-melchor-s-projects/foxtrading:0
[  146394ms] [WARNING] The resource https://vercel.com/_next/static/immutable/chunks/1qpjfmo0jgtu2.css was preloaded using link preload but not used within a few seconds from the window's load event. Please make sure it has an appropriate `as` value and it is preloaded intentionally. @ https://vercel.com/rigo-melchor-s-projects/foxtrading:0
[  146394ms] [WARNING] The resource https://vercel.com/_next/static/immutable/chunks/3z36ncuffz89v.css was preloaded using link preload but not used within a few seconds from the window's load event. Please make sure it has an appropriate `as` value and it is preloaded intentionally. @ https://vercel.com/rigo-melchor-s-projects/foxtrading:0
[  146394ms] [WARNING] The resource https://vercel.com/_next/static/immutable/chunks/1u_bcwmq8rhcl.css was preloaded using link preload but not used within a few seconds from the window's load event. Please make sure it has an appropriate `as` value and it is preloaded intentionally. @ https://vercel.com/rigo-melchor-s-projects/foxtrading:0
[  146394ms] [WARNING] The resource https://vercel.com/_next/static/immutable/chunks/3z9uffp9rqnx8.css was preloaded using link preload but not used within a few seconds from the window's load event. Please make sure it has an appropriate `as` value and it is preloaded intentionally. @ https://vercel.com/rigo-melchor-s-projects/foxtrading:0
[  146394ms] [WARNING] The resource https://vercel.com/_next/static/immutable/chunks/1xg6gg5e39tni.css was preloaded using link preload but not used within a few seconds from the window's load event. Please make sure it has an appropriate `as` value and it is preloaded intentionally. @ https://vercel.com/rigo-melchor-s-projects/foxtrading:0
[  146394ms] [WARNING] The resource https://vercel.com/_next/static/immutable/chunks/1hzff2kh3gano.css was preloaded using link preload but not used within a few seconds from the window's load event. Please make sure it has an appropriate `as` value and it is preloaded intentionally. @ https://vercel.com/rigo-melchor-s-projects/foxtrading:0
[  146394ms] [WARNING] The resource https://vercel.com/_next/static/immutable/chunks/044vmykz7q7vs.css was preloaded using link preload but not used within a few seconds from the window's load event. Please make sure it has an appropriate `as` value and it is preloaded intentionally. @ https://vercel.com/rigo-melchor-s-projects/foxtrading:0
[  146394ms] [WARNING] The resource https://vercel.com/_next/static/immutable/media/logo-vercel-light.3an2_9g6dt4xn.svg was preloaded using link preload but not used within a few seconds from the window's load event. Please make sure it has an appropriate `as` value and it is preloaded intentionally. @ https://vercel.com/rigo-melchor-s-projects/foxtrading:0
[  146394ms] [WARNING] The resource https://vercel.com/_next/static/immutable/chunks/0rblmumf_9wz1.css was preloaded using link preload but not used within a few seconds from the window's load event. Please make sure it has an appropriate `as` value and it is preloaded intentionally. @ https://vercel.com/rigo-melchor-s-projects/foxtrading:0
[  146394ms] [WARNING] The resource https://vercel.com/_next/static/immutable/chunks/2qegur97i-cye.css was preloaded using link preload but not used within a few seconds from the window's load event. Please make sure it has an appropriate `as` value and it is preloaded intentionally. @ https://vercel.com/rigo-melchor-s-projects/foxtrading:0
[  146394ms] [WARNING] The resource https://vercel.com/_next/static/immutable/chunks/25nnd13fh_4k5.css was preloaded using link preload but not used within a few seconds from the window's load event. Please make sure it has an appropriate `as` value and it is preloaded intentionally. @ https://vercel.com/rigo-melchor-s-projects/foxtrading:0
[  146394ms] [WARNING] The resource https://vercel.com/_next/static/immutable/chunks/3p9g28no3_hj-.css was preloaded using link preload but not used within a few seconds from the window's load event. Please make sure it has an appropriate `as` value and it is preloaded intentionally. @ https://vercel.com/rigo-melchor-s-projects/foxtrading:0
[  146394ms] [WARNING] The resource https://vercel.com/_next/static/immutable/chunks/3fd49nnoyujvi.css was preloaded using link preload but not used within a few seconds from the window's load event. Please make sure it has an appropriate `as` value and it is preloaded intentionally. @ https://vercel.com/rigo-melchor-s-projects/foxtrading:0
[  146394ms] [WARNING] The resource https://vercel.com/_next/static/immutable/chunks/2cegy48-lpb69.css was preloaded using link preload but not used within a few seconds from the window's load event. Please make sure it has an appropriate `as` value and it is preloaded intentionally. @ https://vercel.com/rigo-melchor-s-projects/foxtrading:0
[  146394ms] [WARNING] The resource https://vercel.com/_next/static/immutable/chunks/26_kjvxoedtei.css was preloaded using link preload but not used within a few seconds from the window's load event. Please make sure it has an appropriate `as` value and it is preloaded intentionally. @ https://vercel.com/rigo-melchor-s-projects/foxtrading:0
[  173156ms] [WARNING] The resource https://vercel.com/_next/static/immutable/chunks/1y7np90zxj-un.css was preloaded using link preload but not used within a few seconds from the window's load event. Please make sure it has an appropriate `as` value and it is preloaded intentionally. @ https://vercel.com/rigo-melchor-s-projects/foxtrading:0
[  173156ms] [WARNING] The resource https://vercel.com/_next/static/immutable/media/caa3a2e1cccd8315.p.0wgildi0cnwt9.woff2 was preloaded using link preload but not used within a few seconds from the window's load event. Please make sure it has an appropriate `as` value and it is preloaded intentionally. @ https://vercel.com/rigo-melchor-s-projects/foxtrading:0
[  173156ms] [WARNING] The resource https://vercel.com/_next/static/immutable/chunks/2xsdyifozdz06.css was preloaded using link preload but not used within a few seconds from the window's load event. Please make sure it has an appropriate `as` value and it is preloaded intentionally. @ https://vercel.com/rigo-melchor-s-projects/foxtrading:0
[  173156ms] [WARNING] The resource https://vercel.com/_next/static/immutable/media/logo-vercel-dark.28zbfuuys0x7i.svg was preloaded using link preload but not used within a few seconds from the window's load event. Please make sure it has an appropriate `as` value and it is preloaded intentionally. @ https://vercel.com/rigo-melchor-s-projects/foxtrading:0
[  173156ms] [WARNING] The resource https://vercel.com/_next/static/immutable/chunks/0vmhpedf_b0j8.css was preloaded using link preload but not used within a few seconds from the window's load event. Please make sure it has an appropriate `as` value and it is preloaded intentionally. @ https://vercel.com/rigo-melchor-s-projects/foxtrading:0
[  173156ms] [WARNING] The resource https://vercel.com/_next/static/immutable/media/GeistMono_Variable.p.1bcgm0qa26ixg.woff2 was preloaded using link preload but not used within a few seconds from the window's load event. Please make sure it has an appropriate `as` value and it is preloaded intentionally. @ https://vercel.com/rigo-melchor-s-projects/foxtrading:0
[  173156ms] [WARNING] The resource https://vercel.com/_next/static/immutable/chunks/012p6cwa_e92y.css was preloaded using link preload but not used within a few seconds from the window's load event. Please make sure it has an appropriate `as` value and it is preloaded intentionally. @ https://vercel.com/rigo-melchor-s-projects/foxtrading:0
[  173156ms] [WARNING] The resource https://vercel.com/_next/static/immutable/chunks/1cqt2xba0-dxw.css was preloaded using link preload but not used within a few seconds from the window's load event. Please make sure it has an appropriate `as` value and it is preloaded intentionally. @ https://vercel.com/rigo-melchor-s-projects/foxtrading:0
[  173156ms] [WARNING] The resource https://vercel.com/_next/static/immutable/chunks/1yl8955ma4q4-.css was preloaded using link preload but not used within a few seconds from the window's load event. Please make sure it has an appropriate `as` value and it is preloaded intentionally. @ https://vercel.com/rigo-melchor-s-projects/foxtrading:0
[  173156ms] [WARNING] The resource https://vercel.com/_next/static/immutable/chunks/0-shbsz3-8ybx.css was preloaded using link preload but not used within a few seconds from the window's load event. Please make sure it has an appropriate `as` value and it is preloaded intentionally. @ https://vercel.com/rigo-melchor-s-projects/foxtrading:0
[  173156ms] [WARNING] The resource https://vercel.com/_next/static/immutable/chunks/1qpjfmo0jgtu2.css was preloaded using link preload but not used within a few seconds from the window's load event. Please make sure it has an appropriate `as` value and it is preloaded intentionally. @ https://vercel.com/rigo-melchor-s-projects/foxtrading:0
[  173156ms] [WARNING] The resource https://vercel.com/_next/static/immutable/chunks/3z36ncuffz89v.css was preloaded using link preload but not used within a few seconds from the window's load event. Please make sure it has an appropriate `as` value and it is preloaded intentionally. @ https://vercel.com/rigo-melchor-s-projects/foxtrading:0
[  173156ms] [WARNING] The resource https://vercel.com/_next/static/immutable/chunks/1u_bcwmq8rhcl.css was preloaded using link preload but not used within a few seconds from the window's load event. Please make sure it has an appropriate `as` value and it is preloaded intentionally. @ https://vercel.com/rigo-melchor-s-projects/foxtrading:0
[  173156ms] [WARNING] The resource https://vercel.com/_next/static/immutable/chunks/3z9uffp9rqnx8.css was preloaded using link preload but not used within a few seconds from the window's load event. Please make sure it has an appropriate `as` value and it is preloaded intentionally. @ https://vercel.com/rigo-melchor-s-projects/foxtrading:0
[  173156ms] [WARNING] The resource https://vercel.com/_next/static/immutable/chunks/1xg6gg5e39tni.css was preloaded using link preload but not used within a few seconds from the window's load event. Please make sure it has an appropriate `as` value and it is preloaded intentionally. @ https://vercel.com/rigo-melchor-s-projects/foxtrading:0
[  173156ms] [WARNING] The resource https://vercel.com/_next/static/immutable/chunks/1hzff2kh3gano.css was preloaded using link preload but not used within a few seconds from the window's load event. Please make sure it has an appropriate `as` value and it is preloaded intentionally. @ https://vercel.com/rigo-melchor-s-projects/foxtrading:0
[  173156ms] [WARNING] The resource https://vercel.com/_next/static/immutable/chunks/044vmykz7q7vs.css was preloaded using link preload but not used within a few seconds from the window's load event. Please make sure it has an appropriate `as` value and it is preloaded intentionally. @ https://vercel.com/rigo-melchor-s-projects/foxtrading:0
[  173156ms] [WARNING] The resource https://vercel.com/_next/static/immutable/media/logo-vercel-light.3an2_9g6dt4xn.svg was preloaded using link preload but not used within a few seconds from the window's load event. Please make sure it has an appropriate `as` value and it is preloaded intentionally. @ https://vercel.com/rigo-melchor-s-projects/foxtrading:0
[  173156ms] [WARNING] The resource https://vercel.com/_next/static/immutable/chunks/0rblmumf_9wz1.css was preloaded using link preload but not used within a few seconds from the window's load event. Please make sure it has an appropriate `as` value and it is preloaded intentionally. @ https://vercel.com/rigo-melchor-s-projects/foxtrading:0
[  173156ms] [WARNING] The resource https://vercel.com/_next/static/immutable/chunks/2qegur97i-cye.css was preloaded using link preload but not used within a few seconds from the window's load event. Please make sure it has an appropriate `as` value and it is preloaded intentionally. @ https://vercel.com/rigo-melchor-s-projects/foxtrading:0
[  173156ms] [WARNING] The resource https://vercel.com/_next/static/immutable/chunks/25nnd13fh_4k5.css was preloaded using link preload but not used within a few seconds from the window's load event. Please make sure it has an appropriate `as` value and it is preloaded intentionally. @ https://vercel.com/rigo-melchor-s-projects/foxtrading:0
[  173156ms] [WARNING] The resource https://vercel.com/_next/static/immutable/chunks/3p9g28no3_hj-.css was preloaded using link preload but not used within a few seconds from the window's load event. Please make sure it has an appropriate `as` value and it is preloaded intentionally. @ https://vercel.com/rigo-melchor-s-projects/foxtrading:0
[  173156ms] [WARNING] The resource https://vercel.com/_next/static/immutable/chunks/3fd49nnoyujvi.css was preloaded using link preload but not used within a few seconds from the window's load event. Please make sure it has an appropriate `as` value and it is preloaded intentionally. @ https://vercel.com/rigo-melchor-s-projects/foxtrading:0
[  173156ms] [WARNING] The resource https://vercel.com/_next/static/immutable/chunks/2cegy48-lpb69.css was preloaded using link preload but not used within a few seconds from the window's load event. Please make sure it has an appropriate `as` value and it is preloaded intentionally. @ https://vercel.com/rigo-melchor-s-projects/foxtrading:0
[  173156ms] [WARNING] The resource https://vercel.com/_next/static/immutable/chunks/26_kjvxoedtei.css was preloaded using link preload but not used within a few seconds from the window's load event. Please make sure it has an appropriate `as` value and it is preloaded intentionally. @ https://vercel.com/rigo-melchor-s-projects/foxtrading:0
[  183581ms] [WARNING] The resource https://vercel.com/_next/static/immutable/chunks/1y7np90zxj-un.css was preloaded using link preload but not used within a few seconds from the window's load event. Please make sure it has an appropriate `as` value and it is preloaded intentionally. @ https://vercel.com/rigo-melchor-s-projects/foxtrading:0
[  183581ms] [WARNING] The resource https://vercel.com/_next/static/immutable/media/caa3a2e1cccd8315.p.0wgildi0cnwt9.woff2 was preloaded using link preload but not used within a few seconds from the window's load event. Please make sure it has an appropriate `as` value and it is preloaded intentionally. @ https://vercel.com/rigo-melchor-s-projects/foxtrading:0
[  183581ms] [WARNING] The resource https://vercel.com/_next/static/immutable/chunks/2xsdyifozdz06.css was preloaded using link preload but not used within a few seconds from the window's load event. Please make sure it has an appropriate `as` value and it is preloaded intentionally. @ https://vercel.com/rigo-melchor-s-projects/foxtrading:0
[  183581ms] [WARNING] The resource https://vercel.com/_next/static/immutable/media/logo-vercel-dark.28zbfuuys0x7i.svg was preloaded using link preload but not used within a few seconds from the window's load event. Please make sure it has an appropriate `as` value and it is preloaded intentionally. @ https://vercel.com/rigo-melchor-s-projects/foxtrading:0
[  183581ms] [WARNING] The resource https://vercel.com/_next/static/immutable/chunks/0vmhpedf_b0j8.css was preloaded using link preload but not used within a few seconds from the window's load event. Please make sure it has an appropriate `as` value and it is preloaded intentionally. @ https://vercel.com/rigo-melchor-s-projects/foxtrading:0
[  183581ms] [WARNING] The resource https://vercel.com/_next/static/immutable/media/GeistMono_Variable.p.1bcgm0qa26ixg.woff2 was preloaded using link preload but not used within a few seconds from the window's load event. Please make sure it has an appropriate `as` value and it is preloaded intentionally. @ https://vercel.com/rigo-melchor-s-projects/foxtrading:0
[  183581ms] [WARNING] The resource https://vercel.com/_next/static/immutable/chunks/012p6cwa_e92y.css was preloaded using link preload but not used within a few seconds from the window's load event. Please make sure it has an appropriate `as` value and it is preloaded intentionally. @ https://vercel.com/rigo-melchor-s-projects/foxtrading:0
[  183581ms] [WARNING] The resource https://vercel.com/_next/static/immutable/chunks/1cqt2xba0-dxw.css was preloaded using link preload but not used within a few seconds from the window's load event. Please make sure it has an appropriate `as` value and it is preloaded intentionally. @ https://vercel.com/rigo-melchor-s-projects/foxtrading:0
[  183581ms] [WARNING] The resource https://vercel.com/_next/static/immutable/chunks/1yl8955ma4q4-.css was preloaded using link preload but not used within a few seconds from the window's load event. Please make sure it has an appropriate `as` value and it is preloaded intentionally. @ https://vercel.com/rigo-melchor-s-projects/foxtrading:0
[  183581ms] [WARNING] The resource https://vercel.com/_next/static/immutable/chunks/0-shbsz3-8ybx.css was preloaded using link preload but not used within a few seconds from the window's load event. Please make sure it has an appropriate `as` value and it is preloaded intentionally. @ https://vercel.com/rigo-melchor-s-projects/foxtrading:0
[  183581ms] [WARNING] The resource https://vercel.com/_next/static/immutable/chunks/1qpjfmo0jgtu2.css was preloaded using link preload but not used within a few seconds from the window's load event. Please make sure it has an appropriate `as` value and it is preloaded intentionally. @ https://vercel.com/rigo-melchor-s-projects/foxtrading:0
[  183581ms] [WARNING] The resource https://vercel.com/_next/static/immutable/chunks/3z36ncuffz89v.css was preloaded using link preload but not used within a few seconds from the window's load event. Please make sure it has an appropriate `as` value and it is preloaded intentionally. @ https://vercel.com/rigo-melchor-s-projects/foxtrading:0
[  183581ms] [WARNING] The resource https://vercel.com/_next/static/immutable/chunks/1u_bcwmq8rhcl.css was preloaded using link preload but not used within a few seconds from the window's load event. Please make sure it has an appropriate `as` value and it is preloaded intentionally. @ https://vercel.com/rigo-melchor-s-projects/foxtrading:0
[  183581ms] [WARNING] The resource https://vercel.com/_next/static/immutable/chunks/3z9uffp9rqnx8.css was preloaded using link preload but not used within a few seconds from the window's load event. Please make sure it has an appropriate `as` value and it is preloaded intentionally. @ https://vercel.com/rigo-melchor-s-projects/foxtrading:0
[  183581ms] [WARNING] The resource https://vercel.com/_next/static/immutable/chunks/1xg6gg5e39tni.css was preloaded using link preload but not used within a few seconds from the window's load event. Please make sure it has an appropriate `as` value and it is preloaded intentionally. @ https://vercel.com/rigo-melchor-s-projects/foxtrading:0
[  183581ms] [WARNING] The resource https://vercel.com/_next/static/immutable/chunks/1hzff2kh3gano.css was preloaded using link preload but not used within a few seconds from the window's load event. Please make sure it has an appropriate `as` value and it is preloaded intentionally. @ https://vercel.com/rigo-melchor-s-projects/foxtrading:0
[  183581ms] [WARNING] The resource https://vercel.com/_next/static/immutable/chunks/044vmykz7q7vs.css was preloaded using link preload but not used within a few seconds from the window's load event. Please make sure it has an appropriate `as` value and it is preloaded intentionally. @ https://vercel.com/rigo-melchor-s-projects/foxtrading:0
[  183581ms] [WARNING] The resource https://vercel.com/_next/static/immutable/media/logo-vercel-light.3an2_9g6dt4xn.svg was preloaded using link preload but not used within a few seconds from the window's load event. Please make sure it has an appropriate `as` value and it is preloaded intentionally. @ https://vercel.com/rigo-melchor-s-projects/foxtrading:0
[  183581ms] [WARNING] The resource https://vercel.com/_next/static/immutable/chunks/0rblmumf_9wz1.css was preloaded using link preload but not used within a few seconds from the window's load event. Please make sure it has an appropriate `as` value and it is preloaded intentionally. @ https://vercel.com/rigo-melchor-s-projects/foxtrading:0
[  183581ms] [WARNING] The resource https://vercel.com/_next/static/immutable/chunks/2qegur97i-cye.css was preloaded using link preload but not used within a few seconds from the window's load event. Please make sure it has an appropriate `as` value and it is preloaded intentionally. @ https://vercel.com/rigo-melchor-s-projects/foxtrading:0
[  183581ms] [WARNING] The resource https://vercel.com/_next/static/immutable/chunks/25nnd13fh_4k5.css was preloaded using link preload but not used within a few seconds from the window's load event. Please make sure it has an appropriate `as` value and it is preloaded intentionally. @ https://vercel.com/rigo-melchor-s-projects/foxtrading:0
[  183581ms] [WARNING] The resource https://vercel.com/_next/static/immutable/chunks/3p9g28no3_hj-.css was preloaded using link preload but not used within a few seconds from the window's load event. Please make sure it has an appropriate `as` value and it is preloaded intentionally. @ https://vercel.com/rigo-melchor-s-projects/foxtrading:0
[  183581ms] [WARNING] The resource https://vercel.com/_next/static/immutable/chunks/3fd49nnoyujvi.css was preloaded using link preload but not used within a few seconds from the window's load event. Please make sure it has an appropriate `as` value and it is preloaded intentionally. @ https://vercel.com/rigo-melchor-s-projects/foxtrading:0
[  183581ms] [WARNING] The resource https://vercel.com/_next/static/immutable/chunks/2cegy48-lpb69.css was preloaded using link preload but not used within a few seconds from the window's load event. Please make sure it has an appropriate `as` value and it is preloaded intentionally. @ https://vercel.com/rigo-melchor-s-projects/foxtrading:0
[  183581ms] [WARNING] The resource https://vercel.com/_next/static/immutable/chunks/26_kjvxoedtei.css was preloaded using link preload but not used within a few seconds from the window's load event. Please make sure it has an appropriate `as` value and it is preloaded intentionally. @ https://vercel.com/rigo-melchor-s-projects/foxtrading:0
[  193805ms] [WARNING] The resource https://vercel.com/_next/static/immutable/chunks/1y7np90zxj-un.css was preloaded using link preload but not used within a few seconds from the window's load event. Please make sure it has an appropriate `as` value and it is preloaded intentionally. @ https://vercel.com/rigo-melchor-s-projects/foxtrading:0
[  193805ms] [WARNING] The resource https://vercel.com/_next/static/immutable/media/caa3a2e1cccd8315.p.0wgildi0cnwt9.woff2 was preloaded using link preload but not used within a few seconds from the window's load event. Please make sure it has an appropriate `as` value and it is preloaded intentionally. @ https://vercel.com/rigo-melchor-s-projects/foxtrading:0
[  193805ms] [WARNING] The resource https://vercel.com/_next/static/immutable/chunks/2xsdyifozdz06.css was preloaded using link preload but not used within a few seconds from the window's load event. Please make sure it has an appropriate `as` value and it is preloaded intentionally. @ https://vercel.com/rigo-melchor-s-projects/foxtrading:0
[  193805ms] [WARNING] The resource https://vercel.com/_next/static/immutable/media/logo-vercel-dark.28zbfuuys0x7i.svg was preloaded using link preload but not used within a few seconds from the window's load event. Please make sure it has an appropriate `as` value and it is preloaded intentionally. @ https://vercel.com/rigo-melchor-s-projects/foxtrading:0
[  193805ms] [WARNING] The resource https://vercel.com/_next/static/immutable/chunks/0vmhpedf_b0j8.css was preloaded using link preload but not used within a few seconds from the window's load event. Please make sure it has an appropriate `as` value and it is preloaded intentionally. @ https://vercel.com/rigo-melchor-s-projects/foxtrading:0
[  193805ms] [WARNING] The resource https://vercel.com/_next/static/immutable/media/GeistMono_Variable.p.1bcgm0qa26ixg.woff2 was preloaded using link preload but not used within a few seconds from the window's load event. Please make sure it has an appropriate `as` value and it is preloaded intentionally. @ https://vercel.com/rigo-melchor-s-projects/foxtrading:0
[  193805ms] [WARNING] The resource https://vercel.com/_next/static/immutable/chunks/012p6cwa_e92y.css was preloaded using link preload but not used within a few seconds from the window's load event. Please make sure it has an appropriate `as` value and it is preloaded intentionally. @ https://vercel.com/rigo-melchor-s-projects/foxtrading:0
[  193805ms] [WARNING] The resource https://vercel.com/_next/static/immutable/chunks/1cqt2xba0-dxw.css was preloaded using link preload but not used within a few seconds from the window's load event. Please make sure it has an appropriate `as` value and it is preloaded intentionally. @ https://vercel.com/rigo-melchor-s-projects/foxtrading:0
[  193805ms] [WARNING] The resource https://vercel.com/_next/static/immutable/chunks/1yl8955ma4q4-.css was preloaded using link preload but not used within a few seconds from the window's load event. Please make sure it has an appropriate `as` value and it is preloaded intentionally. @ https://vercel.com/rigo-melchor-s-projects/foxtrading:0
[  193805ms] [WARNING] The resource https://vercel.com/_next/static/immutable/chunks/0-shbsz3-8ybx.css was preloaded using link preload but not used within a few seconds from the window's load event. Please make sure it has an appropriate `as` value and it is preloaded intentionally. @ https://vercel.com/rigo-melchor-s-projects/foxtrading:0
[  193805ms] [WARNING] The resource https://vercel.com/_next/static/immutable/chunks/1qpjfmo0jgtu2.css was preloaded using link preload but not used within a few seconds from the window's load event. Please make sure it has an appropriate `as` value and it is preloaded intentionally. @ https://vercel.com/rigo-melchor-s-projects/foxtrading:0
[  193805ms] [WARNING] The resource https://vercel.com/_next/static/immutable/chunks/3z36ncuffz89v.css was preloaded using link preload but not used within a few seconds from the window's load event. Please make sure it has an appropriate `as` value and it is preloaded intentionally. @ https://vercel.com/rigo-melchor-s-projects/foxtrading:0
[  193805ms] [WARNING] The resource https://vercel.com/_next/static/immutable/chunks/1u_bcwmq8rhcl.css was preloaded using link preload but not used within a few seconds from the window's load event. Please make sure it has an appropriate `as` value and it is preloaded intentionally. @ https://vercel.com/rigo-melchor-s-projects/foxtrading:0
[  193805ms] [WARNING] The resource https://vercel.com/_next/static/immutable/chunks/3z9uffp9rqnx8.css was preloaded using link preload but not used within a few seconds from the window's load event. Please make sure it has an appropriate `as` value and it is preloaded intentionally. @ https://vercel.com/rigo-melchor-s-projects/foxtrading:0
[  193805ms] [WARNING] The resource https://vercel.com/_next/static/immutable/chunks/1xg6gg5e39tni.css was preloaded using link preload but not used within a few seconds from the window's load event. Please make sure it has an appropriate `as` value and it is preloaded intentionally. @ https://vercel.com/rigo-melchor-s-projects/foxtrading:0
[  193805ms] [WARNING] The resource https://vercel.com/_next/static/immutable/chunks/1hzff2kh3gano.css was preloaded using link preload but not used within a few seconds from the window's load event. Please make sure it has an appropriate `as` value and it is preloaded intentionally. @ https://vercel.com/rigo-melchor-s-projects/foxtrading:0
[  193805ms] [WARNING] The resource https://vercel.com/_next/static/immutable/chunks/044vmykz7q7vs.css was preloaded using link preload but not used within a few seconds from the window's load event. Please make sure it has an appropriate `as` value and it is preloaded intentionally. @ https://vercel.com/rigo-melchor-s-projects/foxtrading:0
[  193805ms] [WARNING] The resource https://vercel.com/_next/static/immutable/media/logo-vercel-light.3an2_9g6dt4xn.svg was preloaded using link preload but not used within a few seconds from the window's load event. Please make sure it has an appropriate `as` value and it is preloaded intentionally. @ https://vercel.com/rigo-melchor-s-projects/foxtrading:0
[  193805ms] [WARNING] The resource https://vercel.com/_next/static/immutable/chunks/0rblmumf_9wz1.css was preloaded using link preload but not used within a few seconds from the window's load event. Please make sure it has an appropriate `as` value and it is preloaded intentionally. @ https://vercel.com/rigo-melchor-s-projects/foxtrading:0
[  193805ms] [WARNING] The resource https://vercel.com/_next/static/immutable/chunks/2qegur97i-cye.css was preloaded using link preload but not used within a few seconds from the window's load event. Please make sure it has an appropriate `as` value and it is preloaded intentionally. @ https://vercel.com/rigo-melchor-s-projects/foxtrading:0
[  193805ms] [WARNING] The resource https://vercel.com/_next/static/immutable/chunks/25nnd13fh_4k5.css was preloaded using link preload but not used within a few seconds from the window's load event. Please make sure it has an appropriate `as` value and it is preloaded intentionally. @ https://vercel.com/rigo-melchor-s-projects/foxtrading:0
[  193805ms] [WARNING] The resource https://vercel.com/_next/static/immutable/chunks/3p9g28no3_hj-.css was preloaded using link preload but not used within a few seconds from the window's load event. Please make sure it has an appropriate `as` value and it is preloaded intentionally. @ https://vercel.com/rigo-melchor-s-projects/foxtrading:0
[  193805ms] [WARNING] The resource https://vercel.com/_next/static/immutable/chunks/3fd49nnoyujvi.css was preloaded using link preload but not used within a few seconds from the window's load event. Please make sure it has an appropriate `as` value and it is preloaded intentionally. @ https://vercel.com/rigo-melchor-s-projects/foxtrading:0
[  193805ms] [WARNING] The resource https://vercel.com/_next/static/immutable/chunks/2cegy48-lpb69.css was preloaded using link preload but not used within a few seconds from the window's load event. Please make sure it has an appropriate `as` value and it is preloaded intentionally. @ https://vercel.com/rigo-melchor-s-projects/foxtrading:0
[  193805ms] [WARNING] The resource https://vercel.com/_next/static/immutable/chunks/26_kjvxoedtei.css was preloaded using link preload but not used within a few seconds from the window's load event. Please make sure it has an appropriate `as` value and it is preloaded intentionally. @ https://vercel.com/rigo-melchor-s-projects/foxtrading:0
[  203937ms] [WARNING] The resource https://vercel.com/_next/static/immutable/chunks/1y7np90zxj-un.css was preloaded using link preload but not used within a few seconds from the window's load event. Please make sure it has an appropriate `as` value and it is preloaded intentionally. @ https://vercel.com/rigo-melchor-s-projects/foxtrading:0
[  203937ms] [WARNING] The resource https://vercel.com/_next/static/immutable/media/caa3a2e1cccd8315.p.0wgildi0cnwt9.woff2 was preloaded using link preload but not used within a few seconds from the window's load event. Please make sure it has an appropriate `as` value and it is preloaded intentionally. @ https://vercel.com/rigo-melchor-s-projects/foxtrading:0
[  203937ms] [WARNING] The resource https://vercel.com/_next/static/immutable/chunks/2xsdyifozdz06.css was preloaded using link preload but not used within a few seconds from the window's load event. Please make sure it has an appropriate `as` value and it is preloaded intentionally. @ https://vercel.com/rigo-melchor-s-projects/foxtrading:0
[  203937ms] [WARNING] The resource https://vercel.com/_next/static/immutable/media/logo-vercel-dark.28zbfuuys0x7i.svg was preloaded using link preload but not used within a few seconds from the window's load event. Please make sure it has an appropriate `as` value and it is preloaded intentionally. @ https://vercel.com/rigo-melchor-s-projects/foxtrading:0
[  203937ms] [WARNING] The resource https://vercel.com/_next/static/immutable/chunks/0vmhpedf_b0j8.css was preloaded using link preload but not used within a few seconds from the window's load event. Please make sure it has an appropriate `as` value and it is preloaded intentionally. @ https://vercel.com/rigo-melchor-s-projects/foxtrading:0
[  203937ms] [WARNING] The resource https://vercel.com/_next/static/immutable/media/GeistMono_Variable.p.1bcgm0qa26ixg.woff2 was preloaded using link preload but not used within a few seconds from the window's load event. Please make sure it has an appropriate `as` value and it is preloaded intentionally. @ https://vercel.com/rigo-melchor-s-projects/foxtrading:0
[  203937ms] [WARNING] The resource https://vercel.com/_next/static/immutable/chunks/012p6cwa_e92y.css was preloaded using link preload but not used within a few seconds from the window's load event. Please make sure it has an appropriate `as` value and it is preloaded intentionally. @ https://vercel.com/rigo-melchor-s-projects/foxtrading:0
[  203937ms] [WARNING] The resource https://vercel.com/_next/static/immutable/chunks/1cqt2xba0-dxw.css was preloaded using link preload but not used within a few seconds from the window's load event. Please make sure it has an appropriate `as` value and it is preloaded intentionally. @ https://vercel.com/rigo-melchor-s-projects/foxtrading:0
[  203937ms] [WARNING] The resource https://vercel.com/_next/static/immutable/chunks/1yl8955ma4q4-.css was preloaded using link preload but not used within a few seconds from the window's load event. Please make sure it has an appropriate `as` value and it is preloaded intentionally. @ https://vercel.com/rigo-melchor-s-projects/foxtrading:0
[  203937ms] [WARNING] The resource https://vercel.com/_next/static/immutable/chunks/0-shbsz3-8ybx.css was preloaded using link preload but not used within a few seconds from the window's load event. Please make sure it has an appropriate `as` value and it is preloaded intentionally. @ https://vercel.com/rigo-melchor-s-projects/foxtrading:0
[  203937ms] [WARNING] The resource https://vercel.com/_next/static/immutable/chunks/1qpjfmo0jgtu2.css was preloaded using link preload but not used within a few seconds from the window's load event. Please make sure it has an appropriate `as` value and it is preloaded intentionally. @ https://vercel.com/rigo-melchor-s-projects/foxtrading:0
[  203938ms] [WARNING] The resource https://vercel.com/_next/static/immutable/chunks/3z36ncuffz89v.css was preloaded using link preload but not used within a few seconds from the window's load event. Please make sure it has an appropriate `as` value and it is preloaded intentionally. @ https://vercel.com/rigo-melchor-s-projects/foxtrading:0
[  203938ms] [WARNING] The resource https://vercel.com/_next/static/immutable/chunks/1u_bcwmq8rhcl.css was preloaded using link preload but not used within a few seconds from the window's load event. Please make sure it has an appropriate `as` value and it is preloaded intentionally. @ https://vercel.com/rigo-melchor-s-projects/foxtrading:0
[  203938ms] [WARNING] The resource https://vercel.com/_next/static/immutable/chunks/3z9uffp9rqnx8.css was preloaded using link preload but not used within a few seconds from the window's load event. Please make sure it has an appropriate `as` value and it is preloaded intentionally. @ https://vercel.com/rigo-melchor-s-projects/foxtrading:0
[  203938ms] [WARNING] The resource https://vercel.com/_next/static/immutable/chunks/1xg6gg5e39tni.css was preloaded using link preload but not used within a few seconds from the window's load event. Please make sure it has an appropriate `as` value and it is preloaded intentionally. @ https://vercel.com/rigo-melchor-s-projects/foxtrading:0
[  203938ms] [WARNING] The resource https://vercel.com/_next/static/immutable/chunks/1hzff2kh3gano.css was preloaded using link preload but not used within a few seconds from the window's load event. Please make sure it has an appropriate `as` value and it is preloaded intentionally. @ https://vercel.com/rigo-melchor-s-projects/foxtrading:0
[  203938ms] [WARNING] The resource https://vercel.com/_next/static/immutable/chunks/044vmykz7q7vs.css was preloaded using link preload but not used within a few seconds from the window's load event. Please make sure it has an appropriate `as` value and it is preloaded intentionally. @ https://vercel.com/rigo-melchor-s-projects/foxtrading:0
[  203938ms] [WARNING] The resource https://vercel.com/_next/static/immutable/media/logo-vercel-light.3an2_9g6dt4xn.svg was preloaded using link preload but not used within a few seconds from the window's load event. Please make sure it has an appropriate `as` value and it is preloaded intentionally. @ https://vercel.com/rigo-melchor-s-projects/foxtrading:0
[  203938ms] [WARNING] The resource https://vercel.com/_next/static/immutable/chunks/0rblmumf_9wz1.css was preloaded using link preload but not used within a few seconds from the window's load event. Please make sure it has an appropriate `as` value and it is preloaded intentionally. @ https://vercel.com/rigo-melchor-s-projects/foxtrading:0
[  203938ms] [WARNING] The resource https://vercel.com/_next/static/immutable/chunks/2qegur97i-cye.css was preloaded using link preload but not used within a few seconds from the window's load event. Please make sure it has an appropriate `as` value and it is preloaded intentionally. @ https://vercel.com/rigo-melchor-s-projects/foxtrading:0
[  203938ms] [WARNING] The resource https://vercel.com/_next/static/immutable/chunks/25nnd13fh_4k5.css was preloaded using link preload but not used within a few seconds from the window's load event. Please make sure it has an appropriate `as` value and it is preloaded intentionally. @ https://vercel.com/rigo-melchor-s-projects/foxtrading:0
[  203938ms] [WARNING] The resource https://vercel.com/_next/static/immutable/chunks/3p9g28no3_hj-.css was preloaded using link preload but not used within a few seconds from the window's load event. Please make sure it has an appropriate `as` value and it is preloaded intentionally. @ https://vercel.com/rigo-melchor-s-projects/foxtrading:0
[  203938ms] [WARNING] The resource https://vercel.com/_next/static/immutable/chunks/3fd49nnoyujvi.css was preloaded using link preload but not used within a few seconds from the window's load event. Please make sure it has an appropriate `as` value and it is preloaded intentionally. @ https://vercel.com/rigo-melchor-s-projects/foxtrading:0
[  203938ms] [WARNING] The resource https://vercel.com/_next/static/immutable/chunks/2cegy48-lpb69.css was preloaded using link preload but not used within a few seconds from the window's load event. Please make sure it has an appropriate `as` value and it is preloaded intentionally. @ https://vercel.com/rigo-melchor-s-projects/foxtrading:0
[  203938ms] [WARNING] The resource https://vercel.com/_next/static/immutable/chunks/26_kjvxoedtei.css was preloaded using link preload but not used within a few seconds from the window's load event. Please make sure it has an appropriate `as` value and it is preloaded intentionally. @ https://vercel.com/rigo-melchor-s-projects/foxtrading:0
[  214240ms] [WARNING] The resource https://vercel.com/_next/static/immutable/chunks/1y7np90zxj-un.css was preloaded using link preload but not used within a few seconds from the window's load event. Please make sure it has an appropriate `as` value and it is preloaded intentionally. @ https://vercel.com/rigo-melchor-s-projects/foxtrading:0
[  214240ms] [WARNING] The resource https://vercel.com/_next/static/immutable/media/caa3a2e1cccd8315.p.0wgildi0cnwt9.woff2 was preloaded using link preload but not used within a few seconds from the window's load event. Please make sure it has an appropriate `as` value and it is preloaded intentionally. @ https://vercel.com/rigo-melchor-s-projects/foxtrading:0
[  214240ms] [WARNING] The resource https://vercel.com/_next/static/immutable/chunks/2xsdyifozdz06.css was preloaded using link preload but not used within a few seconds from the window's load event. Please make sure it has an appropriate `as` value and it is preloaded intentionally. @ https://vercel.com/rigo-melchor-s-projects/foxtrading:0
[  214240ms] [WARNING] The resource https://vercel.com/_next/static/immutable/media/logo-vercel-dark.28zbfuuys0x7i.svg was preloaded using link preload but not used within a few seconds from the window's load event. Please make sure it has an appropriate `as` value and it is preloaded intentionally. @ https://vercel.com/rigo-melchor-s-projects/foxtrading:0
[  214240ms] [WARNING] The resource https://vercel.com/_next/static/immutable/chunks/0vmhpedf_b0j8.css was preloaded using link preload but not used within a few seconds from the window's load event. Please make sure it has an appropriate `as` value and it is preloaded intentionally. @ https://vercel.com/rigo-melchor-s-projects/foxtrading:0
[  214240ms] [WARNING] The resource https://vercel.com/_next/static/immutable/media/GeistMono_Variable.p.1bcgm0qa26ixg.woff2 was preloaded using link preload but not used within a few seconds from the window's load event. Please make sure it has an appropriate `as` value and it is preloaded intentionally. @ https://vercel.com/rigo-melchor-s-projects/foxtrading:0
[  214241ms] [WARNING] The resource https://vercel.com/_next/static/immutable/chunks/012p6cwa_e92y.css was preloaded using link preload but not used within a few seconds from the window's load event. Please make sure it has an appropriate `as` value and it is preloaded intentionally. @ https://vercel.com/rigo-melchor-s-projects/foxtrading:0
[  214241ms] [WARNING] The resource https://vercel.com/_next/static/immutable/chunks/1cqt2xba0-dxw.css was preloaded using link preload but not used within a few seconds from the window's load event. Please make sure it has an appropriate `as` value and it is preloaded intentionally. @ https://vercel.com/rigo-melchor-s-projects/foxtrading:0
[  214241ms] [WARNING] The resource https://vercel.com/_next/static/immutable/chunks/1yl8955ma4q4-.css was preloaded using link preload but not used within a few seconds from the window's load event. Please make sure it has an appropriate `as` value and it is preloaded intentionally. @ https://vercel.com/rigo-melchor-s-projects/foxtrading:0
[  214241ms] [WARNING] The resource https://vercel.com/_next/static/immutable/chunks/0-shbsz3-8ybx.css was preloaded using link preload but not used within a few seconds from the window's load event. Please make sure it has an appropriate `as` value and it is preloaded intentionally. @ https://vercel.com/rigo-melchor-s-projects/foxtrading:0
[  214241ms] [WARNING] The resource https://vercel.com/_next/static/immutable/chunks/1qpjfmo0jgtu2.css was preloaded using link preload but not used within a few seconds from the window's load event. Please make sure it has an appropriate `as` value and it is preloaded intentionally. @ https://vercel.com/rigo-melchor-s-projects/foxtrading:0
[  214241ms] [WARNING] The resource https://vercel.com/_next/static/immutable/chunks/3z36ncuffz89v.css was preloaded using link preload but not used within a few seconds from the window's load event. Please make sure it has an appropriate `as` value and it is preloaded intentionally. @ https://vercel.com/rigo-melchor-s-projects/foxtrading:0
[  214241ms] [WARNING] The resource https://vercel.com/_next/static/immutable/chunks/1u_bcwmq8rhcl.css was preloaded using link preload but not used within a few seconds from the window's load event. Please make sure it has an appropriate `as` value and it is preloaded intentionally. @ https://vercel.com/rigo-melchor-s-projects/foxtrading:0
[  214241ms] [WARNING] The resource https://vercel.com/_next/static/immutable/chunks/3z9uffp9rqnx8.css was preloaded using link preload but not used within a few seconds from the window's load event. Please make sure it has an appropriate `as` value and it is preloaded intentionally. @ https://vercel.com/rigo-melchor-s-projects/foxtrading:0
[  214241ms] [WARNING] The resource https://vercel.com/_next/static/immutable/chunks/1xg6gg5e39tni.css was preloaded using link preload but not used within a few seconds from the window's load event. Please make sure it has an appropriate `as` value and it is preloaded intentionally. @ https://vercel.com/rigo-melchor-s-projects/foxtrading:0
[  214241ms] [WARNING] The resource https://vercel.com/_next/static/immutable/chunks/1hzff2kh3gano.css was preloaded using link preload but not used within a few seconds from the window's load event. Please make sure it has an appropriate `as` value and it is preloaded intentionally. @ https://vercel.com/rigo-melchor-s-projects/foxtrading:0
[  214241ms] [WARNING] The resource https://vercel.com/_next/static/immutable/chunks/044vmykz7q7vs.css was preloaded using link preload but not used within a few seconds from the window's load event. Please make sure it has an appropriate `as` value and it is preloaded intentionally. @ https://vercel.com/rigo-melchor-s-projects/foxtrading:0
[  214241ms] [WARNING] The resource https://vercel.com/_next/static/immutable/media/logo-vercel-light.3an2_9g6dt4xn.svg was preloaded using link preload but not used within a few seconds from the window's load event. Please make sure it has an appropriate `as` value and it is preloaded intentionally. @ https://vercel.com/rigo-melchor-s-projects/foxtrading:0
[  214241ms] [WARNING] The resource https://vercel.com/_next/static/immutable/chunks/0rblmumf_9wz1.css was preloaded using link preload but not used within a few seconds from the window's load event. Please make sure it has an appropriate `as` value and it is preloaded intentionally. @ https://vercel.com/rigo-melchor-s-projects/foxtrading:0
[  214241ms] [WARNING] The resource https://vercel.com/_next/static/immutable/chunks/2qegur97i-cye.css was preloaded using link preload but not used within a few seconds from the window's load event. Please make sure it has an appropriate `as` value and it is preloaded intentionally. @ https://vercel.com/rigo-melchor-s-projects/foxtrading:0
[  214241ms] [WARNING] The resource https://vercel.com/_next/static/immutable/chunks/25nnd13fh_4k5.css was preloaded using link preload but not used within a few seconds from the window's load event. Please make sure it has an appropriate `as` value and it is preloaded intentionally. @ https://vercel.com/rigo-melchor-s-projects/foxtrading:0
[  214241ms] [WARNING] The resource https://vercel.com/_next/static/immutable/chunks/3p9g28no3_hj-.css was preloaded using link preload but not used within a few seconds from the window's load event. Please make sure it has an appropriate `as` value and it is preloaded intentionally. @ https://vercel.com/rigo-melchor-s-projects/foxtrading:0
[  214241ms] [WARNING] The resource https://vercel.com/_next/static/immutable/chunks/3fd49nnoyujvi.css was preloaded using link preload but not used within a few seconds from the window's load event. Please make sure it has an appropriate `as` value and it is preloaded intentionally. @ https://vercel.com/rigo-melchor-s-projects/foxtrading:0
[  214241ms] [WARNING] The resource https://vercel.com/_next/static/immutable/chunks/2cegy48-lpb69.css was preloaded using link preload but not used within a few seconds from the window's load event. Please make sure it has an appropriate `as` value and it is preloaded intentionally. @ https://vercel.com/rigo-melchor-s-projects/foxtrading:0
[  214241ms] [WARNING] The resource https://vercel.com/_next/static/immutable/chunks/26_kjvxoedtei.css was preloaded using link preload but not used within a few seconds from the window's load event. Please make sure it has an appropriate `as` value and it is preloaded intentionally. @ https://vercel.com/rigo-melchor-s-projects/foxtrading:0
[  224489ms] [WARNING] The resource https://vercel.com/_next/static/immutable/chunks/1y7np90zxj-un.css was preloaded using link preload but not used within a few seconds from the window's load event. Please make sure it has an appropriate `as` value and it is preloaded intentionally. @ https://vercel.com/rigo-melchor-s-projects/foxtrading:0
[  224489ms] [WARNING] The resource https://vercel.com/_next/static/immutable/media/caa3a2e1cccd8315.p.0wgildi0cnwt9.woff2 was preloaded using link preload but not used within a few seconds from the window's load event. Please make sure it has an appropriate `as` value and it is preloaded intentionally. @ https://vercel.com/rigo-melchor-s-projects/foxtrading:0
[  224489ms] [WARNING] The resource https://vercel.com/_next/static/immutable/chunks/2xsdyifozdz06.css was preloaded using link preload but not used within a few seconds from the window's load event. Please make sure it has an appropriate `as` value and it is preloaded intentionally. @ https://vercel.com/rigo-melchor-s-projects/foxtrading:0
[  224489ms] [WARNING] The resource https://vercel.com/_next/static/immutable/media/logo-vercel-dark.28zbfuuys0x7i.svg was preloaded using link preload but not used within a few seconds from the window's load event. Please make sure it has an appropriate `as` value and it is preloaded intentionally. @ https://vercel.com/rigo-melchor-s-projects/foxtrading:0
[  224489ms] [WARNING] The resource https://vercel.com/_next/static/immutable/chunks/0vmhpedf_b0j8.css was preloaded using link preload but not used within a few seconds from the window's load event. Please make sure it has an appropriate `as` value and it is preloaded intentionally. @ https://vercel.com/rigo-melchor-s-projects/foxtrading:0
[  224489ms] [WARNING] The resource https://vercel.com/_next/static/immutable/media/GeistMono_Variable.p.1bcgm0qa26ixg.woff2 was preloaded using link preload but not used within a few seconds from the window's load event. Please make sure it has an appropriate `as` value and it is preloaded intentionally. @ https://vercel.com/rigo-melchor-s-projects/foxtrading:0
[  224489ms] [WARNING] The resource https://vercel.com/_next/static/immutable/chunks/012p6cwa_e92y.css was preloaded using link preload but not used within a few seconds from the window's load event. Please make sure it has an appropriate `as` value and it is preloaded intentionally. @ https://vercel.com/rigo-melchor-s-projects/foxtrading:0
[  224489ms] [WARNING] The resource https://vercel.com/_next/static/immutable/chunks/1cqt2xba0-dxw.css was preloaded using link preload but not used within a few seconds from the window's load event. Please make sure it has an appropriate `as` value and it is preloaded intentionally. @ https://vercel.com/rigo-melchor-s-projects/foxtrading:0
[  224489ms] [WARNING] The resource https://vercel.com/_next/static/immutable/chunks/1yl8955ma4q4-.css was preloaded using link preload but not used within a few seconds from the window's load event. Please make sure it has an appropriate `as` value and it is preloaded intentionally. @ https://vercel.com/rigo-melchor-s-projects/foxtrading:0
[  224489ms] [WARNING] The resource https://vercel.com/_next/static/immutable/chunks/0-shbsz3-8ybx.css was preloaded using link preload but not used within a few seconds from the window's load event. Please make sure it has an appropriate `as` value and it is preloaded intentionally. @ https://vercel.com/rigo-melchor-s-projects/foxtrading:0
[  224489ms] [WARNING] The resource https://vercel.com/_next/static/immutable/chunks/1qpjfmo0jgtu2.css was preloaded using link preload but not used within a few seconds from the window's load event. Please make sure it has an appropriate `as` value and it is preloaded intentionally. @ https://vercel.com/rigo-melchor-s-projects/foxtrading:0
[  224489ms] [WARNING] The resource https://vercel.com/_next/static/immutable/chunks/3z36ncuffz89v.css was preloaded using link preload but not used within a few seconds from the window's load event. Please make sure it has an appropriate `as` value and it is preloaded intentionally. @ https://vercel.com/rigo-melchor-s-projects/foxtrading:0
[  224489ms] [WARNING] The resource https://vercel.com/_next/static/immutable/chunks/1u_bcwmq8rhcl.css was preloaded using link preload but not used within a few seconds from the window's load event. Please make sure it has an appropriate `as` value and it is preloaded intentionally. @ https://vercel.com/rigo-melchor-s-projects/foxtrading:0
[  224489ms] [WARNING] The resource https://vercel.com/_next/static/immutable/chunks/3z9uffp9rqnx8.css was preloaded using link preload but not used within a few seconds from the window's load event. Please make sure it has an appropriate `as` value and it is preloaded intentionally. @ https://vercel.com/rigo-melchor-s-projects/foxtrading:0
[  224489ms] [WARNING] The resource https://vercel.com/_next/static/immutable/chunks/1xg6gg5e39tni.css was preloaded using link preload but not used within a few seconds from the window's load event. Please make sure it has an appropriate `as` value and it is preloaded intentionally. @ https://vercel.com/rigo-melchor-s-projects/foxtrading:0
[  224489ms] [WARNING] The resource https://vercel.com/_next/static/immutable/chunks/1hzff2kh3gano.css was preloaded using link preload but not used within a few seconds from the window's load event. Please make sure it has an appropriate `as` value and it is preloaded intentionally. @ https://vercel.com/rigo-melchor-s-projects/foxtrading:0
[  224489ms] [WARNING] The resource https://vercel.com/_next/static/immutable/chunks/044vmykz7q7vs.css was preloaded using link preload but not used within a few seconds from the window's load event. Please make sure it has an appropriate `as` value and it is preloaded intentionally. @ https://vercel.com/rigo-melchor-s-projects/foxtrading:0
[  224489ms] [WARNING] The resource https://vercel.com/_next/static/immutable/media/logo-vercel-light.3an2_9g6dt4xn.svg was preloaded using link preload but not used within a few seconds from the window's load event. Please make sure it has an appropriate `as` value and it is preloaded intentionally. @ https://vercel.com/rigo-melchor-s-projects/foxtrading:0
[  224489ms] [WARNING] The resource https://vercel.com/_next/static/immutable/chunks/0rblmumf_9wz1.css was preloaded using link preload but not used within a few seconds from the window's load event. Please make sure it has an appropriate `as` value and it is preloaded intentionally. @ https://vercel.com/rigo-melchor-s-projects/foxtrading:0
[  224489ms] [WARNING] The resource https://vercel.com/_next/static/immutable/chunks/2qegur97i-cye.css was preloaded using link preload but not used within a few seconds from the window's load event. Please make sure it has an appropriate `as` value and it is preloaded intentionally. @ https://vercel.com/rigo-melchor-s-projects/foxtrading:0
[  224489ms] [WARNING] The resource https://vercel.com/_next/static/immutable/chunks/25nnd13fh_4k5.css was preloaded using link preload but not used within a few seconds from the window's load event. Please make sure it has an appropriate `as` value and it is preloaded intentionally. @ https://vercel.com/rigo-melchor-s-projects/foxtrading:0
[  224489ms] [WARNING] The resource https://vercel.com/_next/static/immutable/chunks/3p9g28no3_hj-.css was preloaded using link preload but not used within a few seconds from the window's load event. Please make sure it has an appropriate `as` value and it is preloaded intentionally. @ https://vercel.com/rigo-melchor-s-projects/foxtrading:0
[  224489ms] [WARNING] The resource https://vercel.com/_next/static/immutable/chunks/3fd49nnoyujvi.css was preloaded using link preload but not used within a few seconds from the window's load event. Please make sure it has an appropriate `as` value and it is preloaded intentionally. @ https://vercel.com/rigo-melchor-s-projects/foxtrading:0
[  224489ms] [WARNING] The resource https://vercel.com/_next/static/immutable/chunks/2cegy48-lpb69.css was preloaded using link preload but not used within a few seconds from the window's load event. Please make sure it has an appropriate `as` value and it is preloaded intentionally. @ https://vercel.com/rigo-melchor-s-projects/foxtrading:0
[  224489ms] [WARNING] The resource https://vercel.com/_next/static/immutable/chunks/26_kjvxoedtei.css was preloaded using link preload but not used within a few seconds from the window's load event. Please make sure it has an appropriate `as` value and it is preloaded intentionally. @ https://vercel.com/rigo-melchor-s-projects/foxtrading:0
[  235076ms] [WARNING] The resource https://vercel.com/_next/static/immutable/chunks/1y7np90zxj-un.css was preloaded using link preload but not used within a few seconds from the window's load event. Please make sure it has an appropriate `as` value and it is preloaded intentionally. @ https://vercel.com/rigo-melchor-s-projects/foxtrading:0
[  235076ms] [WARNING] The resource https://vercel.com/_next/static/immutable/media/caa3a2e1cccd8315.p.0wgildi0cnwt9.woff2 was preloaded using link preload but not used within a few seconds from the window's load event. Please make sure it has an appropriate `as` value and it is preloaded intentionally. @ https://vercel.com/rigo-melchor-s-projects/foxtrading:0
[  235076ms] [WARNING] The resource https://vercel.com/_next/static/immutable/chunks/2xsdyifozdz06.css was preloaded using link preload but not used within a few seconds from the window's load event. Please make sure it has an appropriate `as` value and it is preloaded intentionally. @ https://vercel.com/rigo-melchor-s-projects/foxtrading:0
[  235076ms] [WARNING] The resource https://vercel.com/_next/static/immutable/media/logo-vercel-dark.28zbfuuys0x7i.svg was preloaded using link preload but not used within a few seconds from the window's load event. Please make sure it has an appropriate `as` value and it is preloaded intentionally. @ https://vercel.com/rigo-melchor-s-projects/foxtrading:0
[  235076ms] [WARNING] The resource https://vercel.com/_next/static/immutable/chunks/0vmhpedf_b0j8.css was preloaded using link preload but not used within a few seconds from the window's load event. Please make sure it has an appropriate `as` value and it is preloaded intentionally. @ https://vercel.com/rigo-melchor-s-projects/foxtrading:0
[  235076ms] [WARNING] The resource https://vercel.com/_next/static/immutable/media/GeistMono_Variable.p.1bcgm0qa26ixg.woff2 was preloaded using link preload but not used within a few seconds from the window's load event. Please make sure it has an appropriate `as` value and it is preloaded intentionally. @ https://vercel.com/rigo-melchor-s-projects/foxtrading:0
[  235076ms] [WARNING] The resource https://vercel.com/_next/static/immutable/chunks/012p6cwa_e92y.css was preloaded using link preload but not used within a few seconds from the window's load event. Please make sure it has an appropriate `as` value and it is preloaded intentionally. @ https://vercel.com/rigo-melchor-s-projects/foxtrading:0
[  235076ms] [WARNING] The resource https://vercel.com/_next/static/immutable/chunks/1cqt2xba0-dxw.css was preloaded using link preload but not used within a few seconds from the window's load event. Please make sure it has an appropriate `as` value and it is preloaded intentionally. @ https://vercel.com/rigo-melchor-s-projects/foxtrading:0
[  235076ms] [WARNING] The resource https://vercel.com/_next/static/immutable/chunks/1yl8955ma4q4-.css was preloaded using link preload but not used within a few seconds from the window's load event. Please make sure it has an appropriate `as` value and it is preloaded intentionally. @ https://vercel.com/rigo-melchor-s-projects/foxtrading:0
[  235076ms] [WARNING] The resource https://vercel.com/_next/static/immutable/chunks/0-shbsz3-8ybx.css was preloaded using link preload but not used within a few seconds from the window's load event. Please make sure it has an appropriate `as` value and it is preloaded intentionally. @ https://vercel.com/rigo-melchor-s-projects/foxtrading:0
[  235076ms] [WARNING] The resource https://vercel.com/_next/static/immutable/chunks/1qpjfmo0jgtu2.css was preloaded using link preload but not used within a few seconds from the window's load event. Please make sure it has an appropriate `as` value and it is preloaded intentionally. @ https://vercel.com/rigo-melchor-s-projects/foxtrading:0
[  235077ms] [WARNING] The resource https://vercel.com/_next/static/immutable/chunks/3z36ncuffz89v.css was preloaded using link preload but not used within a few seconds from the window's load event. Please make sure it has an appropriate `as` value and it is preloaded intentionally. @ https://vercel.com/rigo-melchor-s-projects/foxtrading:0
[  235077ms] [WARNING] The resource https://vercel.com/_next/static/immutable/chunks/1u_bcwmq8rhcl.css was preloaded using link preload but not used within a few seconds from the window's load event. Please make sure it has an appropriate `as` value and it is preloaded intentionally. @ https://vercel.com/rigo-melchor-s-projects/foxtrading:0
[  235077ms] [WARNING] The resource https://vercel.com/_next/static/immutable/chunks/3z9uffp9rqnx8.css was preloaded using link preload but not used within a few seconds from the window's load event. Please make sure it has an appropriate `as` value and it is preloaded intentionally. @ https://vercel.com/rigo-melchor-s-projects/foxtrading:0
[  235077ms] [WARNING] The resource https://vercel.com/_next/static/immutable/chunks/1xg6gg5e39tni.css was preloaded using link preload but not used within a few seconds from the window's load event. Please make sure it has an appropriate `as` value and it is preloaded intentionally. @ https://vercel.com/rigo-melchor-s-projects/foxtrading:0
[  235077ms] [WARNING] The resource https://vercel.com/_next/static/immutable/chunks/1hzff2kh3gano.css was preloaded using link preload but not used within a few seconds from the window's load event. Please make sure it has an appropriate `as` value and it is preloaded intentionally. @ https://vercel.com/rigo-melchor-s-projects/foxtrading:0
[  235077ms] [WARNING] The resource https://vercel.com/_next/static/immutable/chunks/044vmykz7q7vs.css was preloaded using link preload but not used within a few seconds from the window's load event. Please make sure it has an appropriate `as` value and it is preloaded intentionally. @ https://vercel.com/rigo-melchor-s-projects/foxtrading:0
[  235077ms] [WARNING] The resource https://vercel.com/_next/static/immutable/media/logo-vercel-light.3an2_9g6dt4xn.svg was preloaded using link preload but not used within a few seconds from the window's load event. Please make sure it has an appropriate `as` value and it is preloaded intentionally. @ https://vercel.com/rigo-melchor-s-projects/foxtrading:0
[  235077ms] [WARNING] The resource https://vercel.com/_next/static/immutable/chunks/0rblmumf_9wz1.css was preloaded using link preload but not used within a few seconds from the window's load event. Please make sure it has an appropriate `as` value and it is preloaded intentionally. @ https://vercel.com/rigo-melchor-s-projects/foxtrading:0
[  235077ms] [WARNING] The resource https://vercel.com/_next/static/immutable/chunks/2qegur97i-cye.css was preloaded using link preload but not used within a few seconds from the window's load event. Please make sure it has an appropriate `as` value and it is preloaded intentionally. @ https://vercel.com/rigo-melchor-s-projects/foxtrading:0
[  235077ms] [WARNING] The resource https://vercel.com/_next/static/immutable/chunks/25nnd13fh_4k5.css was preloaded using link preload but not used within a few seconds from the window's load event. Please make sure it has an appropriate `as` value and it is preloaded intentionally. @ https://vercel.com/rigo-melchor-s-projects/foxtrading:0
[  235077ms] [WARNING] The resource https://vercel.com/_next/static/immutable/chunks/3p9g28no3_hj-.css was preloaded using link preload but not used within a few seconds from the window's load event. Please make sure it has an appropriate `as` value and it is preloaded intentionally. @ https://vercel.com/rigo-melchor-s-projects/foxtrading:0
[  235077ms] [WARNING] The resource https://vercel.com/_next/static/immutable/chunks/3fd49nnoyujvi.css was preloaded using link preload but not used within a few seconds from the window's load event. Please make sure it has an appropriate `as` value and it is preloaded intentionally. @ https://vercel.com/rigo-melchor-s-projects/foxtrading:0
[  235077ms] [WARNING] The resource https://vercel.com/_next/static/immutable/chunks/2cegy48-lpb69.css was preloaded using link preload but not used within a few seconds from the window's load event. Please make sure it has an appropriate `as` value and it is preloaded intentionally. @ https://vercel.com/rigo-melchor-s-projects/foxtrading:0
[  235077ms] [WARNING] The resource https://vercel.com/_next/static/immutable/chunks/26_kjvxoedtei.css was preloaded using link preload but not used within a few seconds from the window's load event. Please make sure it has an appropriate `as` value and it is preloaded intentionally. @ https://vercel.com/rigo-melchor-s-projects/foxtrading:0
[  240109ms] [WARNING] The resource https://vercel.com/_next/static/immutable/chunks/1y7np90zxj-un.css was preloaded using link preload but not used within a few seconds from the window's load event. Please make sure it has an appropriate `as` value and it is preloaded intentionally. @ https://vercel.com/rigo-melchor-s-projects/foxtrading:0
[  240109ms] [WARNING] The resource https://vercel.com/_next/static/immutable/media/caa3a2e1cccd8315.p.0wgildi0cnwt9.woff2 was preloaded using link preload but not used within a few seconds from the window's load event. Please make sure it has an appropriate `as` value and it is preloaded intentionally. @ https://vercel.com/rigo-melchor-s-projects/foxtrading:0
[  240109ms] [WARNING] The resource https://vercel.com/_next/static/immutable/chunks/2xsdyifozdz06.css was preloaded using link preload but not used within a few seconds from the window's load event. Please make sure it has an appropriate `as` value and it is preloaded intentionally. @ https://vercel.com/rigo-melchor-s-projects/foxtrading:0
[  240109ms] [WARNING] The resource https://vercel.com/_next/static/immutable/media/logo-vercel-dark.28zbfuuys0x7i.svg was preloaded using link preload but not used within a few seconds from the window's load event. Please make sure it has an appropriate `as` value and it is preloaded intentionally. @ https://vercel.com/rigo-melchor-s-projects/foxtrading:0
[  240109ms] [WARNING] The resource https://vercel.com/_next/static/immutable/chunks/0vmhpedf_b0j8.css was preloaded using link preload but not used within a few seconds from the window's load event. Please make sure it has an appropriate `as` value and it is preloaded intentionally. @ https://vercel.com/rigo-melchor-s-projects/foxtrading:0
[  240109ms] [WARNING] The resource https://vercel.com/_next/static/immutable/media/GeistMono_Variable.p.1bcgm0qa26ixg.woff2 was preloaded using link preload but not used within a few seconds from the window's load event. Please make sure it has an appropriate `as` value and it is preloaded intentionally. @ https://vercel.com/rigo-melchor-s-projects/foxtrading:0
[  240109ms] [WARNING] The resource https://vercel.com/_next/static/immutable/chunks/012p6cwa_e92y.css was preloaded using link preload but not used within a few seconds from the window's load event. Please make sure it has an appropriate `as` value and it is preloaded intentionally. @ https://vercel.com/rigo-melchor-s-projects/foxtrading:0
[  240109ms] [WARNING] The resource https://vercel.com/_next/static/immutable/chunks/1cqt2xba0-dxw.css was preloaded using link preload but not used within a few seconds from the window's load event. Please make sure it has an appropriate `as` value and it is preloaded intentionally. @ https://vercel.com/rigo-melchor-s-projects/foxtrading:0
[  240109ms] [WARNING] The resource https://vercel.com/_next/static/immutable/chunks/1yl8955ma4q4-.css was preloaded using link preload but not used within a few seconds from the window's load event. Please make sure it has an appropriate `as` value and it is preloaded intentionally. @ https://vercel.com/rigo-melchor-s-projects/foxtrading:0
[  240109ms] [WARNING] The resource https://vercel.com/_next/static/immutable/chunks/0-shbsz3-8ybx.css was preloaded using link preload but not used within a few seconds from the window's load event. Please make sure it has an appropriate `as` value and it is preloaded intentionally. @ https://vercel.com/rigo-melchor-s-projects/foxtrading:0
[  240109ms] [WARNING] The resource https://vercel.com/_next/static/immutable/chunks/1qpjfmo0jgtu2.css was preloaded using link preload but not used within a few seconds from the window's load event. Please make sure it has an appropriate `as` value and it is preloaded intentionally. @ https://vercel.com/rigo-melchor-s-projects/foxtrading:0
[  240109ms] [WARNING] The resource https://vercel.com/_next/static/immutable/chunks/3z36ncuffz89v.css was preloaded using link preload but not used within a few seconds from the window's load event. Please make sure it has an appropriate `as` value and it is preloaded intentionally. @ https://vercel.com/rigo-melchor-s-projects/foxtrading:0
[  240109ms] [WARNING] The resource https://vercel.com/_next/static/immutable/chunks/1u_bcwmq8rhcl.css was preloaded using link preload but not used within a few seconds from the window's load event. Please make sure it has an appropriate `as` value and it is preloaded intentionally. @ https://vercel.com/rigo-melchor-s-projects/foxtrading:0
[  240109ms] [WARNING] The resource https://vercel.com/_next/static/immutable/chunks/3z9uffp9rqnx8.css was preloaded using link preload but not used within a few seconds from the window's load event. Please make sure it has an appropriate `as` value and it is preloaded intentionally. @ https://vercel.com/rigo-melchor-s-projects/foxtrading:0
[  240109ms] [WARNING] The resource https://vercel.com/_next/static/immutable/chunks/1xg6gg5e39tni.css was preloaded using link preload but not used within a few seconds from the window's load event. Please make sure it has an appropriate `as` value and it is preloaded intentionally. @ https://vercel.com/rigo-melchor-s-projects/foxtrading:0
[  240109ms] [WARNING] The resource https://vercel.com/_next/static/immutable/chunks/1hzff2kh3gano.css was preloaded using link preload but not used within a few seconds from the window's load event. Please make sure it has an appropriate `as` value and it is preloaded intentionally. @ https://vercel.com/rigo-melchor-s-projects/foxtrading:0
[  240109ms] [WARNING] The resource https://vercel.com/_next/static/immutable/chunks/044vmykz7q7vs.css was preloaded using link preload but not used within a few seconds from the window's load event. Please make sure it has an appropriate `as` value and it is preloaded intentionally. @ https://vercel.com/rigo-melchor-s-projects/foxtrading:0
[  240109ms] [WARNING] The resource https://vercel.com/_next/static/immutable/media/logo-vercel-light.3an2_9g6dt4xn.svg was preloaded using link preload but not used within a few seconds from the window's load event. Please make sure it has an appropriate `as` value and it is preloaded intentionally. @ https://vercel.com/rigo-melchor-s-projects/foxtrading:0
[  240109ms] [WARNING] The resource https://vercel.com/_next/static/immutable/chunks/0rblmumf_9wz1.css was preloaded using link preload but not used within a few seconds from the window's load event. Please make sure it has an appropriate `as` value and it is preloaded intentionally. @ https://vercel.com/rigo-melchor-s-projects/foxtrading:0
[  240109ms] [WARNING] The resource https://vercel.com/_next/static/immutable/chunks/2qegur97i-cye.css was preloaded using link preload but not used within a few seconds from the window's load event. Please make sure it has an appropriate `as` value and it is preloaded intentionally. @ https://vercel.com/rigo-melchor-s-projects/foxtrading:0
[  240109ms] [WARNING] The resource https://vercel.com/_next/static/immutable/chunks/25nnd13fh_4k5.css was preloaded using link preload but not used within a few seconds from the window's load event. Please make sure it has an appropriate `as` value and it is preloaded intentionally. @ https://vercel.com/rigo-melchor-s-projects/foxtrading:0
[  240109ms] [WARNING] The resource https://vercel.com/_next/static/immutable/chunks/3p9g28no3_hj-.css was preloaded using link preload but not used within a few seconds from the window's load event. Please make sure it has an appropriate `as` value and it is preloaded intentionally. @ https://vercel.com/rigo-melchor-s-projects/foxtrading:0
[  240109ms] [WARNING] The resource https://vercel.com/_next/static/immutable/chunks/3fd49nnoyujvi.css was preloaded using link preload but not used within a few seconds from the window's load event. Please make sure it has an appropriate `as` value and it is preloaded intentionally. @ https://vercel.com/rigo-melchor-s-projects/foxtrading:0
[  240109ms] [WARNING] The resource https://vercel.com/_next/static/immutable/chunks/2cegy48-lpb69.css was preloaded using link preload but not used within a few seconds from the window's load event. Please make sure it has an appropriate `as` value and it is preloaded intentionally. @ https://vercel.com/rigo-melchor-s-projects/foxtrading:0
[  240110ms] [WARNING] The resource https://vercel.com/_next/static/immutable/chunks/26_kjvxoedtei.css was preloaded using link preload but not used within a few seconds from the window's load event. Please make sure it has an appropriate `as` value and it is preloaded intentionally. @ https://vercel.com/rigo-melchor-s-projects/foxtrading:0
[  247018ms] [WARNING] The resource https://vercel.com/_next/static/immutable/chunks/1y7np90zxj-un.css was preloaded using link preload but not used within a few seconds from the window's load event. Please make sure it has an appropriate `as` value and it is preloaded intentionally. @ https://vercel.com/rigo-melchor-s-projects/foxtrading:0
[  247018ms] [WARNING] The resource https://vercel.com/_next/static/immutable/media/caa3a2e1cccd8315.p.0wgildi0cnwt9.woff2 was preloaded using link preload but not used within a few seconds from the window's load event. Please make sure it has an appropriate `as` value and it is preloaded intentionally. @ https://vercel.com/rigo-melchor-s-projects/foxtrading:0
[  247018ms] [WARNING] The resource https://vercel.com/_next/static/immutable/chunks/2xsdyifozdz06.css was preloaded using link preload but not used within a few seconds from the window's load event. Please make sure it has an appropriate `as` value and it is preloaded intentionally. @ https://vercel.com/rigo-melchor-s-projects/foxtrading:0
[  247018ms] [WARNING] The resource https://vercel.com/_next/static/immutable/media/logo-vercel-dark.28zbfuuys0x7i.svg was preloaded using link preload but not used within a few seconds from the window's load event. Please make sure it has an appropriate `as` value and it is preloaded intentionally. @ https://vercel.com/rigo-melchor-s-projects/foxtrading:0
[  247018ms] [WARNING] The resource https://vercel.com/_next/static/immutable/chunks/0vmhpedf_b0j8.css was preloaded using link preload but not used within a few seconds from the window's load event. Please make sure it has an appropriate `as` value and it is preloaded intentionally. @ https://vercel.com/rigo-melchor-s-projects/foxtrading:0
[  247018ms] [WARNING] The resource https://vercel.com/_next/static/immutable/media/GeistMono_Variable.p.1bcgm0qa26ixg.woff2 was preloaded using link preload but not used within a few seconds from the window's load event. Please make sure it has an appropriate `as` value and it is preloaded intentionally. @ https://vercel.com/rigo-melchor-s-projects/foxtrading:0
[  247018ms] [WARNING] The resource https://vercel.com/_next/static/immutable/chunks/012p6cwa_e92y.css was preloaded using link preload but not used within a few seconds from the window's load event. Please make sure it has an appropriate `as` value and it is preloaded intentionally. @ https://vercel.com/rigo-melchor-s-projects/foxtrading:0
[  247018ms] [WARNING] The resource https://vercel.com/_next/static/immutable/chunks/1cqt2xba0-dxw.css was preloaded using link preload but not used within a few seconds from the window's load event. Please make sure it has an appropriate `as` value and it is preloaded intentionally. @ https://vercel.com/rigo-melchor-s-projects/foxtrading:0
[  247018ms] [WARNING] The resource https://vercel.com/_next/static/immutable/chunks/1yl8955ma4q4-.css was preloaded using link preload but not used within a few seconds from the window's load event. Please make sure it has an appropriate `as` value and it is preloaded intentionally. @ https://vercel.com/rigo-melchor-s-projects/foxtrading:0
[  247018ms] [WARNING] The resource https://vercel.com/_next/static/immutable/chunks/0-shbsz3-8ybx.css was preloaded using link preload but not used within a few seconds from the window's load event. Please make sure it has an appropriate `as` value and it is preloaded intentionally. @ https://vercel.com/rigo-melchor-s-projects/foxtrading:0
[  247019ms] [WARNING] The resource https://vercel.com/_next/static/immutable/chunks/1qpjfmo0jgtu2.css was preloaded using link preload but not used within a few seconds from the window's load event. Please make sure it has an appropriate `as` value and it is preloaded intentionally. @ https://vercel.com/rigo-melchor-s-projects/foxtrading:0
[  247019ms] [WARNING] The resource https://vercel.com/_next/static/immutable/chunks/3z36ncuffz89v.css was preloaded using link preload but not used within a few seconds from the window's load event. Please make sure it has an appropriate `as` value and it is preloaded intentionally. @ https://vercel.com/rigo-melchor-s-projects/foxtrading:0
[  247019ms] [WARNING] The resource https://vercel.com/_next/static/immutable/chunks/1u_bcwmq8rhcl.css was preloaded using link preload but not used within a few seconds from the window's load event. Please make sure it has an appropriate `as` value and it is preloaded intentionally. @ https://vercel.com/rigo-melchor-s-projects/foxtrading:0
[  247019ms] [WARNING] The resource https://vercel.com/_next/static/immutable/chunks/3z9uffp9rqnx8.css was preloaded using link preload but not used within a few seconds from the window's load event. Please make sure it has an appropriate `as` value and it is preloaded intentionally. @ https://vercel.com/rigo-melchor-s-projects/foxtrading:0
[  247019ms] [WARNING] The resource https://vercel.com/_next/static/immutable/chunks/1xg6gg5e39tni.css was preloaded using link preload but not used within a few seconds from the window's load event. Please make sure it has an appropriate `as` value and it is preloaded intentionally. @ https://vercel.com/rigo-melchor-s-projects/foxtrading:0
[  247019ms] [WARNING] The resource https://vercel.com/_next/static/immutable/chunks/1hzff2kh3gano.css was preloaded using link preload but not used within a few seconds from the window's load event. Please make sure it has an appropriate `as` value and it is preloaded intentionally. @ https://vercel.com/rigo-melchor-s-projects/foxtrading:0
[  247019ms] [WARNING] The resource https://vercel.com/_next/static/immutable/chunks/044vmykz7q7vs.css was preloaded using link preload but not used within a few seconds from the window's load event. Please make sure it has an appropriate `as` value and it is preloaded intentionally. @ https://vercel.com/rigo-melchor-s-projects/foxtrading:0
[  247019ms] [WARNING] The resource https://vercel.com/_next/static/immutable/media/logo-vercel-light.3an2_9g6dt4xn.svg was preloaded using link preload but not used within a few seconds from the window's load event. Please make sure it has an appropriate `as` value and it is preloaded intentionally. @ https://vercel.com/rigo-melchor-s-projects/foxtrading:0
[  247019ms] [WARNING] The resource https://vercel.com/_next/static/immutable/chunks/0rblmumf_9wz1.css was preloaded using link preload but not used within a few seconds from the window's load event. Please make sure it has an appropriate `as` value and it is preloaded intentionally. @ https://vercel.com/rigo-melchor-s-projects/foxtrading:0
[  247019ms] [WARNING] The resource https://vercel.com/_next/static/immutable/chunks/2qegur97i-cye.css was preloaded using link preload but not used within a few seconds from the window's load event. Please make sure it has an appropriate `as` value and it is preloaded intentionally. @ https://vercel.com/rigo-melchor-s-projects/foxtrading:0
[  247019ms] [WARNING] The resource https://vercel.com/_next/static/immutable/chunks/25nnd13fh_4k5.css was preloaded using link preload but not used within a few seconds from the window's load event. Please make sure it has an appropriate `as` value and it is preloaded intentionally. @ https://vercel.com/rigo-melchor-s-projects/foxtrading:0
[  247019ms] [WARNING] The resource https://vercel.com/_next/static/immutable/chunks/3p9g28no3_hj-.css was preloaded using link preload but not used within a few seconds from the window's load event. Please make sure it has an appropriate `as` value and it is preloaded intentionally. @ https://vercel.com/rigo-melchor-s-projects/foxtrading:0
[  247019ms] [WARNING] The resource https://vercel.com/_next/static/immutable/chunks/3fd49nnoyujvi.css was preloaded using link preload but not used within a few seconds from the window's load event. Please make sure it has an appropriate `as` value and it is preloaded intentionally. @ https://vercel.com/rigo-melchor-s-projects/foxtrading:0
[  247019ms] [WARNING] The resource https://vercel.com/_next/static/immutable/chunks/2cegy48-lpb69.css was preloaded using link preload but not used within a few seconds from the window's load event. Please make sure it has an appropriate `as` value and it is preloaded intentionally. @ https://vercel.com/rigo-melchor-s-projects/foxtrading:0
[  247019ms] [WARNING] The resource https://vercel.com/_next/static/immutable/chunks/26_kjvxoedtei.css was preloaded using link preload but not used within a few seconds from the window's load event. Please make sure it has an appropriate `as` value and it is preloaded intentionally. @ https://vercel.com/rigo-melchor-s-projects/foxtrading:0
[  250565ms] [WARNING] The resource https://vercel.com/_next/static/immutable/chunks/1y7np90zxj-un.css was preloaded using link preload but not used within a few seconds from the window's load event. Please make sure it has an appropriate `as` value and it is preloaded intentionally. @ https://vercel.com/rigo-melchor-s-projects/foxtrading:0
[  250565ms] [WARNING] The resource https://vercel.com/_next/static/immutable/media/caa3a2e1cccd8315.p.0wgildi0cnwt9.woff2 was preloaded using link preload but not used within a few seconds from the window's load event. Please make sure it has an appropriate `as` value and it is preloaded intentionally. @ https://vercel.com/rigo-melchor-s-projects/foxtrading:0
[  250565ms] [WARNING] The resource https://vercel.com/_next/static/immutable/chunks/2xsdyifozdz06.css was preloaded using link preload but not used within a few seconds from the window's load event. Please make sure it has an appropriate `as` value and it is preloaded intentionally. @ https://vercel.com/rigo-melchor-s-projects/foxtrading:0
[  250565ms] [WARNING] The resource https://vercel.com/_next/static/immutable/media/logo-vercel-dark.28zbfuuys0x7i.svg was preloaded using link preload but not used within a few seconds from the window's load event. Please make sure it has an appropriate `as` value and it is preloaded intentionally. @ https://vercel.com/rigo-melchor-s-projects/foxtrading:0
[  250565ms] [WARNING] The resource https://vercel.com/_next/static/immutable/chunks/0vmhpedf_b0j8.css was preloaded using link preload but not used within a few seconds from the window's load event. Please make sure it has an appropriate `as` value and it is preloaded intentionally. @ https://vercel.com/rigo-melchor-s-projects/foxtrading:0
[  250565ms] [WARNING] The resource https://vercel.com/_next/static/immutable/media/GeistMono_Variable.p.1bcgm0qa26ixg.woff2 was preloaded using link preload but not used within a few seconds from the window's load event. Please make sure it has an appropriate `as` value and it is preloaded intentionally. @ https://vercel.com/rigo-melchor-s-projects/foxtrading:0
[  250565ms] [WARNING] The resource https://vercel.com/_next/static/immutable/chunks/012p6cwa_e92y.css was preloaded using link preload but not used within a few seconds from the window's load event. Please make sure it has an appropriate `as` value and it is preloaded intentionally. @ https://vercel.com/rigo-melchor-s-projects/foxtrading:0
[  250565ms] [WARNING] The resource https://vercel.com/_next/static/immutable/chunks/1cqt2xba0-dxw.css was preloaded using link preload but not used within a few seconds from the window's load event. Please make sure it has an appropriate `as` value and it is preloaded intentionally. @ https://vercel.com/rigo-melchor-s-projects/foxtrading:0
[  250565ms] [WARNING] The resource https://vercel.com/_next/static/immutable/chunks/1yl8955ma4q4-.css was preloaded using link preload but not used within a few seconds from the window's load event. Please make sure it has an appropriate `as` value and it is preloaded intentionally. @ https://vercel.com/rigo-melchor-s-projects/foxtrading:0
[  250565ms] [WARNING] The resource https://vercel.com/_next/static/immutable/chunks/0-shbsz3-8ybx.css was preloaded using link preload but not used within a few seconds from the window's load event. Please make sure it has an appropriate `as` value and it is preloaded intentionally. @ https://vercel.com/rigo-melchor-s-projects/foxtrading:0
[  250565ms] [WARNING] The resource https://vercel.com/_next/static/immutable/chunks/1qpjfmo0jgtu2.css was preloaded using link preload but not used within a few seconds from the window's load event. Please make sure it has an appropriate `as` value and it is preloaded intentionally. @ https://vercel.com/rigo-melchor-s-projects/foxtrading:0
[  250565ms] [WARNING] The resource https://vercel.com/_next/static/immutable/chunks/3z36ncuffz89v.css was preloaded using link preload but not used within a few seconds from the window's load event. Please make sure it has an appropriate `as` value and it is preloaded intentionally. @ https://vercel.com/rigo-melchor-s-projects/foxtrading:0
[  250565ms] [WARNING] The resource https://vercel.com/_next/static/immutable/chunks/1u_bcwmq8rhcl.css was preloaded using link preload but not used within a few seconds from the window's load event. Please make sure it has an appropriate `as` value and it is preloaded intentionally. @ https://vercel.com/rigo-melchor-s-projects/foxtrading:0
[  250565ms] [WARNING] The resource https://vercel.com/_next/static/immutable/chunks/3z9uffp9rqnx8.css was preloaded using link preload but not used within a few seconds from the window's load event. Please make sure it has an appropriate `as` value and it is preloaded intentionally. @ https://vercel.com/rigo-melchor-s-projects/foxtrading:0
[  250565ms] [WARNING] The resource https://vercel.com/_next/static/immutable/chunks/1xg6gg5e39tni.css was preloaded using link preload but not used within a few seconds from the window's load event. Please make sure it has an appropriate `as` value and it is preloaded intentionally. @ https://vercel.com/rigo-melchor-s-projects/foxtrading:0
[  250566ms] [WARNING] The resource https://vercel.com/_next/static/immutable/chunks/1hzff2kh3gano.css was preloaded using link preload but not used within a few seconds from the window's load event. Please make sure it has an appropriate `as` value and it is preloaded intentionally. @ https://vercel.com/rigo-melchor-s-projects/foxtrading:0
[  250566ms] [WARNING] The resource https://vercel.com/_next/static/immutable/chunks/044vmykz7q7vs.css was preloaded using link preload but not used within a few seconds from the window's load event. Please make sure it has an appropriate `as` value and it is preloaded intentionally. @ https://vercel.com/rigo-melchor-s-projects/foxtrading:0
[  250566ms] [WARNING] The resource https://vercel.com/_next/static/immutable/media/logo-vercel-light.3an2_9g6dt4xn.svg was preloaded using link preload but not used within a few seconds from the window's load event. Please make sure it has an appropriate `as` value and it is preloaded intentionally. @ https://vercel.com/rigo-melchor-s-projects/foxtrading:0
[  250566ms] [WARNING] The resource https://vercel.com/_next/static/immutable/chunks/0rblmumf_9wz1.css was preloaded using link preload but not used within a few seconds from the window's load event. Please make sure it has an appropriate `as` value and it is preloaded intentionally. @ https://vercel.com/rigo-melchor-s-projects/foxtrading:0
[  250566ms] [WARNING] The resource https://vercel.com/_next/static/immutable/chunks/2qegur97i-cye.css was preloaded using link preload but not used within a few seconds from the window's load event. Please make sure it has an appropriate `as` value and it is preloaded intentionally. @ https://vercel.com/rigo-melchor-s-projects/foxtrading:0
[  250566ms] [WARNING] The resource https://vercel.com/_next/static/immutable/chunks/25nnd13fh_4k5.css was preloaded using link preload but not used within a few seconds from the window's load event. Please make sure it has an appropriate `as` value and it is preloaded intentionally. @ https://vercel.com/rigo-melchor-s-projects/foxtrading:0
[  250566ms] [WARNING] The resource https://vercel.com/_next/static/immutable/chunks/3p9g28no3_hj-.css was preloaded using link preload but not used within a few seconds from the window's load event. Please make sure it has an appropriate `as` value and it is preloaded intentionally. @ https://vercel.com/rigo-melchor-s-projects/foxtrading:0
[  250566ms] [WARNING] The resource https://vercel.com/_next/static/immutable/chunks/3fd49nnoyujvi.css was preloaded using link preload but not used within a few seconds from the window's load event. Please make sure it has an appropriate `as` value and it is preloaded intentionally. @ https://vercel.com/rigo-melchor-s-projects/foxtrading:0
[  250566ms] [WARNING] The resource https://vercel.com/_next/static/immutable/chunks/2cegy48-lpb69.css was preloaded using link preload but not used within a few seconds from the window's load event. Please make sure it has an appropriate `as` value and it is preloaded intentionally. @ https://vercel.com/rigo-melchor-s-projects/foxtrading:0
[  250566ms] [WARNING] The resource https://vercel.com/_next/static/immutable/chunks/26_kjvxoedtei.css was preloaded using link preload but not used within a few seconds from the window's load event. Please make sure it has an appropriate `as` value and it is preloaded intentionally. @ https://vercel.com/rigo-melchor-s-projects/foxtrading:0
[  261015ms] [WARNING] The resource https://vercel.com/_next/static/immutable/chunks/1y7np90zxj-un.css was preloaded using link preload but not used within a few seconds from the window's load event. Please make sure it has an appropriate `as` value and it is preloaded intentionally. @ https://vercel.com/rigo-melchor-s-projects/foxtrading:0
[  261015ms] [WARNING] The resource https://vercel.com/_next/static/immutable/media/caa3a2e1cccd8315.p.0wgildi0cnwt9.woff2 was preloaded using link preload but not used within a few seconds from the window's load event. Please make sure it has an appropriate `as` value and it is preloaded intentionally. @ https://vercel.com/rigo-melchor-s-projects/foxtrading:0
[  261016ms] [WARNING] The resource https://vercel.com/_next/static/immutable/chunks/2xsdyifozdz06.css was preloaded using link preload but not used within a few seconds from the window's load event. Please make sure it has an appropriate `as` value and it is preloaded intentionally. @ https://vercel.com/rigo-melchor-s-projects/foxtrading:0
[  261016ms] [WARNING] The resource https://vercel.com/_next/static/immutable/media/logo-vercel-dark.28zbfuuys0x7i.svg was preloaded using link preload but not used within a few seconds from the window's load event. Please make sure it has an appropriate `as` value and it is preloaded intentionally. @ https://vercel.com/rigo-melchor-s-projects/foxtrading:0
[  261016ms] [WARNING] The resource https://vercel.com/_next/static/immutable/chunks/0vmhpedf_b0j8.css was preloaded using link preload but not used within a few seconds from the window's load event. Please make sure it has an appropriate `as` value and it is preloaded intentionally. @ https://vercel.com/rigo-melchor-s-projects/foxtrading:0
[  261016ms] [WARNING] The resource https://vercel.com/_next/static/immutable/media/GeistMono_Variable.p.1bcgm0qa26ixg.woff2 was preloaded using link preload but not used within a few seconds from the window's load event. Please make sure it has an appropriate `as` value and it is preloaded intentionally. @ https://vercel.com/rigo-melchor-s-projects/foxtrading:0
[  261016ms] [WARNING] The resource https://vercel.com/_next/static/immutable/chunks/012p6cwa_e92y.css was preloaded using link preload but not used within a few seconds from the window's load event. Please make sure it has an appropriate `as` value and it is preloaded intentionally. @ https://vercel.com/rigo-melchor-s-projects/foxtrading:0
[  261016ms] [WARNING] The resource https://vercel.com/_next/static/immutable/chunks/1cqt2xba0-dxw.css was preloaded using link preload but not used within a few seconds from the window's load event. Please make sure it has an appropriate `as` value and it is preloaded intentionally. @ https://vercel.com/rigo-melchor-s-projects/foxtrading:0
[  261016ms] [WARNING] The resource https://vercel.com/_next/static/immutable/chunks/1yl8955ma4q4-.css was preloaded using link preload but not used within a few seconds from the window's load event. Please make sure it has an appropriate `as` value and it is preloaded intentionally. @ https://vercel.com/rigo-melchor-s-projects/foxtrading:0
[  261016ms] [WARNING] The resource https://vercel.com/_next/static/immutable/chunks/0-shbsz3-8ybx.css was preloaded using link preload but not used within a few seconds from the window's load event. Please make sure it has an appropriate `as` value and it is preloaded intentionally. @ https://vercel.com/rigo-melchor-s-projects/foxtrading:0
[  261016ms] [WARNING] The resource https://vercel.com/_next/static/immutable/chunks/1qpjfmo0jgtu2.css was preloaded using link preload but not used within a few seconds from the window's load event. Please make sure it has an appropriate `as` value and it is preloaded intentionally. @ https://vercel.com/rigo-melchor-s-projects/foxtrading:0
[  261016ms] [WARNING] The resource https://vercel.com/_next/static/immutable/chunks/3z36ncuffz89v.css was preloaded using link preload but not used within a few seconds from the window's load event. Please make sure it has an appropriate `as` value and it is preloaded intentionally. @ https://vercel.com/rigo-melchor-s-projects/foxtrading:0
[  261016ms] [WARNING] The resource https://vercel.com/_next/static/immutable/chunks/1u_bcwmq8rhcl.css was preloaded using link preload but not used within a few seconds from the window's load event. Please make sure it has an appropriate `as` value and it is preloaded intentionally. @ https://vercel.com/rigo-melchor-s-projects/foxtrading:0
[  261016ms] [WARNING] The resource https://vercel.com/_next/static/immutable/chunks/3z9uffp9rqnx8.css was preloaded using link preload but not used within a few seconds from the window's load event. Please make sure it has an appropriate `as` value and it is preloaded intentionally. @ https://vercel.com/rigo-melchor-s-projects/foxtrading:0
[  261016ms] [WARNING] The resource https://vercel.com/_next/static/immutable/chunks/1xg6gg5e39tni.css was preloaded using link preload but not used within a few seconds from the window's load event. Please make sure it has an appropriate `as` value and it is preloaded intentionally. @ https://vercel.com/rigo-melchor-s-projects/foxtrading:0
[  261016ms] [WARNING] The resource https://vercel.com/_next/static/immutable/chunks/1hzff2kh3gano.css was preloaded using link preload but not used within a few seconds from the window's load event. Please make sure it has an appropriate `as` value and it is preloaded intentionally. @ https://vercel.com/rigo-melchor-s-projects/foxtrading:0
[  261016ms] [WARNING] The resource https://vercel.com/_next/static/immutable/chunks/044vmykz7q7vs.css was preloaded using link preload but not used within a few seconds from the window's load event. Please make sure it has an appropriate `as` value and it is preloaded intentionally. @ https://vercel.com/rigo-melchor-s-projects/foxtrading:0
[  261016ms] [WARNING] The resource https://vercel.com/_next/static/immutable/media/logo-vercel-light.3an2_9g6dt4xn.svg was preloaded using link preload but not used within a few seconds from the window's load event. Please make sure it has an appropriate `as` value and it is preloaded intentionally. @ https://vercel.com/rigo-melchor-s-projects/foxtrading:0
[  261016ms] [WARNING] The resource https://vercel.com/_next/static/immutable/chunks/0rblmumf_9wz1.css was preloaded using link preload but not used within a few seconds from the window's load event. Please make sure it has an appropriate `as` value and it is preloaded intentionally. @ https://vercel.com/rigo-melchor-s-projects/foxtrading:0
[  261016ms] [WARNING] The resource https://vercel.com/_next/static/immutable/chunks/2qegur97i-cye.css was preloaded using link preload but not used within a few seconds from the window's load event. Please make sure it has an appropriate `as` value and it is preloaded intentionally. @ https://vercel.com/rigo-melchor-s-projects/foxtrading:0
[  261016ms] [WARNING] The resource https://vercel.com/_next/static/immutable/chunks/25nnd13fh_4k5.css was preloaded using link preload but not used within a few seconds from the window's load event. Please make sure it has an appropriate `as` value and it is preloaded intentionally. @ https://vercel.com/rigo-melchor-s-projects/foxtrading:0
[  261016ms] [WARNING] The resource https://vercel.com/_next/static/immutable/chunks/3p9g28no3_hj-.css was preloaded using link preload but not used within a few seconds from the window's load event. Please make sure it has an appropriate `as` value and it is preloaded intentionally. @ https://vercel.com/rigo-melchor-s-projects/foxtrading:0
[  261016ms] [WARNING] The resource https://vercel.com/_next/static/immutable/chunks/3fd49nnoyujvi.css was preloaded using link preload but not used within a few seconds from the window's load event. Please make sure it has an appropriate `as` value and it is preloaded intentionally. @ https://vercel.com/rigo-melchor-s-projects/foxtrading:0
[  261016ms] [WARNING] The resource https://vercel.com/_next/static/immutable/chunks/2cegy48-lpb69.css was preloaded using link preload but not used within a few seconds from the window's load event. Please make sure it has an appropriate `as` value and it is preloaded intentionally. @ https://vercel.com/rigo-melchor-s-projects/foxtrading:0
[  261016ms] [WARNING] The resource https://vercel.com/_next/static/immutable/chunks/26_kjvxoedtei.css was preloaded using link preload but not used within a few seconds from the window's load event. Please make sure it has an appropriate `as` value and it is preloaded intentionally. @ https://vercel.com/rigo-melchor-s-projects/foxtrading:0
[  267676ms] [WARNING] The resource https://vercel.com/_next/static/immutable/chunks/1y7np90zxj-un.css was preloaded using link preload but not used within a few seconds from the window's load event. Please make sure it has an appropriate `as` value and it is preloaded intentionally. @ https://vercel.com/rigo-melchor-s-projects/foxtrading:0
[  267676ms] [WARNING] The resource https://vercel.com/_next/static/immutable/media/caa3a2e1cccd8315.p.0wgildi0cnwt9.woff2 was preloaded using link preload but not used within a few seconds from the window's load event. Please make sure it has an appropriate `as` value and it is preloaded intentionally. @ https://vercel.com/rigo-melchor-s-projects/foxtrading:0
[  267676ms] [WARNING] The resource https://vercel.com/_next/static/immutable/chunks/2xsdyifozdz06.css was preloaded using link preload but not used within a few seconds from the window's load event. Please make sure it has an appropriate `as` value and it is preloaded intentionally. @ https://vercel.com/rigo-melchor-s-projects/foxtrading:0
[  267676ms] [WARNING] The resource https://vercel.com/_next/static/immutable/media/logo-vercel-dark.28zbfuuys0x7i.svg was preloaded using link preload but not used within a few seconds from the window's load event. Please make sure it has an appropriate `as` value and it is preloaded intentionally. @ https://vercel.com/rigo-melchor-s-projects/foxtrading:0
[  267676ms] [WARNING] The resource https://vercel.com/_next/static/immutable/chunks/0vmhpedf_b0j8.css was preloaded using link preload but not used within a few seconds from the window's load event. Please make sure it has an appropriate `as` value and it is preloaded intentionally. @ https://vercel.com/rigo-melchor-s-projects/foxtrading:0
[  267676ms] [WARNING] The resource https://vercel.com/_next/static/immutable/media/GeistMono_Variable.p.1bcgm0qa26ixg.woff2 was preloaded using link preload but not used within a few seconds from the window's load event. Please make sure it has an appropriate `as` value and it is preloaded intentionally. @ https://vercel.com/rigo-melchor-s-projects/foxtrading:0
[  267676ms] [WARNING] The resource https://vercel.com/_next/static/immutable/chunks/012p6cwa_e92y.css was preloaded using link preload but not used within a few seconds from the window's load event. Please make sure it has an appropriate `as` value and it is preloaded intentionally. @ https://vercel.com/rigo-melchor-s-projects/foxtrading:0
[  267676ms] [WARNING] The resource https://vercel.com/_next/static/immutable/chunks/1cqt2xba0-dxw.css was preloaded using link preload but not used within a few seconds from the window's load event. Please make sure it has an appropriate `as` value and it is preloaded intentionally. @ https://vercel.com/rigo-melchor-s-projects/foxtrading:0
[  267676ms] [WARNING] The resource https://vercel.com/_next/static/immutable/chunks/1yl8955ma4q4-.css was preloaded using link preload but not used within a few seconds from the window's load event. Please make sure it has an appropriate `as` value and it is preloaded intentionally. @ https://vercel.com/rigo-melchor-s-projects/foxtrading:0
[  267676ms] [WARNING] The resource https://vercel.com/_next/static/immutable/chunks/0-shbsz3-8ybx.css was preloaded using link preload but not used within a few seconds from the window's load event. Please make sure it has an appropriate `as` value and it is preloaded intentionally. @ https://vercel.com/rigo-melchor-s-projects/foxtrading:0
[  267676ms] [WARNING] The resource https://vercel.com/_next/static/immutable/chunks/1qpjfmo0jgtu2.css was preloaded using link preload but not used within a few seconds from the window's load event. Please make sure it has an appropriate `as` value and it is preloaded intentionally. @ https://vercel.com/rigo-melchor-s-projects/foxtrading:0
[  267676ms] [WARNING] The resource https://vercel.com/_next/static/immutable/chunks/3z36ncuffz89v.css was preloaded using link preload but not used within a few seconds from the window's load event. Please make sure it has an appropriate `as` value and it is preloaded intentionally. @ https://vercel.com/rigo-melchor-s-projects/foxtrading:0
[  267676ms] [WARNING] The resource https://vercel.com/_next/static/immutable/chunks/1u_bcwmq8rhcl.css was preloaded using link preload but not used within a few seconds from the window's load event. Please make sure it has an appropriate `as` value and it is preloaded intentionally. @ https://vercel.com/rigo-melchor-s-projects/foxtrading:0
[  267676ms] [WARNING] The resource https://vercel.com/_next/static/immutable/chunks/3z9uffp9rqnx8.css was preloaded using link preload but not used within a few seconds from the window's load event. Please make sure it has an appropriate `as` value and it is preloaded intentionally. @ https://vercel.com/rigo-melchor-s-projects/foxtrading:0
[  267676ms] [WARNING] The resource https://vercel.com/_next/static/immutable/chunks/1xg6gg5e39tni.css was preloaded using link preload but not used within a few seconds from the window's load event. Please make sure it has an appropriate `as` value and it is preloaded intentionally. @ https://vercel.com/rigo-melchor-s-projects/foxtrading:0
[  267676ms] [WARNING] The resource https://vercel.com/_next/static/immutable/chunks/1hzff2kh3gano.css was preloaded using link preload but not used within a few seconds from the window's load event. Please make sure it has an appropriate `as` value and it is preloaded intentionally. @ https://vercel.com/rigo-melchor-s-projects/foxtrading:0
[  267676ms] [WARNING] The resource https://vercel.com/_next/static/immutable/chunks/044vmykz7q7vs.css was preloaded using link preload but not used within a few seconds from the window's load event. Please make sure it has an appropriate `as` value and it is preloaded intentionally. @ https://vercel.com/rigo-melchor-s-projects/foxtrading:0
[  267676ms] [WARNING] The resource https://vercel.com/_next/static/immutable/media/logo-vercel-light.3an2_9g6dt4xn.svg was preloaded using link preload but not used within a few seconds from the window's load event. Please make sure it has an appropriate `as` value and it is preloaded intentionally. @ https://vercel.com/rigo-melchor-s-projects/foxtrading:0
[  267676ms] [WARNING] The resource https://vercel.com/_next/static/immutable/chunks/0rblmumf_9wz1.css was preloaded using link preload but not used within a few seconds from the window's load event. Please make sure it has an appropriate `as` value and it is preloaded intentionally. @ https://vercel.com/rigo-melchor-s-projects/foxtrading:0
[  267676ms] [WARNING] The resource https://vercel.com/_next/static/immutable/chunks/2qegur97i-cye.css was preloaded using link preload but not used within a few seconds from the window's load event. Please make sure it has an appropriate `as` value and it is preloaded intentionally. @ https://vercel.com/rigo-melchor-s-projects/foxtrading:0
[  267676ms] [WARNING] The resource https://vercel.com/_next/static/immutable/chunks/25nnd13fh_4k5.css was preloaded using link preload but not used within a few seconds from the window's load event. Please make sure it has an appropriate `as` value and it is preloaded intentionally. @ https://vercel.com/rigo-melchor-s-projects/foxtrading:0
[  267676ms] [WARNING] The resource https://vercel.com/_next/static/immutable/chunks/3p9g28no3_hj-.css was preloaded using link preload but not used within a few seconds from the window's load event. Please make sure it has an appropriate `as` value and it is preloaded intentionally. @ https://vercel.com/rigo-melchor-s-projects/foxtrading:0
[  267676ms] [WARNING] The resource https://vercel.com/_next/static/immutable/chunks/3fd49nnoyujvi.css was preloaded using link preload but not used within a few seconds from the window's load event. Please make sure it has an appropriate `as` value and it is preloaded intentionally. @ https://vercel.com/rigo-melchor-s-projects/foxtrading:0
[  267676ms] [WARNING] The resource https://vercel.com/_next/static/immutable/chunks/2cegy48-lpb69.css was preloaded using link preload but not used within a few seconds from the window's load event. Please make sure it has an appropriate `as` value and it is preloaded intentionally. @ https://vercel.com/rigo-melchor-s-projects/foxtrading:0
[  267676ms] [WARNING] The resource https://vercel.com/_next/static/immutable/chunks/26_kjvxoedtei.css was preloaded using link preload but not used within a few seconds from the window's load event. Please make sure it has an appropriate `as` value and it is preloaded intentionally. @ https://vercel.com/rigo-melchor-s-projects/foxtrading:0
[  271469ms] [WARNING] The resource https://vercel.com/_next/static/immutable/chunks/1y7np90zxj-un.css was preloaded using link preload but not used within a few seconds from the window's load event. Please make sure it has an appropriate `as` value and it is preloaded intentionally. @ https://vercel.com/rigo-melchor-s-projects/foxtrading:0
[  271469ms] [WARNING] The resource https://vercel.com/_next/static/immutable/media/caa3a2e1cccd8315.p.0wgildi0cnwt9.woff2 was preloaded using link preload but not used within a few seconds from the window's load event. Please make sure it has an appropriate `as` value and it is preloaded intentionally. @ https://vercel.com/rigo-melchor-s-projects/foxtrading:0
[  271469ms] [WARNING] The resource https://vercel.com/_next/static/immutable/chunks/2xsdyifozdz06.css was preloaded using link preload but not used within a few seconds from the window's load event. Please make sure it has an appropriate `as` value and it is preloaded intentionally. @ https://vercel.com/rigo-melchor-s-projects/foxtrading:0
[  271469ms] [WARNING] The resource https://vercel.com/_next/static/immutable/media/logo-vercel-dark.28zbfuuys0x7i.svg was preloaded using link preload but not used within a few seconds from the window's load event. Please make sure it has an appropriate `as` value and it is preloaded intentionally. @ https://vercel.com/rigo-melchor-s-projects/foxtrading:0
[  271469ms] [WARNING] The resource https://vercel.com/_next/static/immutable/chunks/0vmhpedf_b0j8.css was preloaded using link preload but not used within a few seconds from the window's load event. Please make sure it has an appropriate `as` value and it is preloaded intentionally. @ https://vercel.com/rigo-melchor-s-projects/foxtrading:0
[  271469ms] [WARNING] The resource https://vercel.com/_next/static/immutable/media/GeistMono_Variable.p.1bcgm0qa26ixg.woff2 was preloaded using link preload but not used within a few seconds from the window's load event. Please make sure it has an appropriate `as` value and it is preloaded intentionally. @ https://vercel.com/rigo-melchor-s-projects/foxtrading:0
[  271469ms] [WARNING] The resource https://vercel.com/_next/static/immutable/chunks/012p6cwa_e92y.css was preloaded using link preload but not used within a few seconds from the window's load event. Please make sure it has an appropriate `as` value and it is preloaded intentionally. @ https://vercel.com/rigo-melchor-s-projects/foxtrading:0
[  271469ms] [WARNING] The resource https://vercel.com/_next/static/immutable/chunks/1cqt2xba0-dxw.css was preloaded using link preload but not used within a few seconds from the window's load event. Please make sure it has an appropriate `as` value and it is preloaded intentionally. @ https://vercel.com/rigo-melchor-s-projects/foxtrading:0
[  271469ms] [WARNING] The resource https://vercel.com/_next/static/immutable/chunks/1yl8955ma4q4-.css was preloaded using link preload but not used within a few seconds from the window's load event. Please make sure it has an appropriate `as` value and it is preloaded intentionally. @ https://vercel.com/rigo-melchor-s-projects/foxtrading:0
[  271469ms] [WARNING] The resource https://vercel.com/_next/static/immutable/chunks/0-shbsz3-8ybx.css was preloaded using link preload but not used within a few seconds from the window's load event. Please make sure it has an appropriate `as` value and it is preloaded intentionally. @ https://vercel.com/rigo-melchor-s-projects/foxtrading:0
[  271469ms] [WARNING] The resource https://vercel.com/_next/static/immutable/chunks/1qpjfmo0jgtu2.css was preloaded using link preload but not used within a few seconds from the window's load event. Please make sure it has an appropriate `as` value and it is preloaded intentionally. @ https://vercel.com/rigo-melchor-s-projects/foxtrading:0
[  271469ms] [WARNING] The resource https://vercel.com/_next/static/immutable/chunks/3z36ncuffz89v.css was preloaded using link preload but not used within a few seconds from the window's load event. Please make sure it has an appropriate `as` value and it is preloaded intentionally. @ https://vercel.com/rigo-melchor-s-projects/foxtrading:0
[  271469ms] [WARNING] The resource https://vercel.com/_next/static/immutable/chunks/1u_bcwmq8rhcl.css was preloaded using link preload but not used within a few seconds from the window's load event. Please make sure it has an appropriate `as` value and it is preloaded intentionally. @ https://vercel.com/rigo-melchor-s-projects/foxtrading:0
[  271469ms] [WARNING] The resource https://vercel.com/_next/static/immutable/chunks/3z9uffp9rqnx8.css was preloaded using link preload but not used within a few seconds from the window's load event. Please make sure it has an appropriate `as` value and it is preloaded intentionally. @ https://vercel.com/rigo-melchor-s-projects/foxtrading:0
[  271469ms] [WARNING] The resource https://vercel.com/_next/static/immutable/chunks/1xg6gg5e39tni.css was preloaded using link preload but not used within a few seconds from the window's load event. Please make sure it has an appropriate `as` value and it is preloaded intentionally. @ https://vercel.com/rigo-melchor-s-projects/foxtrading:0
[  271469ms] [WARNING] The resource https://vercel.com/_next/static/immutable/chunks/1hzff2kh3gano.css was preloaded using link preload but not used within a few seconds from the window's load event. Please make sure it has an appropriate `as` value and it is preloaded intentionally. @ https://vercel.com/rigo-melchor-s-projects/foxtrading:0
[  271469ms] [WARNING] The resource https://vercel.com/_next/static/immutable/chunks/044vmykz7q7vs.css was preloaded using link preload but not used within a few seconds from the window's load event. Please make sure it has an appropriate `as` value and it is preloaded intentionally. @ https://vercel.com/rigo-melchor-s-projects/foxtrading:0
[  271469ms] [WARNING] The resource https://vercel.com/_next/static/immutable/media/logo-vercel-light.3an2_9g6dt4xn.svg was preloaded using link preload but not used within a few seconds from the window's load event. Please make sure it has an appropriate `as` value and it is preloaded intentionally. @ https://vercel.com/rigo-melchor-s-projects/foxtrading:0
[  271469ms] [WARNING] The resource https://vercel.com/_next/static/immutable/chunks/0rblmumf_9wz1.css was preloaded using link preload but not used within a few seconds from the window's load event. Please make sure it has an appropriate `as` value and it is preloaded intentionally. @ https://vercel.com/rigo-melchor-s-projects/foxtrading:0
[  271469ms] [WARNING] The resource https://vercel.com/_next/static/immutable/chunks/2qegur97i-cye.css was preloaded using link preload but not used within a few seconds from the window's load event. Please make sure it has an appropriate `as` value and it is preloaded intentionally. @ https://vercel.com/rigo-melchor-s-projects/foxtrading:0
[  271469ms] [WARNING] The resource https://vercel.com/_next/static/immutable/chunks/25nnd13fh_4k5.css was preloaded using link preload but not used within a few seconds from the window's load event. Please make sure it has an appropriate `as` value and it is preloaded intentionally. @ https://vercel.com/rigo-melchor-s-projects/foxtrading:0
[  271469ms] [WARNING] The resource https://vercel.com/_next/static/immutable/chunks/3p9g28no3_hj-.css was preloaded using link preload but not used within a few seconds from the window's load event. Please make sure it has an appropriate `as` value and it is preloaded intentionally. @ https://vercel.com/rigo-melchor-s-projects/foxtrading:0
[  271469ms] [WARNING] The resource https://vercel.com/_next/static/immutable/chunks/3fd49nnoyujvi.css was preloaded using link preload but not used within a few seconds from the window's load event. Please make sure it has an appropriate `as` value and it is preloaded intentionally. @ https://vercel.com/rigo-melchor-s-projects/foxtrading:0
[  271469ms] [WARNING] The resource https://vercel.com/_next/static/immutable/chunks/2cegy48-lpb69.css was preloaded using link preload but not used within a few seconds from the window's load event. Please make sure it has an appropriate `as` value and it is preloaded intentionally. @ https://vercel.com/rigo-melchor-s-projects/foxtrading:0
[  271469ms] [WARNING] The resource https://vercel.com/_next/static/immutable/chunks/26_kjvxoedtei.css was preloaded using link preload but not used within a few seconds from the window's load event. Please make sure it has an appropriate `as` value and it is preloaded intentionally. @ https://vercel.com/rigo-melchor-s-projects/foxtrading:0
[  277909ms] [WARNING] The resource https://vercel.com/_next/static/immutable/chunks/1y7np90zxj-un.css was preloaded using link preload but not used within a few seconds from the window's load event. Please make sure it has an appropriate `as` value and it is preloaded intentionally. @ https://vercel.com/rigo-melchor-s-projects/foxtrading:0
[  277909ms] [WARNING] The resource https://vercel.com/_next/static/immutable/media/caa3a2e1cccd8315.p.0wgildi0cnwt9.woff2 was preloaded using link preload but not used within a few seconds from the window's load event. Please make sure it has an appropriate `as` value and it is preloaded intentionally. @ https://vercel.com/rigo-melchor-s-projects/foxtrading:0
[  277909ms] [WARNING] The resource https://vercel.com/_next/static/immutable/chunks/2xsdyifozdz06.css was preloaded using link preload but not used within a few seconds from the window's load event. Please make sure it has an appropriate `as` value and it is preloaded intentionally. @ https://vercel.com/rigo-melchor-s-projects/foxtrading:0
[  277909ms] [WARNING] The resource https://vercel.com/_next/static/immutable/media/logo-vercel-dark.28zbfuuys0x7i.svg was preloaded using link preload but not used within a few seconds from the window's load event. Please make sure it has an appropriate `as` value and it is preloaded intentionally. @ https://vercel.com/rigo-melchor-s-projects/foxtrading:0
[  277909ms] [WARNING] The resource https://vercel.com/_next/static/immutable/chunks/0vmhpedf_b0j8.css was preloaded using link preload but not used within a few seconds from the window's load event. Please make sure it has an appropriate `as` value and it is preloaded intentionally. @ https://vercel.com/rigo-melchor-s-projects/foxtrading:0
[  277909ms] [WARNING] The resource https://vercel.com/_next/static/immutable/media/GeistMono_Variable.p.1bcgm0qa26ixg.woff2 was preloaded using link preload but not used within a few seconds from the window's load event. Please make sure it has an appropriate `as` value and it is preloaded intentionally. @ https://vercel.com/rigo-melchor-s-projects/foxtrading:0
[  277909ms] [WARNING] The resource https://vercel.com/_next/static/immutable/chunks/012p6cwa_e92y.css was preloaded using link preload but not used within a few seconds from the window's load event. Please make sure it has an appropriate `as` value and it is preloaded intentionally. @ https://vercel.com/rigo-melchor-s-projects/foxtrading:0
[  277909ms] [WARNING] The resource https://vercel.com/_next/static/immutable/chunks/1cqt2xba0-dxw.css was preloaded using link preload but not used within a few seconds from the window's load event. Please make sure it has an appropriate `as` value and it is preloaded intentionally. @ https://vercel.com/rigo-melchor-s-projects/foxtrading:0
[  277909ms] [WARNING] The resource https://vercel.com/_next/static/immutable/chunks/1yl8955ma4q4-.css was preloaded using link preload but not used within a few seconds from the window's load event. Please make sure it has an appropriate `as` value and it is preloaded intentionally. @ https://vercel.com/rigo-melchor-s-projects/foxtrading:0
[  277909ms] [WARNING] The resource https://vercel.com/_next/static/immutable/chunks/0-shbsz3-8ybx.css was preloaded using link preload but not used within a few seconds from the window's load event. Please make sure it has an appropriate `as` value and it is preloaded intentionally. @ https://vercel.com/rigo-melchor-s-projects/foxtrading:0
[  277909ms] [WARNING] The resource https://vercel.com/_next/static/immutable/chunks/1qpjfmo0jgtu2.css was preloaded using link preload but not used within a few seconds from the window's load event. Please make sure it has an appropriate `as` value and it is preloaded intentionally. @ https://vercel.com/rigo-melchor-s-projects/foxtrading:0
[  277909ms] [WARNING] The resource https://vercel.com/_next/static/immutable/chunks/3z36ncuffz89v.css was preloaded using link preload but not used within a few seconds from the window's load event. Please make sure it has an appropriate `as` value and it is preloaded intentionally. @ https://vercel.com/rigo-melchor-s-projects/foxtrading:0
[  277909ms] [WARNING] The resource https://vercel.com/_next/static/immutable/chunks/1u_bcwmq8rhcl.css was preloaded using link preload but not used within a few seconds from the window's load event. Please make sure it has an appropriate `as` value and it is preloaded intentionally. @ https://vercel.com/rigo-melchor-s-projects/foxtrading:0
[  277909ms] [WARNING] The resource https://vercel.com/_next/static/immutable/chunks/3z9uffp9rqnx8.css was preloaded using link preload but not used within a few seconds from the window's load event. Please make sure it has an appropriate `as` value and it is preloaded intentionally. @ https://vercel.com/rigo-melchor-s-projects/foxtrading:0
[  277909ms] [WARNING] The resource https://vercel.com/_next/static/immutable/chunks/1xg6gg5e39tni.css was preloaded using link preload but not used within a few seconds from the window's load event. Please make sure it has an appropriate `as` value and it is preloaded intentionally. @ https://vercel.com/rigo-melchor-s-projects/foxtrading:0
[  277909ms] [WARNING] The resource https://vercel.com/_next/static/immutable/chunks/1hzff2kh3gano.css was preloaded using link preload but not used within a few seconds from the window's load event. Please make sure it has an appropriate `as` value and it is preloaded intentionally. @ https://vercel.com/rigo-melchor-s-projects/foxtrading:0
[  277909ms] [WARNING] The resource https://vercel.com/_next/static/immutable/chunks/044vmykz7q7vs.css was preloaded using link preload but not used within a few seconds from the window's load event. Please make sure it has an appropriate `as` value and it is preloaded intentionally. @ https://vercel.com/rigo-melchor-s-projects/foxtrading:0
[  277909ms] [WARNING] The resource https://vercel.com/_next/static/immutable/media/logo-vercel-light.3an2_9g6dt4xn.svg was preloaded using link preload but not used within a few seconds from the window's load event. Please make sure it has an appropriate `as` value and it is preloaded intentionally. @ https://vercel.com/rigo-melchor-s-projects/foxtrading:0
[  277909ms] [WARNING] The resource https://vercel.com/_next/static/immutable/chunks/0rblmumf_9wz1.css was preloaded using link preload but not used within a few seconds from the window's load event. Please make sure it has an appropriate `as` value and it is preloaded intentionally. @ https://vercel.com/rigo-melchor-s-projects/foxtrading:0
[  277909ms] [WARNING] The resource https://vercel.com/_next/static/immutable/chunks/2qegur97i-cye.css was preloaded using link preload but not used within a few seconds from the window's load event. Please make sure it has an appropriate `as` value and it is preloaded intentionally. @ https://vercel.com/rigo-melchor-s-projects/foxtrading:0
[  277909ms] [WARNING] The resource https://vercel.com/_next/static/immutable/chunks/25nnd13fh_4k5.css was preloaded using link preload but not used within a few seconds from the window's load event. Please make sure it has an appropriate `as` value and it is preloaded intentionally. @ https://vercel.com/rigo-melchor-s-projects/foxtrading:0
[  277909ms] [WARNING] The resource https://vercel.com/_next/static/immutable/chunks/3p9g28no3_hj-.css was preloaded using link preload but not used within a few seconds from the window's load event. Please make sure it has an appropriate `as` value and it is preloaded intentionally. @ https://vercel.com/rigo-melchor-s-projects/foxtrading:0
[  277909ms] [WARNING] The resource https://vercel.com/_next/static/immutable/chunks/3fd49nnoyujvi.css was preloaded using link preload but not used within a few seconds from the window's load event. Please make sure it has an appropriate `as` value and it is preloaded intentionally. @ https://vercel.com/rigo-melchor-s-projects/foxtrading:0
[  277909ms] [WARNING] The resource https://vercel.com/_next/static/immutable/chunks/2cegy48-lpb69.css was preloaded using link preload but not used within a few seconds from the window's load event. Please make sure it has an appropriate `as` value and it is preloaded intentionally. @ https://vercel.com/rigo-melchor-s-projects/foxtrading:0
[  277909ms] [WARNING] The resource https://vercel.com/_next/static/immutable/chunks/26_kjvxoedtei.css was preloaded using link preload but not used within a few seconds from the window's load event. Please make sure it has an appropriate `as` value and it is preloaded intentionally. @ https://vercel.com/rigo-melchor-s-projects/foxtrading:0
[  298408ms] [WARNING] The resource https://vercel.com/_next/static/immutable/chunks/1y7np90zxj-un.css was preloaded using link preload but not used within a few seconds from the window's load event. Please make sure it has an appropriate `as` value and it is preloaded intentionally. @ https://vercel.com/rigo-melchor-s-projects/foxtrading:0
[  298408ms] [WARNING] The resource https://vercel.com/_next/static/immutable/media/caa3a2e1cccd8315.p.0wgildi0cnwt9.woff2 was preloaded using link preload but not used within a few seconds from the window's load event. Please make sure it has an appropriate `as` value and it is preloaded intentionally. @ https://vercel.com/rigo-melchor-s-projects/foxtrading:0
[  298408ms] [WARNING] The resource https://vercel.com/_next/static/immutable/chunks/2xsdyifozdz06.css was preloaded using link preload but not used within a few seconds from the window's load event. Please make sure it has an appropriate `as` value and it is preloaded intentionally. @ https://vercel.com/rigo-melchor-s-projects/foxtrading:0
[  298408ms] [WARNING] The resource https://vercel.com/_next/static/immutable/media/logo-vercel-dark.28zbfuuys0x7i.svg was preloaded using link preload but not used within a few seconds from the window's load event. Please make sure it has an appropriate `as` value and it is preloaded intentionally. @ https://vercel.com/rigo-melchor-s-projects/foxtrading:0
[  298408ms] [WARNING] The resource https://vercel.com/_next/static/immutable/chunks/0vmhpedf_b0j8.css was preloaded using link preload but not used within a few seconds from the window's load event. Please make sure it has an appropriate `as` value and it is preloaded intentionally. @ https://vercel.com/rigo-melchor-s-projects/foxtrading:0
[  298408ms] [WARNING] The resource https://vercel.com/_next/static/immutable/media/GeistMono_Variable.p.1bcgm0qa26ixg.woff2 was preloaded using link preload but not used within a few seconds from the window's load event. Please make sure it has an appropriate `as` value and it is preloaded intentionally. @ https://vercel.com/rigo-melchor-s-projects/foxtrading:0
[  298408ms] [WARNING] The resource https://vercel.com/_next/static/immutable/chunks/012p6cwa_e92y.css was preloaded using link preload but not used within a few seconds from the window's load event. Please make sure it has an appropriate `as` value and it is preloaded intentionally. @ https://vercel.com/rigo-melchor-s-projects/foxtrading:0
[  298408ms] [WARNING] The resource https://vercel.com/_next/static/immutable/chunks/1cqt2xba0-dxw.css was preloaded using link preload but not used within a few seconds from the window's load event. Please make sure it has an appropriate `as` value and it is preloaded intentionally. @ https://vercel.com/rigo-melchor-s-projects/foxtrading:0
[  298408ms] [WARNING] The resource https://vercel.com/_next/static/immutable/chunks/1yl8955ma4q4-.css was preloaded using link preload but not used within a few seconds from the window's load event. Please make sure it has an appropriate `as` value and it is preloaded intentionally. @ https://vercel.com/rigo-melchor-s-projects/foxtrading:0
[  298408ms] [WARNING] The resource https://vercel.com/_next/static/immutable/chunks/0-shbsz3-8ybx.css was preloaded using link preload but not used within a few seconds from the window's load event. Please make sure it has an appropriate `as` value and it is preloaded intentionally. @ https://vercel.com/rigo-melchor-s-projects/foxtrading:0
[  298408ms] [WARNING] The resource https://vercel.com/_next/static/immutable/chunks/1qpjfmo0jgtu2.css was preloaded using link preload but not used within a few seconds from the window's load event. Please make sure it has an appropriate `as` value and it is preloaded intentionally. @ https://vercel.com/rigo-melchor-s-projects/foxtrading:0
[  298408ms] [WARNING] The resource https://vercel.com/_next/static/immutable/chunks/3z36ncuffz89v.css was preloaded using link preload but not used within a few seconds from the window's load event. Please make sure it has an appropriate `as` value and it is preloaded intentionally. @ https://vercel.com/rigo-melchor-s-projects/foxtrading:0
[  298408ms] [WARNING] The resource https://vercel.com/_next/static/immutable/chunks/1u_bcwmq8rhcl.css was preloaded using link preload but not used within a few seconds from the window's load event. Please make sure it has an appropriate `as` value and it is preloaded intentionally. @ https://vercel.com/rigo-melchor-s-projects/foxtrading:0
[  298408ms] [WARNING] The resource https://vercel.com/_next/static/immutable/chunks/3z9uffp9rqnx8.css was preloaded using link preload but not used within a few seconds from the window's load event. Please make sure it has an appropriate `as` value and it is preloaded intentionally. @ https://vercel.com/rigo-melchor-s-projects/foxtrading:0
[  298408ms] [WARNING] The resource https://vercel.com/_next/static/immutable/chunks/1xg6gg5e39tni.css was preloaded using link preload but not used within a few seconds from the window's load event. Please make sure it has an appropriate `as` value and it is preloaded intentionally. @ https://vercel.com/rigo-melchor-s-projects/foxtrading:0
[  298408ms] [WARNING] The resource https://vercel.com/_next/static/immutable/chunks/1hzff2kh3gano.css was preloaded using link preload but not used within a few seconds from the window's load event. Please make sure it has an appropriate `as` value and it is preloaded intentionally. @ https://vercel.com/rigo-melchor-s-projects/foxtrading:0
[  298408ms] [WARNING] The resource https://vercel.com/_next/static/immutable/chunks/044vmykz7q7vs.css was preloaded using link preload but not used within a few seconds from the window's load event. Please make sure it has an appropriate `as` value and it is preloaded intentionally. @ https://vercel.com/rigo-melchor-s-projects/foxtrading:0
[  298408ms] [WARNING] The resource https://vercel.com/_next/static/immutable/media/logo-vercel-light.3an2_9g6dt4xn.svg was preloaded using link preload but not used within a few seconds from the window's load event. Please make sure it has an appropriate `as` value and it is preloaded intentionally. @ https://vercel.com/rigo-melchor-s-projects/foxtrading:0
[  298408ms] [WARNING] The resource https://vercel.com/_next/static/immutable/chunks/0rblmumf_9wz1.css was preloaded using link preload but not used within a few seconds from the window's load event. Please make sure it has an appropriate `as` value and it is preloaded intentionally. @ https://vercel.com/rigo-melchor-s-projects/foxtrading:0
[  298408ms] [WARNING] The resource https://vercel.com/_next/static/immutable/chunks/2qegur97i-cye.css was preloaded using link preload but not used within a few seconds from the window's load event. Please make sure it has an appropriate `as` value and it is preloaded intentionally. @ https://vercel.com/rigo-melchor-s-projects/foxtrading:0
[  298408ms] [WARNING] The resource https://vercel.com/_next/static/immutable/chunks/25nnd13fh_4k5.css was preloaded using link preload but not used within a few seconds from the window's load event. Please make sure it has an appropriate `as` value and it is preloaded intentionally. @ https://vercel.com/rigo-melchor-s-projects/foxtrading:0
[  298408ms] [WARNING] The resource https://vercel.com/_next/static/immutable/chunks/3p9g28no3_hj-.css was preloaded using link preload but not used within a few seconds from the window's load event. Please make sure it has an appropriate `as` value and it is preloaded intentionally. @ https://vercel.com/rigo-melchor-s-projects/foxtrading:0
[  298408ms] [WARNING] The resource https://vercel.com/_next/static/immutable/chunks/3fd49nnoyujvi.css was preloaded using link preload but not used within a few seconds from the window's load event. Please make sure it has an appropriate `as` value and it is preloaded intentionally. @ https://vercel.com/rigo-melchor-s-projects/foxtrading:0
[  298408ms] [WARNING] The resource https://vercel.com/_next/static/immutable/chunks/2cegy48-lpb69.css was preloaded using link preload but not used within a few seconds from the window's load event. Please make sure it has an appropriate `as` value and it is preloaded intentionally. @ https://vercel.com/rigo-melchor-s-projects/foxtrading:0
[  298408ms] [WARNING] The resource https://vercel.com/_next/static/immutable/chunks/26_kjvxoedtei.css was preloaded using link preload but not used within a few seconds from the window's load event. Please make sure it has an appropriate `as` value and it is preloaded intentionally. @ https://vercel.com/rigo-melchor-s-projects/foxtrading:0
[  308622ms] [WARNING] The resource https://vercel.com/_next/static/immutable/chunks/1y7np90zxj-un.css was preloaded using link preload but not used within a few seconds from the window's load event. Please make sure it has an appropriate `as` value and it is preloaded intentionally. @ https://vercel.com/rigo-melchor-s-projects/foxtrading:0
[  308622ms] [WARNING] The resource https://vercel.com/_next/static/immutable/media/caa3a2e1cccd8315.p.0wgildi0cnwt9.woff2 was preloaded using link preload but not used within a few seconds from the window's load event. Please make sure it has an appropriate `as` value and it is preloaded intentionally. @ https://vercel.com/rigo-melchor-s-projects/foxtrading:0
[  308622ms] [WARNING] The resource https://vercel.com/_next/static/immutable/chunks/2xsdyifozdz06.css was preloaded using link preload but not used within a few seconds from the window's load event. Please make sure it has an appropriate `as` value and it is preloaded intentionally. @ https://vercel.com/rigo-melchor-s-projects/foxtrading:0
[  308622ms] [WARNING] The resource https://vercel.com/_next/static/immutable/media/logo-vercel-dark.28zbfuuys0x7i.svg was preloaded using link preload but not used within a few seconds from the window's load event. Please make sure it has an appropriate `as` value and it is preloaded intentionally. @ https://vercel.com/rigo-melchor-s-projects/foxtrading:0
[  308622ms] [WARNING] The resource https://vercel.com/_next/static/immutable/chunks/0vmhpedf_b0j8.css was preloaded using link preload but not used within a few seconds from the window's load event. Please make sure it has an appropriate `as` value and it is preloaded intentionally. @ https://vercel.com/rigo-melchor-s-projects/foxtrading:0
[  308622ms] [WARNING] The resource https://vercel.com/_next/static/immutable/media/GeistMono_Variable.p.1bcgm0qa26ixg.woff2 was preloaded using link preload but not used within a few seconds from the window's load event. Please make sure it has an appropriate `as` value and it is preloaded intentionally. @ https://vercel.com/rigo-melchor-s-projects/foxtrading:0
[  308622ms] [WARNING] The resource https://vercel.com/_next/static/immutable/chunks/012p6cwa_e92y.css was preloaded using link preload but not used within a few seconds from the window's load event. Please make sure it has an appropriate `as` value and it is preloaded intentionally. @ https://vercel.com/rigo-melchor-s-projects/foxtrading:0
[  308623ms] [WARNING] The resource https://vercel.com/_next/static/immutable/chunks/1cqt2xba0-dxw.css was preloaded using link preload but not used within a few seconds from the window's load event. Please make sure it has an appropriate `as` value and it is preloaded intentionally. @ https://vercel.com/rigo-melchor-s-projects/foxtrading:0
[  308623ms] [WARNING] The resource https://vercel.com/_next/static/immutable/chunks/1yl8955ma4q4-.css was preloaded using link preload but not used within a few seconds from the window's load event. Please make sure it has an appropriate `as` value and it is preloaded intentionally. @ https://vercel.com/rigo-melchor-s-projects/foxtrading:0
[  308623ms] [WARNING] The resource https://vercel.com/_next/static/immutable/chunks/0-shbsz3-8ybx.css was preloaded using link preload but not used within a few seconds from the window's load event. Please make sure it has an appropriate `as` value and it is preloaded intentionally. @ https://vercel.com/rigo-melchor-s-projects/foxtrading:0
[  308623ms] [WARNING] The resource https://vercel.com/_next/static/immutable/chunks/1qpjfmo0jgtu2.css was preloaded using link preload but not used within a few seconds from the window's load event. Please make sure it has an appropriate `as` value and it is preloaded intentionally. @ https://vercel.com/rigo-melchor-s-projects/foxtrading:0
[  308623ms] [WARNING] The resource https://vercel.com/_next/static/immutable/chunks/3z36ncuffz89v.css was preloaded using link preload but not used within a few seconds from the window's load event. Please make sure it has an appropriate `as` value and it is preloaded intentionally. @ https://vercel.com/rigo-melchor-s-projects/foxtrading:0
[  308623ms] [WARNING] The resource https://vercel.com/_next/static/immutable/chunks/1u_bcwmq8rhcl.css was preloaded using link preload but not used within a few seconds from the window's load event. Please make sure it has an appropriate `as` value and it is preloaded intentionally. @ https://vercel.com/rigo-melchor-s-projects/foxtrading:0
[  308623ms] [WARNING] The resource https://vercel.com/_next/static/immutable/chunks/3z9uffp9rqnx8.css was preloaded using link preload but not used within a few seconds from the window's load event. Please make sure it has an appropriate `as` value and it is preloaded intentionally. @ https://vercel.com/rigo-melchor-s-projects/foxtrading:0
[  308623ms] [WARNING] The resource https://vercel.com/_next/static/immutable/chunks/1xg6gg5e39tni.css was preloaded using link preload but not used within a few seconds from the window's load event. Please make sure it has an appropriate `as` value and it is preloaded intentionally. @ https://vercel.com/rigo-melchor-s-projects/foxtrading:0
[  308623ms] [WARNING] The resource https://vercel.com/_next/static/immutable/chunks/1hzff2kh3gano.css was preloaded using link preload but not used within a few seconds from the window's load event. Please make sure it has an appropriate `as` value and it is preloaded intentionally. @ https://vercel.com/rigo-melchor-s-projects/foxtrading:0
[  308623ms] [WARNING] The resource https://vercel.com/_next/static/immutable/chunks/044vmykz7q7vs.css was preloaded using link preload but not used within a few seconds from the window's load event. Please make sure it has an appropriate `as` value and it is preloaded intentionally. @ https://vercel.com/rigo-melchor-s-projects/foxtrading:0
[  308623ms] [WARNING] The resource https://vercel.com/_next/static/immutable/media/logo-vercel-light.3an2_9g6dt4xn.svg was preloaded using link preload but not used within a few seconds from the window's load event. Please make sure it has an appropriate `as` value and it is preloaded intentionally. @ https://vercel.com/rigo-melchor-s-projects/foxtrading:0
[  308623ms] [WARNING] The resource https://vercel.com/_next/static/immutable/chunks/0rblmumf_9wz1.css was preloaded using link preload but not used within a few seconds from the window's load event. Please make sure it has an appropriate `as` value and it is preloaded intentionally. @ https://vercel.com/rigo-melchor-s-projects/foxtrading:0
[  308623ms] [WARNING] The resource https://vercel.com/_next/static/immutable/chunks/2qegur97i-cye.css was preloaded using link preload but not used within a few seconds from the window's load event. Please make sure it has an appropriate `as` value and it is preloaded intentionally. @ https://vercel.com/rigo-melchor-s-projects/foxtrading:0
[  308623ms] [WARNING] The resource https://vercel.com/_next/static/immutable/chunks/25nnd13fh_4k5.css was preloaded using link preload but not used within a few seconds from the window's load event. Please make sure it has an appropriate `as` value and it is preloaded intentionally. @ https://vercel.com/rigo-melchor-s-projects/foxtrading:0
[  308623ms] [WARNING] The resource https://vercel.com/_next/static/immutable/chunks/3p9g28no3_hj-.css was preloaded using link preload but not used within a few seconds from the window's load event. Please make sure it has an appropriate `as` value and it is preloaded intentionally. @ https://vercel.com/rigo-melchor-s-projects/foxtrading:0
[  308623ms] [WARNING] The resource https://vercel.com/_next/static/immutable/chunks/3fd49nnoyujvi.css was preloaded using link preload but not used within a few seconds from the window's load event. Please make sure it has an appropriate `as` value and it is preloaded intentionally. @ https://vercel.com/rigo-melchor-s-projects/foxtrading:0
[  308623ms] [WARNING] The resource https://vercel.com/_next/static/immutable/chunks/2cegy48-lpb69.css was preloaded using link preload but not used within a few seconds from the window's load event. Please make sure it has an appropriate `as` value and it is preloaded intentionally. @ https://vercel.com/rigo-melchor-s-projects/foxtrading:0
[  308623ms] [WARNING] The resource https://vercel.com/_next/static/immutable/chunks/26_kjvxoedtei.css was preloaded using link preload but not used within a few seconds from the window's load event. Please make sure it has an appropriate `as` value and it is preloaded intentionally. @ https://vercel.com/rigo-melchor-s-projects/foxtrading:0
[  325754ms] [WARNING] The resource https://vercel.com/_next/static/immutable/chunks/1y7np90zxj-un.css was preloaded using link preload but not used within a few seconds from the window's load event. Please make sure it has an appropriate `as` value and it is preloaded intentionally. @ https://vercel.com/rigo-melchor-s-projects/foxtrading:0
[  325754ms] [WARNING] The resource https://vercel.com/_next/static/immutable/media/caa3a2e1cccd8315.p.0wgildi0cnwt9.woff2 was preloaded using link preload but not used within a few seconds from the window's load event. Please make sure it has an appropriate `as` value and it is preloaded intentionally. @ https://vercel.com/rigo-melchor-s-projects/foxtrading:0
[  325754ms] [WARNING] The resource https://vercel.com/_next/static/immutable/chunks/2xsdyifozdz06.css was preloaded using link preload but not used within a few seconds from the window's load event. Please make sure it has an appropriate `as` value and it is preloaded intentionally. @ https://vercel.com/rigo-melchor-s-projects/foxtrading:0
[  325754ms] [WARNING] The resource https://vercel.com/_next/static/immutable/media/logo-vercel-dark.28zbfuuys0x7i.svg was preloaded using link preload but not used within a few seconds from the window's load event. Please make sure it has an appropriate `as` value and it is preloaded intentionally. @ https://vercel.com/rigo-melchor-s-projects/foxtrading:0
[  325754ms] [WARNING] The resource https://vercel.com/_next/static/immutable/chunks/0vmhpedf_b0j8.css was preloaded using link preload but not used within a few seconds from the window's load event. Please make sure it has an appropriate `as` value and it is preloaded intentionally. @ https://vercel.com/rigo-melchor-s-projects/foxtrading:0
[  325754ms] [WARNING] The resource https://vercel.com/_next/static/immutable/media/GeistMono_Variable.p.1bcgm0qa26ixg.woff2 was preloaded using link preload but not used within a few seconds from the window's load event. Please make sure it has an appropriate `as` value and it is preloaded intentionally. @ https://vercel.com/rigo-melchor-s-projects/foxtrading:0
[  325754ms] [WARNING] The resource https://vercel.com/_next/static/immutable/chunks/012p6cwa_e92y.css was preloaded using link preload but not used within a few seconds from the window's load event. Please make sure it has an appropriate `as` value and it is preloaded intentionally. @ https://vercel.com/rigo-melchor-s-projects/foxtrading:0
[  325754ms] [WARNING] The resource https://vercel.com/_next/static/immutable/chunks/1cqt2xba0-dxw.css was preloaded using link preload but not used within a few seconds from the window's load event. Please make sure it has an appropriate `as` value and it is preloaded intentionally. @ https://vercel.com/rigo-melchor-s-projects/foxtrading:0
[  325754ms] [WARNING] The resource https://vercel.com/_next/static/immutable/chunks/1yl8955ma4q4-.css was preloaded using link preload but not used within a few seconds from the window's load event. Please make sure it has an appropriate `as` value and it is preloaded intentionally. @ https://vercel.com/rigo-melchor-s-projects/foxtrading:0
[  325754ms] [WARNING] The resource https://vercel.com/_next/static/immutable/chunks/0-shbsz3-8ybx.css was preloaded using link preload but not used within a few seconds from the window's load event. Please make sure it has an appropriate `as` value and it is preloaded intentionally. @ https://vercel.com/rigo-melchor-s-projects/foxtrading:0
[  325754ms] [WARNING] The resource https://vercel.com/_next/static/immutable/chunks/1qpjfmo0jgtu2.css was preloaded using link preload but not used within a few seconds from the window's load event. Please make sure it has an appropriate `as` value and it is preloaded intentionally. @ https://vercel.com/rigo-melchor-s-projects/foxtrading:0
[  325754ms] [WARNING] The resource https://vercel.com/_next/static/immutable/chunks/3z36ncuffz89v.css was preloaded using link preload but not used within a few seconds from the window's load event. Please make sure it has an appropriate `as` value and it is preloaded intentionally. @ https://vercel.com/rigo-melchor-s-projects/foxtrading:0
[  325754ms] [WARNING] The resource https://vercel.com/_next/static/immutable/chunks/1u_bcwmq8rhcl.css was preloaded using link preload but not used within a few seconds from the window's load event. Please make sure it has an appropriate `as` value and it is preloaded intentionally. @ https://vercel.com/rigo-melchor-s-projects/foxtrading:0
[  325754ms] [WARNING] The resource https://vercel.com/_next/static/immutable/chunks/3z9uffp9rqnx8.css was preloaded using link preload but not used within a few seconds from the window's load event. Please make sure it has an appropriate `as` value and it is preloaded intentionally. @ https://vercel.com/rigo-melchor-s-projects/foxtrading:0
[  325755ms] [WARNING] The resource https://vercel.com/_next/static/immutable/chunks/1xg6gg5e39tni.css was preloaded using link preload but not used within a few seconds from the window's load event. Please make sure it has an appropriate `as` value and it is preloaded intentionally. @ https://vercel.com/rigo-melchor-s-projects/foxtrading:0
[  325755ms] [WARNING] The resource https://vercel.com/_next/static/immutable/chunks/1hzff2kh3gano.css was preloaded using link preload but not used within a few seconds from the window's load event. Please make sure it has an appropriate `as` value and it is preloaded intentionally. @ https://vercel.com/rigo-melchor-s-projects/foxtrading:0
[  325755ms] [WARNING] The resource https://vercel.com/_next/static/immutable/chunks/044vmykz7q7vs.css was preloaded using link preload but not used within a few seconds from the window's load event. Please make sure it has an appropriate `as` value and it is preloaded intentionally. @ https://vercel.com/rigo-melchor-s-projects/foxtrading:0
[  325755ms] [WARNING] The resource https://vercel.com/_next/static/immutable/media/logo-vercel-light.3an2_9g6dt4xn.svg was preloaded using link preload but not used within a few seconds from the window's load event. Please make sure it has an appropriate `as` value and it is preloaded intentionally. @ https://vercel.com/rigo-melchor-s-projects/foxtrading:0
[  325755ms] [WARNING] The resource https://vercel.com/_next/static/immutable/chunks/0rblmumf_9wz1.css was preloaded using link preload but not used within a few seconds from the window's load event. Please make sure it has an appropriate `as` value and it is preloaded intentionally. @ https://vercel.com/rigo-melchor-s-projects/foxtrading:0
[  325755ms] [WARNING] The resource https://vercel.com/_next/static/immutable/chunks/2qegur97i-cye.css was preloaded using link preload but not used within a few seconds from the window's load event. Please make sure it has an appropriate `as` value and it is preloaded intentionally. @ https://vercel.com/rigo-melchor-s-projects/foxtrading:0
[  325755ms] [WARNING] The resource https://vercel.com/_next/static/immutable/chunks/25nnd13fh_4k5.css was preloaded using link preload but not used within a few seconds from the window's load event. Please make sure it has an appropriate `as` value and it is preloaded intentionally. @ https://vercel.com/rigo-melchor-s-projects/foxtrading:0
[  325755ms] [WARNING] The resource https://vercel.com/_next/static/immutable/chunks/3p9g28no3_hj-.css was preloaded using link preload but not used within a few seconds from the window's load event. Please make sure it has an appropriate `as` value and it is preloaded intentionally. @ https://vercel.com/rigo-melchor-s-projects/foxtrading:0
[  325755ms] [WARNING] The resource https://vercel.com/_next/static/immutable/chunks/3fd49nnoyujvi.css was preloaded using link preload but not used within a few seconds from the window's load event. Please make sure it has an appropriate `as` value and it is preloaded intentionally. @ https://vercel.com/rigo-melchor-s-projects/foxtrading:0
[  325755ms] [WARNING] The resource https://vercel.com/_next/static/immutable/chunks/2cegy48-lpb69.css was preloaded using link preload but not used within a few seconds from the window's load event. Please make sure it has an appropriate `as` value and it is preloaded intentionally. @ https://vercel.com/rigo-melchor-s-projects/foxtrading:0
[  325755ms] [WARNING] The resource https://vercel.com/_next/static/immutable/chunks/26_kjvxoedtei.css was preloaded using link preload but not used within a few seconds from the window's load event. Please make sure it has an appropriate `as` value and it is preloaded intentionally. @ https://vercel.com/rigo-melchor-s-projects/foxtrading:0
[  329438ms] [WARNING] The resource https://vercel.com/_next/static/immutable/chunks/1y7np90zxj-un.css was preloaded using link preload but not used within a few seconds from the window's load event. Please make sure it has an appropriate `as` value and it is preloaded intentionally. @ https://vercel.com/rigo-melchor-s-projects/foxtrading:0
[  329438ms] [WARNING] The resource https://vercel.com/_next/static/immutable/media/caa3a2e1cccd8315.p.0wgildi0cnwt9.woff2 was preloaded using link preload but not used within a few seconds from the window's load event. Please make sure it has an appropriate `as` value and it is preloaded intentionally. @ https://vercel.com/rigo-melchor-s-projects/foxtrading:0
[  329438ms] [WARNING] The resource https://vercel.com/_next/static/immutable/chunks/2xsdyifozdz06.css was preloaded using link preload but not used within a few seconds from the window's load event. Please make sure it has an appropriate `as` value and it is preloaded intentionally. @ https://vercel.com/rigo-melchor-s-projects/foxtrading:0
[  329438ms] [WARNING] The resource https://vercel.com/_next/static/immutable/media/logo-vercel-dark.28zbfuuys0x7i.svg was preloaded using link preload but not used within a few seconds from the window's load event. Please make sure it has an appropriate `as` value and it is preloaded intentionally. @ https://vercel.com/rigo-melchor-s-projects/foxtrading:0
[  329438ms] [WARNING] The resource https://vercel.com/_next/static/immutable/chunks/0vmhpedf_b0j8.css was preloaded using link preload but not used within a few seconds from the window's load event. Please make sure it has an appropriate `as` value and it is preloaded intentionally. @ https://vercel.com/rigo-melchor-s-projects/foxtrading:0
[  329439ms] [WARNING] The resource https://vercel.com/_next/static/immutable/media/GeistMono_Variable.p.1bcgm0qa26ixg.woff2 was preloaded using link preload but not used within a few seconds from the window's load event. Please make sure it has an appropriate `as` value and it is preloaded intentionally. @ https://vercel.com/rigo-melchor-s-projects/foxtrading:0
[  329439ms] [WARNING] The resource https://vercel.com/_next/static/immutable/chunks/012p6cwa_e92y.css was preloaded using link preload but not used within a few seconds from the window's load event. Please make sure it has an appropriate `as` value and it is preloaded intentionally. @ https://vercel.com/rigo-melchor-s-projects/foxtrading:0
[  329439ms] [WARNING] The resource https://vercel.com/_next/static/immutable/chunks/1cqt2xba0-dxw.css was preloaded using link preload but not used within a few seconds from the window's load event. Please make sure it has an appropriate `as` value and it is preloaded intentionally. @ https://vercel.com/rigo-melchor-s-projects/foxtrading:0
[  329439ms] [WARNING] The resource https://vercel.com/_next/static/immutable/chunks/1yl8955ma4q4-.css was preloaded using link preload but not used within a few seconds from the window's load event. Please make sure it has an appropriate `as` value and it is preloaded intentionally. @ https://vercel.com/rigo-melchor-s-projects/foxtrading:0
[  329439ms] [WARNING] The resource https://vercel.com/_next/static/immutable/chunks/0-shbsz3-8ybx.css was preloaded using link preload but not used within a few seconds from the window's load event. Please make sure it has an appropriate `as` value and it is preloaded intentionally. @ https://vercel.com/rigo-melchor-s-projects/foxtrading:0
[  329439ms] [WARNING] The resource https://vercel.com/_next/static/immutable/chunks/1qpjfmo0jgtu2.css was preloaded using link preload but not used within a few seconds from the window's load event. Please make sure it has an appropriate `as` value and it is preloaded intentionally. @ https://vercel.com/rigo-melchor-s-projects/foxtrading:0
[  329439ms] [WARNING] The resource https://vercel.com/_next/static/immutable/chunks/3z36ncuffz89v.css was preloaded using link preload but not used within a few seconds from the window's load event. Please make sure it has an appropriate `as` value and it is preloaded intentionally. @ https://vercel.com/rigo-melchor-s-projects/foxtrading:0
[  329439ms] [WARNING] The resource https://vercel.com/_next/static/immutable/chunks/1u_bcwmq8rhcl.css was preloaded using link preload but not used within a few seconds from the window's load event. Please make sure it has an appropriate `as` value and it is preloaded intentionally. @ https://vercel.com/rigo-melchor-s-projects/foxtrading:0
[  329439ms] [WARNING] The resource https://vercel.com/_next/static/immutable/chunks/3z9uffp9rqnx8.css was preloaded using link preload but not used within a few seconds from the window's load event. Please make sure it has an appropriate `as` value and it is preloaded intentionally. @ https://vercel.com/rigo-melchor-s-projects/foxtrading:0
[  329439ms] [WARNING] The resource https://vercel.com/_next/static/immutable/chunks/1xg6gg5e39tni.css was preloaded using link preload but not used within a few seconds from the window's load event. Please make sure it has an appropriate `as` value and it is preloaded intentionally. @ https://vercel.com/rigo-melchor-s-projects/foxtrading:0
[  329439ms] [WARNING] The resource https://vercel.com/_next/static/immutable/chunks/1hzff2kh3gano.css was preloaded using link preload but not used within a few seconds from the window's load event. Please make sure it has an appropriate `as` value and it is preloaded intentionally. @ https://vercel.com/rigo-melchor-s-projects/foxtrading:0
[  329439ms] [WARNING] The resource https://vercel.com/_next/static/immutable/chunks/044vmykz7q7vs.css was preloaded using link preload but not used within a few seconds from the window's load event. Please make sure it has an appropriate `as` value and it is preloaded intentionally. @ https://vercel.com/rigo-melchor-s-projects/foxtrading:0
[  329439ms] [WARNING] The resource https://vercel.com/_next/static/immutable/media/logo-vercel-light.3an2_9g6dt4xn.svg was preloaded using link preload but not used within a few seconds from the window's load event. Please make sure it has an appropriate `as` value and it is preloaded intentionally. @ https://vercel.com/rigo-melchor-s-projects/foxtrading:0
[  329439ms] [WARNING] The resource https://vercel.com/_next/static/immutable/chunks/0rblmumf_9wz1.css was preloaded using link preload but not used within a few seconds from the window's load event. Please make sure it has an appropriate `as` value and it is preloaded intentionally. @ https://vercel.com/rigo-melchor-s-projects/foxtrading:0
[  329439ms] [WARNING] The resource https://vercel.com/_next/static/immutable/chunks/2qegur97i-cye.css was preloaded using link preload but not used within a few seconds from the window's load event. Please make sure it has an appropriate `as` value and it is preloaded intentionally. @ https://vercel.com/rigo-melchor-s-projects/foxtrading:0
[  329439ms] [WARNING] The resource https://vercel.com/_next/static/immutable/chunks/25nnd13fh_4k5.css was preloaded using link preload but not used within a few seconds from the window's load event. Please make sure it has an appropriate `as` value and it is preloaded intentionally. @ https://vercel.com/rigo-melchor-s-projects/foxtrading:0
[  329439ms] [WARNING] The resource https://vercel.com/_next/static/immutable/chunks/3p9g28no3_hj-.css was preloaded using link preload but not used within a few seconds from the window's load event. Please make sure it has an appropriate `as` value and it is preloaded intentionally. @ https://vercel.com/rigo-melchor-s-projects/foxtrading:0
[  329439ms] [WARNING] The resource https://vercel.com/_next/static/immutable/chunks/3fd49nnoyujvi.css was preloaded using link preload but not used within a few seconds from the window's load event. Please make sure it has an appropriate `as` value and it is preloaded intentionally. @ https://vercel.com/rigo-melchor-s-projects/foxtrading:0
[  329439ms] [WARNING] The resource https://vercel.com/_next/static/immutable/chunks/2cegy48-lpb69.css was preloaded using link preload but not used within a few seconds from the window's load event. Please make sure it has an appropriate `as` value and it is preloaded intentionally. @ https://vercel.com/rigo-melchor-s-projects/foxtrading:0
[  329439ms] [WARNING] The resource https://vercel.com/_next/static/immutable/chunks/26_kjvxoedtei.css was preloaded using link preload but not used within a few seconds from the window's load event. Please make sure it has an appropriate `as` value and it is preloaded intentionally. @ https://vercel.com/rigo-melchor-s-projects/foxtrading:0
[  336163ms] [WARNING] The resource https://vercel.com/_next/static/immutable/chunks/1y7np90zxj-un.css was preloaded using link preload but not used within a few seconds from the window's load event. Please make sure it has an appropriate `as` value and it is preloaded intentionally. @ https://vercel.com/rigo-melchor-s-projects/foxtrading:0
[  336163ms] [WARNING] The resource https://vercel.com/_next/static/immutable/media/caa3a2e1cccd8315.p.0wgildi0cnwt9.woff2 was preloaded using link preload but not used within a few seconds from the window's load event. Please make sure it has an appropriate `as` value and it is preloaded intentionally. @ https://vercel.com/rigo-melchor-s-projects/foxtrading:0
[  336163ms] [WARNING] The resource https://vercel.com/_next/static/immutable/chunks/2xsdyifozdz06.css was preloaded using link preload but not used within a few seconds from the window's load event. Please make sure it has an appropriate `as` value and it is preloaded intentionally. @ https://vercel.com/rigo-melchor-s-projects/foxtrading:0
[  336163ms] [WARNING] The resource https://vercel.com/_next/static/immutable/media/logo-vercel-dark.28zbfuuys0x7i.svg was preloaded using link preload but not used within a few seconds from the window's load event. Please make sure it has an appropriate `as` value and it is preloaded intentionally. @ https://vercel.com/rigo-melchor-s-projects/foxtrading:0
[  336163ms] [WARNING] The resource https://vercel.com/_next/static/immutable/chunks/0vmhpedf_b0j8.css was preloaded using link preload but not used within a few seconds from the window's load event. Please make sure it has an appropriate `as` value and it is preloaded intentionally. @ https://vercel.com/rigo-melchor-s-projects/foxtrading:0
[  336163ms] [WARNING] The resource https://vercel.com/_next/static/immutable/media/GeistMono_Variable.p.1bcgm0qa26ixg.woff2 was preloaded using link preload but not used within a few seconds from the window's load event. Please make sure it has an appropriate `as` value and it is preloaded intentionally. @ https://vercel.com/rigo-melchor-s-projects/foxtrading:0
[  336163ms] [WARNING] The resource https://vercel.com/_next/static/immutable/chunks/012p6cwa_e92y.css was preloaded using link preload but not used within a few seconds from the window's load event. Please make sure it has an appropriate `as` value and it is preloaded intentionally. @ https://vercel.com/rigo-melchor-s-projects/foxtrading:0
[  336163ms] [WARNING] The resource https://vercel.com/_next/static/immutable/chunks/1cqt2xba0-dxw.css was preloaded using link preload but not used within a few seconds from the window's load event. Please make sure it has an appropriate `as` value and it is preloaded intentionally. @ https://vercel.com/rigo-melchor-s-projects/foxtrading:0
[  336163ms] [WARNING] The resource https://vercel.com/_next/static/immutable/chunks/1yl8955ma4q4-.css was preloaded using link preload but not used within a few seconds from the window's load event. Please make sure it has an appropriate `as` value and it is preloaded intentionally. @ https://vercel.com/rigo-melchor-s-projects/foxtrading:0
[  336163ms] [WARNING] The resource https://vercel.com/_next/static/immutable/chunks/0-shbsz3-8ybx.css was preloaded using link preload but not used within a few seconds from the window's load event. Please make sure it has an appropriate `as` value and it is preloaded intentionally. @ https://vercel.com/rigo-melchor-s-projects/foxtrading:0
[  336163ms] [WARNING] The resource https://vercel.com/_next/static/immutable/chunks/1qpjfmo0jgtu2.css was preloaded using link preload but not used within a few seconds from the window's load event. Please make sure it has an appropriate `as` value and it is preloaded intentionally. @ https://vercel.com/rigo-melchor-s-projects/foxtrading:0
[  336163ms] [WARNING] The resource https://vercel.com/_next/static/immutable/chunks/3z36ncuffz89v.css was preloaded using link preload but not used within a few seconds from the window's load event. Please make sure it has an appropriate `as` value and it is preloaded intentionally. @ https://vercel.com/rigo-melchor-s-projects/foxtrading:0
[  336163ms] [WARNING] The resource https://vercel.com/_next/static/immutable/chunks/1u_bcwmq8rhcl.css was preloaded using link preload but not used within a few seconds from the window's load event. Please make sure it has an appropriate `as` value and it is preloaded intentionally. @ https://vercel.com/rigo-melchor-s-projects/foxtrading:0
[  336163ms] [WARNING] The resource https://vercel.com/_next/static/immutable/chunks/3z9uffp9rqnx8.css was preloaded using link preload but not used within a few seconds from the window's load event. Please make sure it has an appropriate `as` value and it is preloaded intentionally. @ https://vercel.com/rigo-melchor-s-projects/foxtrading:0
[  336163ms] [WARNING] The resource https://vercel.com/_next/static/immutable/chunks/1xg6gg5e39tni.css was preloaded using link preload but not used within a few seconds from the window's load event. Please make sure it has an appropriate `as` value and it is preloaded intentionally. @ https://vercel.com/rigo-melchor-s-projects/foxtrading:0
[  336163ms] [WARNING] The resource https://vercel.com/_next/static/immutable/chunks/1hzff2kh3gano.css was preloaded using link preload but not used within a few seconds from the window's load event. Please make sure it has an appropriate `as` value and it is preloaded intentionally. @ https://vercel.com/rigo-melchor-s-projects/foxtrading:0
[  336163ms] [WARNING] The resource https://vercel.com/_next/static/immutable/chunks/044vmykz7q7vs.css was preloaded using link preload but not used within a few seconds from the window's load event. Please make sure it has an appropriate `as` value and it is preloaded intentionally. @ https://vercel.com/rigo-melchor-s-projects/foxtrading:0
[  336163ms] [WARNING] The resource https://vercel.com/_next/static/immutable/media/logo-vercel-light.3an2_9g6dt4xn.svg was preloaded using link preload but not used within a few seconds from the window's load event. Please make sure it has an appropriate `as` value and it is preloaded intentionally. @ https://vercel.com/rigo-melchor-s-projects/foxtrading:0
[  336163ms] [WARNING] The resource https://vercel.com/_next/static/immutable/chunks/0rblmumf_9wz1.css was preloaded using link preload but not used within a few seconds from the window's load event. Please make sure it has an appropriate `as` value and it is preloaded intentionally. @ https://vercel.com/rigo-melchor-s-projects/foxtrading:0
[  336163ms] [WARNING] The resource https://vercel.com/_next/static/immutable/chunks/2qegur97i-cye.css was preloaded using link preload but not used within a few seconds from the window's load event. Please make sure it has an appropriate `as` value and it is preloaded intentionally. @ https://vercel.com/rigo-melchor-s-projects/foxtrading:0
[  336163ms] [WARNING] The resource https://vercel.com/_next/static/immutable/chunks/25nnd13fh_4k5.css was preloaded using link preload but not used within a few seconds from the window's load event. Please make sure it has an appropriate `as` value and it is preloaded intentionally. @ https://vercel.com/rigo-melchor-s-projects/foxtrading:0
[  336163ms] [WARNING] The resource https://vercel.com/_next/static/immutable/chunks/3p9g28no3_hj-.css was preloaded using link preload but not used within a few seconds from the window's load event. Please make sure it has an appropriate `as` value and it is preloaded intentionally. @ https://vercel.com/rigo-melchor-s-projects/foxtrading:0
[  336163ms] [WARNING] The resource https://vercel.com/_next/static/immutable/chunks/3fd49nnoyujvi.css was preloaded using link preload but not used within a few seconds from the window's load event. Please make sure it has an appropriate `as` value and it is preloaded intentionally. @ https://vercel.com/rigo-melchor-s-projects/foxtrading:0
[  336163ms] [WARNING] The resource https://vercel.com/_next/static/immutable/chunks/2cegy48-lpb69.css was preloaded using link preload but not used within a few seconds from the window's load event. Please make sure it has an appropriate `as` value and it is preloaded intentionally. @ https://vercel.com/rigo-melchor-s-projects/foxtrading:0
[  336163ms] [WARNING] The resource https://vercel.com/_next/static/immutable/chunks/26_kjvxoedtei.css was preloaded using link preload but not used within a few seconds from the window's load event. Please make sure it has an appropriate `as` value and it is preloaded intentionally. @ https://vercel.com/rigo-melchor-s-projects/foxtrading:0
[  339567ms] [WARNING] The resource https://vercel.com/_next/static/immutable/chunks/1y7np90zxj-un.css was preloaded using link preload but not used within a few seconds from the window's load event. Please make sure it has an appropriate `as` value and it is preloaded intentionally. @ https://vercel.com/rigo-melchor-s-projects/foxtrading:0
[  339568ms] [WARNING] The resource https://vercel.com/_next/static/immutable/media/caa3a2e1cccd8315.p.0wgildi0cnwt9.woff2 was preloaded using link preload but not used within a few seconds from the window's load event. Please make sure it has an appropriate `as` value and it is preloaded intentionally. @ https://vercel.com/rigo-melchor-s-projects/foxtrading:0
[  339568ms] [WARNING] The resource https://vercel.com/_next/static/immutable/chunks/2xsdyifozdz06.css was preloaded using link preload but not used within a few seconds from the window's load event. Please make sure it has an appropriate `as` value and it is preloaded intentionally. @ https://vercel.com/rigo-melchor-s-projects/foxtrading:0
[  339568ms] [WARNING] The resource https://vercel.com/_next/static/immutable/media/logo-vercel-dark.28zbfuuys0x7i.svg was preloaded using link preload but not used within a few seconds from the window's load event. Please make sure it has an appropriate `as` value and it is preloaded intentionally. @ https://vercel.com/rigo-melchor-s-projects/foxtrading:0
[  339568ms] [WARNING] The resource https://vercel.com/_next/static/immutable/chunks/0vmhpedf_b0j8.css was preloaded using link preload but not used within a few seconds from the window's load event. Please make sure it has an appropriate `as` value and it is preloaded intentionally. @ https://vercel.com/rigo-melchor-s-projects/foxtrading:0
[  339568ms] [WARNING] The resource https://vercel.com/_next/static/immutable/media/GeistMono_Variable.p.1bcgm0qa26ixg.woff2 was preloaded using link preload but not used within a few seconds from the window's load event. Please make sure it has an appropriate `as` value and it is preloaded intentionally. @ https://vercel.com/rigo-melchor-s-projects/foxtrading:0
[  339568ms] [WARNING] The resource https://vercel.com/_next/static/immutable/chunks/012p6cwa_e92y.css was preloaded using link preload but not used within a few seconds from the window's load event. Please make sure it has an appropriate `as` value and it is preloaded intentionally. @ https://vercel.com/rigo-melchor-s-projects/foxtrading:0
[  339568ms] [WARNING] The resource https://vercel.com/_next/static/immutable/chunks/1cqt2xba0-dxw.css was preloaded using link preload but not used within a few seconds from the window's load event. Please make sure it has an appropriate `as` value and it is preloaded intentionally. @ https://vercel.com/rigo-melchor-s-projects/foxtrading:0
[  339568ms] [WARNING] The resource https://vercel.com/_next/static/immutable/chunks/1yl8955ma4q4-.css was preloaded using link preload but not used within a few seconds from the window's load event. Please make sure it has an appropriate `as` value and it is preloaded intentionally. @ https://vercel.com/rigo-melchor-s-projects/foxtrading:0
[  339568ms] [WARNING] The resource https://vercel.com/_next/static/immutable/chunks/0-shbsz3-8ybx.css was preloaded using link preload but not used within a few seconds from the window's load event. Please make sure it has an appropriate `as` value and it is preloaded intentionally. @ https://vercel.com/rigo-melchor-s-projects/foxtrading:0
[  339568ms] [WARNING] The resource https://vercel.com/_next/static/immutable/chunks/1qpjfmo0jgtu2.css was preloaded using link preload but not used within a few seconds from the window's load event. Please make sure it has an appropriate `as` value and it is preloaded intentionally. @ https://vercel.com/rigo-melchor-s-projects/foxtrading:0
[  339568ms] [WARNING] The resource https://vercel.com/_next/static/immutable/chunks/3z36ncuffz89v.css was preloaded using link preload but not used within a few seconds from the window's load event. Please make sure it has an appropriate `as` value and it is preloaded intentionally. @ https://vercel.com/rigo-melchor-s-projects/foxtrading:0
[  339568ms] [WARNING] The resource https://vercel.com/_next/static/immutable/chunks/1u_bcwmq8rhcl.css was preloaded using link preload but not used within a few seconds from the window's load event. Please make sure it has an appropriate `as` value and it is preloaded intentionally. @ https://vercel.com/rigo-melchor-s-projects/foxtrading:0
[  339568ms] [WARNING] The resource https://vercel.com/_next/static/immutable/chunks/3z9uffp9rqnx8.css was preloaded using link preload but not used within a few seconds from the window's load event. Please make sure it has an appropriate `as` value and it is preloaded intentionally. @ https://vercel.com/rigo-melchor-s-projects/foxtrading:0
[  339568ms] [WARNING] The resource https://vercel.com/_next/static/immutable/chunks/1xg6gg5e39tni.css was preloaded using link preload but not used within a few seconds from the window's load event. Please make sure it has an appropriate `as` value and it is preloaded intentionally. @ https://vercel.com/rigo-melchor-s-projects/foxtrading:0
[  339568ms] [WARNING] The resource https://vercel.com/_next/static/immutable/chunks/1hzff2kh3gano.css was preloaded using link preload but not used within a few seconds from the window's load event. Please make sure it has an appropriate `as` value and it is preloaded intentionally. @ https://vercel.com/rigo-melchor-s-projects/foxtrading:0
[  339568ms] [WARNING] The resource https://vercel.com/_next/static/immutable/chunks/044vmykz7q7vs.css was preloaded using link preload but not used within a few seconds from the window's load event. Please make sure it has an appropriate `as` value and it is preloaded intentionally. @ https://vercel.com/rigo-melchor-s-projects/foxtrading:0
[  339568ms] [WARNING] The resource https://vercel.com/_next/static/immutable/media/logo-vercel-light.3an2_9g6dt4xn.svg was preloaded using link preload but not used within a few seconds from the window's load event. Please make sure it has an appropriate `as` value and it is preloaded intentionally. @ https://vercel.com/rigo-melchor-s-projects/foxtrading:0
[  339568ms] [WARNING] The resource https://vercel.com/_next/static/immutable/chunks/0rblmumf_9wz1.css was preloaded using link preload but not used within a few seconds from the window's load event. Please make sure it has an appropriate `as` value and it is preloaded intentionally. @ https://vercel.com/rigo-melchor-s-projects/foxtrading:0
[  339568ms] [WARNING] The resource https://vercel.com/_next/static/immutable/chunks/2qegur97i-cye.css was preloaded using link preload but not used within a few seconds from the window's load event. Please make sure it has an appropriate `as` value and it is preloaded intentionally. @ https://vercel.com/rigo-melchor-s-projects/foxtrading:0
[  339568ms] [WARNING] The resource https://vercel.com/_next/static/immutable/chunks/25nnd13fh_4k5.css was preloaded using link preload but not used within a few seconds from the window's load event. Please make sure it has an appropriate `as` value and it is preloaded intentionally. @ https://vercel.com/rigo-melchor-s-projects/foxtrading:0
[  339568ms] [WARNING] The resource https://vercel.com/_next/static/immutable/chunks/3p9g28no3_hj-.css was preloaded using link preload but not used within a few seconds from the window's load event. Please make sure it has an appropriate `as` value and it is preloaded intentionally. @ https://vercel.com/rigo-melchor-s-projects/foxtrading:0
[  339568ms] [WARNING] The resource https://vercel.com/_next/static/immutable/chunks/3fd49nnoyujvi.css was preloaded using link preload but not used within a few seconds from the window's load event. Please make sure it has an appropriate `as` value and it is preloaded intentionally. @ https://vercel.com/rigo-melchor-s-projects/foxtrading:0
[  339568ms] [WARNING] The resource https://vercel.com/_next/static/immutable/chunks/2cegy48-lpb69.css was preloaded using link preload but not used within a few seconds from the window's load event. Please make sure it has an appropriate `as` value and it is preloaded intentionally. @ https://vercel.com/rigo-melchor-s-projects/foxtrading:0
[  339568ms] [WARNING] The resource https://vercel.com/_next/static/immutable/chunks/26_kjvxoedtei.css was preloaded using link preload but not used within a few seconds from the window's load event. Please make sure it has an appropriate `as` value and it is preloaded intentionally. @ https://vercel.com/rigo-melchor-s-projects/foxtrading:0
[  346353ms] [WARNING] The resource https://vercel.com/_next/static/immutable/chunks/1y7np90zxj-un.css was preloaded using link preload but not used within a few seconds from the window's load event. Please make sure it has an appropriate `as` value and it is preloaded intentionally. @ https://vercel.com/rigo-melchor-s-projects/foxtrading:0
[  346353ms] [WARNING] The resource https://vercel.com/_next/static/immutable/media/caa3a2e1cccd8315.p.0wgildi0cnwt9.woff2 was preloaded using link preload but not used within a few seconds from the window's load event. Please make sure it has an appropriate `as` value and it is preloaded intentionally. @ https://vercel.com/rigo-melchor-s-projects/foxtrading:0
[  346353ms] [WARNING] The resource https://vercel.com/_next/static/immutable/chunks/2xsdyifozdz06.css was preloaded using link preload but not used within a few seconds from the window's load event. Please make sure it has an appropriate `as` value and it is preloaded intentionally. @ https://vercel.com/rigo-melchor-s-projects/foxtrading:0
[  346353ms] [WARNING] The resource https://vercel.com/_next/static/immutable/media/logo-vercel-dark.28zbfuuys0x7i.svg was preloaded using link preload but not used within a few seconds from the window's load event. Please make sure it has an appropriate `as` value and it is preloaded intentionally. @ https://vercel.com/rigo-melchor-s-projects/foxtrading:0
[  346353ms] [WARNING] The resource https://vercel.com/_next/static/immutable/chunks/0vmhpedf_b0j8.css was preloaded using link preload but not used within a few seconds from the window's load event. Please make sure it has an appropriate `as` value and it is preloaded intentionally. @ https://vercel.com/rigo-melchor-s-projects/foxtrading:0
[  346353ms] [WARNING] The resource https://vercel.com/_next/static/immutable/media/GeistMono_Variable.p.1bcgm0qa26ixg.woff2 was preloaded using link preload but not used within a few seconds from the window's load event. Please make sure it has an appropriate `as` value and it is preloaded intentionally. @ https://vercel.com/rigo-melchor-s-projects/foxtrading:0
[  346353ms] [WARNING] The resource https://vercel.com/_next/static/immutable/chunks/012p6cwa_e92y.css was preloaded using link preload but not used within a few seconds from the window's load event. Please make sure it has an appropriate `as` value and it is preloaded intentionally. @ https://vercel.com/rigo-melchor-s-projects/foxtrading:0
[  346353ms] [WARNING] The resource https://vercel.com/_next/static/immutable/chunks/1cqt2xba0-dxw.css was preloaded using link preload but not used within a few seconds from the window's load event. Please make sure it has an appropriate `as` value and it is preloaded intentionally. @ https://vercel.com/rigo-melchor-s-projects/foxtrading:0
[  346353ms] [WARNING] The resource https://vercel.com/_next/static/immutable/chunks/1yl8955ma4q4-.css was preloaded using link preload but not used within a few seconds from the window's load event. Please make sure it has an appropriate `as` value and it is preloaded intentionally. @ https://vercel.com/rigo-melchor-s-projects/foxtrading:0
[  346354ms] [WARNING] The resource https://vercel.com/_next/static/immutable/chunks/0-shbsz3-8ybx.css was preloaded using link preload but not used within a few seconds from the window's load event. Please make sure it has an appropriate `as` value and it is preloaded intentionally. @ https://vercel.com/rigo-melchor-s-projects/foxtrading:0
[  346354ms] [WARNING] The resource https://vercel.com/_next/static/immutable/chunks/1qpjfmo0jgtu2.css was preloaded using link preload but not used within a few seconds from the window's load event. Please make sure it has an appropriate `as` value and it is preloaded intentionally. @ https://vercel.com/rigo-melchor-s-projects/foxtrading:0
[  346354ms] [WARNING] The resource https://vercel.com/_next/static/immutable/chunks/3z36ncuffz89v.css was preloaded using link preload but not used within a few seconds from the window's load event. Please make sure it has an appropriate `as` value and it is preloaded intentionally. @ https://vercel.com/rigo-melchor-s-projects/foxtrading:0
[  346354ms] [WARNING] The resource https://vercel.com/_next/static/immutable/chunks/1u_bcwmq8rhcl.css was preloaded using link preload but not used within a few seconds from the window's load event. Please make sure it has an appropriate `as` value and it is preloaded intentionally. @ https://vercel.com/rigo-melchor-s-projects/foxtrading:0
[  346354ms] [WARNING] The resource https://vercel.com/_next/static/immutable/chunks/3z9uffp9rqnx8.css was preloaded using link preload but not used within a few seconds from the window's load event. Please make sure it has an appropriate `as` value and it is preloaded intentionally. @ https://vercel.com/rigo-melchor-s-projects/foxtrading:0
[  346354ms] [WARNING] The resource https://vercel.com/_next/static/immutable/chunks/1xg6gg5e39tni.css was preloaded using link preload but not used within a few seconds from the window's load event. Please make sure it has an appropriate `as` value and it is preloaded intentionally. @ https://vercel.com/rigo-melchor-s-projects/foxtrading:0
[  346354ms] [WARNING] The resource https://vercel.com/_next/static/immutable/chunks/1hzff2kh3gano.css was preloaded using link preload but not used within a few seconds from the window's load event. Please make sure it has an appropriate `as` value and it is preloaded intentionally. @ https://vercel.com/rigo-melchor-s-projects/foxtrading:0
[  346354ms] [WARNING] The resource https://vercel.com/_next/static/immutable/chunks/044vmykz7q7vs.css was preloaded using link preload but not used within a few seconds from the window's load event. Please make sure it has an appropriate `as` value and it is preloaded intentionally. @ https://vercel.com/rigo-melchor-s-projects/foxtrading:0
[  346354ms] [WARNING] The resource https://vercel.com/_next/static/immutable/media/logo-vercel-light.3an2_9g6dt4xn.svg was preloaded using link preload but not used within a few seconds from the window's load event. Please make sure it has an appropriate `as` value and it is preloaded intentionally. @ https://vercel.com/rigo-melchor-s-projects/foxtrading:0
[  346354ms] [WARNING] The resource https://vercel.com/_next/static/immutable/chunks/0rblmumf_9wz1.css was preloaded using link preload but not used within a few seconds from the window's load event. Please make sure it has an appropriate `as` value and it is preloaded intentionally. @ https://vercel.com/rigo-melchor-s-projects/foxtrading:0
[  346354ms] [WARNING] The resource https://vercel.com/_next/static/immutable/chunks/2qegur97i-cye.css was preloaded using link preload but not used within a few seconds from the window's load event. Please make sure it has an appropriate `as` value and it is preloaded intentionally. @ https://vercel.com/rigo-melchor-s-projects/foxtrading:0
[  346354ms] [WARNING] The resource https://vercel.com/_next/static/immutable/chunks/25nnd13fh_4k5.css was preloaded using link preload but not used within a few seconds from the window's load event. Please make sure it has an appropriate `as` value and it is preloaded intentionally. @ https://vercel.com/rigo-melchor-s-projects/foxtrading:0
[  346354ms] [WARNING] The resource https://vercel.com/_next/static/immutable/chunks/3p9g28no3_hj-.css was preloaded using link preload but not used within a few seconds from the window's load event. Please make sure it has an appropriate `as` value and it is preloaded intentionally. @ https://vercel.com/rigo-melchor-s-projects/foxtrading:0
[  346354ms] [WARNING] The resource https://vercel.com/_next/static/immutable/chunks/3fd49nnoyujvi.css was preloaded using link preload but not used within a few seconds from the window's load event. Please make sure it has an appropriate `as` value and it is preloaded intentionally. @ https://vercel.com/rigo-melchor-s-projects/foxtrading:0
[  346354ms] [WARNING] The resource https://vercel.com/_next/static/immutable/chunks/2cegy48-lpb69.css was preloaded using link preload but not used within a few seconds from the window's load event. Please make sure it has an appropriate `as` value and it is preloaded intentionally. @ https://vercel.com/rigo-melchor-s-projects/foxtrading:0
[  346354ms] [WARNING] The resource https://vercel.com/_next/static/immutable/chunks/26_kjvxoedtei.css was preloaded using link preload but not used within a few seconds from the window's load event. Please make sure it has an appropriate `as` value and it is preloaded intentionally. @ https://vercel.com/rigo-melchor-s-projects/foxtrading:0
[  356804ms] [WARNING] The resource https://vercel.com/_next/static/immutable/chunks/1y7np90zxj-un.css was preloaded using link preload but not used within a few seconds from the window's load event. Please make sure it has an appropriate `as` value and it is preloaded intentionally. @ https://vercel.com/rigo-melchor-s-projects/foxtrading:0
[  356804ms] [WARNING] The resource https://vercel.com/_next/static/immutable/media/caa3a2e1cccd8315.p.0wgildi0cnwt9.woff2 was preloaded using link preload but not used within a few seconds from the window's load event. Please make sure it has an appropriate `as` value and it is preloaded intentionally. @ https://vercel.com/rigo-melchor-s-projects/foxtrading:0
[  356804ms] [WARNING] The resource https://vercel.com/_next/static/immutable/chunks/2xsdyifozdz06.css was preloaded using link preload but not used within a few seconds from the window's load event. Please make sure it has an appropriate `as` value and it is preloaded intentionally. @ https://vercel.com/rigo-melchor-s-projects/foxtrading:0
[  356804ms] [WARNING] The resource https://vercel.com/_next/static/immutable/media/logo-vercel-dark.28zbfuuys0x7i.svg was preloaded using link preload but not used within a few seconds from the window's load event. Please make sure it has an appropriate `as` value and it is preloaded intentionally. @ https://vercel.com/rigo-melchor-s-projects/foxtrading:0
[  356804ms] [WARNING] The resource https://vercel.com/_next/static/immutable/chunks/0vmhpedf_b0j8.css was preloaded using link preload but not used within a few seconds from the window's load event. Please make sure it has an appropriate `as` value and it is preloaded intentionally. @ https://vercel.com/rigo-melchor-s-projects/foxtrading:0
[  356804ms] [WARNING] The resource https://vercel.com/_next/static/immutable/media/GeistMono_Variable.p.1bcgm0qa26ixg.woff2 was preloaded using link preload but not used within a few seconds from the window's load event. Please make sure it has an appropriate `as` value and it is preloaded intentionally. @ https://vercel.com/rigo-melchor-s-projects/foxtrading:0
[  356804ms] [WARNING] The resource https://vercel.com/_next/static/immutable/chunks/012p6cwa_e92y.css was preloaded using link preload but not used within a few seconds from the window's load event. Please make sure it has an appropriate `as` value and it is preloaded intentionally. @ https://vercel.com/rigo-melchor-s-projects/foxtrading:0
[  356804ms] [WARNING] The resource https://vercel.com/_next/static/immutable/chunks/1cqt2xba0-dxw.css was preloaded using link preload but not used within a few seconds from the window's load event. Please make sure it has an appropriate `as` value and it is preloaded intentionally. @ https://vercel.com/rigo-melchor-s-projects/foxtrading:0
[  356804ms] [WARNING] The resource https://vercel.com/_next/static/immutable/chunks/1yl8955ma4q4-.css was preloaded using link preload but not used within a few seconds from the window's load event. Please make sure it has an appropriate `as` value and it is preloaded intentionally. @ https://vercel.com/rigo-melchor-s-projects/foxtrading:0
[  356804ms] [WARNING] The resource https://vercel.com/_next/static/immutable/chunks/0-shbsz3-8ybx.css was preloaded using link preload but not used within a few seconds from the window's load event. Please make sure it has an appropriate `as` value and it is preloaded intentionally. @ https://vercel.com/rigo-melchor-s-projects/foxtrading:0
[  356804ms] [WARNING] The resource https://vercel.com/_next/static/immutable/chunks/1qpjfmo0jgtu2.css was preloaded using link preload but not used within a few seconds from the window's load event. Please make sure it has an appropriate `as` value and it is preloaded intentionally. @ https://vercel.com/rigo-melchor-s-projects/foxtrading:0
[  356804ms] [WARNING] The resource https://vercel.com/_next/static/immutable/chunks/3z36ncuffz89v.css was preloaded using link preload but not used within a few seconds from the window's load event. Please make sure it has an appropriate `as` value and it is preloaded intentionally. @ https://vercel.com/rigo-melchor-s-projects/foxtrading:0
[  356804ms] [WARNING] The resource https://vercel.com/_next/static/immutable/chunks/1u_bcwmq8rhcl.css was preloaded using link preload but not used within a few seconds from the window's load event. Please make sure it has an appropriate `as` value and it is preloaded intentionally. @ https://vercel.com/rigo-melchor-s-projects/foxtrading:0
[  356804ms] [WARNING] The resource https://vercel.com/_next/static/immutable/chunks/3z9uffp9rqnx8.css was preloaded using link preload but not used within a few seconds from the window's load event. Please make sure it has an appropriate `as` value and it is preloaded intentionally. @ https://vercel.com/rigo-melchor-s-projects/foxtrading:0
[  356804ms] [WARNING] The resource https://vercel.com/_next/static/immutable/chunks/1xg6gg5e39tni.css was preloaded using link preload but not used within a few seconds from the window's load event. Please make sure it has an appropriate `as` value and it is preloaded intentionally. @ https://vercel.com/rigo-melchor-s-projects/foxtrading:0
[  356804ms] [WARNING] The resource https://vercel.com/_next/static/immutable/chunks/1hzff2kh3gano.css was preloaded using link preload but not used within a few seconds from the window's load event. Please make sure it has an appropriate `as` value and it is preloaded intentionally. @ https://vercel.com/rigo-melchor-s-projects/foxtrading:0
[  356804ms] [WARNING] The resource https://vercel.com/_next/static/immutable/chunks/044vmykz7q7vs.css was preloaded using link preload but not used within a few seconds from the window's load event. Please make sure it has an appropriate `as` value and it is preloaded intentionally. @ https://vercel.com/rigo-melchor-s-projects/foxtrading:0
[  356804ms] [WARNING] The resource https://vercel.com/_next/static/immutable/media/logo-vercel-light.3an2_9g6dt4xn.svg was preloaded using link preload but not used within a few seconds from the window's load event. Please make sure it has an appropriate `as` value and it is preloaded intentionally. @ https://vercel.com/rigo-melchor-s-projects/foxtrading:0
[  356804ms] [WARNING] The resource https://vercel.com/_next/static/immutable/chunks/0rblmumf_9wz1.css was preloaded using link preload but not used within a few seconds from the window's load event. Please make sure it has an appropriate `as` value and it is preloaded intentionally. @ https://vercel.com/rigo-melchor-s-projects/foxtrading:0
[  356804ms] [WARNING] The resource https://vercel.com/_next/static/immutable/chunks/2qegur97i-cye.css was preloaded using link preload but not used within a few seconds from the window's load event. Please make sure it has an appropriate `as` value and it is preloaded intentionally. @ https://vercel.com/rigo-melchor-s-projects/foxtrading:0
[  356804ms] [WARNING] The resource https://vercel.com/_next/static/immutable/chunks/25nnd13fh_4k5.css was preloaded using link preload but not used within a few seconds from the window's load event. Please make sure it has an appropriate `as` value and it is preloaded intentionally. @ https://vercel.com/rigo-melchor-s-projects/foxtrading:0
[  356804ms] [WARNING] The resource https://vercel.com/_next/static/immutable/chunks/3p9g28no3_hj-.css was preloaded using link preload but not used within a few seconds from the window's load event. Please make sure it has an appropriate `as` value and it is preloaded intentionally. @ https://vercel.com/rigo-melchor-s-projects/foxtrading:0
[  356804ms] [WARNING] The resource https://vercel.com/_next/static/immutable/chunks/3fd49nnoyujvi.css was preloaded using link preload but not used within a few seconds from the window's load event. Please make sure it has an appropriate `as` value and it is preloaded intentionally. @ https://vercel.com/rigo-melchor-s-projects/foxtrading:0
[  356804ms] [WARNING] The resource https://vercel.com/_next/static/immutable/chunks/2cegy48-lpb69.css was preloaded using link preload but not used within a few seconds from the window's load event. Please make sure it has an appropriate `as` value and it is preloaded intentionally. @ https://vercel.com/rigo-melchor-s-projects/foxtrading:0
[  356804ms] [WARNING] The resource https://vercel.com/_next/static/immutable/chunks/26_kjvxoedtei.css was preloaded using link preload but not used within a few seconds from the window's load event. Please make sure it has an appropriate `as` value and it is preloaded intentionally. @ https://vercel.com/rigo-melchor-s-projects/foxtrading:0
[  360446ms] [WARNING] The resource https://vercel.com/_next/static/immutable/chunks/1y7np90zxj-un.css was preloaded using link preload but not used within a few seconds from the window's load event. Please make sure it has an appropriate `as` value and it is preloaded intentionally. @ https://vercel.com/rigo-melchor-s-projects/foxtrading:0
[  360446ms] [WARNING] The resource https://vercel.com/_next/static/immutable/media/caa3a2e1cccd8315.p.0wgildi0cnwt9.woff2 was preloaded using link preload but not used within a few seconds from the window's load event. Please make sure it has an appropriate `as` value and it is preloaded intentionally. @ https://vercel.com/rigo-melchor-s-projects/foxtrading:0
[  360446ms] [WARNING] The resource https://vercel.com/_next/static/immutable/chunks/2xsdyifozdz06.css was preloaded using link preload but not used within a few seconds from the window's load event. Please make sure it has an appropriate `as` value and it is preloaded intentionally. @ https://vercel.com/rigo-melchor-s-projects/foxtrading:0
[  360446ms] [WARNING] The resource https://vercel.com/_next/static/immutable/media/logo-vercel-dark.28zbfuuys0x7i.svg was preloaded using link preload but not used within a few seconds from the window's load event. Please make sure it has an appropriate `as` value and it is preloaded intentionally. @ https://vercel.com/rigo-melchor-s-projects/foxtrading:0
[  360446ms] [WARNING] The resource https://vercel.com/_next/static/immutable/chunks/0vmhpedf_b0j8.css was preloaded using link preload but not used within a few seconds from the window's load event. Please make sure it has an appropriate `as` value and it is preloaded intentionally. @ https://vercel.com/rigo-melchor-s-projects/foxtrading:0
[  360446ms] [WARNING] The resource https://vercel.com/_next/static/immutable/media/GeistMono_Variable.p.1bcgm0qa26ixg.woff2 was preloaded using link preload but not used within a few seconds from the window's load event. Please make sure it has an appropriate `as` value and it is preloaded intentionally. @ https://vercel.com/rigo-melchor-s-projects/foxtrading:0
[  360446ms] [WARNING] The resource https://vercel.com/_next/static/immutable/chunks/012p6cwa_e92y.css was preloaded using link preload but not used within a few seconds from the window's load event. Please make sure it has an appropriate `as` value and it is preloaded intentionally. @ https://vercel.com/rigo-melchor-s-projects/foxtrading:0
[  360446ms] [WARNING] The resource https://vercel.com/_next/static/immutable/chunks/1cqt2xba0-dxw.css was preloaded using link preload but not used within a few seconds from the window's load event. Please make sure it has an appropriate `as` value and it is preloaded intentionally. @ https://vercel.com/rigo-melchor-s-projects/foxtrading:0
[  360446ms] [WARNING] The resource https://vercel.com/_next/static/immutable/chunks/1yl8955ma4q4-.css was preloaded using link preload but not used within a few seconds from the window's load event. Please make sure it has an appropriate `as` value and it is preloaded intentionally. @ https://vercel.com/rigo-melchor-s-projects/foxtrading:0
[  360446ms] [WARNING] The resource https://vercel.com/_next/static/immutable/chunks/0-shbsz3-8ybx.css was preloaded using link preload but not used within a few seconds from the window's load event. Please make sure it has an appropriate `as` value and it is preloaded intentionally. @ https://vercel.com/rigo-melchor-s-projects/foxtrading:0
[  360446ms] [WARNING] The resource https://vercel.com/_next/static/immutable/chunks/1qpjfmo0jgtu2.css was preloaded using link preload but not used within a few seconds from the window's load event. Please make sure it has an appropriate `as` value and it is preloaded intentionally. @ https://vercel.com/rigo-melchor-s-projects/foxtrading:0
[  360446ms] [WARNING] The resource https://vercel.com/_next/static/immutable/chunks/3z36ncuffz89v.css was preloaded using link preload but not used within a few seconds from the window's load event. Please make sure it has an appropriate `as` value and it is preloaded intentionally. @ https://vercel.com/rigo-melchor-s-projects/foxtrading:0
[  360446ms] [WARNING] The resource https://vercel.com/_next/static/immutable/chunks/1u_bcwmq8rhcl.css was preloaded using link preload but not used within a few seconds from the window's load event. Please make sure it has an appropriate `as` value and it is preloaded intentionally. @ https://vercel.com/rigo-melchor-s-projects/foxtrading:0
[  360446ms] [WARNING] The resource https://vercel.com/_next/static/immutable/chunks/3z9uffp9rqnx8.css was preloaded using link preload but not used within a few seconds from the window's load event. Please make sure it has an appropriate `as` value and it is preloaded intentionally. @ https://vercel.com/rigo-melchor-s-projects/foxtrading:0
[  360446ms] [WARNING] The resource https://vercel.com/_next/static/immutable/chunks/1xg6gg5e39tni.css was preloaded using link preload but not used within a few seconds from the window's load event. Please make sure it has an appropriate `as` value and it is preloaded intentionally. @ https://vercel.com/rigo-melchor-s-projects/foxtrading:0
[  360446ms] [WARNING] The resource https://vercel.com/_next/static/immutable/chunks/1hzff2kh3gano.css was preloaded using link preload but not used within a few seconds from the window's load event. Please make sure it has an appropriate `as` value and it is preloaded intentionally. @ https://vercel.com/rigo-melchor-s-projects/foxtrading:0
[  360446ms] [WARNING] The resource https://vercel.com/_next/static/immutable/chunks/044vmykz7q7vs.css was preloaded using link preload but not used within a few seconds from the window's load event. Please make sure it has an appropriate `as` value and it is preloaded intentionally. @ https://vercel.com/rigo-melchor-s-projects/foxtrading:0
[  360447ms] [WARNING] The resource https://vercel.com/_next/static/immutable/media/logo-vercel-light.3an2_9g6dt4xn.svg was preloaded using link preload but not used within a few seconds from the window's load event. Please make sure it has an appropriate `as` value and it is preloaded intentionally. @ https://vercel.com/rigo-melchor-s-projects/foxtrading:0
[  360447ms] [WARNING] The resource https://vercel.com/_next/static/immutable/chunks/0rblmumf_9wz1.css was preloaded using link preload but not used within a few seconds from the window's load event. Please make sure it has an appropriate `as` value and it is preloaded intentionally. @ https://vercel.com/rigo-melchor-s-projects/foxtrading:0
[  360447ms] [WARNING] The resource https://vercel.com/_next/static/immutable/chunks/2qegur97i-cye.css was preloaded using link preload but not used within a few seconds from the window's load event. Please make sure it has an appropriate `as` value and it is preloaded intentionally. @ https://vercel.com/rigo-melchor-s-projects/foxtrading:0
[  360447ms] [WARNING] The resource https://vercel.com/_next/static/immutable/chunks/25nnd13fh_4k5.css was preloaded using link preload but not used within a few seconds from the window's load event. Please make sure it has an appropriate `as` value and it is preloaded intentionally. @ https://vercel.com/rigo-melchor-s-projects/foxtrading:0
[  360447ms] [WARNING] The resource https://vercel.com/_next/static/immutable/chunks/3p9g28no3_hj-.css was preloaded using link preload but not used within a few seconds from the window's load event. Please make sure it has an appropriate `as` value and it is preloaded intentionally. @ https://vercel.com/rigo-melchor-s-projects/foxtrading:0
[  360447ms] [WARNING] The resource https://vercel.com/_next/static/immutable/chunks/3fd49nnoyujvi.css was preloaded using link preload but not used within a few seconds from the window's load event. Please make sure it has an appropriate `as` value and it is preloaded intentionally. @ https://vercel.com/rigo-melchor-s-projects/foxtrading:0
[  360447ms] [WARNING] The resource https://vercel.com/_next/static/immutable/chunks/2cegy48-lpb69.css was preloaded using link preload but not used within a few seconds from the window's load event. Please make sure it has an appropriate `as` value and it is preloaded intentionally. @ https://vercel.com/rigo-melchor-s-projects/foxtrading:0
[  360447ms] [WARNING] The resource https://vercel.com/_next/static/immutable/chunks/26_kjvxoedtei.css was preloaded using link preload but not used within a few seconds from the window's load event. Please make sure it has an appropriate `as` value and it is preloaded intentionally. @ https://vercel.com/rigo-melchor-s-projects/foxtrading:0
[  366948ms] [WARNING] The resource https://vercel.com/_next/static/immutable/chunks/1y7np90zxj-un.css was preloaded using link preload but not used within a few seconds from the window's load event. Please make sure it has an appropriate `as` value and it is preloaded intentionally. @ https://vercel.com/rigo-melchor-s-projects/foxtrading:0
[  366948ms] [WARNING] The resource https://vercel.com/_next/static/immutable/media/caa3a2e1cccd8315.p.0wgildi0cnwt9.woff2 was preloaded using link preload but not used within a few seconds from the window's load event. Please make sure it has an appropriate `as` value and it is preloaded intentionally. @ https://vercel.com/rigo-melchor-s-projects/foxtrading:0
[  366948ms] [WARNING] The resource https://vercel.com/_next/static/immutable/chunks/2xsdyifozdz06.css was preloaded using link preload but not used within a few seconds from the window's load event. Please make sure it has an appropriate `as` value and it is preloaded intentionally. @ https://vercel.com/rigo-melchor-s-projects/foxtrading:0
[  366948ms] [WARNING] The resource https://vercel.com/_next/static/immutable/media/logo-vercel-dark.28zbfuuys0x7i.svg was preloaded using link preload but not used within a few seconds from the window's load event. Please make sure it has an appropriate `as` value and it is preloaded intentionally. @ https://vercel.com/rigo-melchor-s-projects/foxtrading:0
[  366948ms] [WARNING] The resource https://vercel.com/_next/static/immutable/chunks/0vmhpedf_b0j8.css was preloaded using link preload but not used within a few seconds from the window's load event. Please make sure it has an appropriate `as` value and it is preloaded intentionally. @ https://vercel.com/rigo-melchor-s-projects/foxtrading:0
[  366948ms] [WARNING] The resource https://vercel.com/_next/static/immutable/media/GeistMono_Variable.p.1bcgm0qa26ixg.woff2 was preloaded using link preload but not used within a few seconds from the window's load event. Please make sure it has an appropriate `as` value and it is preloaded intentionally. @ https://vercel.com/rigo-melchor-s-projects/foxtrading:0
[  366948ms] [WARNING] The resource https://vercel.com/_next/static/immutable/chunks/012p6cwa_e92y.css was preloaded using link preload but not used within a few seconds from the window's load event. Please make sure it has an appropriate `as` value and it is preloaded intentionally. @ https://vercel.com/rigo-melchor-s-projects/foxtrading:0
[  366948ms] [WARNING] The resource https://vercel.com/_next/static/immutable/chunks/1cqt2xba0-dxw.css was preloaded using link preload but not used within a few seconds from the window's load event. Please make sure it has an appropriate `as` value and it is preloaded intentionally. @ https://vercel.com/rigo-melchor-s-projects/foxtrading:0
[  366948ms] [WARNING] The resource https://vercel.com/_next/static/immutable/chunks/1yl8955ma4q4-.css was preloaded using link preload but not used within a few seconds from the window's load event. Please make sure it has an appropriate `as` value and it is preloaded intentionally. @ https://vercel.com/rigo-melchor-s-projects/foxtrading:0
[  366948ms] [WARNING] The resource https://vercel.com/_next/static/immutable/chunks/0-shbsz3-8ybx.css was preloaded using link preload but not used within a few seconds from the window's load event. Please make sure it has an appropriate `as` value and it is preloaded intentionally. @ https://vercel.com/rigo-melchor-s-projects/foxtrading:0
[  366948ms] [WARNING] The resource https://vercel.com/_next/static/immutable/chunks/1qpjfmo0jgtu2.css was preloaded using link preload but not used within a few seconds from the window's load event. Please make sure it has an appropriate `as` value and it is preloaded intentionally. @ https://vercel.com/rigo-melchor-s-projects/foxtrading:0
[  366948ms] [WARNING] The resource https://vercel.com/_next/static/immutable/chunks/3z36ncuffz89v.css was preloaded using link preload but not used within a few seconds from the window's load event. Please make sure it has an appropriate `as` value and it is preloaded intentionally. @ https://vercel.com/rigo-melchor-s-projects/foxtrading:0
[  366948ms] [WARNING] The resource https://vercel.com/_next/static/immutable/chunks/1u_bcwmq8rhcl.css was preloaded using link preload but not used within a few seconds from the window's load event. Please make sure it has an appropriate `as` value and it is preloaded intentionally. @ https://vercel.com/rigo-melchor-s-projects/foxtrading:0
[  366948ms] [WARNING] The resource https://vercel.com/_next/static/immutable/chunks/3z9uffp9rqnx8.css was preloaded using link preload but not used within a few seconds from the window's load event. Please make sure it has an appropriate `as` value and it is preloaded intentionally. @ https://vercel.com/rigo-melchor-s-projects/foxtrading:0
[  366948ms] [WARNING] The resource https://vercel.com/_next/static/immutable/chunks/1xg6gg5e39tni.css was preloaded using link preload but not used within a few seconds from the window's load event. Please make sure it has an appropriate `as` value and it is preloaded intentionally. @ https://vercel.com/rigo-melchor-s-projects/foxtrading:0
[  366948ms] [WARNING] The resource https://vercel.com/_next/static/immutable/chunks/1hzff2kh3gano.css was preloaded using link preload but not used within a few seconds from the window's load event. Please make sure it has an appropriate `as` value and it is preloaded intentionally. @ https://vercel.com/rigo-melchor-s-projects/foxtrading:0
[  366948ms] [WARNING] The resource https://vercel.com/_next/static/immutable/chunks/044vmykz7q7vs.css was preloaded using link preload but not used within a few seconds from the window's load event. Please make sure it has an appropriate `as` value and it is preloaded intentionally. @ https://vercel.com/rigo-melchor-s-projects/foxtrading:0
[  366948ms] [WARNING] The resource https://vercel.com/_next/static/immutable/media/logo-vercel-light.3an2_9g6dt4xn.svg was preloaded using link preload but not used within a few seconds from the window's load event. Please make sure it has an appropriate `as` value and it is preloaded intentionally. @ https://vercel.com/rigo-melchor-s-projects/foxtrading:0
[  366948ms] [WARNING] The resource https://vercel.com/_next/static/immutable/chunks/0rblmumf_9wz1.css was preloaded using link preload but not used within a few seconds from the window's load event. Please make sure it has an appropriate `as` value and it is preloaded intentionally. @ https://vercel.com/rigo-melchor-s-projects/foxtrading:0
[  366948ms] [WARNING] The resource https://vercel.com/_next/static/immutable/chunks/2qegur97i-cye.css was preloaded using link preload but not used within a few seconds from the window's load event. Please make sure it has an appropriate `as` value and it is preloaded intentionally. @ https://vercel.com/rigo-melchor-s-projects/foxtrading:0
[  366948ms] [WARNING] The resource https://vercel.com/_next/static/immutable/chunks/25nnd13fh_4k5.css was preloaded using link preload but not used within a few seconds from the window's load event. Please make sure it has an appropriate `as` value and it is preloaded intentionally. @ https://vercel.com/rigo-melchor-s-projects/foxtrading:0
[  366948ms] [WARNING] The resource https://vercel.com/_next/static/immutable/chunks/3p9g28no3_hj-.css was preloaded using link preload but not used within a few seconds from the window's load event. Please make sure it has an appropriate `as` value and it is preloaded intentionally. @ https://vercel.com/rigo-melchor-s-projects/foxtrading:0
[  366948ms] [WARNING] The resource https://vercel.com/_next/static/immutable/chunks/3fd49nnoyujvi.css was preloaded using link preload but not used within a few seconds from the window's load event. Please make sure it has an appropriate `as` value and it is preloaded intentionally. @ https://vercel.com/rigo-melchor-s-projects/foxtrading:0
[  366948ms] [WARNING] The resource https://vercel.com/_next/static/immutable/chunks/2cegy48-lpb69.css was preloaded using link preload but not used within a few seconds from the window's load event. Please make sure it has an appropriate `as` value and it is preloaded intentionally. @ https://vercel.com/rigo-melchor-s-projects/foxtrading:0
[  366948ms] [WARNING] The resource https://vercel.com/_next/static/immutable/chunks/26_kjvxoedtei.css was preloaded using link preload but not used within a few seconds from the window's load event. Please make sure it has an appropriate `as` value and it is preloaded intentionally. @ https://vercel.com/rigo-melchor-s-projects/foxtrading:0
[  370915ms] [WARNING] The resource https://vercel.com/_next/static/immutable/chunks/1y7np90zxj-un.css was preloaded using link preload but not used within a few seconds from the window's load event. Please make sure it has an appropriate `as` value and it is preloaded intentionally. @ https://vercel.com/rigo-melchor-s-projects/foxtrading:0
[  370916ms] [WARNING] The resource https://vercel.com/_next/static/immutable/media/caa3a2e1cccd8315.p.0wgildi0cnwt9.woff2 was preloaded using link preload but not used within a few seconds from the window's load event. Please make sure it has an appropriate `as` value and it is preloaded intentionally. @ https://vercel.com/rigo-melchor-s-projects/foxtrading:0
[  370916ms] [WARNING] The resource https://vercel.com/_next/static/immutable/chunks/2xsdyifozdz06.css was preloaded using link preload but not used within a few seconds from the window's load event. Please make sure it has an appropriate `as` value and it is preloaded intentionally. @ https://vercel.com/rigo-melchor-s-projects/foxtrading:0
[  370916ms] [WARNING] The resource https://vercel.com/_next/static/immutable/media/logo-vercel-dark.28zbfuuys0x7i.svg was preloaded using link preload but not used within a few seconds from the window's load event. Please make sure it has an appropriate `as` value and it is preloaded intentionally. @ https://vercel.com/rigo-melchor-s-projects/foxtrading:0
[  370916ms] [WARNING] The resource https://vercel.com/_next/static/immutable/chunks/0vmhpedf_b0j8.css was preloaded using link preload but not used within a few seconds from the window's load event. Please make sure it has an appropriate `as` value and it is preloaded intentionally. @ https://vercel.com/rigo-melchor-s-projects/foxtrading:0
[  370916ms] [WARNING] The resource https://vercel.com/_next/static/immutable/media/GeistMono_Variable.p.1bcgm0qa26ixg.woff2 was preloaded using link preload but not used within a few seconds from the window's load event. Please make sure it has an appropriate `as` value and it is preloaded intentionally. @ https://vercel.com/rigo-melchor-s-projects/foxtrading:0
[  370916ms] [WARNING] The resource https://vercel.com/_next/static/immutable/chunks/012p6cwa_e92y.css was preloaded using link preload but not used within a few seconds from the window's load event. Please make sure it has an appropriate `as` value and it is preloaded intentionally. @ https://vercel.com/rigo-melchor-s-projects/foxtrading:0
[  370916ms] [WARNING] The resource https://vercel.com/_next/static/immutable/chunks/1cqt2xba0-dxw.css was preloaded using link preload but not used within a few seconds from the window's load event. Please make sure it has an appropriate `as` value and it is preloaded intentionally. @ https://vercel.com/rigo-melchor-s-projects/foxtrading:0
[  370916ms] [WARNING] The resource https://vercel.com/_next/static/immutable/chunks/1yl8955ma4q4-.css was preloaded using link preload but not used within a few seconds from the window's load event. Please make sure it has an appropriate `as` value and it is preloaded intentionally. @ https://vercel.com/rigo-melchor-s-projects/foxtrading:0
[  370916ms] [WARNING] The resource https://vercel.com/_next/static/immutable/chunks/0-shbsz3-8ybx.css was preloaded using link preload but not used within a few seconds from the window's load event. Please make sure it has an appropriate `as` value and it is preloaded intentionally. @ https://vercel.com/rigo-melchor-s-projects/foxtrading:0
[  370916ms] [WARNING] The resource https://vercel.com/_next/static/immutable/chunks/1qpjfmo0jgtu2.css was preloaded using link preload but not used within a few seconds from the window's load event. Please make sure it has an appropriate `as` value and it is preloaded intentionally. @ https://vercel.com/rigo-melchor-s-projects/foxtrading:0
[  370916ms] [WARNING] The resource https://vercel.com/_next/static/immutable/chunks/3z36ncuffz89v.css was preloaded using link preload but not used within a few seconds from the window's load event. Please make sure it has an appropriate `as` value and it is preloaded intentionally. @ https://vercel.com/rigo-melchor-s-projects/foxtrading:0
[  370916ms] [WARNING] The resource https://vercel.com/_next/static/immutable/chunks/1u_bcwmq8rhcl.css was preloaded using link preload but not used within a few seconds from the window's load event. Please make sure it has an appropriate `as` value and it is preloaded intentionally. @ https://vercel.com/rigo-melchor-s-projects/foxtrading:0
[  370916ms] [WARNING] The resource https://vercel.com/_next/static/immutable/chunks/3z9uffp9rqnx8.css was preloaded using link preload but not used within a few seconds from the window's load event. Please make sure it has an appropriate `as` value and it is preloaded intentionally. @ https://vercel.com/rigo-melchor-s-projects/foxtrading:0
[  370916ms] [WARNING] The resource https://vercel.com/_next/static/immutable/chunks/1xg6gg5e39tni.css was preloaded using link preload but not used within a few seconds from the window's load event. Please make sure it has an appropriate `as` value and it is preloaded intentionally. @ https://vercel.com/rigo-melchor-s-projects/foxtrading:0
[  370916ms] [WARNING] The resource https://vercel.com/_next/static/immutable/chunks/1hzff2kh3gano.css was preloaded using link preload but not used within a few seconds from the window's load event. Please make sure it has an appropriate `as` value and it is preloaded intentionally. @ https://vercel.com/rigo-melchor-s-projects/foxtrading:0
[  370916ms] [WARNING] The resource https://vercel.com/_next/static/immutable/chunks/044vmykz7q7vs.css was preloaded using link preload but not used within a few seconds from the window's load event. Please make sure it has an appropriate `as` value and it is preloaded intentionally. @ https://vercel.com/rigo-melchor-s-projects/foxtrading:0
[  370916ms] [WARNING] The resource https://vercel.com/_next/static/immutable/media/logo-vercel-light.3an2_9g6dt4xn.svg was preloaded using link preload but not used within a few seconds from the window's load event. Please make sure it has an appropriate `as` value and it is preloaded intentionally. @ https://vercel.com/rigo-melchor-s-projects/foxtrading:0
[  370916ms] [WARNING] The resource https://vercel.com/_next/static/immutable/chunks/0rblmumf_9wz1.css was preloaded using link preload but not used within a few seconds from the window's load event. Please make sure it has an appropriate `as` value and it is preloaded intentionally. @ https://vercel.com/rigo-melchor-s-projects/foxtrading:0
[  370916ms] [WARNING] The resource https://vercel.com/_next/static/immutable/chunks/2qegur97i-cye.css was preloaded using link preload but not used within a few seconds from the window's load event. Please make sure it has an appropriate `as` value and it is preloaded intentionally. @ https://vercel.com/rigo-melchor-s-projects/foxtrading:0
[  370916ms] [WARNING] The resource https://vercel.com/_next/static/immutable/chunks/25nnd13fh_4k5.css was preloaded using link preload but not used within a few seconds from the window's load event. Please make sure it has an appropriate `as` value and it is preloaded intentionally. @ https://vercel.com/rigo-melchor-s-projects/foxtrading:0
[  370916ms] [WARNING] The resource https://vercel.com/_next/static/immutable/chunks/3p9g28no3_hj-.css was preloaded using link preload but not used within a few seconds from the window's load event. Please make sure it has an appropriate `as` value and it is preloaded intentionally. @ https://vercel.com/rigo-melchor-s-projects/foxtrading:0
[  370916ms] [WARNING] The resource https://vercel.com/_next/static/immutable/chunks/3fd49nnoyujvi.css was preloaded using link preload but not used within a few seconds from the window's load event. Please make sure it has an appropriate `as` value and it is preloaded intentionally. @ https://vercel.com/rigo-melchor-s-projects/foxtrading:0
[  370916ms] [WARNING] The resource https://vercel.com/_next/static/immutable/chunks/2cegy48-lpb69.css was preloaded using link preload but not used within a few seconds from the window's load event. Please make sure it has an appropriate `as` value and it is preloaded intentionally. @ https://vercel.com/rigo-melchor-s-projects/foxtrading:0
[  370916ms] [WARNING] The resource https://vercel.com/_next/static/immutable/chunks/26_kjvxoedtei.css was preloaded using link preload but not used within a few seconds from the window's load event. Please make sure it has an appropriate `as` value and it is preloaded intentionally. @ https://vercel.com/rigo-melchor-s-projects/foxtrading:0
[  377480ms] [WARNING] The resource https://vercel.com/_next/static/immutable/chunks/1y7np90zxj-un.css was preloaded using link preload but not used within a few seconds from the window's load event. Please make sure it has an appropriate `as` value and it is preloaded intentionally. @ https://vercel.com/rigo-melchor-s-projects/foxtrading:0
[  377480ms] [WARNING] The resource https://vercel.com/_next/static/immutable/media/caa3a2e1cccd8315.p.0wgildi0cnwt9.woff2 was preloaded using link preload but not used within a few seconds from the window's load event. Please make sure it has an appropriate `as` value and it is preloaded intentionally. @ https://vercel.com/rigo-melchor-s-projects/foxtrading:0
[  377480ms] [WARNING] The resource https://vercel.com/_next/static/immutable/chunks/2xsdyifozdz06.css was preloaded using link preload but not used within a few seconds from the window's load event. Please make sure it has an appropriate `as` value and it is preloaded intentionally. @ https://vercel.com/rigo-melchor-s-projects/foxtrading:0
[  377480ms] [WARNING] The resource https://vercel.com/_next/static/immutable/media/logo-vercel-dark.28zbfuuys0x7i.svg was preloaded using link preload but not used within a few seconds from the window's load event. Please make sure it has an appropriate `as` value and it is preloaded intentionally. @ https://vercel.com/rigo-melchor-s-projects/foxtrading:0
[  377480ms] [WARNING] The resource https://vercel.com/_next/static/immutable/chunks/0vmhpedf_b0j8.css was preloaded using link preload but not used within a few seconds from the window's load event. Please make sure it has an appropriate `as` value and it is preloaded intentionally. @ https://vercel.com/rigo-melchor-s-projects/foxtrading:0
[  377480ms] [WARNING] The resource https://vercel.com/_next/static/immutable/media/GeistMono_Variable.p.1bcgm0qa26ixg.woff2 was preloaded using link preload but not used within a few seconds from the window's load event. Please make sure it has an appropriate `as` value and it is preloaded intentionally. @ https://vercel.com/rigo-melchor-s-projects/foxtrading:0
[  377480ms] [WARNING] The resource https://vercel.com/_next/static/immutable/chunks/012p6cwa_e92y.css was preloaded using link preload but not used within a few seconds from the window's load event. Please make sure it has an appropriate `as` value and it is preloaded intentionally. @ https://vercel.com/rigo-melchor-s-projects/foxtrading:0
[  377480ms] [WARNING] The resource https://vercel.com/_next/static/immutable/chunks/1cqt2xba0-dxw.css was preloaded using link preload but not used within a few seconds from the window's load event. Please make sure it has an appropriate `as` value and it is preloaded intentionally. @ https://vercel.com/rigo-melchor-s-projects/foxtrading:0
[  377480ms] [WARNING] The resource https://vercel.com/_next/static/immutable/chunks/1yl8955ma4q4-.css was preloaded using link preload but not used within a few seconds from the window's load event. Please make sure it has an appropriate `as` value and it is preloaded intentionally. @ https://vercel.com/rigo-melchor-s-projects/foxtrading:0
[  377480ms] [WARNING] The resource https://vercel.com/_next/static/immutable/chunks/0-shbsz3-8ybx.css was preloaded using link preload but not used within a few seconds from the window's load event. Please make sure it has an appropriate `as` value and it is preloaded intentionally. @ https://vercel.com/rigo-melchor-s-projects/foxtrading:0
[  377480ms] [WARNING] The resource https://vercel.com/_next/static/immutable/chunks/1qpjfmo0jgtu2.css was preloaded using link preload but not used within a few seconds from the window's load event. Please make sure it has an appropriate `as` value and it is preloaded intentionally. @ https://vercel.com/rigo-melchor-s-projects/foxtrading:0
[  377480ms] [WARNING] The resource https://vercel.com/_next/static/immutable/chunks/3z36ncuffz89v.css was preloaded using link preload but not used within a few seconds from the window's load event. Please make sure it has an appropriate `as` value and it is preloaded intentionally. @ https://vercel.com/rigo-melchor-s-projects/foxtrading:0
[  377480ms] [WARNING] The resource https://vercel.com/_next/static/immutable/chunks/1u_bcwmq8rhcl.css was preloaded using link preload but not used within a few seconds from the window's load event. Please make sure it has an appropriate `as` value and it is preloaded intentionally. @ https://vercel.com/rigo-melchor-s-projects/foxtrading:0
[  377480ms] [WARNING] The resource https://vercel.com/_next/static/immutable/chunks/3z9uffp9rqnx8.css was preloaded using link preload but not used within a few seconds from the window's load event. Please make sure it has an appropriate `as` value and it is preloaded intentionally. @ https://vercel.com/rigo-melchor-s-projects/foxtrading:0
[  377480ms] [WARNING] The resource https://vercel.com/_next/static/immutable/chunks/1xg6gg5e39tni.css was preloaded using link preload but not used within a few seconds from the window's load event. Please make sure it has an appropriate `as` value and it is preloaded intentionally. @ https://vercel.com/rigo-melchor-s-projects/foxtrading:0
[  377480ms] [WARNING] The resource https://vercel.com/_next/static/immutable/chunks/1hzff2kh3gano.css was preloaded using link preload but not used within a few seconds from the window's load event. Please make sure it has an appropriate `as` value and it is preloaded intentionally. @ https://vercel.com/rigo-melchor-s-projects/foxtrading:0
[  377480ms] [WARNING] The resource https://vercel.com/_next/static/immutable/chunks/044vmykz7q7vs.css was preloaded using link preload but not used within a few seconds from the window's load event. Please make sure it has an appropriate `as` value and it is preloaded intentionally. @ https://vercel.com/rigo-melchor-s-projects/foxtrading:0
[  377480ms] [WARNING] The resource https://vercel.com/_next/static/immutable/media/logo-vercel-light.3an2_9g6dt4xn.svg was preloaded using link preload but not used within a few seconds from the window's load event. Please make sure it has an appropriate `as` value and it is preloaded intentionally. @ https://vercel.com/rigo-melchor-s-projects/foxtrading:0
[  377480ms] [WARNING] The resource https://vercel.com/_next/static/immutable/chunks/0rblmumf_9wz1.css was preloaded using link preload but not used within a few seconds from the window's load event. Please make sure it has an appropriate `as` value and it is preloaded intentionally. @ https://vercel.com/rigo-melchor-s-projects/foxtrading:0
[  377480ms] [WARNING] The resource https://vercel.com/_next/static/immutable/chunks/2qegur97i-cye.css was preloaded using link preload but not used within a few seconds from the window's load event. Please make sure it has an appropriate `as` value and it is preloaded intentionally. @ https://vercel.com/rigo-melchor-s-projects/foxtrading:0
[  377480ms] [WARNING] The resource https://vercel.com/_next/static/immutable/chunks/25nnd13fh_4k5.css was preloaded using link preload but not used within a few seconds from the window's load event. Please make sure it has an appropriate `as` value and it is preloaded intentionally. @ https://vercel.com/rigo-melchor-s-projects/foxtrading:0
[  377480ms] [WARNING] The resource https://vercel.com/_next/static/immutable/chunks/3p9g28no3_hj-.css was preloaded using link preload but not used within a few seconds from the window's load event. Please make sure it has an appropriate `as` value and it is preloaded intentionally. @ https://vercel.com/rigo-melchor-s-projects/foxtrading:0
[  377480ms] [WARNING] The resource https://vercel.com/_next/static/immutable/chunks/3fd49nnoyujvi.css was preloaded using link preload but not used within a few seconds from the window's load event. Please make sure it has an appropriate `as` value and it is preloaded intentionally. @ https://vercel.com/rigo-melchor-s-projects/foxtrading:0
[  377480ms] [WARNING] The resource https://vercel.com/_next/static/immutable/chunks/2cegy48-lpb69.css was preloaded using link preload but not used within a few seconds from the window's load event. Please make sure it has an appropriate `as` value and it is preloaded intentionally. @ https://vercel.com/rigo-melchor-s-projects/foxtrading:0
[  377480ms] [WARNING] The resource https://vercel.com/_next/static/immutable/chunks/26_kjvxoedtei.css was preloaded using link preload but not used within a few seconds from the window's load event. Please make sure it has an appropriate `as` value and it is preloaded intentionally. @ https://vercel.com/rigo-melchor-s-projects/foxtrading:0
[  388316ms] [WARNING] The resource https://vercel.com/_next/static/immutable/chunks/1y7np90zxj-un.css was preloaded using link preload but not used within a few seconds from the window's load event. Please make sure it has an appropriate `as` value and it is preloaded intentionally. @ https://vercel.com/rigo-melchor-s-projects/foxtrading:0
[  388316ms] [WARNING] The resource https://vercel.com/_next/static/immutable/media/caa3a2e1cccd8315.p.0wgildi0cnwt9.woff2 was preloaded using link preload but not used within a few seconds from the window's load event. Please make sure it has an appropriate `as` value and it is preloaded intentionally. @ https://vercel.com/rigo-melchor-s-projects/foxtrading:0
[  388316ms] [WARNING] The resource https://vercel.com/_next/static/immutable/chunks/2xsdyifozdz06.css was preloaded using link preload but not used within a few seconds from the window's load event. Please make sure it has an appropriate `as` value and it is preloaded intentionally. @ https://vercel.com/rigo-melchor-s-projects/foxtrading:0
[  388316ms] [WARNING] The resource https://vercel.com/_next/static/immutable/media/logo-vercel-dark.28zbfuuys0x7i.svg was preloaded using link preload but not used within a few seconds from the window's load event. Please make sure it has an appropriate `as` value and it is preloaded intentionally. @ https://vercel.com/rigo-melchor-s-projects/foxtrading:0
[  388316ms] [WARNING] The resource https://vercel.com/_next/static/immutable/chunks/0vmhpedf_b0j8.css was preloaded using link preload but not used within a few seconds from the window's load event. Please make sure it has an appropriate `as` value and it is preloaded intentionally. @ https://vercel.com/rigo-melchor-s-projects/foxtrading:0
[  388316ms] [WARNING] The resource https://vercel.com/_next/static/immutable/media/GeistMono_Variable.p.1bcgm0qa26ixg.woff2 was preloaded using link preload but not used within a few seconds from the window's load event. Please make sure it has an appropriate `as` value and it is preloaded intentionally. @ https://vercel.com/rigo-melchor-s-projects/foxtrading:0
[  388317ms] [WARNING] The resource https://vercel.com/_next/static/immutable/chunks/012p6cwa_e92y.css was preloaded using link preload but not used within a few seconds from the window's load event. Please make sure it has an appropriate `as` value and it is preloaded intentionally. @ https://vercel.com/rigo-melchor-s-projects/foxtrading:0
[  388317ms] [WARNING] The resource https://vercel.com/_next/static/immutable/chunks/1cqt2xba0-dxw.css was preloaded using link preload but not used within a few seconds from the window's load event. Please make sure it has an appropriate `as` value and it is preloaded intentionally. @ https://vercel.com/rigo-melchor-s-projects/foxtrading:0
[  388317ms] [WARNING] The resource https://vercel.com/_next/static/immutable/chunks/1yl8955ma4q4-.css was preloaded using link preload but not used within a few seconds from the window's load event. Please make sure it has an appropriate `as` value and it is preloaded intentionally. @ https://vercel.com/rigo-melchor-s-projects/foxtrading:0
[  388317ms] [WARNING] The resource https://vercel.com/_next/static/immutable/chunks/0-shbsz3-8ybx.css was preloaded using link preload but not used within a few seconds from the window's load event. Please make sure it has an appropriate `as` value and it is preloaded intentionally. @ https://vercel.com/rigo-melchor-s-projects/foxtrading:0
[  388317ms] [WARNING] The resource https://vercel.com/_next/static/immutable/chunks/1qpjfmo0jgtu2.css was preloaded using link preload but not used within a few seconds from the window's load event. Please make sure it has an appropriate `as` value and it is preloaded intentionally. @ https://vercel.com/rigo-melchor-s-projects/foxtrading:0
[  388317ms] [WARNING] The resource https://vercel.com/_next/static/immutable/chunks/3z36ncuffz89v.css was preloaded using link preload but not used within a few seconds from the window's load event. Please make sure it has an appropriate `as` value and it is preloaded intentionally. @ https://vercel.com/rigo-melchor-s-projects/foxtrading:0
[  388317ms] [WARNING] The resource https://vercel.com/_next/static/immutable/chunks/1u_bcwmq8rhcl.css was preloaded using link preload but not used within a few seconds from the window's load event. Please make sure it has an appropriate `as` value and it is preloaded intentionally. @ https://vercel.com/rigo-melchor-s-projects/foxtrading:0
[  388317ms] [WARNING] The resource https://vercel.com/_next/static/immutable/chunks/3z9uffp9rqnx8.css was preloaded using link preload but not used within a few seconds from the window's load event. Please make sure it has an appropriate `as` value and it is preloaded intentionally. @ https://vercel.com/rigo-melchor-s-projects/foxtrading:0
[  388317ms] [WARNING] The resource https://vercel.com/_next/static/immutable/chunks/1xg6gg5e39tni.css was preloaded using link preload but not used within a few seconds from the window's load event. Please make sure it has an appropriate `as` value and it is preloaded intentionally. @ https://vercel.com/rigo-melchor-s-projects/foxtrading:0
[  388317ms] [WARNING] The resource https://vercel.com/_next/static/immutable/chunks/1hzff2kh3gano.css was preloaded using link preload but not used within a few seconds from the window's load event. Please make sure it has an appropriate `as` value and it is preloaded intentionally. @ https://vercel.com/rigo-melchor-s-projects/foxtrading:0
[  388317ms] [WARNING] The resource https://vercel.com/_next/static/immutable/chunks/044vmykz7q7vs.css was preloaded using link preload but not used within a few seconds from the window's load event. Please make sure it has an appropriate `as` value and it is preloaded intentionally. @ https://vercel.com/rigo-melchor-s-projects/foxtrading:0
[  388317ms] [WARNING] The resource https://vercel.com/_next/static/immutable/media/logo-vercel-light.3an2_9g6dt4xn.svg was preloaded using link preload but not used within a few seconds from the window's load event. Please make sure it has an appropriate `as` value and it is preloaded intentionally. @ https://vercel.com/rigo-melchor-s-projects/foxtrading:0
[  388317ms] [WARNING] The resource https://vercel.com/_next/static/immutable/chunks/0rblmumf_9wz1.css was preloaded using link preload but not used within a few seconds from the window's load event. Please make sure it has an appropriate `as` value and it is preloaded intentionally. @ https://vercel.com/rigo-melchor-s-projects/foxtrading:0
[  388317ms] [WARNING] The resource https://vercel.com/_next/static/immutable/chunks/2qegur97i-cye.css was preloaded using link preload but not used within a few seconds from the window's load event. Please make sure it has an appropriate `as` value and it is preloaded intentionally. @ https://vercel.com/rigo-melchor-s-projects/foxtrading:0
[  388317ms] [WARNING] The resource https://vercel.com/_next/static/immutable/chunks/25nnd13fh_4k5.css was preloaded using link preload but not used within a few seconds from the window's load event. Please make sure it has an appropriate `as` value and it is preloaded intentionally. @ https://vercel.com/rigo-melchor-s-projects/foxtrading:0
[  388317ms] [WARNING] The resource https://vercel.com/_next/static/immutable/chunks/3p9g28no3_hj-.css was preloaded using link preload but not used within a few seconds from the window's load event. Please make sure it has an appropriate `as` value and it is preloaded intentionally. @ https://vercel.com/rigo-melchor-s-projects/foxtrading:0
[  388317ms] [WARNING] The resource https://vercel.com/_next/static/immutable/chunks/3fd49nnoyujvi.css was preloaded using link preload but not used within a few seconds from the window's load event. Please make sure it has an appropriate `as` value and it is preloaded intentionally. @ https://vercel.com/rigo-melchor-s-projects/foxtrading:0
[  388317ms] [WARNING] The resource https://vercel.com/_next/static/immutable/chunks/2cegy48-lpb69.css was preloaded using link preload but not used within a few seconds from the window's load event. Please make sure it has an appropriate `as` value and it is preloaded intentionally. @ https://vercel.com/rigo-melchor-s-projects/foxtrading:0
[  388317ms] [WARNING] The resource https://vercel.com/_next/static/immutable/chunks/26_kjvxoedtei.css was preloaded using link preload but not used within a few seconds from the window's load event. Please make sure it has an appropriate `as` value and it is preloaded intentionally. @ https://vercel.com/rigo-melchor-s-projects/foxtrading:0
[  391804ms] [WARNING] The resource https://vercel.com/_next/static/immutable/chunks/1y7np90zxj-un.css was preloaded using link preload but not used within a few seconds from the window's load event. Please make sure it has an appropriate `as` value and it is preloaded intentionally. @ https://vercel.com/rigo-melchor-s-projects/foxtrading:0
[  391804ms] [WARNING] The resource https://vercel.com/_next/static/immutable/media/caa3a2e1cccd8315.p.0wgildi0cnwt9.woff2 was preloaded using link preload but not used within a few seconds from the window's load event. Please make sure it has an appropriate `as` value and it is preloaded intentionally. @ https://vercel.com/rigo-melchor-s-projects/foxtrading:0
[  391804ms] [WARNING] The resource https://vercel.com/_next/static/immutable/chunks/2xsdyifozdz06.css was preloaded using link preload but not used within a few seconds from the window's load event. Please make sure it has an appropriate `as` value and it is preloaded intentionally. @ https://vercel.com/rigo-melchor-s-projects/foxtrading:0
[  391804ms] [WARNING] The resource https://vercel.com/_next/static/immutable/media/logo-vercel-dark.28zbfuuys0x7i.svg was preloaded using link preload but not used within a few seconds from the window's load event. Please make sure it has an appropriate `as` value and it is preloaded intentionally. @ https://vercel.com/rigo-melchor-s-projects/foxtrading:0
[  391804ms] [WARNING] The resource https://vercel.com/_next/static/immutable/chunks/0vmhpedf_b0j8.css was preloaded using link preload but not used within a few seconds from the window's load event. Please make sure it has an appropriate `as` value and it is preloaded intentionally. @ https://vercel.com/rigo-melchor-s-projects/foxtrading:0
[  391804ms] [WARNING] The resource https://vercel.com/_next/static/immutable/media/GeistMono_Variable.p.1bcgm0qa26ixg.woff2 was preloaded using link preload but not used within a few seconds from the window's load event. Please make sure it has an appropriate `as` value and it is preloaded intentionally. @ https://vercel.com/rigo-melchor-s-projects/foxtrading:0
[  391804ms] [WARNING] The resource https://vercel.com/_next/static/immutable/chunks/012p6cwa_e92y.css was preloaded using link preload but not used within a few seconds from the window's load event. Please make sure it has an appropriate `as` value and it is preloaded intentionally. @ https://vercel.com/rigo-melchor-s-projects/foxtrading:0
[  391804ms] [WARNING] The resource https://vercel.com/_next/static/immutable/chunks/1cqt2xba0-dxw.css was preloaded using link preload but not used within a few seconds from the window's load event. Please make sure it has an appropriate `as` value and it is preloaded intentionally. @ https://vercel.com/rigo-melchor-s-projects/foxtrading:0
[  391804ms] [WARNING] The resource https://vercel.com/_next/static/immutable/chunks/1yl8955ma4q4-.css was preloaded using link preload but not used within a few seconds from the window's load event. Please make sure it has an appropriate `as` value and it is preloaded intentionally. @ https://vercel.com/rigo-melchor-s-projects/foxtrading:0
[  391805ms] [WARNING] The resource https://vercel.com/_next/static/immutable/chunks/0-shbsz3-8ybx.css was preloaded using link preload but not used within a few seconds from the window's load event. Please make sure it has an appropriate `as` value and it is preloaded intentionally. @ https://vercel.com/rigo-melchor-s-projects/foxtrading:0
[  391805ms] [WARNING] The resource https://vercel.com/_next/static/immutable/chunks/1qpjfmo0jgtu2.css was preloaded using link preload but not used within a few seconds from the window's load event. Please make sure it has an appropriate `as` value and it is preloaded intentionally. @ https://vercel.com/rigo-melchor-s-projects/foxtrading:0
[  391805ms] [WARNING] The resource https://vercel.com/_next/static/immutable/chunks/3z36ncuffz89v.css was preloaded using link preload but not used within a few seconds from the window's load event. Please make sure it has an appropriate `as` value and it is preloaded intentionally. @ https://vercel.com/rigo-melchor-s-projects/foxtrading:0
[  391805ms] [WARNING] The resource https://vercel.com/_next/static/immutable/chunks/1u_bcwmq8rhcl.css was preloaded using link preload but not used within a few seconds from the window's load event. Please make sure it has an appropriate `as` value and it is preloaded intentionally. @ https://vercel.com/rigo-melchor-s-projects/foxtrading:0
[  391805ms] [WARNING] The resource https://vercel.com/_next/static/immutable/chunks/3z9uffp9rqnx8.css was preloaded using link preload but not used within a few seconds from the window's load event. Please make sure it has an appropriate `as` value and it is preloaded intentionally. @ https://vercel.com/rigo-melchor-s-projects/foxtrading:0
[  391805ms] [WARNING] The resource https://vercel.com/_next/static/immutable/chunks/1xg6gg5e39tni.css was preloaded using link preload but not used within a few seconds from the window's load event. Please make sure it has an appropriate `as` value and it is preloaded intentionally. @ https://vercel.com/rigo-melchor-s-projects/foxtrading:0
[  391805ms] [WARNING] The resource https://vercel.com/_next/static/immutable/chunks/1hzff2kh3gano.css was preloaded using link preload but not used within a few seconds from the window's load event. Please make sure it has an appropriate `as` value and it is preloaded intentionally. @ https://vercel.com/rigo-melchor-s-projects/foxtrading:0
[  391805ms] [WARNING] The resource https://vercel.com/_next/static/immutable/chunks/044vmykz7q7vs.css was preloaded using link preload but not used within a few seconds from the window's load event. Please make sure it has an appropriate `as` value and it is preloaded intentionally. @ https://vercel.com/rigo-melchor-s-projects/foxtrading:0
[  391805ms] [WARNING] The resource https://vercel.com/_next/static/immutable/media/logo-vercel-light.3an2_9g6dt4xn.svg was preloaded using link preload but not used within a few seconds from the window's load event. Please make sure it has an appropriate `as` value and it is preloaded intentionally. @ https://vercel.com/rigo-melchor-s-projects/foxtrading:0
[  391805ms] [WARNING] The resource https://vercel.com/_next/static/immutable/chunks/0rblmumf_9wz1.css was preloaded using link preload but not used within a few seconds from the window's load event. Please make sure it has an appropriate `as` value and it is preloaded intentionally. @ https://vercel.com/rigo-melchor-s-projects/foxtrading:0
[  391805ms] [WARNING] The resource https://vercel.com/_next/static/immutable/chunks/2qegur97i-cye.css was preloaded using link preload but not used within a few seconds from the window's load event. Please make sure it has an appropriate `as` value and it is preloaded intentionally. @ https://vercel.com/rigo-melchor-s-projects/foxtrading:0
[  391805ms] [WARNING] The resource https://vercel.com/_next/static/immutable/chunks/25nnd13fh_4k5.css was preloaded using link preload but not used within a few seconds from the window's load event. Please make sure it has an appropriate `as` value and it is preloaded intentionally. @ https://vercel.com/rigo-melchor-s-projects/foxtrading:0
[  391805ms] [WARNING] The resource https://vercel.com/_next/static/immutable/chunks/3p9g28no3_hj-.css was preloaded using link preload but not used within a few seconds from the window's load event. Please make sure it has an appropriate `as` value and it is preloaded intentionally. @ https://vercel.com/rigo-melchor-s-projects/foxtrading:0
[  391805ms] [WARNING] The resource https://vercel.com/_next/static/immutable/chunks/3fd49nnoyujvi.css was preloaded using link preload but not used within a few seconds from the window's load event. Please make sure it has an appropriate `as` value and it is preloaded intentionally. @ https://vercel.com/rigo-melchor-s-projects/foxtrading:0
[  391805ms] [WARNING] The resource https://vercel.com/_next/static/immutable/chunks/2cegy48-lpb69.css was preloaded using link preload but not used within a few seconds from the window's load event. Please make sure it has an appropriate `as` value and it is preloaded intentionally. @ https://vercel.com/rigo-melchor-s-projects/foxtrading:0
[  391805ms] [WARNING] The resource https://vercel.com/_next/static/immutable/chunks/26_kjvxoedtei.css was preloaded using link preload but not used within a few seconds from the window's load event. Please make sure it has an appropriate `as` value and it is preloaded intentionally. @ https://vercel.com/rigo-melchor-s-projects/foxtrading:0
[  398648ms] [WARNING] The resource https://vercel.com/_next/static/immutable/chunks/1y7np90zxj-un.css was preloaded using link preload but not used within a few seconds from the window's load event. Please make sure it has an appropriate `as` value and it is preloaded intentionally. @ https://vercel.com/rigo-melchor-s-projects/foxtrading:0
[  398648ms] [WARNING] The resource https://vercel.com/_next/static/immutable/media/caa3a2e1cccd8315.p.0wgildi0cnwt9.woff2 was preloaded using link preload but not used within a few seconds from the window's load event. Please make sure it has an appropriate `as` value and it is preloaded intentionally. @ https://vercel.com/rigo-melchor-s-projects/foxtrading:0
[  398648ms] [WARNING] The resource https://vercel.com/_next/static/immutable/chunks/2xsdyifozdz06.css was preloaded using link preload but not used within a few seconds from the window's load event. Please make sure it has an appropriate `as` value and it is preloaded intentionally. @ https://vercel.com/rigo-melchor-s-projects/foxtrading:0
[  398648ms] [WARNING] The resource https://vercel.com/_next/static/immutable/media/logo-vercel-dark.28zbfuuys0x7i.svg was preloaded using link preload but not used within a few seconds from the window's load event. Please make sure it has an appropriate `as` value and it is preloaded intentionally. @ https://vercel.com/rigo-melchor-s-projects/foxtrading:0
[  398648ms] [WARNING] The resource https://vercel.com/_next/static/immutable/chunks/0vmhpedf_b0j8.css was preloaded using link preload but not used within a few seconds from the window's load event. Please make sure it has an appropriate `as` value and it is preloaded intentionally. @ https://vercel.com/rigo-melchor-s-projects/foxtrading:0
[  398648ms] [WARNING] The resource https://vercel.com/_next/static/immutable/media/GeistMono_Variable.p.1bcgm0qa26ixg.woff2 was preloaded using link preload but not used within a few seconds from the window's load event. Please make sure it has an appropriate `as` value and it is preloaded intentionally. @ https://vercel.com/rigo-melchor-s-projects/foxtrading:0
[  398649ms] [WARNING] The resource https://vercel.com/_next/static/immutable/chunks/012p6cwa_e92y.css was preloaded using link preload but not used within a few seconds from the window's load event. Please make sure it has an appropriate `as` value and it is preloaded intentionally. @ https://vercel.com/rigo-melchor-s-projects/foxtrading:0
[  398649ms] [WARNING] The resource https://vercel.com/_next/static/immutable/chunks/1cqt2xba0-dxw.css was preloaded using link preload but not used within a few seconds from the window's load event. Please make sure it has an appropriate `as` value and it is preloaded intentionally. @ https://vercel.com/rigo-melchor-s-projects/foxtrading:0
[  398649ms] [WARNING] The resource https://vercel.com/_next/static/immutable/chunks/1yl8955ma4q4-.css was preloaded using link preload but not used within a few seconds from the window's load event. Please make sure it has an appropriate `as` value and it is preloaded intentionally. @ https://vercel.com/rigo-melchor-s-projects/foxtrading:0
[  398649ms] [WARNING] The resource https://vercel.com/_next/static/immutable/chunks/0-shbsz3-8ybx.css was preloaded using link preload but not used within a few seconds from the window's load event. Please make sure it has an appropriate `as` value and it is preloaded intentionally. @ https://vercel.com/rigo-melchor-s-projects/foxtrading:0
[  398649ms] [WARNING] The resource https://vercel.com/_next/static/immutable/chunks/1qpjfmo0jgtu2.css was preloaded using link preload but not used within a few seconds from the window's load event. Please make sure it has an appropriate `as` value and it is preloaded intentionally. @ https://vercel.com/rigo-melchor-s-projects/foxtrading:0
[  398649ms] [WARNING] The resource https://vercel.com/_next/static/immutable/chunks/3z36ncuffz89v.css was preloaded using link preload but not used within a few seconds from the window's load event. Please make sure it has an appropriate `as` value and it is preloaded intentionally. @ https://vercel.com/rigo-melchor-s-projects/foxtrading:0
[  398649ms] [WARNING] The resource https://vercel.com/_next/static/immutable/chunks/1u_bcwmq8rhcl.css was preloaded using link preload but not used within a few seconds from the window's load event. Please make sure it has an appropriate `as` value and it is preloaded intentionally. @ https://vercel.com/rigo-melchor-s-projects/foxtrading:0
[  398649ms] [WARNING] The resource https://vercel.com/_next/static/immutable/chunks/3z9uffp9rqnx8.css was preloaded using link preload but not used within a few seconds from the window's load event. Please make sure it has an appropriate `as` value and it is preloaded intentionally. @ https://vercel.com/rigo-melchor-s-projects/foxtrading:0
[  398649ms] [WARNING] The resource https://vercel.com/_next/static/immutable/chunks/1xg6gg5e39tni.css was preloaded using link preload but not used within a few seconds from the window's load event. Please make sure it has an appropriate `as` value and it is preloaded intentionally. @ https://vercel.com/rigo-melchor-s-projects/foxtrading:0
[  398649ms] [WARNING] The resource https://vercel.com/_next/static/immutable/chunks/1hzff2kh3gano.css was preloaded using link preload but not used within a few seconds from the window's load event. Please make sure it has an appropriate `as` value and it is preloaded intentionally. @ https://vercel.com/rigo-melchor-s-projects/foxtrading:0
[  398649ms] [WARNING] The resource https://vercel.com/_next/static/immutable/chunks/044vmykz7q7vs.css was preloaded using link preload but not used within a few seconds from the window's load event. Please make sure it has an appropriate `as` value and it is preloaded intentionally. @ https://vercel.com/rigo-melchor-s-projects/foxtrading:0
[  398649ms] [WARNING] The resource https://vercel.com/_next/static/immutable/media/logo-vercel-light.3an2_9g6dt4xn.svg was preloaded using link preload but not used within a few seconds from the window's load event. Please make sure it has an appropriate `as` value and it is preloaded intentionally. @ https://vercel.com/rigo-melchor-s-projects/foxtrading:0
[  398649ms] [WARNING] The resource https://vercel.com/_next/static/immutable/chunks/0rblmumf_9wz1.css was preloaded using link preload but not used within a few seconds from the window's load event. Please make sure it has an appropriate `as` value and it is preloaded intentionally. @ https://vercel.com/rigo-melchor-s-projects/foxtrading:0
[  398649ms] [WARNING] The resource https://vercel.com/_next/static/immutable/chunks/2qegur97i-cye.css was preloaded using link preload but not used within a few seconds from the window's load event. Please make sure it has an appropriate `as` value and it is preloaded intentionally. @ https://vercel.com/rigo-melchor-s-projects/foxtrading:0
[  398649ms] [WARNING] The resource https://vercel.com/_next/static/immutable/chunks/25nnd13fh_4k5.css was preloaded using link preload but not used within a few seconds from the window's load event. Please make sure it has an appropriate `as` value and it is preloaded intentionally. @ https://vercel.com/rigo-melchor-s-projects/foxtrading:0
[  398649ms] [WARNING] The resource https://vercel.com/_next/static/immutable/chunks/3p9g28no3_hj-.css was preloaded using link preload but not used within a few seconds from the window's load event. Please make sure it has an appropriate `as` value and it is preloaded intentionally. @ https://vercel.com/rigo-melchor-s-projects/foxtrading:0
[  398649ms] [WARNING] The resource https://vercel.com/_next/static/immutable/chunks/3fd49nnoyujvi.css was preloaded using link preload but not used within a few seconds from the window's load event. Please make sure it has an appropriate `as` value and it is preloaded intentionally. @ https://vercel.com/rigo-melchor-s-projects/foxtrading:0
[  398649ms] [WARNING] The resource https://vercel.com/_next/static/immutable/chunks/2cegy48-lpb69.css was preloaded using link preload but not used within a few seconds from the window's load event. Please make sure it has an appropriate `as` value and it is preloaded intentionally. @ https://vercel.com/rigo-melchor-s-projects/foxtrading:0
[  398649ms] [WARNING] The resource https://vercel.com/_next/static/immutable/chunks/26_kjvxoedtei.css was preloaded using link preload but not used within a few seconds from the window's load event. Please make sure it has an appropriate `as` value and it is preloaded intentionally. @ https://vercel.com/rigo-melchor-s-projects/foxtrading:0
[  402272ms] [WARNING] The resource https://vercel.com/_next/static/immutable/chunks/1y7np90zxj-un.css was preloaded using link preload but not used within a few seconds from the window's load event. Please make sure it has an appropriate `as` value and it is preloaded intentionally. @ https://vercel.com/rigo-melchor-s-projects/foxtrading:0
[  402272ms] [WARNING] The resource https://vercel.com/_next/static/immutable/media/caa3a2e1cccd8315.p.0wgildi0cnwt9.woff2 was preloaded using link preload but not used within a few seconds from the window's load event. Please make sure it has an appropriate `as` value and it is preloaded intentionally. @ https://vercel.com/rigo-melchor-s-projects/foxtrading:0
[  402272ms] [WARNING] The resource https://vercel.com/_next/static/immutable/chunks/2xsdyifozdz06.css was preloaded using link preload but not used within a few seconds from the window's load event. Please make sure it has an appropriate `as` value and it is preloaded intentionally. @ https://vercel.com/rigo-melchor-s-projects/foxtrading:0
[  402272ms] [WARNING] The resource https://vercel.com/_next/static/immutable/media/logo-vercel-dark.28zbfuuys0x7i.svg was preloaded using link preload but not used within a few seconds from the window's load event. Please make sure it has an appropriate `as` value and it is preloaded intentionally. @ https://vercel.com/rigo-melchor-s-projects/foxtrading:0
[  402272ms] [WARNING] The resource https://vercel.com/_next/static/immutable/chunks/0vmhpedf_b0j8.css was preloaded using link preload but not used within a few seconds from the window's load event. Please make sure it has an appropriate `as` value and it is preloaded intentionally. @ https://vercel.com/rigo-melchor-s-projects/foxtrading:0
[  402272ms] [WARNING] The resource https://vercel.com/_next/static/immutable/media/GeistMono_Variable.p.1bcgm0qa26ixg.woff2 was preloaded using link preload but not used within a few seconds from the window's load event. Please make sure it has an appropriate `as` value and it is preloaded intentionally. @ https://vercel.com/rigo-melchor-s-projects/foxtrading:0
[  402272ms] [WARNING] The resource https://vercel.com/_next/static/immutable/chunks/012p6cwa_e92y.css was preloaded using link preload but not used within a few seconds from the window's load event. Please make sure it has an appropriate `as` value and it is preloaded intentionally. @ https://vercel.com/rigo-melchor-s-projects/foxtrading:0
[  402272ms] [WARNING] The resource https://vercel.com/_next/static/immutable/chunks/1cqt2xba0-dxw.css was preloaded using link preload but not used within a few seconds from the window's load event. Please make sure it has an appropriate `as` value and it is preloaded intentionally. @ https://vercel.com/rigo-melchor-s-projects/foxtrading:0
[  402272ms] [WARNING] The resource https://vercel.com/_next/static/immutable/chunks/1yl8955ma4q4-.css was preloaded using link preload but not used within a few seconds from the window's load event. Please make sure it has an appropriate `as` value and it is preloaded intentionally. @ https://vercel.com/rigo-melchor-s-projects/foxtrading:0
[  402272ms] [WARNING] The resource https://vercel.com/_next/static/immutable/chunks/0-shbsz3-8ybx.css was preloaded using link preload but not used within a few seconds from the window's load event. Please make sure it has an appropriate `as` value and it is preloaded intentionally. @ https://vercel.com/rigo-melchor-s-projects/foxtrading:0
[  402272ms] [WARNING] The resource https://vercel.com/_next/static/immutable/chunks/1qpjfmo0jgtu2.css was preloaded using link preload but not used within a few seconds from the window's load event. Please make sure it has an appropriate `as` value and it is preloaded intentionally. @ https://vercel.com/rigo-melchor-s-projects/foxtrading:0
[  402272ms] [WARNING] The resource https://vercel.com/_next/static/immutable/chunks/3z36ncuffz89v.css was preloaded using link preload but not used within a few seconds from the window's load event. Please make sure it has an appropriate `as` value and it is preloaded intentionally. @ https://vercel.com/rigo-melchor-s-projects/foxtrading:0
[  402272ms] [WARNING] The resource https://vercel.com/_next/static/immutable/chunks/1u_bcwmq8rhcl.css was preloaded using link preload but not used within a few seconds from the window's load event. Please make sure it has an appropriate `as` value and it is preloaded intentionally. @ https://vercel.com/rigo-melchor-s-projects/foxtrading:0
[  402272ms] [WARNING] The resource https://vercel.com/_next/static/immutable/chunks/3z9uffp9rqnx8.css was preloaded using link preload but not used within a few seconds from the window's load event. Please make sure it has an appropriate `as` value and it is preloaded intentionally. @ https://vercel.com/rigo-melchor-s-projects/foxtrading:0
[  402272ms] [WARNING] The resource https://vercel.com/_next/static/immutable/chunks/1xg6gg5e39tni.css was preloaded using link preload but not used within a few seconds from the window's load event. Please make sure it has an appropriate `as` value and it is preloaded intentionally. @ https://vercel.com/rigo-melchor-s-projects/foxtrading:0
[  402272ms] [WARNING] The resource https://vercel.com/_next/static/immutable/chunks/1hzff2kh3gano.css was preloaded using link preload but not used within a few seconds from the window's load event. Please make sure it has an appropriate `as` value and it is preloaded intentionally. @ https://vercel.com/rigo-melchor-s-projects/foxtrading:0
[  402272ms] [WARNING] The resource https://vercel.com/_next/static/immutable/chunks/044vmykz7q7vs.css was preloaded using link preload but not used within a few seconds from the window's load event. Please make sure it has an appropriate `as` value and it is preloaded intentionally. @ https://vercel.com/rigo-melchor-s-projects/foxtrading:0
[  402272ms] [WARNING] The resource https://vercel.com/_next/static/immutable/media/logo-vercel-light.3an2_9g6dt4xn.svg was preloaded using link preload but not used within a few seconds from the window's load event. Please make sure it has an appropriate `as` value and it is preloaded intentionally. @ https://vercel.com/rigo-melchor-s-projects/foxtrading:0
[  402272ms] [WARNING] The resource https://vercel.com/_next/static/immutable/chunks/0rblmumf_9wz1.css was preloaded using link preload but not used within a few seconds from the window's load event. Please make sure it has an appropriate `as` value and it is preloaded intentionally. @ https://vercel.com/rigo-melchor-s-projects/foxtrading:0
[  402272ms] [WARNING] The resource https://vercel.com/_next/static/immutable/chunks/2qegur97i-cye.css was preloaded using link preload but not used within a few seconds from the window's load event. Please make sure it has an appropriate `as` value and it is preloaded intentionally. @ https://vercel.com/rigo-melchor-s-projects/foxtrading:0
[  402272ms] [WARNING] The resource https://vercel.com/_next/static/immutable/chunks/25nnd13fh_4k5.css was preloaded using link preload but not used within a few seconds from the window's load event. Please make sure it has an appropriate `as` value and it is preloaded intentionally. @ https://vercel.com/rigo-melchor-s-projects/foxtrading:0
[  402272ms] [WARNING] The resource https://vercel.com/_next/static/immutable/chunks/3p9g28no3_hj-.css was preloaded using link preload but not used within a few seconds from the window's load event. Please make sure it has an appropriate `as` value and it is preloaded intentionally. @ https://vercel.com/rigo-melchor-s-projects/foxtrading:0
[  402272ms] [WARNING] The resource https://vercel.com/_next/static/immutable/chunks/3fd49nnoyujvi.css was preloaded using link preload but not used within a few seconds from the window's load event. Please make sure it has an appropriate `as` value and it is preloaded intentionally. @ https://vercel.com/rigo-melchor-s-projects/foxtrading:0
[  402272ms] [WARNING] The resource https://vercel.com/_next/static/immutable/chunks/2cegy48-lpb69.css was preloaded using link preload but not used within a few seconds from the window's load event. Please make sure it has an appropriate `as` value and it is preloaded intentionally. @ https://vercel.com/rigo-melchor-s-projects/foxtrading:0
[  402272ms] [WARNING] The resource https://vercel.com/_next/static/immutable/chunks/26_kjvxoedtei.css was preloaded using link preload but not used within a few seconds from the window's load event. Please make sure it has an appropriate `as` value and it is preloaded intentionally. @ https://vercel.com/rigo-melchor-s-projects/foxtrading:0
[  412786ms] [WARNING] The resource https://vercel.com/_next/static/immutable/chunks/1y7np90zxj-un.css was preloaded using link preload but not used within a few seconds from the window's load event. Please make sure it has an appropriate `as` value and it is preloaded intentionally. @ https://vercel.com/rigo-melchor-s-projects/foxtrading:0
[  412786ms] [WARNING] The resource https://vercel.com/_next/static/immutable/media/caa3a2e1cccd8315.p.0wgildi0cnwt9.woff2 was preloaded using link preload but not used within a few seconds from the window's load event. Please make sure it has an appropriate `as` value and it is preloaded intentionally. @ https://vercel.com/rigo-melchor-s-projects/foxtrading:0
[  412786ms] [WARNING] The resource https://vercel.com/_next/static/immutable/chunks/2xsdyifozdz06.css was preloaded using link preload but not used within a few seconds from the window's load event. Please make sure it has an appropriate `as` value and it is preloaded intentionally. @ https://vercel.com/rigo-melchor-s-projects/foxtrading:0
[  412786ms] [WARNING] The resource https://vercel.com/_next/static/immutable/media/logo-vercel-dark.28zbfuuys0x7i.svg was preloaded using link preload but not used within a few seconds from the window's load event. Please make sure it has an appropriate `as` value and it is preloaded intentionally. @ https://vercel.com/rigo-melchor-s-projects/foxtrading:0
[  412786ms] [WARNING] The resource https://vercel.com/_next/static/immutable/chunks/0vmhpedf_b0j8.css was preloaded using link preload but not used within a few seconds from the window's load event. Please make sure it has an appropriate `as` value and it is preloaded intentionally. @ https://vercel.com/rigo-melchor-s-projects/foxtrading:0
[  412786ms] [WARNING] The resource https://vercel.com/_next/static/immutable/media/GeistMono_Variable.p.1bcgm0qa26ixg.woff2 was preloaded using link preload but not used within a few seconds from the window's load event. Please make sure it has an appropriate `as` value and it is preloaded intentionally. @ https://vercel.com/rigo-melchor-s-projects/foxtrading:0
[  412786ms] [WARNING] The resource https://vercel.com/_next/static/immutable/chunks/012p6cwa_e92y.css was preloaded using link preload but not used within a few seconds from the window's load event. Please make sure it has an appropriate `as` value and it is preloaded intentionally. @ https://vercel.com/rigo-melchor-s-projects/foxtrading:0
[  412786ms] [WARNING] The resource https://vercel.com/_next/static/immutable/chunks/1cqt2xba0-dxw.css was preloaded using link preload but not used within a few seconds from the window's load event. Please make sure it has an appropriate `as` value and it is preloaded intentionally. @ https://vercel.com/rigo-melchor-s-projects/foxtrading:0
[  412786ms] [WARNING] The resource https://vercel.com/_next/static/immutable/chunks/1yl8955ma4q4-.css was preloaded using link preload but not used within a few seconds from the window's load event. Please make sure it has an appropriate `as` value and it is preloaded intentionally. @ https://vercel.com/rigo-melchor-s-projects/foxtrading:0
[  412786ms] [WARNING] The resource https://vercel.com/_next/static/immutable/chunks/0-shbsz3-8ybx.css was preloaded using link preload but not used within a few seconds from the window's load event. Please make sure it has an appropriate `as` value and it is preloaded intentionally. @ https://vercel.com/rigo-melchor-s-projects/foxtrading:0
[  412786ms] [WARNING] The resource https://vercel.com/_next/static/immutable/chunks/1qpjfmo0jgtu2.css was preloaded using link preload but not used within a few seconds from the window's load event. Please make sure it has an appropriate `as` value and it is preloaded intentionally. @ https://vercel.com/rigo-melchor-s-projects/foxtrading:0
[  412786ms] [WARNING] The resource https://vercel.com/_next/static/immutable/chunks/3z36ncuffz89v.css was preloaded using link preload but not used within a few seconds from the window's load event. Please make sure it has an appropriate `as` value and it is preloaded intentionally. @ https://vercel.com/rigo-melchor-s-projects/foxtrading:0
[  412786ms] [WARNING] The resource https://vercel.com/_next/static/immutable/chunks/1u_bcwmq8rhcl.css was preloaded using link preload but not used within a few seconds from the window's load event. Please make sure it has an appropriate `as` value and it is preloaded intentionally. @ https://vercel.com/rigo-melchor-s-projects/foxtrading:0
[  412786ms] [WARNING] The resource https://vercel.com/_next/static/immutable/chunks/3z9uffp9rqnx8.css was preloaded using link preload but not used within a few seconds from the window's load event. Please make sure it has an appropriate `as` value and it is preloaded intentionally. @ https://vercel.com/rigo-melchor-s-projects/foxtrading:0
[  412786ms] [WARNING] The resource https://vercel.com/_next/static/immutable/chunks/1xg6gg5e39tni.css was preloaded using link preload but not used within a few seconds from the window's load event. Please make sure it has an appropriate `as` value and it is preloaded intentionally. @ https://vercel.com/rigo-melchor-s-projects/foxtrading:0
[  412786ms] [WARNING] The resource https://vercel.com/_next/static/immutable/chunks/1hzff2kh3gano.css was preloaded using link preload but not used within a few seconds from the window's load event. Please make sure it has an appropriate `as` value and it is preloaded intentionally. @ https://vercel.com/rigo-melchor-s-projects/foxtrading:0
[  412786ms] [WARNING] The resource https://vercel.com/_next/static/immutable/chunks/044vmykz7q7vs.css was preloaded using link preload but not used within a few seconds from the window's load event. Please make sure it has an appropriate `as` value and it is preloaded intentionally. @ https://vercel.com/rigo-melchor-s-projects/foxtrading:0
[  412786ms] [WARNING] The resource https://vercel.com/_next/static/immutable/media/logo-vercel-light.3an2_9g6dt4xn.svg was preloaded using link preload but not used within a few seconds from the window's load event. Please make sure it has an appropriate `as` value and it is preloaded intentionally. @ https://vercel.com/rigo-melchor-s-projects/foxtrading:0
[  412787ms] [WARNING] The resource https://vercel.com/_next/static/immutable/chunks/0rblmumf_9wz1.css was preloaded using link preload but not used within a few seconds from the window's load event. Please make sure it has an appropriate `as` value and it is preloaded intentionally. @ https://vercel.com/rigo-melchor-s-projects/foxtrading:0
[  412787ms] [WARNING] The resource https://vercel.com/_next/static/immutable/chunks/2qegur97i-cye.css was preloaded using link preload but not used within a few seconds from the window's load event. Please make sure it has an appropriate `as` value and it is preloaded intentionally. @ https://vercel.com/rigo-melchor-s-projects/foxtrading:0
[  412787ms] [WARNING] The resource https://vercel.com/_next/static/immutable/chunks/25nnd13fh_4k5.css was preloaded using link preload but not used within a few seconds from the window's load event. Please make sure it has an appropriate `as` value and it is preloaded intentionally. @ https://vercel.com/rigo-melchor-s-projects/foxtrading:0
[  412787ms] [WARNING] The resource https://vercel.com/_next/static/immutable/chunks/3p9g28no3_hj-.css was preloaded using link preload but not used within a few seconds from the window's load event. Please make sure it has an appropriate `as` value and it is preloaded intentionally. @ https://vercel.com/rigo-melchor-s-projects/foxtrading:0
[  412787ms] [WARNING] The resource https://vercel.com/_next/static/immutable/chunks/3fd49nnoyujvi.css was preloaded using link preload but not used within a few seconds from the window's load event. Please make sure it has an appropriate `as` value and it is preloaded intentionally. @ https://vercel.com/rigo-melchor-s-projects/foxtrading:0
[  412787ms] [WARNING] The resource https://vercel.com/_next/static/immutable/chunks/2cegy48-lpb69.css was preloaded using link preload but not used within a few seconds from the window's load event. Please make sure it has an appropriate `as` value and it is preloaded intentionally. @ https://vercel.com/rigo-melchor-s-projects/foxtrading:0
[  412787ms] [WARNING] The resource https://vercel.com/_next/static/immutable/chunks/26_kjvxoedtei.css was preloaded using link preload but not used within a few seconds from the window's load event. Please make sure it has an appropriate `as` value and it is preloaded intentionally. @ https://vercel.com/rigo-melchor-s-projects/foxtrading:0
[  419360ms] [WARNING] The resource https://vercel.com/_next/static/immutable/chunks/1y7np90zxj-un.css was preloaded using link preload but not used within a few seconds from the window's load event. Please make sure it has an appropriate `as` value and it is preloaded intentionally. @ https://vercel.com/rigo-melchor-s-projects/foxtrading:0
[  419360ms] [WARNING] The resource https://vercel.com/_next/static/immutable/media/caa3a2e1cccd8315.p.0wgildi0cnwt9.woff2 was preloaded using link preload but not used within a few seconds from the window's load event. Please make sure it has an appropriate `as` value and it is preloaded intentionally. @ https://vercel.com/rigo-melchor-s-projects/foxtrading:0
[  419360ms] [WARNING] The resource https://vercel.com/_next/static/immutable/chunks/2xsdyifozdz06.css was preloaded using link preload but not used within a few seconds from the window's load event. Please make sure it has an appropriate `as` value and it is preloaded intentionally. @ https://vercel.com/rigo-melchor-s-projects/foxtrading:0
[  419360ms] [WARNING] The resource https://vercel.com/_next/static/immutable/media/logo-vercel-dark.28zbfuuys0x7i.svg was preloaded using link preload but not used within a few seconds from the window's load event. Please make sure it has an appropriate `as` value and it is preloaded intentionally. @ https://vercel.com/rigo-melchor-s-projects/foxtrading:0
[  419360ms] [WARNING] The resource https://vercel.com/_next/static/immutable/chunks/0vmhpedf_b0j8.css was preloaded using link preload but not used within a few seconds from the window's load event. Please make sure it has an appropriate `as` value and it is preloaded intentionally. @ https://vercel.com/rigo-melchor-s-projects/foxtrading:0
[  419360ms] [WARNING] The resource https://vercel.com/_next/static/immutable/media/GeistMono_Variable.p.1bcgm0qa26ixg.woff2 was preloaded using link preload but not used within a few seconds from the window's load event. Please make sure it has an appropriate `as` value and it is preloaded intentionally. @ https://vercel.com/rigo-melchor-s-projects/foxtrading:0
[  419360ms] [WARNING] The resource https://vercel.com/_next/static/immutable/chunks/012p6cwa_e92y.css was preloaded using link preload but not used within a few seconds from the window's load event. Please make sure it has an appropriate `as` value and it is preloaded intentionally. @ https://vercel.com/rigo-melchor-s-projects/foxtrading:0
[  419360ms] [WARNING] The resource https://vercel.com/_next/static/immutable/chunks/1cqt2xba0-dxw.css was preloaded using link preload but not used within a few seconds from the window's load event. Please make sure it has an appropriate `as` value and it is preloaded intentionally. @ https://vercel.com/rigo-melchor-s-projects/foxtrading:0
[  419360ms] [WARNING] The resource https://vercel.com/_next/static/immutable/chunks/1yl8955ma4q4-.css was preloaded using link preload but not used within a few seconds from the window's load event. Please make sure it has an appropriate `as` value and it is preloaded intentionally. @ https://vercel.com/rigo-melchor-s-projects/foxtrading:0
[  419360ms] [WARNING] The resource https://vercel.com/_next/static/immutable/chunks/0-shbsz3-8ybx.css was preloaded using link preload but not used within a few seconds from the window's load event. Please make sure it has an appropriate `as` value and it is preloaded intentionally. @ https://vercel.com/rigo-melchor-s-projects/foxtrading:0
[  419360ms] [WARNING] The resource https://vercel.com/_next/static/immutable/chunks/1qpjfmo0jgtu2.css was preloaded using link preload but not used within a few seconds from the window's load event. Please make sure it has an appropriate `as` value and it is preloaded intentionally. @ https://vercel.com/rigo-melchor-s-projects/foxtrading:0
[  419360ms] [WARNING] The resource https://vercel.com/_next/static/immutable/chunks/3z36ncuffz89v.css was preloaded using link preload but not used within a few seconds from the window's load event. Please make sure it has an appropriate `as` value and it is preloaded intentionally. @ https://vercel.com/rigo-melchor-s-projects/foxtrading:0
[  419360ms] [WARNING] The resource https://vercel.com/_next/static/immutable/chunks/1u_bcwmq8rhcl.css was preloaded using link preload but not used within a few seconds from the window's load event. Please make sure it has an appropriate `as` value and it is preloaded intentionally. @ https://vercel.com/rigo-melchor-s-projects/foxtrading:0
[  419360ms] [WARNING] The resource https://vercel.com/_next/static/immutable/chunks/3z9uffp9rqnx8.css was preloaded using link preload but not used within a few seconds from the window's load event. Please make sure it has an appropriate `as` value and it is preloaded intentionally. @ https://vercel.com/rigo-melchor-s-projects/foxtrading:0
[  419360ms] [WARNING] The resource https://vercel.com/_next/static/immutable/chunks/1xg6gg5e39tni.css was preloaded using link preload but not used within a few seconds from the window's load event. Please make sure it has an appropriate `as` value and it is preloaded intentionally. @ https://vercel.com/rigo-melchor-s-projects/foxtrading:0
[  419360ms] [WARNING] The resource https://vercel.com/_next/static/immutable/chunks/1hzff2kh3gano.css was preloaded using link preload but not used within a few seconds from the window's load event. Please make sure it has an appropriate `as` value and it is preloaded intentionally. @ https://vercel.com/rigo-melchor-s-projects/foxtrading:0
[  419360ms] [WARNING] The resource https://vercel.com/_next/static/immutable/chunks/044vmykz7q7vs.css was preloaded using link preload but not used within a few seconds from the window's load event. Please make sure it has an appropriate `as` value and it is preloaded intentionally. @ https://vercel.com/rigo-melchor-s-projects/foxtrading:0
[  419360ms] [WARNING] The resource https://vercel.com/_next/static/immutable/media/logo-vercel-light.3an2_9g6dt4xn.svg was preloaded using link preload but not used within a few seconds from the window's load event. Please make sure it has an appropriate `as` value and it is preloaded intentionally. @ https://vercel.com/rigo-melchor-s-projects/foxtrading:0
[  419360ms] [WARNING] The resource https://vercel.com/_next/static/immutable/chunks/0rblmumf_9wz1.css was preloaded using link preload but not used within a few seconds from the window's load event. Please make sure it has an appropriate `as` value and it is preloaded intentionally. @ https://vercel.com/rigo-melchor-s-projects/foxtrading:0
[  419360ms] [WARNING] The resource https://vercel.com/_next/static/immutable/chunks/2qegur97i-cye.css was preloaded using link preload but not used within a few seconds from the window's load event. Please make sure it has an appropriate `as` value and it is preloaded intentionally. @ https://vercel.com/rigo-melchor-s-projects/foxtrading:0
[  419360ms] [WARNING] The resource https://vercel.com/_next/static/immutable/chunks/25nnd13fh_4k5.css was preloaded using link preload but not used within a few seconds from the window's load event. Please make sure it has an appropriate `as` value and it is preloaded intentionally. @ https://vercel.com/rigo-melchor-s-projects/foxtrading:0
[  419360ms] [WARNING] The resource https://vercel.com/_next/static/immutable/chunks/3p9g28no3_hj-.css was preloaded using link preload but not used within a few seconds from the window's load event. Please make sure it has an appropriate `as` value and it is preloaded intentionally. @ https://vercel.com/rigo-melchor-s-projects/foxtrading:0
[  419360ms] [WARNING] The resource https://vercel.com/_next/static/immutable/chunks/3fd49nnoyujvi.css was preloaded using link preload but not used within a few seconds from the window's load event. Please make sure it has an appropriate `as` value and it is preloaded intentionally. @ https://vercel.com/rigo-melchor-s-projects/foxtrading:0
[  419360ms] [WARNING] The resource https://vercel.com/_next/static/immutable/chunks/2cegy48-lpb69.css was preloaded using link preload but not used within a few seconds from the window's load event. Please make sure it has an appropriate `as` value and it is preloaded intentionally. @ https://vercel.com/rigo-melchor-s-projects/foxtrading:0
[  419360ms] [WARNING] The resource https://vercel.com/_next/static/immutable/chunks/26_kjvxoedtei.css was preloaded using link preload but not used within a few seconds from the window's load event. Please make sure it has an appropriate `as` value and it is preloaded intentionally. @ https://vercel.com/rigo-melchor-s-projects/foxtrading:0
[  429596ms] [WARNING] The resource https://vercel.com/_next/static/immutable/chunks/1y7np90zxj-un.css was preloaded using link preload but not used within a few seconds from the window's load event. Please make sure it has an appropriate `as` value and it is preloaded intentionally. @ https://vercel.com/rigo-melchor-s-projects/foxtrading:0
[  429596ms] [WARNING] The resource https://vercel.com/_next/static/immutable/media/caa3a2e1cccd8315.p.0wgildi0cnwt9.woff2 was preloaded using link preload but not used within a few seconds from the window's load event. Please make sure it has an appropriate `as` value and it is preloaded intentionally. @ https://vercel.com/rigo-melchor-s-projects/foxtrading:0
[  429596ms] [WARNING] The resource https://vercel.com/_next/static/immutable/chunks/2xsdyifozdz06.css was preloaded using link preload but not used within a few seconds from the window's load event. Please make sure it has an appropriate `as` value and it is preloaded intentionally. @ https://vercel.com/rigo-melchor-s-projects/foxtrading:0
[  429596ms] [WARNING] The resource https://vercel.com/_next/static/immutable/media/logo-vercel-dark.28zbfuuys0x7i.svg was preloaded using link preload but not used within a few seconds from the window's load event. Please make sure it has an appropriate `as` value and it is preloaded intentionally. @ https://vercel.com/rigo-melchor-s-projects/foxtrading:0
[  429596ms] [WARNING] The resource https://vercel.com/_next/static/immutable/chunks/0vmhpedf_b0j8.css was preloaded using link preload but not used within a few seconds from the window's load event. Please make sure it has an appropriate `as` value and it is preloaded intentionally. @ https://vercel.com/rigo-melchor-s-projects/foxtrading:0
[  429596ms] [WARNING] The resource https://vercel.com/_next/static/immutable/media/GeistMono_Variable.p.1bcgm0qa26ixg.woff2 was preloaded using link preload but not used within a few seconds from the window's load event. Please make sure it has an appropriate `as` value and it is preloaded intentionally. @ https://vercel.com/rigo-melchor-s-projects/foxtrading:0
[  429596ms] [WARNING] The resource https://vercel.com/_next/static/immutable/chunks/012p6cwa_e92y.css was preloaded using link preload but not used within a few seconds from the window's load event. Please make sure it has an appropriate `as` value and it is preloaded intentionally. @ https://vercel.com/rigo-melchor-s-projects/foxtrading:0
[  429596ms] [WARNING] The resource https://vercel.com/_next/static/immutable/chunks/1cqt2xba0-dxw.css was preloaded using link preload but not used within a few seconds from the window's load event. Please make sure it has an appropriate `as` value and it is preloaded intentionally. @ https://vercel.com/rigo-melchor-s-projects/foxtrading:0
[  429596ms] [WARNING] The resource https://vercel.com/_next/static/immutable/chunks/1yl8955ma4q4-.css was preloaded using link preload but not used within a few seconds from the window's load event. Please make sure it has an appropriate `as` value and it is preloaded intentionally. @ https://vercel.com/rigo-melchor-s-projects/foxtrading:0
[  429596ms] [WARNING] The resource https://vercel.com/_next/static/immutable/chunks/0-shbsz3-8ybx.css was preloaded using link preload but not used within a few seconds from the window's load event. Please make sure it has an appropriate `as` value and it is preloaded intentionally. @ https://vercel.com/rigo-melchor-s-projects/foxtrading:0
[  429596ms] [WARNING] The resource https://vercel.com/_next/static/immutable/chunks/1qpjfmo0jgtu2.css was preloaded using link preload but not used within a few seconds from the window's load event. Please make sure it has an appropriate `as` value and it is preloaded intentionally. @ https://vercel.com/rigo-melchor-s-projects/foxtrading:0
[  429596ms] [WARNING] The resource https://vercel.com/_next/static/immutable/chunks/3z36ncuffz89v.css was preloaded using link preload but not used within a few seconds from the window's load event. Please make sure it has an appropriate `as` value and it is preloaded intentionally. @ https://vercel.com/rigo-melchor-s-projects/foxtrading:0
[  429596ms] [WARNING] The resource https://vercel.com/_next/static/immutable/chunks/1u_bcwmq8rhcl.css was preloaded using link preload but not used within a few seconds from the window's load event. Please make sure it has an appropriate `as` value and it is preloaded intentionally. @ https://vercel.com/rigo-melchor-s-projects/foxtrading:0
[  429596ms] [WARNING] The resource https://vercel.com/_next/static/immutable/chunks/3z9uffp9rqnx8.css was preloaded using link preload but not used within a few seconds from the window's load event. Please make sure it has an appropriate `as` value and it is preloaded intentionally. @ https://vercel.com/rigo-melchor-s-projects/foxtrading:0
[  429596ms] [WARNING] The resource https://vercel.com/_next/static/immutable/chunks/1xg6gg5e39tni.css was preloaded using link preload but not used within a few seconds from the window's load event. Please make sure it has an appropriate `as` value and it is preloaded intentionally. @ https://vercel.com/rigo-melchor-s-projects/foxtrading:0
[  429596ms] [WARNING] The resource https://vercel.com/_next/static/immutable/chunks/1hzff2kh3gano.css was preloaded using link preload but not used within a few seconds from the window's load event. Please make sure it has an appropriate `as` value and it is preloaded intentionally. @ https://vercel.com/rigo-melchor-s-projects/foxtrading:0
[  429596ms] [WARNING] The resource https://vercel.com/_next/static/immutable/chunks/044vmykz7q7vs.css was preloaded using link preload but not used within a few seconds from the window's load event. Please make sure it has an appropriate `as` value and it is preloaded intentionally. @ https://vercel.com/rigo-melchor-s-projects/foxtrading:0
[  429596ms] [WARNING] The resource https://vercel.com/_next/static/immutable/media/logo-vercel-light.3an2_9g6dt4xn.svg was preloaded using link preload but not used within a few seconds from the window's load event. Please make sure it has an appropriate `as` value and it is preloaded intentionally. @ https://vercel.com/rigo-melchor-s-projects/foxtrading:0
[  429596ms] [WARNING] The resource https://vercel.com/_next/static/immutable/chunks/0rblmumf_9wz1.css was preloaded using link preload but not used within a few seconds from the window's load event. Please make sure it has an appropriate `as` value and it is preloaded intentionally. @ https://vercel.com/rigo-melchor-s-projects/foxtrading:0
[  429596ms] [WARNING] The resource https://vercel.com/_next/static/immutable/chunks/2qegur97i-cye.css was preloaded using link preload but not used within a few seconds from the window's load event. Please make sure it has an appropriate `as` value and it is preloaded intentionally. @ https://vercel.com/rigo-melchor-s-projects/foxtrading:0
[  429596ms] [WARNING] The resource https://vercel.com/_next/static/immutable/chunks/25nnd13fh_4k5.css was preloaded using link preload but not used within a few seconds from the window's load event. Please make sure it has an appropriate `as` value and it is preloaded intentionally. @ https://vercel.com/rigo-melchor-s-projects/foxtrading:0
[  429596ms] [WARNING] The resource https://vercel.com/_next/static/immutable/chunks/3p9g28no3_hj-.css was preloaded using link preload but not used within a few seconds from the window's load event. Please make sure it has an appropriate `as` value and it is preloaded intentionally. @ https://vercel.com/rigo-melchor-s-projects/foxtrading:0
[  429596ms] [WARNING] The resource https://vercel.com/_next/static/immutable/chunks/3fd49nnoyujvi.css was preloaded using link preload but not used within a few seconds from the window's load event. Please make sure it has an appropriate `as` value and it is preloaded intentionally. @ https://vercel.com/rigo-melchor-s-projects/foxtrading:0
[  429596ms] [WARNING] The resource https://vercel.com/_next/static/immutable/chunks/2cegy48-lpb69.css was preloaded using link preload but not used within a few seconds from the window's load event. Please make sure it has an appropriate `as` value and it is preloaded intentionally. @ https://vercel.com/rigo-melchor-s-projects/foxtrading:0
[  429596ms] [WARNING] The resource https://vercel.com/_next/static/immutable/chunks/26_kjvxoedtei.css was preloaded using link preload but not used within a few seconds from the window's load event. Please make sure it has an appropriate `as` value and it is preloaded intentionally. @ https://vercel.com/rigo-melchor-s-projects/foxtrading:0
[  449930ms] [WARNING] The resource https://vercel.com/_next/static/immutable/chunks/1y7np90zxj-un.css was preloaded using link preload but not used within a few seconds from the window's load event. Please make sure it has an appropriate `as` value and it is preloaded intentionally. @ https://vercel.com/rigo-melchor-s-projects/foxtrading:0
[  449930ms] [WARNING] The resource https://vercel.com/_next/static/immutable/media/caa3a2e1cccd8315.p.0wgildi0cnwt9.woff2 was preloaded using link preload but not used within a few seconds from the window's load event. Please make sure it has an appropriate `as` value and it is preloaded intentionally. @ https://vercel.com/rigo-melchor-s-projects/foxtrading:0
[  449930ms] [WARNING] The resource https://vercel.com/_next/static/immutable/chunks/2xsdyifozdz06.css was preloaded using link preload but not used within a few seconds from the window's load event. Please make sure it has an appropriate `as` value and it is preloaded intentionally. @ https://vercel.com/rigo-melchor-s-projects/foxtrading:0
[  449931ms] [WARNING] The resource https://vercel.com/_next/static/immutable/media/logo-vercel-dark.28zbfuuys0x7i.svg was preloaded using link preload but not used within a few seconds from the window's load event. Please make sure it has an appropriate `as` value and it is preloaded intentionally. @ https://vercel.com/rigo-melchor-s-projects/foxtrading:0
[  449931ms] [WARNING] The resource https://vercel.com/_next/static/immutable/chunks/0vmhpedf_b0j8.css was preloaded using link preload but not used within a few seconds from the window's load event. Please make sure it has an appropriate `as` value and it is preloaded intentionally. @ https://vercel.com/rigo-melchor-s-projects/foxtrading:0
[  449931ms] [WARNING] The resource https://vercel.com/_next/static/immutable/media/GeistMono_Variable.p.1bcgm0qa26ixg.woff2 was preloaded using link preload but not used within a few seconds from the window's load event. Please make sure it has an appropriate `as` value and it is preloaded intentionally. @ https://vercel.com/rigo-melchor-s-projects/foxtrading:0
[  449931ms] [WARNING] The resource https://vercel.com/_next/static/immutable/chunks/012p6cwa_e92y.css was preloaded using link preload but not used within a few seconds from the window's load event. Please make sure it has an appropriate `as` value and it is preloaded intentionally. @ https://vercel.com/rigo-melchor-s-projects/foxtrading:0
[  449931ms] [WARNING] The resource https://vercel.com/_next/static/immutable/chunks/1cqt2xba0-dxw.css was preloaded using link preload but not used within a few seconds from the window's load event. Please make sure it has an appropriate `as` value and it is preloaded intentionally. @ https://vercel.com/rigo-melchor-s-projects/foxtrading:0
[  449931ms] [WARNING] The resource https://vercel.com/_next/static/immutable/chunks/1yl8955ma4q4-.css was preloaded using link preload but not used within a few seconds from the window's load event. Please make sure it has an appropriate `as` value and it is preloaded intentionally. @ https://vercel.com/rigo-melchor-s-projects/foxtrading:0
[  449931ms] [WARNING] The resource https://vercel.com/_next/static/immutable/chunks/0-shbsz3-8ybx.css was preloaded using link preload but not used within a few seconds from the window's load event. Please make sure it has an appropriate `as` value and it is preloaded intentionally. @ https://vercel.com/rigo-melchor-s-projects/foxtrading:0
[  449931ms] [WARNING] The resource https://vercel.com/_next/static/immutable/chunks/1qpjfmo0jgtu2.css was preloaded using link preload but not used within a few seconds from the window's load event. Please make sure it has an appropriate `as` value and it is preloaded intentionally. @ https://vercel.com/rigo-melchor-s-projects/foxtrading:0
[  449931ms] [WARNING] The resource https://vercel.com/_next/static/immutable/chunks/3z36ncuffz89v.css was preloaded using link preload but not used within a few seconds from the window's load event. Please make sure it has an appropriate `as` value and it is preloaded intentionally. @ https://vercel.com/rigo-melchor-s-projects/foxtrading:0
[  449931ms] [WARNING] The resource https://vercel.com/_next/static/immutable/chunks/1u_bcwmq8rhcl.css was preloaded using link preload but not used within a few seconds from the window's load event. Please make sure it has an appropriate `as` value and it is preloaded intentionally. @ https://vercel.com/rigo-melchor-s-projects/foxtrading:0
[  449931ms] [WARNING] The resource https://vercel.com/_next/static/immutable/chunks/3z9uffp9rqnx8.css was preloaded using link preload but not used within a few seconds from the window's load event. Please make sure it has an appropriate `as` value and it is preloaded intentionally. @ https://vercel.com/rigo-melchor-s-projects/foxtrading:0
[  449931ms] [WARNING] The resource https://vercel.com/_next/static/immutable/chunks/1xg6gg5e39tni.css was preloaded using link preload but not used within a few seconds from the window's load event. Please make sure it has an appropriate `as` value and it is preloaded intentionally. @ https://vercel.com/rigo-melchor-s-projects/foxtrading:0
[  449931ms] [WARNING] The resource https://vercel.com/_next/static/immutable/chunks/1hzff2kh3gano.css was preloaded using link preload but not used within a few seconds from the window's load event. Please make sure it has an appropriate `as` value and it is preloaded intentionally. @ https://vercel.com/rigo-melchor-s-projects/foxtrading:0
[  449931ms] [WARNING] The resource https://vercel.com/_next/static/immutable/chunks/044vmykz7q7vs.css was preloaded using link preload but not used within a few seconds from the window's load event. Please make sure it has an appropriate `as` value and it is preloaded intentionally. @ https://vercel.com/rigo-melchor-s-projects/foxtrading:0
[  449931ms] [WARNING] The resource https://vercel.com/_next/static/immutable/media/logo-vercel-light.3an2_9g6dt4xn.svg was preloaded using link preload but not used within a few seconds from the window's load event. Please make sure it has an appropriate `as` value and it is preloaded intentionally. @ https://vercel.com/rigo-melchor-s-projects/foxtrading:0
[  449931ms] [WARNING] The resource https://vercel.com/_next/static/immutable/chunks/0rblmumf_9wz1.css was preloaded using link preload but not used within a few seconds from the window's load event. Please make sure it has an appropriate `as` value and it is preloaded intentionally. @ https://vercel.com/rigo-melchor-s-projects/foxtrading:0
[  449931ms] [WARNING] The resource https://vercel.com/_next/static/immutable/chunks/2qegur97i-cye.css was preloaded using link preload but not used within a few seconds from the window's load event. Please make sure it has an appropriate `as` value and it is preloaded intentionally. @ https://vercel.com/rigo-melchor-s-projects/foxtrading:0
[  449931ms] [WARNING] The resource https://vercel.com/_next/static/immutable/chunks/25nnd13fh_4k5.css was preloaded using link preload but not used within a few seconds from the window's load event. Please make sure it has an appropriate `as` value and it is preloaded intentionally. @ https://vercel.com/rigo-melchor-s-projects/foxtrading:0
[  449931ms] [WARNING] The resource https://vercel.com/_next/static/immutable/chunks/3p9g28no3_hj-.css was preloaded using link preload but not used within a few seconds from the window's load event. Please make sure it has an appropriate `as` value and it is preloaded intentionally. @ https://vercel.com/rigo-melchor-s-projects/foxtrading:0
[  449931ms] [WARNING] The resource https://vercel.com/_next/static/immutable/chunks/3fd49nnoyujvi.css was preloaded using link preload but not used within a few seconds from the window's load event. Please make sure it has an appropriate `as` value and it is preloaded intentionally. @ https://vercel.com/rigo-melchor-s-projects/foxtrading:0
[  449931ms] [WARNING] The resource https://vercel.com/_next/static/immutable/chunks/2cegy48-lpb69.css was preloaded using link preload but not used within a few seconds from the window's load event. Please make sure it has an appropriate `as` value and it is preloaded intentionally. @ https://vercel.com/rigo-melchor-s-projects/foxtrading:0
[  449931ms] [WARNING] The resource https://vercel.com/_next/static/immutable/chunks/26_kjvxoedtei.css was preloaded using link preload but not used within a few seconds from the window's load event. Please make sure it has an appropriate `as` value and it is preloaded intentionally. @ https://vercel.com/rigo-melchor-s-projects/foxtrading:0
[  456610ms] [WARNING] The resource https://vercel.com/_next/static/immutable/chunks/1y7np90zxj-un.css was preloaded using link preload but not used within a few seconds from the window's load event. Please make sure it has an appropriate `as` value and it is preloaded intentionally. @ https://vercel.com/rigo-melchor-s-projects/foxtrading:0
[  456610ms] [WARNING] The resource https://vercel.com/_next/static/immutable/media/caa3a2e1cccd8315.p.0wgildi0cnwt9.woff2 was preloaded using link preload but not used within a few seconds from the window's load event. Please make sure it has an appropriate `as` value and it is preloaded intentionally. @ https://vercel.com/rigo-melchor-s-projects/foxtrading:0
[  456610ms] [WARNING] The resource https://vercel.com/_next/static/immutable/chunks/2xsdyifozdz06.css was preloaded using link preload but not used within a few seconds from the window's load event. Please make sure it has an appropriate `as` value and it is preloaded intentionally. @ https://vercel.com/rigo-melchor-s-projects/foxtrading:0
[  456610ms] [WARNING] The resource https://vercel.com/_next/static/immutable/media/logo-vercel-dark.28zbfuuys0x7i.svg was preloaded using link preload but not used within a few seconds from the window's load event. Please make sure it has an appropriate `as` value and it is preloaded intentionally. @ https://vercel.com/rigo-melchor-s-projects/foxtrading:0
[  456610ms] [WARNING] The resource https://vercel.com/_next/static/immutable/chunks/0vmhpedf_b0j8.css was preloaded using link preload but not used within a few seconds from the window's load event. Please make sure it has an appropriate `as` value and it is preloaded intentionally. @ https://vercel.com/rigo-melchor-s-projects/foxtrading:0
[  456610ms] [WARNING] The resource https://vercel.com/_next/static/immutable/media/GeistMono_Variable.p.1bcgm0qa26ixg.woff2 was preloaded using link preload but not used within a few seconds from the window's load event. Please make sure it has an appropriate `as` value and it is preloaded intentionally. @ https://vercel.com/rigo-melchor-s-projects/foxtrading:0
[  456610ms] [WARNING] The resource https://vercel.com/_next/static/immutable/chunks/012p6cwa_e92y.css was preloaded using link preload but not used within a few seconds from the window's load event. Please make sure it has an appropriate `as` value and it is preloaded intentionally. @ https://vercel.com/rigo-melchor-s-projects/foxtrading:0
[  456610ms] [WARNING] The resource https://vercel.com/_next/static/immutable/chunks/1cqt2xba0-dxw.css was preloaded using link preload but not used within a few seconds from the window's load event. Please make sure it has an appropriate `as` value and it is preloaded intentionally. @ https://vercel.com/rigo-melchor-s-projects/foxtrading:0
[  456610ms] [WARNING] The resource https://vercel.com/_next/static/immutable/chunks/1yl8955ma4q4-.css was preloaded using link preload but not used within a few seconds from the window's load event. Please make sure it has an appropriate `as` value and it is preloaded intentionally. @ https://vercel.com/rigo-melchor-s-projects/foxtrading:0
[  456610ms] [WARNING] The resource https://vercel.com/_next/static/immutable/chunks/0-shbsz3-8ybx.css was preloaded using link preload but not used within a few seconds from the window's load event. Please make sure it has an appropriate `as` value and it is preloaded intentionally. @ https://vercel.com/rigo-melchor-s-projects/foxtrading:0
[  456610ms] [WARNING] The resource https://vercel.com/_next/static/immutable/chunks/1qpjfmo0jgtu2.css was preloaded using link preload but not used within a few seconds from the window's load event. Please make sure it has an appropriate `as` value and it is preloaded intentionally. @ https://vercel.com/rigo-melchor-s-projects/foxtrading:0
[  456610ms] [WARNING] The resource https://vercel.com/_next/static/immutable/chunks/3z36ncuffz89v.css was preloaded using link preload but not used within a few seconds from the window's load event. Please make sure it has an appropriate `as` value and it is preloaded intentionally. @ https://vercel.com/rigo-melchor-s-projects/foxtrading:0
[  456610ms] [WARNING] The resource https://vercel.com/_next/static/immutable/chunks/1u_bcwmq8rhcl.css was preloaded using link preload but not used within a few seconds from the window's load event. Please make sure it has an appropriate `as` value and it is preloaded intentionally. @ https://vercel.com/rigo-melchor-s-projects/foxtrading:0
[  456610ms] [WARNING] The resource https://vercel.com/_next/static/immutable/chunks/3z9uffp9rqnx8.css was preloaded using link preload but not used within a few seconds from the window's load event. Please make sure it has an appropriate `as` value and it is preloaded intentionally. @ https://vercel.com/rigo-melchor-s-projects/foxtrading:0
[  456610ms] [WARNING] The resource https://vercel.com/_next/static/immutable/chunks/1xg6gg5e39tni.css was preloaded using link preload but not used within a few seconds from the window's load event. Please make sure it has an appropriate `as` value and it is preloaded intentionally. @ https://vercel.com/rigo-melchor-s-projects/foxtrading:0
[  456610ms] [WARNING] The resource https://vercel.com/_next/static/immutable/chunks/1hzff2kh3gano.css was preloaded using link preload but not used within a few seconds from the window's load event. Please make sure it has an appropriate `as` value and it is preloaded intentionally. @ https://vercel.com/rigo-melchor-s-projects/foxtrading:0
[  456610ms] [WARNING] The resource https://vercel.com/_next/static/immutable/chunks/044vmykz7q7vs.css was preloaded using link preload but not used within a few seconds from the window's load event. Please make sure it has an appropriate `as` value and it is preloaded intentionally. @ https://vercel.com/rigo-melchor-s-projects/foxtrading:0
[  456610ms] [WARNING] The resource https://vercel.com/_next/static/immutable/media/logo-vercel-light.3an2_9g6dt4xn.svg was preloaded using link preload but not used within a few seconds from the window's load event. Please make sure it has an appropriate `as` value and it is preloaded intentionally. @ https://vercel.com/rigo-melchor-s-projects/foxtrading:0
[  456610ms] [WARNING] The resource https://vercel.com/_next/static/immutable/chunks/0rblmumf_9wz1.css was preloaded using link preload but not used within a few seconds from the window's load event. Please make sure it has an appropriate `as` value and it is preloaded intentionally. @ https://vercel.com/rigo-melchor-s-projects/foxtrading:0
[  456610ms] [WARNING] The resource https://vercel.com/_next/static/immutable/chunks/2qegur97i-cye.css was preloaded using link preload but not used within a few seconds from the window's load event. Please make sure it has an appropriate `as` value and it is preloaded intentionally. @ https://vercel.com/rigo-melchor-s-projects/foxtrading:0
[  456610ms] [WARNING] The resource https://vercel.com/_next/static/immutable/chunks/25nnd13fh_4k5.css was preloaded using link preload but not used within a few seconds from the window's load event. Please make sure it has an appropriate `as` value and it is preloaded intentionally. @ https://vercel.com/rigo-melchor-s-projects/foxtrading:0
[  456610ms] [WARNING] The resource https://vercel.com/_next/static/immutable/chunks/3p9g28no3_hj-.css was preloaded using link preload but not used within a few seconds from the window's load event. Please make sure it has an appropriate `as` value and it is preloaded intentionally. @ https://vercel.com/rigo-melchor-s-projects/foxtrading:0
[  456610ms] [WARNING] The resource https://vercel.com/_next/static/immutable/chunks/3fd49nnoyujvi.css was preloaded using link preload but not used within a few seconds from the window's load event. Please make sure it has an appropriate `as` value and it is preloaded intentionally. @ https://vercel.com/rigo-melchor-s-projects/foxtrading:0
[  456610ms] [WARNING] The resource https://vercel.com/_next/static/immutable/chunks/2cegy48-lpb69.css was preloaded using link preload but not used within a few seconds from the window's load event. Please make sure it has an appropriate `as` value and it is preloaded intentionally. @ https://vercel.com/rigo-melchor-s-projects/foxtrading:0
[  456610ms] [WARNING] The resource https://vercel.com/_next/static/immutable/chunks/26_kjvxoedtei.css was preloaded using link preload but not used within a few seconds from the window's load event. Please make sure it has an appropriate `as` value and it is preloaded intentionally. @ https://vercel.com/rigo-melchor-s-projects/foxtrading:0
[  460190ms] [WARNING] The resource https://vercel.com/_next/static/immutable/chunks/1y7np90zxj-un.css was preloaded using link preload but not used within a few seconds from the window's load event. Please make sure it has an appropriate `as` value and it is preloaded intentionally. @ https://vercel.com/rigo-melchor-s-projects/foxtrading:0
[  460190ms] [WARNING] The resource https://vercel.com/_next/static/immutable/media/caa3a2e1cccd8315.p.0wgildi0cnwt9.woff2 was preloaded using link preload but not used within a few seconds from the window's load event. Please make sure it has an appropriate `as` value and it is preloaded intentionally. @ https://vercel.com/rigo-melchor-s-projects/foxtrading:0
[  460190ms] [WARNING] The resource https://vercel.com/_next/static/immutable/chunks/2xsdyifozdz06.css was preloaded using link preload but not used within a few seconds from the window's load event. Please make sure it has an appropriate `as` value and it is preloaded intentionally. @ https://vercel.com/rigo-melchor-s-projects/foxtrading:0
[  460190ms] [WARNING] The resource https://vercel.com/_next/static/immutable/media/logo-vercel-dark.28zbfuuys0x7i.svg was preloaded using link preload but not used within a few seconds from the window's load event. Please make sure it has an appropriate `as` value and it is preloaded intentionally. @ https://vercel.com/rigo-melchor-s-projects/foxtrading:0
[  460190ms] [WARNING] The resource https://vercel.com/_next/static/immutable/chunks/0vmhpedf_b0j8.css was preloaded using link preload but not used within a few seconds from the window's load event. Please make sure it has an appropriate `as` value and it is preloaded intentionally. @ https://vercel.com/rigo-melchor-s-projects/foxtrading:0
[  460190ms] [WARNING] The resource https://vercel.com/_next/static/immutable/media/GeistMono_Variable.p.1bcgm0qa26ixg.woff2 was preloaded using link preload but not used within a few seconds from the window's load event. Please make sure it has an appropriate `as` value and it is preloaded intentionally. @ https://vercel.com/rigo-melchor-s-projects/foxtrading:0
[  460190ms] [WARNING] The resource https://vercel.com/_next/static/immutable/chunks/012p6cwa_e92y.css was preloaded using link preload but not used within a few seconds from the window's load event. Please make sure it has an appropriate `as` value and it is preloaded intentionally. @ https://vercel.com/rigo-melchor-s-projects/foxtrading:0
[  460190ms] [WARNING] The resource https://vercel.com/_next/static/immutable/chunks/1cqt2xba0-dxw.css was preloaded using link preload but not used within a few seconds from the window's load event. Please make sure it has an appropriate `as` value and it is preloaded intentionally. @ https://vercel.com/rigo-melchor-s-projects/foxtrading:0
[  460190ms] [WARNING] The resource https://vercel.com/_next/static/immutable/chunks/1yl8955ma4q4-.css was preloaded using link preload but not used within a few seconds from the window's load event. Please make sure it has an appropriate `as` value and it is preloaded intentionally. @ https://vercel.com/rigo-melchor-s-projects/foxtrading:0
[  460190ms] [WARNING] The resource https://vercel.com/_next/static/immutable/chunks/0-shbsz3-8ybx.css was preloaded using link preload but not used within a few seconds from the window's load event. Please make sure it has an appropriate `as` value and it is preloaded intentionally. @ https://vercel.com/rigo-melchor-s-projects/foxtrading:0
[  460190ms] [WARNING] The resource https://vercel.com/_next/static/immutable/chunks/1qpjfmo0jgtu2.css was preloaded using link preload but not used within a few seconds from the window's load event. Please make sure it has an appropriate `as` value and it is preloaded intentionally. @ https://vercel.com/rigo-melchor-s-projects/foxtrading:0
[  460190ms] [WARNING] The resource https://vercel.com/_next/static/immutable/chunks/3z36ncuffz89v.css was preloaded using link preload but not used within a few seconds from the window's load event. Please make sure it has an appropriate `as` value and it is preloaded intentionally. @ https://vercel.com/rigo-melchor-s-projects/foxtrading:0
[  460190ms] [WARNING] The resource https://vercel.com/_next/static/immutable/chunks/1u_bcwmq8rhcl.css was preloaded using link preload but not used within a few seconds from the window's load event. Please make sure it has an appropriate `as` value and it is preloaded intentionally. @ https://vercel.com/rigo-melchor-s-projects/foxtrading:0
[  460190ms] [WARNING] The resource https://vercel.com/_next/static/immutable/chunks/3z9uffp9rqnx8.css was preloaded using link preload but not used within a few seconds from the window's load event. Please make sure it has an appropriate `as` value and it is preloaded intentionally. @ https://vercel.com/rigo-melchor-s-projects/foxtrading:0
[  460190ms] [WARNING] The resource https://vercel.com/_next/static/immutable/chunks/1xg6gg5e39tni.css was preloaded using link preload but not used within a few seconds from the window's load event. Please make sure it has an appropriate `as` value and it is preloaded intentionally. @ https://vercel.com/rigo-melchor-s-projects/foxtrading:0
[  460190ms] [WARNING] The resource https://vercel.com/_next/static/immutable/chunks/1hzff2kh3gano.css was preloaded using link preload but not used within a few seconds from the window's load event. Please make sure it has an appropriate `as` value and it is preloaded intentionally. @ https://vercel.com/rigo-melchor-s-projects/foxtrading:0
[  460191ms] [WARNING] The resource https://vercel.com/_next/static/immutable/chunks/044vmykz7q7vs.css was preloaded using link preload but not used within a few seconds from the window's load event. Please make sure it has an appropriate `as` value and it is preloaded intentionally. @ https://vercel.com/rigo-melchor-s-projects/foxtrading:0
[  460191ms] [WARNING] The resource https://vercel.com/_next/static/immutable/media/logo-vercel-light.3an2_9g6dt4xn.svg was preloaded using link preload but not used within a few seconds from the window's load event. Please make sure it has an appropriate `as` value and it is preloaded intentionally. @ https://vercel.com/rigo-melchor-s-projects/foxtrading:0
[  460191ms] [WARNING] The resource https://vercel.com/_next/static/immutable/chunks/0rblmumf_9wz1.css was preloaded using link preload but not used within a few seconds from the window's load event. Please make sure it has an appropriate `as` value and it is preloaded intentionally. @ https://vercel.com/rigo-melchor-s-projects/foxtrading:0
[  460191ms] [WARNING] The resource https://vercel.com/_next/static/immutable/chunks/2qegur97i-cye.css was preloaded using link preload but not used within a few seconds from the window's load event. Please make sure it has an appropriate `as` value and it is preloaded intentionally. @ https://vercel.com/rigo-melchor-s-projects/foxtrading:0
[  460191ms] [WARNING] The resource https://vercel.com/_next/static/immutable/chunks/25nnd13fh_4k5.css was preloaded using link preload but not used within a few seconds from the window's load event. Please make sure it has an appropriate `as` value and it is preloaded intentionally. @ https://vercel.com/rigo-melchor-s-projects/foxtrading:0
[  460191ms] [WARNING] The resource https://vercel.com/_next/static/immutable/chunks/3p9g28no3_hj-.css was preloaded using link preload but not used within a few seconds from the window's load event. Please make sure it has an appropriate `as` value and it is preloaded intentionally. @ https://vercel.com/rigo-melchor-s-projects/foxtrading:0
[  460191ms] [WARNING] The resource https://vercel.com/_next/static/immutable/chunks/3fd49nnoyujvi.css was preloaded using link preload but not used within a few seconds from the window's load event. Please make sure it has an appropriate `as` value and it is preloaded intentionally. @ https://vercel.com/rigo-melchor-s-projects/foxtrading:0
[  460191ms] [WARNING] The resource https://vercel.com/_next/static/immutable/chunks/2cegy48-lpb69.css was preloaded using link preload but not used within a few seconds from the window's load event. Please make sure it has an appropriate `as` value and it is preloaded intentionally. @ https://vercel.com/rigo-melchor-s-projects/foxtrading:0
[  460191ms] [WARNING] The resource https://vercel.com/_next/static/immutable/chunks/26_kjvxoedtei.css was preloaded using link preload but not used within a few seconds from the window's load event. Please make sure it has an appropriate `as` value and it is preloaded intentionally. @ https://vercel.com/rigo-melchor-s-projects/foxtrading:0
[  466703ms] [WARNING] The resource https://vercel.com/_next/static/immutable/chunks/1y7np90zxj-un.css was preloaded using link preload but not used within a few seconds from the window's load event. Please make sure it has an appropriate `as` value and it is preloaded intentionally. @ https://vercel.com/rigo-melchor-s-projects/foxtrading:0
[  466703ms] [WARNING] The resource https://vercel.com/_next/static/immutable/media/caa3a2e1cccd8315.p.0wgildi0cnwt9.woff2 was preloaded using link preload but not used within a few seconds from the window's load event. Please make sure it has an appropriate `as` value and it is preloaded intentionally. @ https://vercel.com/rigo-melchor-s-projects/foxtrading:0
[  466703ms] [WARNING] The resource https://vercel.com/_next/static/immutable/chunks/2xsdyifozdz06.css was preloaded using link preload but not used within a few seconds from the window's load event. Please make sure it has an appropriate `as` value and it is preloaded intentionally. @ https://vercel.com/rigo-melchor-s-projects/foxtrading:0
[  466703ms] [WARNING] The resource https://vercel.com/_next/static/immutable/media/logo-vercel-dark.28zbfuuys0x7i.svg was preloaded using link preload but not used within a few seconds from the window's load event. Please make sure it has an appropriate `as` value and it is preloaded intentionally. @ https://vercel.com/rigo-melchor-s-projects/foxtrading:0
[  466703ms] [WARNING] The resource https://vercel.com/_next/static/immutable/chunks/0vmhpedf_b0j8.css was preloaded using link preload but not used within a few seconds from the window's load event. Please make sure it has an appropriate `as` value and it is preloaded intentionally. @ https://vercel.com/rigo-melchor-s-projects/foxtrading:0
[  466703ms] [WARNING] The resource https://vercel.com/_next/static/immutable/media/GeistMono_Variable.p.1bcgm0qa26ixg.woff2 was preloaded using link preload but not used within a few seconds from the window's load event. Please make sure it has an appropriate `as` value and it is preloaded intentionally. @ https://vercel.com/rigo-melchor-s-projects/foxtrading:0
[  466703ms] [WARNING] The resource https://vercel.com/_next/static/immutable/chunks/012p6cwa_e92y.css was preloaded using link preload but not used within a few seconds from the window's load event. Please make sure it has an appropriate `as` value and it is preloaded intentionally. @ https://vercel.com/rigo-melchor-s-projects/foxtrading:0
[  466703ms] [WARNING] The resource https://vercel.com/_next/static/immutable/chunks/1cqt2xba0-dxw.css was preloaded using link preload but not used within a few seconds from the window's load event. Please make sure it has an appropriate `as` value and it is preloaded intentionally. @ https://vercel.com/rigo-melchor-s-projects/foxtrading:0
[  466703ms] [WARNING] The resource https://vercel.com/_next/static/immutable/chunks/1yl8955ma4q4-.css was preloaded using link preload but not used within a few seconds from the window's load event. Please make sure it has an appropriate `as` value and it is preloaded intentionally. @ https://vercel.com/rigo-melchor-s-projects/foxtrading:0
[  466703ms] [WARNING] The resource https://vercel.com/_next/static/immutable/chunks/0-shbsz3-8ybx.css was preloaded using link preload but not used within a few seconds from the window's load event. Please make sure it has an appropriate `as` value and it is preloaded intentionally. @ https://vercel.com/rigo-melchor-s-projects/foxtrading:0
[  466704ms] [WARNING] The resource https://vercel.com/_next/static/immutable/chunks/1qpjfmo0jgtu2.css was preloaded using link preload but not used within a few seconds from the window's load event. Please make sure it has an appropriate `as` value and it is preloaded intentionally. @ https://vercel.com/rigo-melchor-s-projects/foxtrading:0
[  466704ms] [WARNING] The resource https://vercel.com/_next/static/immutable/chunks/3z36ncuffz89v.css was preloaded using link preload but not used within a few seconds from the window's load event. Please make sure it has an appropriate `as` value and it is preloaded intentionally. @ https://vercel.com/rigo-melchor-s-projects/foxtrading:0
[  466704ms] [WARNING] The resource https://vercel.com/_next/static/immutable/chunks/1u_bcwmq8rhcl.css was preloaded using link preload but not used within a few seconds from the window's load event. Please make sure it has an appropriate `as` value and it is preloaded intentionally. @ https://vercel.com/rigo-melchor-s-projects/foxtrading:0
[  466704ms] [WARNING] The resource https://vercel.com/_next/static/immutable/chunks/3z9uffp9rqnx8.css was preloaded using link preload but not used within a few seconds from the window's load event. Please make sure it has an appropriate `as` value and it is preloaded intentionally. @ https://vercel.com/rigo-melchor-s-projects/foxtrading:0
[  466704ms] [WARNING] The resource https://vercel.com/_next/static/immutable/chunks/1xg6gg5e39tni.css was preloaded using link preload but not used within a few seconds from the window's load event. Please make sure it has an appropriate `as` value and it is preloaded intentionally. @ https://vercel.com/rigo-melchor-s-projects/foxtrading:0
[  466704ms] [WARNING] The resource https://vercel.com/_next/static/immutable/chunks/1hzff2kh3gano.css was preloaded using link preload but not used within a few seconds from the window's load event. Please make sure it has an appropriate `as` value and it is preloaded intentionally. @ https://vercel.com/rigo-melchor-s-projects/foxtrading:0
[  466704ms] [WARNING] The resource https://vercel.com/_next/static/immutable/chunks/044vmykz7q7vs.css was preloaded using link preload but not used within a few seconds from the window's load event. Please make sure it has an appropriate `as` value and it is preloaded intentionally. @ https://vercel.com/rigo-melchor-s-projects/foxtrading:0
[  466704ms] [WARNING] The resource https://vercel.com/_next/static/immutable/media/logo-vercel-light.3an2_9g6dt4xn.svg was preloaded using link preload but not used within a few seconds from the window's load event. Please make sure it has an appropriate `as` value and it is preloaded intentionally. @ https://vercel.com/rigo-melchor-s-projects/foxtrading:0
[  466704ms] [WARNING] The resource https://vercel.com/_next/static/immutable/chunks/0rblmumf_9wz1.css was preloaded using link preload but not used within a few seconds from the window's load event. Please make sure it has an appropriate `as` value and it is preloaded intentionally. @ https://vercel.com/rigo-melchor-s-projects/foxtrading:0
[  466704ms] [WARNING] The resource https://vercel.com/_next/static/immutable/chunks/2qegur97i-cye.css was preloaded using link preload but not used within a few seconds from the window's load event. Please make sure it has an appropriate `as` value and it is preloaded intentionally. @ https://vercel.com/rigo-melchor-s-projects/foxtrading:0
[  466704ms] [WARNING] The resource https://vercel.com/_next/static/immutable/chunks/25nnd13fh_4k5.css was preloaded using link preload but not used within a few seconds from the window's load event. Please make sure it has an appropriate `as` value and it is preloaded intentionally. @ https://vercel.com/rigo-melchor-s-projects/foxtrading:0
[  466704ms] [WARNING] The resource https://vercel.com/_next/static/immutable/chunks/3p9g28no3_hj-.css was preloaded using link preload but not used within a few seconds from the window's load event. Please make sure it has an appropriate `as` value and it is preloaded intentionally. @ https://vercel.com/rigo-melchor-s-projects/foxtrading:0
[  466704ms] [WARNING] The resource https://vercel.com/_next/static/immutable/chunks/3fd49nnoyujvi.css was preloaded using link preload but not used within a few seconds from the window's load event. Please make sure it has an appropriate `as` value and it is preloaded intentionally. @ https://vercel.com/rigo-melchor-s-projects/foxtrading:0
[  466704ms] [WARNING] The resource https://vercel.com/_next/static/immutable/chunks/2cegy48-lpb69.css was preloaded using link preload but not used within a few seconds from the window's load event. Please make sure it has an appropriate `as` value and it is preloaded intentionally. @ https://vercel.com/rigo-melchor-s-projects/foxtrading:0
[  466704ms] [WARNING] The resource https://vercel.com/_next/static/immutable/chunks/26_kjvxoedtei.css was preloaded using link preload but not used within a few seconds from the window's load event. Please make sure it has an appropriate `as` value and it is preloaded intentionally. @ https://vercel.com/rigo-melchor-s-projects/foxtrading:0
[  476901ms] [WARNING] The resource https://vercel.com/_next/static/immutable/chunks/1y7np90zxj-un.css was preloaded using link preload but not used within a few seconds from the window's load event. Please make sure it has an appropriate `as` value and it is preloaded intentionally. @ https://vercel.com/rigo-melchor-s-projects/foxtrading:0
[  476901ms] [WARNING] The resource https://vercel.com/_next/static/immutable/media/caa3a2e1cccd8315.p.0wgildi0cnwt9.woff2 was preloaded using link preload but not used within a few seconds from the window's load event. Please make sure it has an appropriate `as` value and it is preloaded intentionally. @ https://vercel.com/rigo-melchor-s-projects/foxtrading:0
[  476901ms] [WARNING] The resource https://vercel.com/_next/static/immutable/chunks/2xsdyifozdz06.css was preloaded using link preload but not used within a few seconds from the window's load event. Please make sure it has an appropriate `as` value and it is preloaded intentionally. @ https://vercel.com/rigo-melchor-s-projects/foxtrading:0
[  476901ms] [WARNING] The resource https://vercel.com/_next/static/immutable/media/logo-vercel-dark.28zbfuuys0x7i.svg was preloaded using link preload but not used within a few seconds from the window's load event. Please make sure it has an appropriate `as` value and it is preloaded intentionally. @ https://vercel.com/rigo-melchor-s-projects/foxtrading:0
[  476901ms] [WARNING] The resource https://vercel.com/_next/static/immutable/chunks/0vmhpedf_b0j8.css was preloaded using link preload but not used within a few seconds from the window's load event. Please make sure it has an appropriate `as` value and it is preloaded intentionally. @ https://vercel.com/rigo-melchor-s-projects/foxtrading:0
[  476901ms] [WARNING] The resource https://vercel.com/_next/static/immutable/media/GeistMono_Variable.p.1bcgm0qa26ixg.woff2 was preloaded using link preload but not used within a few seconds from the window's load event. Please make sure it has an appropriate `as` value and it is preloaded intentionally. @ https://vercel.com/rigo-melchor-s-projects/foxtrading:0
[  476901ms] [WARNING] The resource https://vercel.com/_next/static/immutable/chunks/012p6cwa_e92y.css was preloaded using link preload but not used within a few seconds from the window's load event. Please make sure it has an appropriate `as` value and it is preloaded intentionally. @ https://vercel.com/rigo-melchor-s-projects/foxtrading:0
[  476901ms] [WARNING] The resource https://vercel.com/_next/static/immutable/chunks/1cqt2xba0-dxw.css was preloaded using link preload but not used within a few seconds from the window's load event. Please make sure it has an appropriate `as` value and it is preloaded intentionally. @ https://vercel.com/rigo-melchor-s-projects/foxtrading:0
[  476901ms] [WARNING] The resource https://vercel.com/_next/static/immutable/chunks/1yl8955ma4q4-.css was preloaded using link preload but not used within a few seconds from the window's load event. Please make sure it has an appropriate `as` value and it is preloaded intentionally. @ https://vercel.com/rigo-melchor-s-projects/foxtrading:0
[  476901ms] [WARNING] The resource https://vercel.com/_next/static/immutable/chunks/0-shbsz3-8ybx.css was preloaded using link preload but not used within a few seconds from the window's load event. Please make sure it has an appropriate `as` value and it is preloaded intentionally. @ https://vercel.com/rigo-melchor-s-projects/foxtrading:0
[  476901ms] [WARNING] The resource https://vercel.com/_next/static/immutable/chunks/1qpjfmo0jgtu2.css was preloaded using link preload but not used within a few seconds from the window's load event. Please make sure it has an appropriate `as` value and it is preloaded intentionally. @ https://vercel.com/rigo-melchor-s-projects/foxtrading:0
[  476901ms] [WARNING] The resource https://vercel.com/_next/static/immutable/chunks/3z36ncuffz89v.css was preloaded using link preload but not used within a few seconds from the window's load event. Please make sure it has an appropriate `as` value and it is preloaded intentionally. @ https://vercel.com/rigo-melchor-s-projects/foxtrading:0
[  476901ms] [WARNING] The resource https://vercel.com/_next/static/immutable/chunks/1u_bcwmq8rhcl.css was preloaded using link preload but not used within a few seconds from the window's load event. Please make sure it has an appropriate `as` value and it is preloaded intentionally. @ https://vercel.com/rigo-melchor-s-projects/foxtrading:0
[  476901ms] [WARNING] The resource https://vercel.com/_next/static/immutable/chunks/3z9uffp9rqnx8.css was preloaded using link preload but not used within a few seconds from the window's load event. Please make sure it has an appropriate `as` value and it is preloaded intentionally. @ https://vercel.com/rigo-melchor-s-projects/foxtrading:0
[  476901ms] [WARNING] The resource https://vercel.com/_next/static/immutable/chunks/1xg6gg5e39tni.css was preloaded using link preload but not used within a few seconds from the window's load event. Please make sure it has an appropriate `as` value and it is preloaded intentionally. @ https://vercel.com/rigo-melchor-s-projects/foxtrading:0
[  476901ms] [WARNING] The resource https://vercel.com/_next/static/immutable/chunks/1hzff2kh3gano.css was preloaded using link preload but not used within a few seconds from the window's load event. Please make sure it has an appropriate `as` value and it is preloaded intentionally. @ https://vercel.com/rigo-melchor-s-projects/foxtrading:0
[  476901ms] [WARNING] The resource https://vercel.com/_next/static/immutable/chunks/044vmykz7q7vs.css was preloaded using link preload but not used within a few seconds from the window's load event. Please make sure it has an appropriate `as` value and it is preloaded intentionally. @ https://vercel.com/rigo-melchor-s-projects/foxtrading:0
[  476901ms] [WARNING] The resource https://vercel.com/_next/static/immutable/media/logo-vercel-light.3an2_9g6dt4xn.svg was preloaded using link preload but not used within a few seconds from the window's load event. Please make sure it has an appropriate `as` value and it is preloaded intentionally. @ https://vercel.com/rigo-melchor-s-projects/foxtrading:0
[  476901ms] [WARNING] The resource https://vercel.com/_next/static/immutable/chunks/0rblmumf_9wz1.css was preloaded using link preload but not used within a few seconds from the window's load event. Please make sure it has an appropriate `as` value and it is preloaded intentionally. @ https://vercel.com/rigo-melchor-s-projects/foxtrading:0
[  476901ms] [WARNING] The resource https://vercel.com/_next/static/immutable/chunks/2qegur97i-cye.css was preloaded using link preload but not used within a few seconds from the window's load event. Please make sure it has an appropriate `as` value and it is preloaded intentionally. @ https://vercel.com/rigo-melchor-s-projects/foxtrading:0
[  476901ms] [WARNING] The resource https://vercel.com/_next/static/immutable/chunks/25nnd13fh_4k5.css was preloaded using link preload but not used within a few seconds from the window's load event. Please make sure it has an appropriate `as` value and it is preloaded intentionally. @ https://vercel.com/rigo-melchor-s-projects/foxtrading:0
[  476901ms] [WARNING] The resource https://vercel.com/_next/static/immutable/chunks/3p9g28no3_hj-.css was preloaded using link preload but not used within a few seconds from the window's load event. Please make sure it has an appropriate `as` value and it is preloaded intentionally. @ https://vercel.com/rigo-melchor-s-projects/foxtrading:0
[  476901ms] [WARNING] The resource https://vercel.com/_next/static/immutable/chunks/3fd49nnoyujvi.css was preloaded using link preload but not used within a few seconds from the window's load event. Please make sure it has an appropriate `as` value and it is preloaded intentionally. @ https://vercel.com/rigo-melchor-s-projects/foxtrading:0
[  476901ms] [WARNING] The resource https://vercel.com/_next/static/immutable/chunks/2cegy48-lpb69.css was preloaded using link preload but not used within a few seconds from the window's load event. Please make sure it has an appropriate `as` value and it is preloaded intentionally. @ https://vercel.com/rigo-melchor-s-projects/foxtrading:0
[  476901ms] [WARNING] The resource https://vercel.com/_next/static/immutable/chunks/26_kjvxoedtei.css was preloaded using link preload but not used within a few seconds from the window's load event. Please make sure it has an appropriate `as` value and it is preloaded intentionally. @ https://vercel.com/rigo-melchor-s-projects/foxtrading:0
[  481142ms] [WARNING] The resource https://vercel.com/_next/static/immutable/chunks/1y7np90zxj-un.css was preloaded using link preload but not used within a few seconds from the window's load event. Please make sure it has an appropriate `as` value and it is preloaded intentionally. @ https://vercel.com/rigo-melchor-s-projects/foxtrading:0
[  481142ms] [WARNING] The resource https://vercel.com/_next/static/immutable/media/caa3a2e1cccd8315.p.0wgildi0cnwt9.woff2 was preloaded using link preload but not used within a few seconds from the window's load event. Please make sure it has an appropriate `as` value and it is preloaded intentionally. @ https://vercel.com/rigo-melchor-s-projects/foxtrading:0
[  481142ms] [WARNING] The resource https://vercel.com/_next/static/immutable/chunks/2xsdyifozdz06.css was preloaded using link preload but not used within a few seconds from the window's load event. Please make sure it has an appropriate `as` value and it is preloaded intentionally. @ https://vercel.com/rigo-melchor-s-projects/foxtrading:0
[  481142ms] [WARNING] The resource https://vercel.com/_next/static/immutable/media/logo-vercel-dark.28zbfuuys0x7i.svg was preloaded using link preload but not used within a few seconds from the window's load event. Please make sure it has an appropriate `as` value and it is preloaded intentionally. @ https://vercel.com/rigo-melchor-s-projects/foxtrading:0
[  481142ms] [WARNING] The resource https://vercel.com/_next/static/immutable/chunks/0vmhpedf_b0j8.css was preloaded using link preload but not used within a few seconds from the window's load event. Please make sure it has an appropriate `as` value and it is preloaded intentionally. @ https://vercel.com/rigo-melchor-s-projects/foxtrading:0
[  481142ms] [WARNING] The resource https://vercel.com/_next/static/immutable/media/GeistMono_Variable.p.1bcgm0qa26ixg.woff2 was preloaded using link preload but not used within a few seconds from the window's load event. Please make sure it has an appropriate `as` value and it is preloaded intentionally. @ https://vercel.com/rigo-melchor-s-projects/foxtrading:0
[  481142ms] [WARNING] The resource https://vercel.com/_next/static/immutable/chunks/012p6cwa_e92y.css was preloaded using link preload but not used within a few seconds from the window's load event. Please make sure it has an appropriate `as` value and it is preloaded intentionally. @ https://vercel.com/rigo-melchor-s-projects/foxtrading:0
[  481142ms] [WARNING] The resource https://vercel.com/_next/static/immutable/chunks/1cqt2xba0-dxw.css was preloaded using link preload but not used within a few seconds from the window's load event. Please make sure it has an appropriate `as` value and it is preloaded intentionally. @ https://vercel.com/rigo-melchor-s-projects/foxtrading:0
[  481142ms] [WARNING] The resource https://vercel.com/_next/static/immutable/chunks/1yl8955ma4q4-.css was preloaded using link preload but not used within a few seconds from the window's load event. Please make sure it has an appropriate `as` value and it is preloaded intentionally. @ https://vercel.com/rigo-melchor-s-projects/foxtrading:0
[  481143ms] [WARNING] The resource https://vercel.com/_next/static/immutable/chunks/0-shbsz3-8ybx.css was preloaded using link preload but not used within a few seconds from the window's load event. Please make sure it has an appropriate `as` value and it is preloaded intentionally. @ https://vercel.com/rigo-melchor-s-projects/foxtrading:0
[  481143ms] [WARNING] The resource https://vercel.com/_next/static/immutable/chunks/1qpjfmo0jgtu2.css was preloaded using link preload but not used within a few seconds from the window's load event. Please make sure it has an appropriate `as` value and it is preloaded intentionally. @ https://vercel.com/rigo-melchor-s-projects/foxtrading:0
[  481143ms] [WARNING] The resource https://vercel.com/_next/static/immutable/chunks/3z36ncuffz89v.css was preloaded using link preload but not used within a few seconds from the window's load event. Please make sure it has an appropriate `as` value and it is preloaded intentionally. @ https://vercel.com/rigo-melchor-s-projects/foxtrading:0
[  481143ms] [WARNING] The resource https://vercel.com/_next/static/immutable/chunks/1u_bcwmq8rhcl.css was preloaded using link preload but not used within a few seconds from the window's load event. Please make sure it has an appropriate `as` value and it is preloaded intentionally. @ https://vercel.com/rigo-melchor-s-projects/foxtrading:0
[  481143ms] [WARNING] The resource https://vercel.com/_next/static/immutable/chunks/3z9uffp9rqnx8.css was preloaded using link preload but not used within a few seconds from the window's load event. Please make sure it has an appropriate `as` value and it is preloaded intentionally. @ https://vercel.com/rigo-melchor-s-projects/foxtrading:0
[  481143ms] [WARNING] The resource https://vercel.com/_next/static/immutable/chunks/1xg6gg5e39tni.css was preloaded using link preload but not used within a few seconds from the window's load event. Please make sure it has an appropriate `as` value and it is preloaded intentionally. @ https://vercel.com/rigo-melchor-s-projects/foxtrading:0
[  481143ms] [WARNING] The resource https://vercel.com/_next/static/immutable/chunks/1hzff2kh3gano.css was preloaded using link preload but not used within a few seconds from the window's load event. Please make sure it has an appropriate `as` value and it is preloaded intentionally. @ https://vercel.com/rigo-melchor-s-projects/foxtrading:0
[  481143ms] [WARNING] The resource https://vercel.com/_next/static/immutable/chunks/044vmykz7q7vs.css was preloaded using link preload but not used within a few seconds from the window's load event. Please make sure it has an appropriate `as` value and it is preloaded intentionally. @ https://vercel.com/rigo-melchor-s-projects/foxtrading:0
[  481143ms] [WARNING] The resource https://vercel.com/_next/static/immutable/media/logo-vercel-light.3an2_9g6dt4xn.svg was preloaded using link preload but not used within a few seconds from the window's load event. Please make sure it has an appropriate `as` value and it is preloaded intentionally. @ https://vercel.com/rigo-melchor-s-projects/foxtrading:0
[  481143ms] [WARNING] The resource https://vercel.com/_next/static/immutable/chunks/0rblmumf_9wz1.css was preloaded using link preload but not used within a few seconds from the window's load event. Please make sure it has an appropriate `as` value and it is preloaded intentionally. @ https://vercel.com/rigo-melchor-s-projects/foxtrading:0
[  481143ms] [WARNING] The resource https://vercel.com/_next/static/immutable/chunks/2qegur97i-cye.css was preloaded using link preload but not used within a few seconds from the window's load event. Please make sure it has an appropriate `as` value and it is preloaded intentionally. @ https://vercel.com/rigo-melchor-s-projects/foxtrading:0
[  481143ms] [WARNING] The resource https://vercel.com/_next/static/immutable/chunks/25nnd13fh_4k5.css was preloaded using link preload but not used within a few seconds from the window's load event. Please make sure it has an appropriate `as` value and it is preloaded intentionally. @ https://vercel.com/rigo-melchor-s-projects/foxtrading:0
[  481143ms] [WARNING] The resource https://vercel.com/_next/static/immutable/chunks/3p9g28no3_hj-.css was preloaded using link preload but not used within a few seconds from the window's load event. Please make sure it has an appropriate `as` value and it is preloaded intentionally. @ https://vercel.com/rigo-melchor-s-projects/foxtrading:0
[  481143ms] [WARNING] The resource https://vercel.com/_next/static/immutable/chunks/3fd49nnoyujvi.css was preloaded using link preload but not used within a few seconds from the window's load event. Please make sure it has an appropriate `as` value and it is preloaded intentionally. @ https://vercel.com/rigo-melchor-s-projects/foxtrading:0
[  481143ms] [WARNING] The resource https://vercel.com/_next/static/immutable/chunks/2cegy48-lpb69.css was preloaded using link preload but not used within a few seconds from the window's load event. Please make sure it has an appropriate `as` value and it is preloaded intentionally. @ https://vercel.com/rigo-melchor-s-projects/foxtrading:0
[  481143ms] [WARNING] The resource https://vercel.com/_next/static/immutable/chunks/26_kjvxoedtei.css was preloaded using link preload but not used within a few seconds from the window's load event. Please make sure it has an appropriate `as` value and it is preloaded intentionally. @ https://vercel.com/rigo-melchor-s-projects/foxtrading:0
[  488054ms] [WARNING] The resource https://vercel.com/_next/static/immutable/chunks/1y7np90zxj-un.css was preloaded using link preload but not used within a few seconds from the window's load event. Please make sure it has an appropriate `as` value and it is preloaded intentionally. @ https://vercel.com/rigo-melchor-s-projects/foxtrading:0
[  488054ms] [WARNING] The resource https://vercel.com/_next/static/immutable/media/caa3a2e1cccd8315.p.0wgildi0cnwt9.woff2 was preloaded using link preload but not used within a few seconds from the window's load event. Please make sure it has an appropriate `as` value and it is preloaded intentionally. @ https://vercel.com/rigo-melchor-s-projects/foxtrading:0
[  488054ms] [WARNING] The resource https://vercel.com/_next/static/immutable/chunks/2xsdyifozdz06.css was preloaded using link preload but not used within a few seconds from the window's load event. Please make sure it has an appropriate `as` value and it is preloaded intentionally. @ https://vercel.com/rigo-melchor-s-projects/foxtrading:0
[  488054ms] [WARNING] The resource https://vercel.com/_next/static/immutable/media/logo-vercel-dark.28zbfuuys0x7i.svg was preloaded using link preload but not used within a few seconds from the window's load event. Please make sure it has an appropriate `as` value and it is preloaded intentionally. @ https://vercel.com/rigo-melchor-s-projects/foxtrading:0
[  488054ms] [WARNING] The resource https://vercel.com/_next/static/immutable/chunks/0vmhpedf_b0j8.css was preloaded using link preload but not used within a few seconds from the window's load event. Please make sure it has an appropriate `as` value and it is preloaded intentionally. @ https://vercel.com/rigo-melchor-s-projects/foxtrading:0
[  488054ms] [WARNING] The resource https://vercel.com/_next/static/immutable/media/GeistMono_Variable.p.1bcgm0qa26ixg.woff2 was preloaded using link preload but not used within a few seconds from the window's load event. Please make sure it has an appropriate `as` value and it is preloaded intentionally. @ https://vercel.com/rigo-melchor-s-projects/foxtrading:0
[  488054ms] [WARNING] The resource https://vercel.com/_next/static/immutable/chunks/012p6cwa_e92y.css was preloaded using link preload but not used within a few seconds from the window's load event. Please make sure it has an appropriate `as` value and it is preloaded intentionally. @ https://vercel.com/rigo-melchor-s-projects/foxtrading:0
[  488054ms] [WARNING] The resource https://vercel.com/_next/static/immutable/chunks/1cqt2xba0-dxw.css was preloaded using link preload but not used within a few seconds from the window's load event. Please make sure it has an appropriate `as` value and it is preloaded intentionally. @ https://vercel.com/rigo-melchor-s-projects/foxtrading:0
[  488054ms] [WARNING] The resource https://vercel.com/_next/static/immutable/chunks/1yl8955ma4q4-.css was preloaded using link preload but not used within a few seconds from the window's load event. Please make sure it has an appropriate `as` value and it is preloaded intentionally. @ https://vercel.com/rigo-melchor-s-projects/foxtrading:0
[  488054ms] [WARNING] The resource https://vercel.com/_next/static/immutable/chunks/0-shbsz3-8ybx.css was preloaded using link preload but not used within a few seconds from the window's load event. Please make sure it has an appropriate `as` value and it is preloaded intentionally. @ https://vercel.com/rigo-melchor-s-projects/foxtrading:0
[  488054ms] [WARNING] The resource https://vercel.com/_next/static/immutable/chunks/1qpjfmo0jgtu2.css was preloaded using link preload but not used within a few seconds from the window's load event. Please make sure it has an appropriate `as` value and it is preloaded intentionally. @ https://vercel.com/rigo-melchor-s-projects/foxtrading:0
[  488054ms] [WARNING] The resource https://vercel.com/_next/static/immutable/chunks/3z36ncuffz89v.css was preloaded using link preload but not used within a few seconds from the window's load event. Please make sure it has an appropriate `as` value and it is preloaded intentionally. @ https://vercel.com/rigo-melchor-s-projects/foxtrading:0
[  488054ms] [WARNING] The resource https://vercel.com/_next/static/immutable/chunks/1u_bcwmq8rhcl.css was preloaded using link preload but not used within a few seconds from the window's load event. Please make sure it has an appropriate `as` value and it is preloaded intentionally. @ https://vercel.com/rigo-melchor-s-projects/foxtrading:0
[  488054ms] [WARNING] The resource https://vercel.com/_next/static/immutable/chunks/3z9uffp9rqnx8.css was preloaded using link preload but not used within a few seconds from the window's load event. Please make sure it has an appropriate `as` value and it is preloaded intentionally. @ https://vercel.com/rigo-melchor-s-projects/foxtrading:0
[  488054ms] [WARNING] The resource https://vercel.com/_next/static/immutable/chunks/1xg6gg5e39tni.css was preloaded using link preload but not used within a few seconds from the window's load event. Please make sure it has an appropriate `as` value and it is preloaded intentionally. @ https://vercel.com/rigo-melchor-s-projects/foxtrading:0
[  488054ms] [WARNING] The resource https://vercel.com/_next/static/immutable/chunks/1hzff2kh3gano.css was preloaded using link preload but not used within a few seconds from the window's load event. Please make sure it has an appropriate `as` value and it is preloaded intentionally. @ https://vercel.com/rigo-melchor-s-projects/foxtrading:0
[  488054ms] [WARNING] The resource https://vercel.com/_next/static/immutable/chunks/044vmykz7q7vs.css was preloaded using link preload but not used within a few seconds from the window's load event. Please make sure it has an appropriate `as` value and it is preloaded intentionally. @ https://vercel.com/rigo-melchor-s-projects/foxtrading:0
[  488054ms] [WARNING] The resource https://vercel.com/_next/static/immutable/media/logo-vercel-light.3an2_9g6dt4xn.svg was preloaded using link preload but not used within a few seconds from the window's load event. Please make sure it has an appropriate `as` value and it is preloaded intentionally. @ https://vercel.com/rigo-melchor-s-projects/foxtrading:0
[  488054ms] [WARNING] The resource https://vercel.com/_next/static/immutable/chunks/0rblmumf_9wz1.css was preloaded using link preload but not used within a few seconds from the window's load event. Please make sure it has an appropriate `as` value and it is preloaded intentionally. @ https://vercel.com/rigo-melchor-s-projects/foxtrading:0
[  488054ms] [WARNING] The resource https://vercel.com/_next/static/immutable/chunks/2qegur97i-cye.css was preloaded using link preload but not used within a few seconds from the window's load event. Please make sure it has an appropriate `as` value and it is preloaded intentionally. @ https://vercel.com/rigo-melchor-s-projects/foxtrading:0
[  488054ms] [WARNING] The resource https://vercel.com/_next/static/immutable/chunks/25nnd13fh_4k5.css was preloaded using link preload but not used within a few seconds from the window's load event. Please make sure it has an appropriate `as` value and it is preloaded intentionally. @ https://vercel.com/rigo-melchor-s-projects/foxtrading:0
[  488054ms] [WARNING] The resource https://vercel.com/_next/static/immutable/chunks/3p9g28no3_hj-.css was preloaded using link preload but not used within a few seconds from the window's load event. Please make sure it has an appropriate `as` value and it is preloaded intentionally. @ https://vercel.com/rigo-melchor-s-projects/foxtrading:0
[  488054ms] [WARNING] The resource https://vercel.com/_next/static/immutable/chunks/3fd49nnoyujvi.css was preloaded using link preload but not used within a few seconds from the window's load event. Please make sure it has an appropriate `as` value and it is preloaded intentionally. @ https://vercel.com/rigo-melchor-s-projects/foxtrading:0
[  488054ms] [WARNING] The resource https://vercel.com/_next/static/immutable/chunks/2cegy48-lpb69.css was preloaded using link preload but not used within a few seconds from the window's load event. Please make sure it has an appropriate `as` value and it is preloaded intentionally. @ https://vercel.com/rigo-melchor-s-projects/foxtrading:0
[  488054ms] [WARNING] The resource https://vercel.com/_next/static/immutable/chunks/26_kjvxoedtei.css was preloaded using link preload but not used within a few seconds from the window's load event. Please make sure it has an appropriate `as` value and it is preloaded intentionally. @ https://vercel.com/rigo-melchor-s-projects/foxtrading:0
[  491591ms] [WARNING] The resource https://vercel.com/_next/static/immutable/chunks/1y7np90zxj-un.css was preloaded using link preload but not used within a few seconds from the window's load event. Please make sure it has an appropriate `as` value and it is preloaded intentionally. @ https://vercel.com/rigo-melchor-s-projects/foxtrading:0
[  491591ms] [WARNING] The resource https://vercel.com/_next/static/immutable/media/caa3a2e1cccd8315.p.0wgildi0cnwt9.woff2 was preloaded using link preload but not used within a few seconds from the window's load event. Please make sure it has an appropriate `as` value and it is preloaded intentionally. @ https://vercel.com/rigo-melchor-s-projects/foxtrading:0
[  491592ms] [WARNING] The resource https://vercel.com/_next/static/immutable/chunks/2xsdyifozdz06.css was preloaded using link preload but not used within a few seconds from the window's load event. Please make sure it has an appropriate `as` value and it is preloaded intentionally. @ https://vercel.com/rigo-melchor-s-projects/foxtrading:0
[  491592ms] [WARNING] The resource https://vercel.com/_next/static/immutable/media/logo-vercel-dark.28zbfuuys0x7i.svg was preloaded using link preload but not used within a few seconds from the window's load event. Please make sure it has an appropriate `as` value and it is preloaded intentionally. @ https://vercel.com/rigo-melchor-s-projects/foxtrading:0
[  491592ms] [WARNING] The resource https://vercel.com/_next/static/immutable/chunks/0vmhpedf_b0j8.css was preloaded using link preload but not used within a few seconds from the window's load event. Please make sure it has an appropriate `as` value and it is preloaded intentionally. @ https://vercel.com/rigo-melchor-s-projects/foxtrading:0
[  491592ms] [WARNING] The resource https://vercel.com/_next/static/immutable/media/GeistMono_Variable.p.1bcgm0qa26ixg.woff2 was preloaded using link preload but not used within a few seconds from the window's load event. Please make sure it has an appropriate `as` value and it is preloaded intentionally. @ https://vercel.com/rigo-melchor-s-projects/foxtrading:0
[  491592ms] [WARNING] The resource https://vercel.com/_next/static/immutable/chunks/012p6cwa_e92y.css was preloaded using link preload but not used within a few seconds from the window's load event. Please make sure it has an appropriate `as` value and it is preloaded intentionally. @ https://vercel.com/rigo-melchor-s-projects/foxtrading:0
[  491592ms] [WARNING] The resource https://vercel.com/_next/static/immutable/chunks/1cqt2xba0-dxw.css was preloaded using link preload but not used within a few seconds from the window's load event. Please make sure it has an appropriate `as` value and it is preloaded intentionally. @ https://vercel.com/rigo-melchor-s-projects/foxtrading:0
[  491592ms] [WARNING] The resource https://vercel.com/_next/static/immutable/chunks/1yl8955ma4q4-.css was preloaded using link preload but not used within a few seconds from the window's load event. Please make sure it has an appropriate `as` value and it is preloaded intentionally. @ https://vercel.com/rigo-melchor-s-projects/foxtrading:0
[  491592ms] [WARNING] The resource https://vercel.com/_next/static/immutable/chunks/0-shbsz3-8ybx.css was preloaded using link preload but not used within a few seconds from the window's load event. Please make sure it has an appropriate `as` value and it is preloaded intentionally. @ https://vercel.com/rigo-melchor-s-projects/foxtrading:0
[  491592ms] [WARNING] The resource https://vercel.com/_next/static/immutable/chunks/1qpjfmo0jgtu2.css was preloaded using link preload but not used within a few seconds from the window's load event. Please make sure it has an appropriate `as` value and it is preloaded intentionally. @ https://vercel.com/rigo-melchor-s-projects/foxtrading:0
[  491592ms] [WARNING] The resource https://vercel.com/_next/static/immutable/chunks/3z36ncuffz89v.css was preloaded using link preload but not used within a few seconds from the window's load event. Please make sure it has an appropriate `as` value and it is preloaded intentionally. @ https://vercel.com/rigo-melchor-s-projects/foxtrading:0
[  491592ms] [WARNING] The resource https://vercel.com/_next/static/immutable/chunks/1u_bcwmq8rhcl.css was preloaded using link preload but not used within a few seconds from the window's load event. Please make sure it has an appropriate `as` value and it is preloaded intentionally. @ https://vercel.com/rigo-melchor-s-projects/foxtrading:0
[  491592ms] [WARNING] The resource https://vercel.com/_next/static/immutable/chunks/3z9uffp9rqnx8.css was preloaded using link preload but not used within a few seconds from the window's load event. Please make sure it has an appropriate `as` value and it is preloaded intentionally. @ https://vercel.com/rigo-melchor-s-projects/foxtrading:0
[  491592ms] [WARNING] The resource https://vercel.com/_next/static/immutable/chunks/1xg6gg5e39tni.css was preloaded using link preload but not used within a few seconds from the window's load event. Please make sure it has an appropriate `as` value and it is preloaded intentionally. @ https://vercel.com/rigo-melchor-s-projects/foxtrading:0
[  491592ms] [WARNING] The resource https://vercel.com/_next/static/immutable/chunks/1hzff2kh3gano.css was preloaded using link preload but not used within a few seconds from the window's load event. Please make sure it has an appropriate `as` value and it is preloaded intentionally. @ https://vercel.com/rigo-melchor-s-projects/foxtrading:0
[  491592ms] [WARNING] The resource https://vercel.com/_next/static/immutable/chunks/044vmykz7q7vs.css was preloaded using link preload but not used within a few seconds from the window's load event. Please make sure it has an appropriate `as` value and it is preloaded intentionally. @ https://vercel.com/rigo-melchor-s-projects/foxtrading:0
[  491592ms] [WARNING] The resource https://vercel.com/_next/static/immutable/media/logo-vercel-light.3an2_9g6dt4xn.svg was preloaded using link preload but not used within a few seconds from the window's load event. Please make sure it has an appropriate `as` value and it is preloaded intentionally. @ https://vercel.com/rigo-melchor-s-projects/foxtrading:0
[  491592ms] [WARNING] The resource https://vercel.com/_next/static/immutable/chunks/0rblmumf_9wz1.css was preloaded using link preload but not used within a few seconds from the window's load event. Please make sure it has an appropriate `as` value and it is preloaded intentionally. @ https://vercel.com/rigo-melchor-s-projects/foxtrading:0
[  491592ms] [WARNING] The resource https://vercel.com/_next/static/immutable/chunks/2qegur97i-cye.css was preloaded using link preload but not used within a few seconds from the window's load event. Please make sure it has an appropriate `as` value and it is preloaded intentionally. @ https://vercel.com/rigo-melchor-s-projects/foxtrading:0
[  491592ms] [WARNING] The resource https://vercel.com/_next/static/immutable/chunks/25nnd13fh_4k5.css was preloaded using link preload but not used within a few seconds from the window's load event. Please make sure it has an appropriate `as` value and it is preloaded intentionally. @ https://vercel.com/rigo-melchor-s-projects/foxtrading:0
[  491592ms] [WARNING] The resource https://vercel.com/_next/static/immutable/chunks/3p9g28no3_hj-.css was preloaded using link preload but not used within a few seconds from the window's load event. Please make sure it has an appropriate `as` value and it is preloaded intentionally. @ https://vercel.com/rigo-melchor-s-projects/foxtrading:0
[  491592ms] [WARNING] The resource https://vercel.com/_next/static/immutable/chunks/3fd49nnoyujvi.css was preloaded using link preload but not used within a few seconds from the window's load event. Please make sure it has an appropriate `as` value and it is preloaded intentionally. @ https://vercel.com/rigo-melchor-s-projects/foxtrading:0
[  491592ms] [WARNING] The resource https://vercel.com/_next/static/immutable/chunks/2cegy48-lpb69.css was preloaded using link preload but not used within a few seconds from the window's load event. Please make sure it has an appropriate `as` value and it is preloaded intentionally. @ https://vercel.com/rigo-melchor-s-projects/foxtrading:0
[  491592ms] [WARNING] The resource https://vercel.com/_next/static/immutable/chunks/26_kjvxoedtei.css was preloaded using link preload but not used within a few seconds from the window's load event. Please make sure it has an appropriate `as` value and it is preloaded intentionally. @ https://vercel.com/rigo-melchor-s-projects/foxtrading:0
[  498289ms] [WARNING] The resource https://vercel.com/_next/static/immutable/chunks/1y7np90zxj-un.css was preloaded using link preload but not used within a few seconds from the window's load event. Please make sure it has an appropriate `as` value and it is preloaded intentionally. @ https://vercel.com/rigo-melchor-s-projects/foxtrading:0
[  498289ms] [WARNING] The resource https://vercel.com/_next/static/immutable/media/caa3a2e1cccd8315.p.0wgildi0cnwt9.woff2 was preloaded using link preload but not used within a few seconds from the window's load event. Please make sure it has an appropriate `as` value and it is preloaded intentionally. @ https://vercel.com/rigo-melchor-s-projects/foxtrading:0
[  498289ms] [WARNING] The resource https://vercel.com/_next/static/immutable/chunks/2xsdyifozdz06.css was preloaded using link preload but not used within a few seconds from the window's load event. Please make sure it has an appropriate `as` value and it is preloaded intentionally. @ https://vercel.com/rigo-melchor-s-projects/foxtrading:0
[  498289ms] [WARNING] The resource https://vercel.com/_next/static/immutable/media/logo-vercel-dark.28zbfuuys0x7i.svg was preloaded using link preload but not used within a few seconds from the window's load event. Please make sure it has an appropriate `as` value and it is preloaded intentionally. @ https://vercel.com/rigo-melchor-s-projects/foxtrading:0
[  498289ms] [WARNING] The resource https://vercel.com/_next/static/immutable/chunks/0vmhpedf_b0j8.css was preloaded using link preload but not used within a few seconds from the window's load event. Please make sure it has an appropriate `as` value and it is preloaded intentionally. @ https://vercel.com/rigo-melchor-s-projects/foxtrading:0
[  498289ms] [WARNING] The resource https://vercel.com/_next/static/immutable/media/GeistMono_Variable.p.1bcgm0qa26ixg.woff2 was preloaded using link preload but not used within a few seconds from the window's load event. Please make sure it has an appropriate `as` value and it is preloaded intentionally. @ https://vercel.com/rigo-melchor-s-projects/foxtrading:0
[  498289ms] [WARNING] The resource https://vercel.com/_next/static/immutable/chunks/012p6cwa_e92y.css was preloaded using link preload but not used within a few seconds from the window's load event. Please make sure it has an appropriate `as` value and it is preloaded intentionally. @ https://vercel.com/rigo-melchor-s-projects/foxtrading:0
[  498289ms] [WARNING] The resource https://vercel.com/_next/static/immutable/chunks/1cqt2xba0-dxw.css was preloaded using link preload but not used within a few seconds from the window's load event. Please make sure it has an appropriate `as` value and it is preloaded intentionally. @ https://vercel.com/rigo-melchor-s-projects/foxtrading:0
[  498289ms] [WARNING] The resource https://vercel.com/_next/static/immutable/chunks/1yl8955ma4q4-.css was preloaded using link preload but not used within a few seconds from the window's load event. Please make sure it has an appropriate `as` value and it is preloaded intentionally. @ https://vercel.com/rigo-melchor-s-projects/foxtrading:0
[  498289ms] [WARNING] The resource https://vercel.com/_next/static/immutable/chunks/0-shbsz3-8ybx.css was preloaded using link preload but not used within a few seconds from the window's load event. Please make sure it has an appropriate `as` value and it is preloaded intentionally. @ https://vercel.com/rigo-melchor-s-projects/foxtrading:0
[  498289ms] [WARNING] The resource https://vercel.com/_next/static/immutable/chunks/1qpjfmo0jgtu2.css was preloaded using link preload but not used within a few seconds from the window's load event. Please make sure it has an appropriate `as` value and it is preloaded intentionally. @ https://vercel.com/rigo-melchor-s-projects/foxtrading:0
[  498289ms] [WARNING] The resource https://vercel.com/_next/static/immutable/chunks/3z36ncuffz89v.css was preloaded using link preload but not used within a few seconds from the window's load event. Please make sure it has an appropriate `as` value and it is preloaded intentionally. @ https://vercel.com/rigo-melchor-s-projects/foxtrading:0
[  498289ms] [WARNING] The resource https://vercel.com/_next/static/immutable/chunks/1u_bcwmq8rhcl.css was preloaded using link preload but not used within a few seconds from the window's load event. Please make sure it has an appropriate `as` value and it is preloaded intentionally. @ https://vercel.com/rigo-melchor-s-projects/foxtrading:0
[  498289ms] [WARNING] The resource https://vercel.com/_next/static/immutable/chunks/3z9uffp9rqnx8.css was preloaded using link preload but not used within a few seconds from the window's load event. Please make sure it has an appropriate `as` value and it is preloaded intentionally. @ https://vercel.com/rigo-melchor-s-projects/foxtrading:0
[  498289ms] [WARNING] The resource https://vercel.com/_next/static/immutable/chunks/1xg6gg5e39tni.css was preloaded using link preload but not used within a few seconds from the window's load event. Please make sure it has an appropriate `as` value and it is preloaded intentionally. @ https://vercel.com/rigo-melchor-s-projects/foxtrading:0
[  498289ms] [WARNING] The resource https://vercel.com/_next/static/immutable/chunks/1hzff2kh3gano.css was preloaded using link preload but not used within a few seconds from the window's load event. Please make sure it has an appropriate `as` value and it is preloaded intentionally. @ https://vercel.com/rigo-melchor-s-projects/foxtrading:0
[  498289ms] [WARNING] The resource https://vercel.com/_next/static/immutable/chunks/044vmykz7q7vs.css was preloaded using link preload but not used within a few seconds from the window's load event. Please make sure it has an appropriate `as` value and it is preloaded intentionally. @ https://vercel.com/rigo-melchor-s-projects/foxtrading:0
[  498289ms] [WARNING] The resource https://vercel.com/_next/static/immutable/media/logo-vercel-light.3an2_9g6dt4xn.svg was preloaded using link preload but not used within a few seconds from the window's load event. Please make sure it has an appropriate `as` value and it is preloaded intentionally. @ https://vercel.com/rigo-melchor-s-projects/foxtrading:0
[  498289ms] [WARNING] The resource https://vercel.com/_next/static/immutable/chunks/0rblmumf_9wz1.css was preloaded using link preload but not used within a few seconds from the window's load event. Please make sure it has an appropriate `as` value and it is preloaded intentionally. @ https://vercel.com/rigo-melchor-s-projects/foxtrading:0
[  498289ms] [WARNING] The resource https://vercel.com/_next/static/immutable/chunks/2qegur97i-cye.css was preloaded using link preload but not used within a few seconds from the window's load event. Please make sure it has an appropriate `as` value and it is preloaded intentionally. @ https://vercel.com/rigo-melchor-s-projects/foxtrading:0
[  498289ms] [WARNING] The resource https://vercel.com/_next/static/immutable/chunks/25nnd13fh_4k5.css was preloaded using link preload but not used within a few seconds from the window's load event. Please make sure it has an appropriate `as` value and it is preloaded intentionally. @ https://vercel.com/rigo-melchor-s-projects/foxtrading:0
[  498289ms] [WARNING] The resource https://vercel.com/_next/static/immutable/chunks/3p9g28no3_hj-.css was preloaded using link preload but not used within a few seconds from the window's load event. Please make sure it has an appropriate `as` value and it is preloaded intentionally. @ https://vercel.com/rigo-melchor-s-projects/foxtrading:0
[  498289ms] [WARNING] The resource https://vercel.com/_next/static/immutable/chunks/3fd49nnoyujvi.css was preloaded using link preload but not used within a few seconds from the window's load event. Please make sure it has an appropriate `as` value and it is preloaded intentionally. @ https://vercel.com/rigo-melchor-s-projects/foxtrading:0
[  498289ms] [WARNING] The resource https://vercel.com/_next/static/immutable/chunks/2cegy48-lpb69.css was preloaded using link preload but not used within a few seconds from the window's load event. Please make sure it has an appropriate `as` value and it is preloaded intentionally. @ https://vercel.com/rigo-melchor-s-projects/foxtrading:0
[  498289ms] [WARNING] The resource https://vercel.com/_next/static/immutable/chunks/26_kjvxoedtei.css was preloaded using link preload but not used within a few seconds from the window's load event. Please make sure it has an appropriate `as` value and it is preloaded intentionally. @ https://vercel.com/rigo-melchor-s-projects/foxtrading:0
[  508763ms] [WARNING] The resource https://vercel.com/_next/static/immutable/chunks/1y7np90zxj-un.css was preloaded using link preload but not used within a few seconds from the window's load event. Please make sure it has an appropriate `as` value and it is preloaded intentionally. @ https://vercel.com/rigo-melchor-s-projects/foxtrading:0
[  508763ms] [WARNING] The resource https://vercel.com/_next/static/immutable/media/caa3a2e1cccd8315.p.0wgildi0cnwt9.woff2 was preloaded using link preload but not used within a few seconds from the window's load event. Please make sure it has an appropriate `as` value and it is preloaded intentionally. @ https://vercel.com/rigo-melchor-s-projects/foxtrading:0
[  508764ms] [WARNING] The resource https://vercel.com/_next/static/immutable/chunks/2xsdyifozdz06.css was preloaded using link preload but not used within a few seconds from the window's load event. Please make sure it has an appropriate `as` value and it is preloaded intentionally. @ https://vercel.com/rigo-melchor-s-projects/foxtrading:0
[  508764ms] [WARNING] The resource https://vercel.com/_next/static/immutable/media/logo-vercel-dark.28zbfuuys0x7i.svg was preloaded using link preload but not used within a few seconds from the window's load event. Please make sure it has an appropriate `as` value and it is preloaded intentionally. @ https://vercel.com/rigo-melchor-s-projects/foxtrading:0
[  508764ms] [WARNING] The resource https://vercel.com/_next/static/immutable/chunks/0vmhpedf_b0j8.css was preloaded using link preload but not used within a few seconds from the window's load event. Please make sure it has an appropriate `as` value and it is preloaded intentionally. @ https://vercel.com/rigo-melchor-s-projects/foxtrading:0
[  508764ms] [WARNING] The resource https://vercel.com/_next/static/immutable/media/GeistMono_Variable.p.1bcgm0qa26ixg.woff2 was preloaded using link preload but not used within a few seconds from the window's load event. Please make sure it has an appropriate `as` value and it is preloaded intentionally. @ https://vercel.com/rigo-melchor-s-projects/foxtrading:0
[  508764ms] [WARNING] The resource https://vercel.com/_next/static/immutable/chunks/012p6cwa_e92y.css was preloaded using link preload but not used within a few seconds from the window's load event. Please make sure it has an appropriate `as` value and it is preloaded intentionally. @ https://vercel.com/rigo-melchor-s-projects/foxtrading:0
[  508764ms] [WARNING] The resource https://vercel.com/_next/static/immutable/chunks/1cqt2xba0-dxw.css was preloaded using link preload but not used within a few seconds from the window's load event. Please make sure it has an appropriate `as` value and it is preloaded intentionally. @ https://vercel.com/rigo-melchor-s-projects/foxtrading:0
[  508764ms] [WARNING] The resource https://vercel.com/_next/static/immutable/chunks/1yl8955ma4q4-.css was preloaded using link preload but not used within a few seconds from the window's load event. Please make sure it has an appropriate `as` value and it is preloaded intentionally. @ https://vercel.com/rigo-melchor-s-projects/foxtrading:0
[  508764ms] [WARNING] The resource https://vercel.com/_next/static/immutable/chunks/0-shbsz3-8ybx.css was preloaded using link preload but not used within a few seconds from the window's load event. Please make sure it has an appropriate `as` value and it is preloaded intentionally. @ https://vercel.com/rigo-melchor-s-projects/foxtrading:0
[  508764ms] [WARNING] The resource https://vercel.com/_next/static/immutable/chunks/1qpjfmo0jgtu2.css was preloaded using link preload but not used within a few seconds from the window's load event. Please make sure it has an appropriate `as` value and it is preloaded intentionally. @ https://vercel.com/rigo-melchor-s-projects/foxtrading:0
[  508764ms] [WARNING] The resource https://vercel.com/_next/static/immutable/chunks/3z36ncuffz89v.css was preloaded using link preload but not used within a few seconds from the window's load event. Please make sure it has an appropriate `as` value and it is preloaded intentionally. @ https://vercel.com/rigo-melchor-s-projects/foxtrading:0
[  508764ms] [WARNING] The resource https://vercel.com/_next/static/immutable/chunks/1u_bcwmq8rhcl.css was preloaded using link preload but not used within a few seconds from the window's load event. Please make sure it has an appropriate `as` value and it is preloaded intentionally. @ https://vercel.com/rigo-melchor-s-projects/foxtrading:0
[  508764ms] [WARNING] The resource https://vercel.com/_next/static/immutable/chunks/3z9uffp9rqnx8.css was preloaded using link preload but not used within a few seconds from the window's load event. Please make sure it has an appropriate `as` value and it is preloaded intentionally. @ https://vercel.com/rigo-melchor-s-projects/foxtrading:0
[  508764ms] [WARNING] The resource https://vercel.com/_next/static/immutable/chunks/1xg6gg5e39tni.css was preloaded using link preload but not used within a few seconds from the window's load event. Please make sure it has an appropriate `as` value and it is preloaded intentionally. @ https://vercel.com/rigo-melchor-s-projects/foxtrading:0
[  508764ms] [WARNING] The resource https://vercel.com/_next/static/immutable/chunks/1hzff2kh3gano.css was preloaded using link preload but not used within a few seconds from the window's load event. Please make sure it has an appropriate `as` value and it is preloaded intentionally. @ https://vercel.com/rigo-melchor-s-projects/foxtrading:0
[  508764ms] [WARNING] The resource https://vercel.com/_next/static/immutable/chunks/044vmykz7q7vs.css was preloaded using link preload but not used within a few seconds from the window's load event. Please make sure it has an appropriate `as` value and it is preloaded intentionally. @ https://vercel.com/rigo-melchor-s-projects/foxtrading:0
[  508764ms] [WARNING] The resource https://vercel.com/_next/static/immutable/media/logo-vercel-light.3an2_9g6dt4xn.svg was preloaded using link preload but not used within a few seconds from the window's load event. Please make sure it has an appropriate `as` value and it is preloaded intentionally. @ https://vercel.com/rigo-melchor-s-projects/foxtrading:0
[  508764ms] [WARNING] The resource https://vercel.com/_next/static/immutable/chunks/0rblmumf_9wz1.css was preloaded using link preload but not used within a few seconds from the window's load event. Please make sure it has an appropriate `as` value and it is preloaded intentionally. @ https://vercel.com/rigo-melchor-s-projects/foxtrading:0
[  508764ms] [WARNING] The resource https://vercel.com/_next/static/immutable/chunks/2qegur97i-cye.css was preloaded using link preload but not used within a few seconds from the window's load event. Please make sure it has an appropriate `as` value and it is preloaded intentionally. @ https://vercel.com/rigo-melchor-s-projects/foxtrading:0
[  508764ms] [WARNING] The resource https://vercel.com/_next/static/immutable/chunks/25nnd13fh_4k5.css was preloaded using link preload but not used within a few seconds from the window's load event. Please make sure it has an appropriate `as` value and it is preloaded intentionally. @ https://vercel.com/rigo-melchor-s-projects/foxtrading:0
[  508764ms] [WARNING] The resource https://vercel.com/_next/static/immutable/chunks/3p9g28no3_hj-.css was preloaded using link preload but not used within a few seconds from the window's load event. Please make sure it has an appropriate `as` value and it is preloaded intentionally. @ https://vercel.com/rigo-melchor-s-projects/foxtrading:0
[  508764ms] [WARNING] The resource https://vercel.com/_next/static/immutable/chunks/3fd49nnoyujvi.css was preloaded using link preload but not used within a few seconds from the window's load event. Please make sure it has an appropriate `as` value and it is preloaded intentionally. @ https://vercel.com/rigo-melchor-s-projects/foxtrading:0
[  508764ms] [WARNING] The resource https://vercel.com/_next/static/immutable/chunks/2cegy48-lpb69.css was preloaded using link preload but not used within a few seconds from the window's load event. Please make sure it has an appropriate `as` value and it is preloaded intentionally. @ https://vercel.com/rigo-melchor-s-projects/foxtrading:0
[  508764ms] [WARNING] The resource https://vercel.com/_next/static/immutable/chunks/26_kjvxoedtei.css was preloaded using link preload but not used within a few seconds from the window's load event. Please make sure it has an appropriate `as` value and it is preloaded intentionally. @ https://vercel.com/rigo-melchor-s-projects/foxtrading:0
[  512488ms] [WARNING] The resource https://vercel.com/_next/static/immutable/chunks/1y7np90zxj-un.css was preloaded using link preload but not used within a few seconds from the window's load event. Please make sure it has an appropriate `as` value and it is preloaded intentionally. @ https://vercel.com/rigo-melchor-s-projects/foxtrading:0
[  512488ms] [WARNING] The resource https://vercel.com/_next/static/immutable/media/caa3a2e1cccd8315.p.0wgildi0cnwt9.woff2 was preloaded using link preload but not used within a few seconds from the window's load event. Please make sure it has an appropriate `as` value and it is preloaded intentionally. @ https://vercel.com/rigo-melchor-s-projects/foxtrading:0
[  512488ms] [WARNING] The resource https://vercel.com/_next/static/immutable/chunks/2xsdyifozdz06.css was preloaded using link preload but not used within a few seconds from the window's load event. Please make sure it has an appropriate `as` value and it is preloaded intentionally. @ https://vercel.com/rigo-melchor-s-projects/foxtrading:0
[  512488ms] [WARNING] The resource https://vercel.com/_next/static/immutable/media/logo-vercel-dark.28zbfuuys0x7i.svg was preloaded using link preload but not used within a few seconds from the window's load event. Please make sure it has an appropriate `as` value and it is preloaded intentionally. @ https://vercel.com/rigo-melchor-s-projects/foxtrading:0
[  512488ms] [WARNING] The resource https://vercel.com/_next/static/immutable/chunks/0vmhpedf_b0j8.css was preloaded using link preload but not used within a few seconds from the window's load event. Please make sure it has an appropriate `as` value and it is preloaded intentionally. @ https://vercel.com/rigo-melchor-s-projects/foxtrading:0
[  512488ms] [WARNING] The resource https://vercel.com/_next/static/immutable/media/GeistMono_Variable.p.1bcgm0qa26ixg.woff2 was preloaded using link preload but not used within a few seconds from the window's load event. Please make sure it has an appropriate `as` value and it is preloaded intentionally. @ https://vercel.com/rigo-melchor-s-projects/foxtrading:0
[  512488ms] [WARNING] The resource https://vercel.com/_next/static/immutable/chunks/012p6cwa_e92y.css was preloaded using link preload but not used within a few seconds from the window's load event. Please make sure it has an appropriate `as` value and it is preloaded intentionally. @ https://vercel.com/rigo-melchor-s-projects/foxtrading:0
[  512488ms] [WARNING] The resource https://vercel.com/_next/static/immutable/chunks/1cqt2xba0-dxw.css was preloaded using link preload but not used within a few seconds from the window's load event. Please make sure it has an appropriate `as` value and it is preloaded intentionally. @ https://vercel.com/rigo-melchor-s-projects/foxtrading:0
[  512488ms] [WARNING] The resource https://vercel.com/_next/static/immutable/chunks/1yl8955ma4q4-.css was preloaded using link preload but not used within a few seconds from the window's load event. Please make sure it has an appropriate `as` value and it is preloaded intentionally. @ https://vercel.com/rigo-melchor-s-projects/foxtrading:0
[  512488ms] [WARNING] The resource https://vercel.com/_next/static/immutable/chunks/0-shbsz3-8ybx.css was preloaded using link preload but not used within a few seconds from the window's load event. Please make sure it has an appropriate `as` value and it is preloaded intentionally. @ https://vercel.com/rigo-melchor-s-projects/foxtrading:0
[  512488ms] [WARNING] The resource https://vercel.com/_next/static/immutable/chunks/1qpjfmo0jgtu2.css was preloaded using link preload but not used within a few seconds from the window's load event. Please make sure it has an appropriate `as` value and it is preloaded intentionally. @ https://vercel.com/rigo-melchor-s-projects/foxtrading:0
[  512488ms] [WARNING] The resource https://vercel.com/_next/static/immutable/chunks/3z36ncuffz89v.css was preloaded using link preload but not used within a few seconds from the window's load event. Please make sure it has an appropriate `as` value and it is preloaded intentionally. @ https://vercel.com/rigo-melchor-s-projects/foxtrading:0
[  512488ms] [WARNING] The resource https://vercel.com/_next/static/immutable/chunks/1u_bcwmq8rhcl.css was preloaded using link preload but not used within a few seconds from the window's load event. Please make sure it has an appropriate `as` value and it is preloaded intentionally. @ https://vercel.com/rigo-melchor-s-projects/foxtrading:0
[  512488ms] [WARNING] The resource https://vercel.com/_next/static/immutable/chunks/3z9uffp9rqnx8.css was preloaded using link preload but not used within a few seconds from the window's load event. Please make sure it has an appropriate `as` value and it is preloaded intentionally. @ https://vercel.com/rigo-melchor-s-projects/foxtrading:0
[  512488ms] [WARNING] The resource https://vercel.com/_next/static/immutable/chunks/1xg6gg5e39tni.css was preloaded using link preload but not used within a few seconds from the window's load event. Please make sure it has an appropriate `as` value and it is preloaded intentionally. @ https://vercel.com/rigo-melchor-s-projects/foxtrading:0
[  512488ms] [WARNING] The resource https://vercel.com/_next/static/immutable/chunks/1hzff2kh3gano.css was preloaded using link preload but not used within a few seconds from the window's load event. Please make sure it has an appropriate `as` value and it is preloaded intentionally. @ https://vercel.com/rigo-melchor-s-projects/foxtrading:0
[  512488ms] [WARNING] The resource https://vercel.com/_next/static/immutable/chunks/044vmykz7q7vs.css was preloaded using link preload but not used within a few seconds from the window's load event. Please make sure it has an appropriate `as` value and it is preloaded intentionally. @ https://vercel.com/rigo-melchor-s-projects/foxtrading:0
[  512488ms] [WARNING] The resource https://vercel.com/_next/static/immutable/media/logo-vercel-light.3an2_9g6dt4xn.svg was preloaded using link preload but not used within a few seconds from the window's load event. Please make sure it has an appropriate `as` value and it is preloaded intentionally. @ https://vercel.com/rigo-melchor-s-projects/foxtrading:0
[  512488ms] [WARNING] The resource https://vercel.com/_next/static/immutable/chunks/0rblmumf_9wz1.css was preloaded using link preload but not used within a few seconds from the window's load event. Please make sure it has an appropriate `as` value and it is preloaded intentionally. @ https://vercel.com/rigo-melchor-s-projects/foxtrading:0
[  512488ms] [WARNING] The resource https://vercel.com/_next/static/immutable/chunks/2qegur97i-cye.css was preloaded using link preload but not used within a few seconds from the window's load event. Please make sure it has an appropriate `as` value and it is preloaded intentionally. @ https://vercel.com/rigo-melchor-s-projects/foxtrading:0
[  512488ms] [WARNING] The resource https://vercel.com/_next/static/immutable/chunks/25nnd13fh_4k5.css was preloaded using link preload but not used within a few seconds from the window's load event. Please make sure it has an appropriate `as` value and it is preloaded intentionally. @ https://vercel.com/rigo-melchor-s-projects/foxtrading:0
[  512488ms] [WARNING] The resource https://vercel.com/_next/static/immutable/chunks/3p9g28no3_hj-.css was preloaded using link preload but not used within a few seconds from the window's load event. Please make sure it has an appropriate `as` value and it is preloaded intentionally. @ https://vercel.com/rigo-melchor-s-projects/foxtrading:0
[  512488ms] [WARNING] The resource https://vercel.com/_next/static/immutable/chunks/3fd49nnoyujvi.css was preloaded using link preload but not used within a few seconds from the window's load event. Please make sure it has an appropriate `as` value and it is preloaded intentionally. @ https://vercel.com/rigo-melchor-s-projects/foxtrading:0
[  512488ms] [WARNING] The resource https://vercel.com/_next/static/immutable/chunks/2cegy48-lpb69.css was preloaded using link preload but not used within a few seconds from the window's load event. Please make sure it has an appropriate `as` value and it is preloaded intentionally. @ https://vercel.com/rigo-melchor-s-projects/foxtrading:0
[  512488ms] [WARNING] The resource https://vercel.com/_next/static/immutable/chunks/26_kjvxoedtei.css was preloaded using link preload but not used within a few seconds from the window's load event. Please make sure it has an appropriate `as` value and it is preloaded intentionally. @ https://vercel.com/rigo-melchor-s-projects/foxtrading:0
[  519146ms] [WARNING] The resource https://vercel.com/_next/static/immutable/chunks/1y7np90zxj-un.css was preloaded using link preload but not used within a few seconds from the window's load event. Please make sure it has an appropriate `as` value and it is preloaded intentionally. @ https://vercel.com/rigo-melchor-s-projects/foxtrading:0
[  519146ms] [WARNING] The resource https://vercel.com/_next/static/immutable/media/caa3a2e1cccd8315.p.0wgildi0cnwt9.woff2 was preloaded using link preload but not used within a few seconds from the window's load event. Please make sure it has an appropriate `as` value and it is preloaded intentionally. @ https://vercel.com/rigo-melchor-s-projects/foxtrading:0
[  519146ms] [WARNING] The resource https://vercel.com/_next/static/immutable/chunks/2xsdyifozdz06.css was preloaded using link preload but not used within a few seconds from the window's load event. Please make sure it has an appropriate `as` value and it is preloaded intentionally. @ https://vercel.com/rigo-melchor-s-projects/foxtrading:0
[  519146ms] [WARNING] The resource https://vercel.com/_next/static/immutable/media/logo-vercel-dark.28zbfuuys0x7i.svg was preloaded using link preload but not used within a few seconds from the window's load event. Please make sure it has an appropriate `as` value and it is preloaded intentionally. @ https://vercel.com/rigo-melchor-s-projects/foxtrading:0
[  519146ms] [WARNING] The resource https://vercel.com/_next/static/immutable/chunks/0vmhpedf_b0j8.css was preloaded using link preload but not used within a few seconds from the window's load event. Please make sure it has an appropriate `as` value and it is preloaded intentionally. @ https://vercel.com/rigo-melchor-s-projects/foxtrading:0
[  519146ms] [WARNING] The resource https://vercel.com/_next/static/immutable/media/GeistMono_Variable.p.1bcgm0qa26ixg.woff2 was preloaded using link preload but not used within a few seconds from the window's load event. Please make sure it has an appropriate `as` value and it is preloaded intentionally. @ https://vercel.com/rigo-melchor-s-projects/foxtrading:0
[  519146ms] [WARNING] The resource https://vercel.com/_next/static/immutable/chunks/012p6cwa_e92y.css was preloaded using link preload but not used within a few seconds from the window's load event. Please make sure it has an appropriate `as` value and it is preloaded intentionally. @ https://vercel.com/rigo-melchor-s-projects/foxtrading:0
[  519146ms] [WARNING] The resource https://vercel.com/_next/static/immutable/chunks/1cqt2xba0-dxw.css was preloaded using link preload but not used within a few seconds from the window's load event. Please make sure it has an appropriate `as` value and it is preloaded intentionally. @ https://vercel.com/rigo-melchor-s-projects/foxtrading:0
[  519146ms] [WARNING] The resource https://vercel.com/_next/static/immutable/chunks/1yl8955ma4q4-.css was preloaded using link preload but not used within a few seconds from the window's load event. Please make sure it has an appropriate `as` value and it is preloaded intentionally. @ https://vercel.com/rigo-melchor-s-projects/foxtrading:0
[  519146ms] [WARNING] The resource https://vercel.com/_next/static/immutable/chunks/0-shbsz3-8ybx.css was preloaded using link preload but not used within a few seconds from the window's load event. Please make sure it has an appropriate `as` value and it is preloaded intentionally. @ https://vercel.com/rigo-melchor-s-projects/foxtrading:0
[  519146ms] [WARNING] The resource https://vercel.com/_next/static/immutable/chunks/1qpjfmo0jgtu2.css was preloaded using link preload but not used within a few seconds from the window's load event. Please make sure it has an appropriate `as` value and it is preloaded intentionally. @ https://vercel.com/rigo-melchor-s-projects/foxtrading:0
[  519146ms] [WARNING] The resource https://vercel.com/_next/static/immutable/chunks/3z36ncuffz89v.css was preloaded using link preload but not used within a few seconds from the window's load event. Please make sure it has an appropriate `as` value and it is preloaded intentionally. @ https://vercel.com/rigo-melchor-s-projects/foxtrading:0
[  519146ms] [WARNING] The resource https://vercel.com/_next/static/immutable/chunks/1u_bcwmq8rhcl.css was preloaded using link preload but not used within a few seconds from the window's load event. Please make sure it has an appropriate `as` value and it is preloaded intentionally. @ https://vercel.com/rigo-melchor-s-projects/foxtrading:0
[  519146ms] [WARNING] The resource https://vercel.com/_next/static/immutable/chunks/3z9uffp9rqnx8.css was preloaded using link preload but not used within a few seconds from the window's load event. Please make sure it has an appropriate `as` value and it is preloaded intentionally. @ https://vercel.com/rigo-melchor-s-projects/foxtrading:0
[  519146ms] [WARNING] The resource https://vercel.com/_next/static/immutable/chunks/1xg6gg5e39tni.css was preloaded using link preload but not used within a few seconds from the window's load event. Please make sure it has an appropriate `as` value and it is preloaded intentionally. @ https://vercel.com/rigo-melchor-s-projects/foxtrading:0
[  519146ms] [WARNING] The resource https://vercel.com/_next/static/immutable/chunks/1hzff2kh3gano.css was preloaded using link preload but not used within a few seconds from the window's load event. Please make sure it has an appropriate `as` value and it is preloaded intentionally. @ https://vercel.com/rigo-melchor-s-projects/foxtrading:0
[  519146ms] [WARNING] The resource https://vercel.com/_next/static/immutable/chunks/044vmykz7q7vs.css was preloaded using link preload but not used within a few seconds from the window's load event. Please make sure it has an appropriate `as` value and it is preloaded intentionally. @ https://vercel.com/rigo-melchor-s-projects/foxtrading:0
[  519146ms] [WARNING] The resource https://vercel.com/_next/static/immutable/media/logo-vercel-light.3an2_9g6dt4xn.svg was preloaded using link preload but not used within a few seconds from the window's load event. Please make sure it has an appropriate `as` value and it is preloaded intentionally. @ https://vercel.com/rigo-melchor-s-projects/foxtrading:0
[  519146ms] [WARNING] The resource https://vercel.com/_next/static/immutable/chunks/0rblmumf_9wz1.css was preloaded using link preload but not used within a few seconds from the window's load event. Please make sure it has an appropriate `as` value and it is preloaded intentionally. @ https://vercel.com/rigo-melchor-s-projects/foxtrading:0
[  519146ms] [WARNING] The resource https://vercel.com/_next/static/immutable/chunks/2qegur97i-cye.css was preloaded using link preload but not used within a few seconds from the window's load event. Please make sure it has an appropriate `as` value and it is preloaded intentionally. @ https://vercel.com/rigo-melchor-s-projects/foxtrading:0
[  519146ms] [WARNING] The resource https://vercel.com/_next/static/immutable/chunks/25nnd13fh_4k5.css was preloaded using link preload but not used within a few seconds from the window's load event. Please make sure it has an appropriate `as` value and it is preloaded intentionally. @ https://vercel.com/rigo-melchor-s-projects/foxtrading:0
[  519146ms] [WARNING] The resource https://vercel.com/_next/static/immutable/chunks/3p9g28no3_hj-.css was preloaded using link preload but not used within a few seconds from the window's load event. Please make sure it has an appropriate `as` value and it is preloaded intentionally. @ https://vercel.com/rigo-melchor-s-projects/foxtrading:0
[  519146ms] [WARNING] The resource https://vercel.com/_next/static/immutable/chunks/3fd49nnoyujvi.css was preloaded using link preload but not used within a few seconds from the window's load event. Please make sure it has an appropriate `as` value and it is preloaded intentionally. @ https://vercel.com/rigo-melchor-s-projects/foxtrading:0
[  519146ms] [WARNING] The resource https://vercel.com/_next/static/immutable/chunks/2cegy48-lpb69.css was preloaded using link preload but not used within a few seconds from the window's load event. Please make sure it has an appropriate `as` value and it is preloaded intentionally. @ https://vercel.com/rigo-melchor-s-projects/foxtrading:0
[  519146ms] [WARNING] The resource https://vercel.com/_next/static/immutable/chunks/26_kjvxoedtei.css was preloaded using link preload but not used within a few seconds from the window's load event. Please make sure it has an appropriate `as` value and it is preloaded intentionally. @ https://vercel.com/rigo-melchor-s-projects/foxtrading:0
[  522927ms] [WARNING] The resource https://vercel.com/_next/static/immutable/chunks/1y7np90zxj-un.css was preloaded using link preload but not used within a few seconds from the window's load event. Please make sure it has an appropriate `as` value and it is preloaded intentionally. @ https://vercel.com/rigo-melchor-s-projects/foxtrading:0
[  522927ms] [WARNING] The resource https://vercel.com/_next/static/immutable/media/caa3a2e1cccd8315.p.0wgildi0cnwt9.woff2 was preloaded using link preload but not used within a few seconds from the window's load event. Please make sure it has an appropriate `as` value and it is preloaded intentionally. @ https://vercel.com/rigo-melchor-s-projects/foxtrading:0
[  522927ms] [WARNING] The resource https://vercel.com/_next/static/immutable/chunks/2xsdyifozdz06.css was preloaded using link preload but not used within a few seconds from the window's load event. Please make sure it has an appropriate `as` value and it is preloaded intentionally. @ https://vercel.com/rigo-melchor-s-projects/foxtrading:0
[  522927ms] [WARNING] The resource https://vercel.com/_next/static/immutable/media/logo-vercel-dark.28zbfuuys0x7i.svg was preloaded using link preload but not used within a few seconds from the window's load event. Please make sure it has an appropriate `as` value and it is preloaded intentionally. @ https://vercel.com/rigo-melchor-s-projects/foxtrading:0
[  522927ms] [WARNING] The resource https://vercel.com/_next/static/immutable/chunks/0vmhpedf_b0j8.css was preloaded using link preload but not used within a few seconds from the window's load event. Please make sure it has an appropriate `as` value and it is preloaded intentionally. @ https://vercel.com/rigo-melchor-s-projects/foxtrading:0
[  522927ms] [WARNING] The resource https://vercel.com/_next/static/immutable/media/GeistMono_Variable.p.1bcgm0qa26ixg.woff2 was preloaded using link preload but not used within a few seconds from the window's load event. Please make sure it has an appropriate `as` value and it is preloaded intentionally. @ https://vercel.com/rigo-melchor-s-projects/foxtrading:0
[  522928ms] [WARNING] The resource https://vercel.com/_next/static/immutable/chunks/012p6cwa_e92y.css was preloaded using link preload but not used within a few seconds from the window's load event. Please make sure it has an appropriate `as` value and it is preloaded intentionally. @ https://vercel.com/rigo-melchor-s-projects/foxtrading:0
[  522928ms] [WARNING] The resource https://vercel.com/_next/static/immutable/chunks/1cqt2xba0-dxw.css was preloaded using link preload but not used within a few seconds from the window's load event. Please make sure it has an appropriate `as` value and it is preloaded intentionally. @ https://vercel.com/rigo-melchor-s-projects/foxtrading:0
[  522928ms] [WARNING] The resource https://vercel.com/_next/static/immutable/chunks/1yl8955ma4q4-.css was preloaded using link preload but not used within a few seconds from the window's load event. Please make sure it has an appropriate `as` value and it is preloaded intentionally. @ https://vercel.com/rigo-melchor-s-projects/foxtrading:0
[  522928ms] [WARNING] The resource https://vercel.com/_next/static/immutable/chunks/0-shbsz3-8ybx.css was preloaded using link preload but not used within a few seconds from the window's load event. Please make sure it has an appropriate `as` value and it is preloaded intentionally. @ https://vercel.com/rigo-melchor-s-projects/foxtrading:0
[  522928ms] [WARNING] The resource https://vercel.com/_next/static/immutable/chunks/1qpjfmo0jgtu2.css was preloaded using link preload but not used within a few seconds from the window's load event. Please make sure it has an appropriate `as` value and it is preloaded intentionally. @ https://vercel.com/rigo-melchor-s-projects/foxtrading:0
[  522928ms] [WARNING] The resource https://vercel.com/_next/static/immutable/chunks/3z36ncuffz89v.css was preloaded using link preload but not used within a few seconds from the window's load event. Please make sure it has an appropriate `as` value and it is preloaded intentionally. @ https://vercel.com/rigo-melchor-s-projects/foxtrading:0
[  522928ms] [WARNING] The resource https://vercel.com/_next/static/immutable/chunks/1u_bcwmq8rhcl.css was preloaded using link preload but not used within a few seconds from the window's load event. Please make sure it has an appropriate `as` value and it is preloaded intentionally. @ https://vercel.com/rigo-melchor-s-projects/foxtrading:0
[  522928ms] [WARNING] The resource https://vercel.com/_next/static/immutable/chunks/3z9uffp9rqnx8.css was preloaded using link preload but not used within a few seconds from the window's load event. Please make sure it has an appropriate `as` value and it is preloaded intentionally. @ https://vercel.com/rigo-melchor-s-projects/foxtrading:0
[  522928ms] [WARNING] The resource https://vercel.com/_next/static/immutable/chunks/1xg6gg5e39tni.css was preloaded using link preload but not used within a few seconds from the window's load event. Please make sure it has an appropriate `as` value and it is preloaded intentionally. @ https://vercel.com/rigo-melchor-s-projects/foxtrading:0
[  522928ms] [WARNING] The resource https://vercel.com/_next/static/immutable/chunks/1hzff2kh3gano.css was preloaded using link preload but not used within a few seconds from the window's load event. Please make sure it has an appropriate `as` value and it is preloaded intentionally. @ https://vercel.com/rigo-melchor-s-projects/foxtrading:0
[  522928ms] [WARNING] The resource https://vercel.com/_next/static/immutable/chunks/044vmykz7q7vs.css was preloaded using link preload but not used within a few seconds from the window's load event. Please make sure it has an appropriate `as` value and it is preloaded intentionally. @ https://vercel.com/rigo-melchor-s-projects/foxtrading:0
[  522928ms] [WARNING] The resource https://vercel.com/_next/static/immutable/media/logo-vercel-light.3an2_9g6dt4xn.svg was preloaded using link preload but not used within a few seconds from the window's load event. Please make sure it has an appropriate `as` value and it is preloaded intentionally. @ https://vercel.com/rigo-melchor-s-projects/foxtrading:0
[  522928ms] [WARNING] The resource https://vercel.com/_next/static/immutable/chunks/0rblmumf_9wz1.css was preloaded using link preload but not used within a few seconds from the window's load event. Please make sure it has an appropriate `as` value and it is preloaded intentionally. @ https://vercel.com/rigo-melchor-s-projects/foxtrading:0
[  522928ms] [WARNING] The resource https://vercel.com/_next/static/immutable/chunks/2qegur97i-cye.css was preloaded using link preload but not used within a few seconds from the window's load event. Please make sure it has an appropriate `as` value and it is preloaded intentionally. @ https://vercel.com/rigo-melchor-s-projects/foxtrading:0
[  522928ms] [WARNING] The resource https://vercel.com/_next/static/immutable/chunks/25nnd13fh_4k5.css was preloaded using link preload but not used within a few seconds from the window's load event. Please make sure it has an appropriate `as` value and it is preloaded intentionally. @ https://vercel.com/rigo-melchor-s-projects/foxtrading:0
[  522928ms] [WARNING] The resource https://vercel.com/_next/static/immutable/chunks/3p9g28no3_hj-.css was preloaded using link preload but not used within a few seconds from the window's load event. Please make sure it has an appropriate `as` value and it is preloaded intentionally. @ https://vercel.com/rigo-melchor-s-projects/foxtrading:0
[  522928ms] [WARNING] The resource https://vercel.com/_next/static/immutable/chunks/3fd49nnoyujvi.css was preloaded using link preload but not used within a few seconds from the window's load event. Please make sure it has an appropriate `as` value and it is preloaded intentionally. @ https://vercel.com/rigo-melchor-s-projects/foxtrading:0
[  522928ms] [WARNING] The resource https://vercel.com/_next/static/immutable/chunks/2cegy48-lpb69.css was preloaded using link preload but not used within a few seconds from the window's load event. Please make sure it has an appropriate `as` value and it is preloaded intentionally. @ https://vercel.com/rigo-melchor-s-projects/foxtrading:0
[  522928ms] [WARNING] The resource https://vercel.com/_next/static/immutable/chunks/26_kjvxoedtei.css was preloaded using link preload but not used within a few seconds from the window's load event. Please make sure it has an appropriate `as` value and it is preloaded intentionally. @ https://vercel.com/rigo-melchor-s-projects/foxtrading:0
[  539494ms] [WARNING] The resource https://vercel.com/_next/static/immutable/chunks/1y7np90zxj-un.css was preloaded using link preload but not used within a few seconds from the window's load event. Please make sure it has an appropriate `as` value and it is preloaded intentionally. @ https://vercel.com/rigo-melchor-s-projects/foxtrading:0
[  539494ms] [WARNING] The resource https://vercel.com/_next/static/immutable/media/caa3a2e1cccd8315.p.0wgildi0cnwt9.woff2 was preloaded using link preload but not used within a few seconds from the window's load event. Please make sure it has an appropriate `as` value and it is preloaded intentionally. @ https://vercel.com/rigo-melchor-s-projects/foxtrading:0
[  539494ms] [WARNING] The resource https://vercel.com/_next/static/immutable/chunks/2xsdyifozdz06.css was preloaded using link preload but not used within a few seconds from the window's load event. Please make sure it has an appropriate `as` value and it is preloaded intentionally. @ https://vercel.com/rigo-melchor-s-projects/foxtrading:0
[  539494ms] [WARNING] The resource https://vercel.com/_next/static/immutable/media/logo-vercel-dark.28zbfuuys0x7i.svg was preloaded using link preload but not used within a few seconds from the window's load event. Please make sure it has an appropriate `as` value and it is preloaded intentionally. @ https://vercel.com/rigo-melchor-s-projects/foxtrading:0
[  539494ms] [WARNING] The resource https://vercel.com/_next/static/immutable/chunks/0vmhpedf_b0j8.css was preloaded using link preload but not used within a few seconds from the window's load event. Please make sure it has an appropriate `as` value and it is preloaded intentionally. @ https://vercel.com/rigo-melchor-s-projects/foxtrading:0
[  539494ms] [WARNING] The resource https://vercel.com/_next/static/immutable/media/GeistMono_Variable.p.1bcgm0qa26ixg.woff2 was preloaded using link preload but not used within a few seconds from the window's load event. Please make sure it has an appropriate `as` value and it is preloaded intentionally. @ https://vercel.com/rigo-melchor-s-projects/foxtrading:0
[  539494ms] [WARNING] The resource https://vercel.com/_next/static/immutable/chunks/012p6cwa_e92y.css was preloaded using link preload but not used within a few seconds from the window's load event. Please make sure it has an appropriate `as` value and it is preloaded intentionally. @ https://vercel.com/rigo-melchor-s-projects/foxtrading:0
[  539494ms] [WARNING] The resource https://vercel.com/_next/static/immutable/chunks/1cqt2xba0-dxw.css was preloaded using link preload but not used within a few seconds from the window's load event. Please make sure it has an appropriate `as` value and it is preloaded intentionally. @ https://vercel.com/rigo-melchor-s-projects/foxtrading:0
[  539494ms] [WARNING] The resource https://vercel.com/_next/static/immutable/chunks/1yl8955ma4q4-.css was preloaded using link preload but not used within a few seconds from the window's load event. Please make sure it has an appropriate `as` value and it is preloaded intentionally. @ https://vercel.com/rigo-melchor-s-projects/foxtrading:0
[  539494ms] [WARNING] The resource https://vercel.com/_next/static/immutable/chunks/0-shbsz3-8ybx.css was preloaded using link preload but not used within a few seconds from the window's load event. Please make sure it has an appropriate `as` value and it is preloaded intentionally. @ https://vercel.com/rigo-melchor-s-projects/foxtrading:0
[  539495ms] [WARNING] The resource https://vercel.com/_next/static/immutable/chunks/1qpjfmo0jgtu2.css was preloaded using link preload but not used within a few seconds from the window's load event. Please make sure it has an appropriate `as` value and it is preloaded intentionally. @ https://vercel.com/rigo-melchor-s-projects/foxtrading:0
[  539495ms] [WARNING] The resource https://vercel.com/_next/static/immutable/chunks/3z36ncuffz89v.css was preloaded using link preload but not used within a few seconds from the window's load event. Please make sure it has an appropriate `as` value and it is preloaded intentionally. @ https://vercel.com/rigo-melchor-s-projects/foxtrading:0
[  539495ms] [WARNING] The resource https://vercel.com/_next/static/immutable/chunks/1u_bcwmq8rhcl.css was preloaded using link preload but not used within a few seconds from the window's load event. Please make sure it has an appropriate `as` value and it is preloaded intentionally. @ https://vercel.com/rigo-melchor-s-projects/foxtrading:0
[  539495ms] [WARNING] The resource https://vercel.com/_next/static/immutable/chunks/3z9uffp9rqnx8.css was preloaded using link preload but not used within a few seconds from the window's load event. Please make sure it has an appropriate `as` value and it is preloaded intentionally. @ https://vercel.com/rigo-melchor-s-projects/foxtrading:0
[  539495ms] [WARNING] The resource https://vercel.com/_next/static/immutable/chunks/1xg6gg5e39tni.css was preloaded using link preload but not used within a few seconds from the window's load event. Please make sure it has an appropriate `as` value and it is preloaded intentionally. @ https://vercel.com/rigo-melchor-s-projects/foxtrading:0
[  539495ms] [WARNING] The resource https://vercel.com/_next/static/immutable/chunks/1hzff2kh3gano.css was preloaded using link preload but not used within a few seconds from the window's load event. Please make sure it has an appropriate `as` value and it is preloaded intentionally. @ https://vercel.com/rigo-melchor-s-projects/foxtrading:0
[  539495ms] [WARNING] The resource https://vercel.com/_next/static/immutable/chunks/044vmykz7q7vs.css was preloaded using link preload but not used within a few seconds from the window's load event. Please make sure it has an appropriate `as` value and it is preloaded intentionally. @ https://vercel.com/rigo-melchor-s-projects/foxtrading:0
[  539495ms] [WARNING] The resource https://vercel.com/_next/static/immutable/media/logo-vercel-light.3an2_9g6dt4xn.svg was preloaded using link preload but not used within a few seconds from the window's load event. Please make sure it has an appropriate `as` value and it is preloaded intentionally. @ https://vercel.com/rigo-melchor-s-projects/foxtrading:0
[  539495ms] [WARNING] The resource https://vercel.com/_next/static/immutable/chunks/0rblmumf_9wz1.css was preloaded using link preload but not used within a few seconds from the window's load event. Please make sure it has an appropriate `as` value and it is preloaded intentionally. @ https://vercel.com/rigo-melchor-s-projects/foxtrading:0
[  539495ms] [WARNING] The resource https://vercel.com/_next/static/immutable/chunks/2qegur97i-cye.css was preloaded using link preload but not used within a few seconds from the window's load event. Please make sure it has an appropriate `as` value and it is preloaded intentionally. @ https://vercel.com/rigo-melchor-s-projects/foxtrading:0
[  539495ms] [WARNING] The resource https://vercel.com/_next/static/immutable/chunks/25nnd13fh_4k5.css was preloaded using link preload but not used within a few seconds from the window's load event. Please make sure it has an appropriate `as` value and it is preloaded intentionally. @ https://vercel.com/rigo-melchor-s-projects/foxtrading:0
[  539495ms] [WARNING] The resource https://vercel.com/_next/static/immutable/chunks/3p9g28no3_hj-.css was preloaded using link preload but not used within a few seconds from the window's load event. Please make sure it has an appropriate `as` value and it is preloaded intentionally. @ https://vercel.com/rigo-melchor-s-projects/foxtrading:0
[  539495ms] [WARNING] The resource https://vercel.com/_next/static/immutable/chunks/3fd49nnoyujvi.css was preloaded using link preload but not used within a few seconds from the window's load event. Please make sure it has an appropriate `as` value and it is preloaded intentionally. @ https://vercel.com/rigo-melchor-s-projects/foxtrading:0
[  539495ms] [WARNING] The resource https://vercel.com/_next/static/immutable/chunks/2cegy48-lpb69.css was preloaded using link preload but not used within a few seconds from the window's load event. Please make sure it has an appropriate `as` value and it is preloaded intentionally. @ https://vercel.com/rigo-melchor-s-projects/foxtrading:0
[  539495ms] [WARNING] The resource https://vercel.com/_next/static/immutable/chunks/26_kjvxoedtei.css was preloaded using link preload but not used within a few seconds from the window's load event. Please make sure it has an appropriate `as` value and it is preloaded intentionally. @ https://vercel.com/rigo-melchor-s-projects/foxtrading:0
[  550012ms] [WARNING] The resource https://vercel.com/_next/static/immutable/chunks/1y7np90zxj-un.css was preloaded using link preload but not used within a few seconds from the window's load event. Please make sure it has an appropriate `as` value and it is preloaded intentionally. @ https://vercel.com/rigo-melchor-s-projects/foxtrading:0
[  550012ms] [WARNING] The resource https://vercel.com/_next/static/immutable/media/caa3a2e1cccd8315.p.0wgildi0cnwt9.woff2 was preloaded using link preload but not used within a few seconds from the window's load event. Please make sure it has an appropriate `as` value and it is preloaded intentionally. @ https://vercel.com/rigo-melchor-s-projects/foxtrading:0
[  550012ms] [WARNING] The resource https://vercel.com/_next/static/immutable/chunks/2xsdyifozdz06.css was preloaded using link preload but not used within a few seconds from the window's load event. Please make sure it has an appropriate `as` value and it is preloaded intentionally. @ https://vercel.com/rigo-melchor-s-projects/foxtrading:0
[  550012ms] [WARNING] The resource https://vercel.com/_next/static/immutable/media/logo-vercel-dark.28zbfuuys0x7i.svg was preloaded using link preload but not used within a few seconds from the window's load event. Please make sure it has an appropriate `as` value and it is preloaded intentionally. @ https://vercel.com/rigo-melchor-s-projects/foxtrading:0
[  550012ms] [WARNING] The resource https://vercel.com/_next/static/immutable/chunks/0vmhpedf_b0j8.css was preloaded using link preload but not used within a few seconds from the window's load event. Please make sure it has an appropriate `as` value and it is preloaded intentionally. @ https://vercel.com/rigo-melchor-s-projects/foxtrading:0
[  550012ms] [WARNING] The resource https://vercel.com/_next/static/immutable/media/GeistMono_Variable.p.1bcgm0qa26ixg.woff2 was preloaded using link preload but not used within a few seconds from the window's load event. Please make sure it has an appropriate `as` value and it is preloaded intentionally. @ https://vercel.com/rigo-melchor-s-projects/foxtrading:0
[  550012ms] [WARNING] The resource https://vercel.com/_next/static/immutable/chunks/012p6cwa_e92y.css was preloaded using link preload but not used within a few seconds from the window's load event. Please make sure it has an appropriate `as` value and it is preloaded intentionally. @ https://vercel.com/rigo-melchor-s-projects/foxtrading:0
[  550012ms] [WARNING] The resource https://vercel.com/_next/static/immutable/chunks/1cqt2xba0-dxw.css was preloaded using link preload but not used within a few seconds from the window's load event. Please make sure it has an appropriate `as` value and it is preloaded intentionally. @ https://vercel.com/rigo-melchor-s-projects/foxtrading:0
[  550012ms] [WARNING] The resource https://vercel.com/_next/static/immutable/chunks/1yl8955ma4q4-.css was preloaded using link preload but not used within a few seconds from the window's load event. Please make sure it has an appropriate `as` value and it is preloaded intentionally. @ https://vercel.com/rigo-melchor-s-projects/foxtrading:0
[  550012ms] [WARNING] The resource https://vercel.com/_next/static/immutable/chunks/0-shbsz3-8ybx.css was preloaded using link preload but not used within a few seconds from the window's load event. Please make sure it has an appropriate `as` value and it is preloaded intentionally. @ https://vercel.com/rigo-melchor-s-projects/foxtrading:0
[  550012ms] [WARNING] The resource https://vercel.com/_next/static/immutable/chunks/1qpjfmo0jgtu2.css was preloaded using link preload but not used within a few seconds from the window's load event. Please make sure it has an appropriate `as` value and it is preloaded intentionally. @ https://vercel.com/rigo-melchor-s-projects/foxtrading:0
[  550012ms] [WARNING] The resource https://vercel.com/_next/static/immutable/chunks/3z36ncuffz89v.css was preloaded using link preload but not used within a few seconds from the window's load event. Please make sure it has an appropriate `as` value and it is preloaded intentionally. @ https://vercel.com/rigo-melchor-s-projects/foxtrading:0
[  550012ms] [WARNING] The resource https://vercel.com/_next/static/immutable/chunks/1u_bcwmq8rhcl.css was preloaded using link preload but not used within a few seconds from the window's load event. Please make sure it has an appropriate `as` value and it is preloaded intentionally. @ https://vercel.com/rigo-melchor-s-projects/foxtrading:0
[  550012ms] [WARNING] The resource https://vercel.com/_next/static/immutable/chunks/3z9uffp9rqnx8.css was preloaded using link preload but not used within a few seconds from the window's load event. Please make sure it has an appropriate `as` value and it is preloaded intentionally. @ https://vercel.com/rigo-melchor-s-projects/foxtrading:0
[  550012ms] [WARNING] The resource https://vercel.com/_next/static/immutable/chunks/1xg6gg5e39tni.css was preloaded using link preload but not used within a few seconds from the window's load event. Please make sure it has an appropriate `as` value and it is preloaded intentionally. @ https://vercel.com/rigo-melchor-s-projects/foxtrading:0
[  550012ms] [WARNING] The resource https://vercel.com/_next/static/immutable/chunks/1hzff2kh3gano.css was preloaded using link preload but not used within a few seconds from the window's load event. Please make sure it has an appropriate `as` value and it is preloaded intentionally. @ https://vercel.com/rigo-melchor-s-projects/foxtrading:0
[  550012ms] [WARNING] The resource https://vercel.com/_next/static/immutable/chunks/044vmykz7q7vs.css was preloaded using link preload but not used within a few seconds from the window's load event. Please make sure it has an appropriate `as` value and it is preloaded intentionally. @ https://vercel.com/rigo-melchor-s-projects/foxtrading:0
[  550012ms] [WARNING] The resource https://vercel.com/_next/static/immutable/media/logo-vercel-light.3an2_9g6dt4xn.svg was preloaded using link preload but not used within a few seconds from the window's load event. Please make sure it has an appropriate `as` value and it is preloaded intentionally. @ https://vercel.com/rigo-melchor-s-projects/foxtrading:0
[  550012ms] [WARNING] The resource https://vercel.com/_next/static/immutable/chunks/0rblmumf_9wz1.css was preloaded using link preload but not used within a few seconds from the window's load event. Please make sure it has an appropriate `as` value and it is preloaded intentionally. @ https://vercel.com/rigo-melchor-s-projects/foxtrading:0
[  550012ms] [WARNING] The resource https://vercel.com/_next/static/immutable/chunks/2qegur97i-cye.css was preloaded using link preload but not used within a few seconds from the window's load event. Please make sure it has an appropriate `as` value and it is preloaded intentionally. @ https://vercel.com/rigo-melchor-s-projects/foxtrading:0
[  550012ms] [WARNING] The resource https://vercel.com/_next/static/immutable/chunks/25nnd13fh_4k5.css was preloaded using link preload but not used within a few seconds from the window's load event. Please make sure it has an appropriate `as` value and it is preloaded intentionally. @ https://vercel.com/rigo-melchor-s-projects/foxtrading:0
[  550012ms] [WARNING] The resource https://vercel.com/_next/static/immutable/chunks/3p9g28no3_hj-.css was preloaded using link preload but not used within a few seconds from the window's load event. Please make sure it has an appropriate `as` value and it is preloaded intentionally. @ https://vercel.com/rigo-melchor-s-projects/foxtrading:0
[  550012ms] [WARNING] The resource https://vercel.com/_next/static/immutable/chunks/3fd49nnoyujvi.css was preloaded using link preload but not used within a few seconds from the window's load event. Please make sure it has an appropriate `as` value and it is preloaded intentionally. @ https://vercel.com/rigo-melchor-s-projects/foxtrading:0
[  550012ms] [WARNING] The resource https://vercel.com/_next/static/immutable/chunks/2cegy48-lpb69.css was preloaded using link preload but not used within a few seconds from the window's load event. Please make sure it has an appropriate `as` value and it is preloaded intentionally. @ https://vercel.com/rigo-melchor-s-projects/foxtrading:0
[  550012ms] [WARNING] The resource https://vercel.com/_next/static/immutable/chunks/26_kjvxoedtei.css was preloaded using link preload but not used within a few seconds from the window's load event. Please make sure it has an appropriate `as` value and it is preloaded intentionally. @ https://vercel.com/rigo-melchor-s-projects/foxtrading:0
[  570607ms] [WARNING] The resource https://vercel.com/_next/static/immutable/chunks/1y7np90zxj-un.css was preloaded using link preload but not used within a few seconds from the window's load event. Please make sure it has an appropriate `as` value and it is preloaded intentionally. @ https://vercel.com/rigo-melchor-s-projects/foxtrading:0
[  570607ms] [WARNING] The resource https://vercel.com/_next/static/immutable/media/caa3a2e1cccd8315.p.0wgildi0cnwt9.woff2 was preloaded using link preload but not used within a few seconds from the window's load event. Please make sure it has an appropriate `as` value and it is preloaded intentionally. @ https://vercel.com/rigo-melchor-s-projects/foxtrading:0
[  570607ms] [WARNING] The resource https://vercel.com/_next/static/immutable/chunks/2xsdyifozdz06.css was preloaded using link preload but not used within a few seconds from the window's load event. Please make sure it has an appropriate `as` value and it is preloaded intentionally. @ https://vercel.com/rigo-melchor-s-projects/foxtrading:0
[  570607ms] [WARNING] The resource https://vercel.com/_next/static/immutable/media/logo-vercel-dark.28zbfuuys0x7i.svg was preloaded using link preload but not used within a few seconds from the window's load event. Please make sure it has an appropriate `as` value and it is preloaded intentionally. @ https://vercel.com/rigo-melchor-s-projects/foxtrading:0
[  570608ms] [WARNING] The resource https://vercel.com/_next/static/immutable/chunks/0vmhpedf_b0j8.css was preloaded using link preload but not used within a few seconds from the window's load event. Please make sure it has an appropriate `as` value and it is preloaded intentionally. @ https://vercel.com/rigo-melchor-s-projects/foxtrading:0
[  570608ms] [WARNING] The resource https://vercel.com/_next/static/immutable/media/GeistMono_Variable.p.1bcgm0qa26ixg.woff2 was preloaded using link preload but not used within a few seconds from the window's load event. Please make sure it has an appropriate `as` value and it is preloaded intentionally. @ https://vercel.com/rigo-melchor-s-projects/foxtrading:0
[  570608ms] [WARNING] The resource https://vercel.com/_next/static/immutable/chunks/012p6cwa_e92y.css was preloaded using link preload but not used within a few seconds from the window's load event. Please make sure it has an appropriate `as` value and it is preloaded intentionally. @ https://vercel.com/rigo-melchor-s-projects/foxtrading:0
[  570608ms] [WARNING] The resource https://vercel.com/_next/static/immutable/chunks/1cqt2xba0-dxw.css was preloaded using link preload but not used within a few seconds from the window's load event. Please make sure it has an appropriate `as` value and it is preloaded intentionally. @ https://vercel.com/rigo-melchor-s-projects/foxtrading:0
[  570608ms] [WARNING] The resource https://vercel.com/_next/static/immutable/chunks/1yl8955ma4q4-.css was preloaded using link preload but not used within a few seconds from the window's load event. Please make sure it has an appropriate `as` value and it is preloaded intentionally. @ https://vercel.com/rigo-melchor-s-projects/foxtrading:0
[  570608ms] [WARNING] The resource https://vercel.com/_next/static/immutable/chunks/0-shbsz3-8ybx.css was preloaded using link preload but not used within a few seconds from the window's load event. Please make sure it has an appropriate `as` value and it is preloaded intentionally. @ https://vercel.com/rigo-melchor-s-projects/foxtrading:0
[  570608ms] [WARNING] The resource https://vercel.com/_next/static/immutable/chunks/1qpjfmo0jgtu2.css was preloaded using link preload but not used within a few seconds from the window's load event. Please make sure it has an appropriate `as` value and it is preloaded intentionally. @ https://vercel.com/rigo-melchor-s-projects/foxtrading:0
[  570608ms] [WARNING] The resource https://vercel.com/_next/static/immutable/chunks/3z36ncuffz89v.css was preloaded using link preload but not used within a few seconds from the window's load event. Please make sure it has an appropriate `as` value and it is preloaded intentionally. @ https://vercel.com/rigo-melchor-s-projects/foxtrading:0
[  570608ms] [WARNING] The resource https://vercel.com/_next/static/immutable/chunks/1u_bcwmq8rhcl.css was preloaded using link preload but not used within a few seconds from the window's load event. Please make sure it has an appropriate `as` value and it is preloaded intentionally. @ https://vercel.com/rigo-melchor-s-projects/foxtrading:0
[  570608ms] [WARNING] The resource https://vercel.com/_next/static/immutable/chunks/3z9uffp9rqnx8.css was preloaded using link preload but not used within a few seconds from the window's load event. Please make sure it has an appropriate `as` value and it is preloaded intentionally. @ https://vercel.com/rigo-melchor-s-projects/foxtrading:0
[  570608ms] [WARNING] The resource https://vercel.com/_next/static/immutable/chunks/1xg6gg5e39tni.css was preloaded using link preload but not used within a few seconds from the window's load event. Please make sure it has an appropriate `as` value and it is preloaded intentionally. @ https://vercel.com/rigo-melchor-s-projects/foxtrading:0
[  570608ms] [WARNING] The resource https://vercel.com/_next/static/immutable/chunks/1hzff2kh3gano.css was preloaded using link preload but not used within a few seconds from the window's load event. Please make sure it has an appropriate `as` value and it is preloaded intentionally. @ https://vercel.com/rigo-melchor-s-projects/foxtrading:0
[  570608ms] [WARNING] The resource https://vercel.com/_next/static/immutable/chunks/044vmykz7q7vs.css was preloaded using link preload but not used within a few seconds from the window's load event. Please make sure it has an appropriate `as` value and it is preloaded intentionally. @ https://vercel.com/rigo-melchor-s-projects/foxtrading:0
[  570608ms] [WARNING] The resource https://vercel.com/_next/static/immutable/media/logo-vercel-light.3an2_9g6dt4xn.svg was preloaded using link preload but not used within a few seconds from the window's load event. Please make sure it has an appropriate `as` value and it is preloaded intentionally. @ https://vercel.com/rigo-melchor-s-projects/foxtrading:0
[  570608ms] [WARNING] The resource https://vercel.com/_next/static/immutable/chunks/0rblmumf_9wz1.css was preloaded using link preload but not used within a few seconds from the window's load event. Please make sure it has an appropriate `as` value and it is preloaded intentionally. @ https://vercel.com/rigo-melchor-s-projects/foxtrading:0
[  570608ms] [WARNING] The resource https://vercel.com/_next/static/immutable/chunks/2qegur97i-cye.css was preloaded using link preload but not used within a few seconds from the window's load event. Please make sure it has an appropriate `as` value and it is preloaded intentionally. @ https://vercel.com/rigo-melchor-s-projects/foxtrading:0
[  570608ms] [WARNING] The resource https://vercel.com/_next/static/immutable/chunks/25nnd13fh_4k5.css was preloaded using link preload but not used within a few seconds from the window's load event. Please make sure it has an appropriate `as` value and it is preloaded intentionally. @ https://vercel.com/rigo-melchor-s-projects/foxtrading:0
[  570608ms] [WARNING] The resource https://vercel.com/_next/static/immutable/chunks/3p9g28no3_hj-.css was preloaded using link preload but not used within a few seconds from the window's load event. Please make sure it has an appropriate `as` value and it is preloaded intentionally. @ https://vercel.com/rigo-melchor-s-projects/foxtrading:0
[  570608ms] [WARNING] The resource https://vercel.com/_next/static/immutable/chunks/3fd49nnoyujvi.css was preloaded using link preload but not used within a few seconds from the window's load event. Please make sure it has an appropriate `as` value and it is preloaded intentionally. @ https://vercel.com/rigo-melchor-s-projects/foxtrading:0
[  570608ms] [WARNING] The resource https://vercel.com/_next/static/immutable/chunks/2cegy48-lpb69.css was preloaded using link preload but not used within a few seconds from the window's load event. Please make sure it has an appropriate `as` value and it is preloaded intentionally. @ https://vercel.com/rigo-melchor-s-projects/foxtrading:0
[  570608ms] [WARNING] The resource https://vercel.com/_next/static/immutable/chunks/26_kjvxoedtei.css was preloaded using link preload but not used within a few seconds from the window's load event. Please make sure it has an appropriate `as` value and it is preloaded intentionally. @ https://vercel.com/rigo-melchor-s-projects/foxtrading:0
[  581056ms] [WARNING] The resource https://vercel.com/_next/static/immutable/chunks/1y7np90zxj-un.css was preloaded using link preload but not used within a few seconds from the window's load event. Please make sure it has an appropriate `as` value and it is preloaded intentionally. @ https://vercel.com/rigo-melchor-s-projects/foxtrading:0
[  581056ms] [WARNING] The resource https://vercel.com/_next/static/immutable/media/caa3a2e1cccd8315.p.0wgildi0cnwt9.woff2 was preloaded using link preload but not used within a few seconds from the window's load event. Please make sure it has an appropriate `as` value and it is preloaded intentionally. @ https://vercel.com/rigo-melchor-s-projects/foxtrading:0
[  581056ms] [WARNING] The resource https://vercel.com/_next/static/immutable/chunks/2xsdyifozdz06.css was preloaded using link preload but not used within a few seconds from the window's load event. Please make sure it has an appropriate `as` value and it is preloaded intentionally. @ https://vercel.com/rigo-melchor-s-projects/foxtrading:0
[  581056ms] [WARNING] The resource https://vercel.com/_next/static/immutable/media/logo-vercel-dark.28zbfuuys0x7i.svg was preloaded using link preload but not used within a few seconds from the window's load event. Please make sure it has an appropriate `as` value and it is preloaded intentionally. @ https://vercel.com/rigo-melchor-s-projects/foxtrading:0
[  581056ms] [WARNING] The resource https://vercel.com/_next/static/immutable/chunks/0vmhpedf_b0j8.css was preloaded using link preload but not used within a few seconds from the window's load event. Please make sure it has an appropriate `as` value and it is preloaded intentionally. @ https://vercel.com/rigo-melchor-s-projects/foxtrading:0
[  581056ms] [WARNING] The resource https://vercel.com/_next/static/immutable/media/GeistMono_Variable.p.1bcgm0qa26ixg.woff2 was preloaded using link preload but not used within a few seconds from the window's load event. Please make sure it has an appropriate `as` value and it is preloaded intentionally. @ https://vercel.com/rigo-melchor-s-projects/foxtrading:0
[  581056ms] [WARNING] The resource https://vercel.com/_next/static/immutable/chunks/012p6cwa_e92y.css was preloaded using link preload but not used within a few seconds from the window's load event. Please make sure it has an appropriate `as` value and it is preloaded intentionally. @ https://vercel.com/rigo-melchor-s-projects/foxtrading:0
[  581056ms] [WARNING] The resource https://vercel.com/_next/static/immutable/chunks/1cqt2xba0-dxw.css was preloaded using link preload but not used within a few seconds from the window's load event. Please make sure it has an appropriate `as` value and it is preloaded intentionally. @ https://vercel.com/rigo-melchor-s-projects/foxtrading:0
[  581056ms] [WARNING] The resource https://vercel.com/_next/static/immutable/chunks/1yl8955ma4q4-.css was preloaded using link preload but not used within a few seconds from the window's load event. Please make sure it has an appropriate `as` value and it is preloaded intentionally. @ https://vercel.com/rigo-melchor-s-projects/foxtrading:0
[  581056ms] [WARNING] The resource https://vercel.com/_next/static/immutable/chunks/0-shbsz3-8ybx.css was preloaded using link preload but not used within a few seconds from the window's load event. Please make sure it has an appropriate `as` value and it is preloaded intentionally. @ https://vercel.com/rigo-melchor-s-projects/foxtrading:0
[  581056ms] [WARNING] The resource https://vercel.com/_next/static/immutable/chunks/1qpjfmo0jgtu2.css was preloaded using link preload but not used within a few seconds from the window's load event. Please make sure it has an appropriate `as` value and it is preloaded intentionally. @ https://vercel.com/rigo-melchor-s-projects/foxtrading:0
[  581056ms] [WARNING] The resource https://vercel.com/_next/static/immutable/chunks/3z36ncuffz89v.css was preloaded using link preload but not used within a few seconds from the window's load event. Please make sure it has an appropriate `as` value and it is preloaded intentionally. @ https://vercel.com/rigo-melchor-s-projects/foxtrading:0
[  581056ms] [WARNING] The resource https://vercel.com/_next/static/immutable/chunks/1u_bcwmq8rhcl.css was preloaded using link preload but not used within a few seconds from the window's load event. Please make sure it has an appropriate `as` value and it is preloaded intentionally. @ https://vercel.com/rigo-melchor-s-projects/foxtrading:0
[  581056ms] [WARNING] The resource https://vercel.com/_next/static/immutable/chunks/3z9uffp9rqnx8.css was preloaded using link preload but not used within a few seconds from the window's load event. Please make sure it has an appropriate `as` value and it is preloaded intentionally. @ https://vercel.com/rigo-melchor-s-projects/foxtrading:0
[  581056ms] [WARNING] The resource https://vercel.com/_next/static/immutable/chunks/1xg6gg5e39tni.css was preloaded using link preload but not used within a few seconds from the window's load event. Please make sure it has an appropriate `as` value and it is preloaded intentionally. @ https://vercel.com/rigo-melchor-s-projects/foxtrading:0
[  581056ms] [WARNING] The resource https://vercel.com/_next/static/immutable/chunks/1hzff2kh3gano.css was preloaded using link preload but not used within a few seconds from the window's load event. Please make sure it has an appropriate `as` value and it is preloaded intentionally. @ https://vercel.com/rigo-melchor-s-projects/foxtrading:0
[  581056ms] [WARNING] The resource https://vercel.com/_next/static/immutable/chunks/044vmykz7q7vs.css was preloaded using link preload but not used within a few seconds from the window's load event. Please make sure it has an appropriate `as` value and it is preloaded intentionally. @ https://vercel.com/rigo-melchor-s-projects/foxtrading:0
[  581056ms] [WARNING] The resource https://vercel.com/_next/static/immutable/media/logo-vercel-light.3an2_9g6dt4xn.svg was preloaded using link preload but not used within a few seconds from the window's load event. Please make sure it has an appropriate `as` value and it is preloaded intentionally. @ https://vercel.com/rigo-melchor-s-projects/foxtrading:0
[  581056ms] [WARNING] The resource https://vercel.com/_next/static/immutable/chunks/0rblmumf_9wz1.css was preloaded using link preload but not used within a few seconds from the window's load event. Please make sure it has an appropriate `as` value and it is preloaded intentionally. @ https://vercel.com/rigo-melchor-s-projects/foxtrading:0
[  581056ms] [WARNING] The resource https://vercel.com/_next/static/immutable/chunks/2qegur97i-cye.css was preloaded using link preload but not used within a few seconds from the window's load event. Please make sure it has an appropriate `as` value and it is preloaded intentionally. @ https://vercel.com/rigo-melchor-s-projects/foxtrading:0
[  581056ms] [WARNING] The resource https://vercel.com/_next/static/immutable/chunks/25nnd13fh_4k5.css was preloaded using link preload but not used within a few seconds from the window's load event. Please make sure it has an appropriate `as` value and it is preloaded intentionally. @ https://vercel.com/rigo-melchor-s-projects/foxtrading:0
[  581056ms] [WARNING] The resource https://vercel.com/_next/static/immutable/chunks/3p9g28no3_hj-.css was preloaded using link preload but not used within a few seconds from the window's load event. Please make sure it has an appropriate `as` value and it is preloaded intentionally. @ https://vercel.com/rigo-melchor-s-projects/foxtrading:0
[  581056ms] [WARNING] The resource https://vercel.com/_next/static/immutable/chunks/3fd49nnoyujvi.css was preloaded using link preload but not used within a few seconds from the window's load event. Please make sure it has an appropriate `as` value and it is preloaded intentionally. @ https://vercel.com/rigo-melchor-s-projects/foxtrading:0
[  581056ms] [WARNING] The resource https://vercel.com/_next/static/immutable/chunks/2cegy48-lpb69.css was preloaded using link preload but not used within a few seconds from the window's load event. Please make sure it has an appropriate `as` value and it is preloaded intentionally. @ https://vercel.com/rigo-melchor-s-projects/foxtrading:0
[  581056ms] [WARNING] The resource https://vercel.com/_next/static/immutable/chunks/26_kjvxoedtei.css was preloaded using link preload but not used within a few seconds from the window's load event. Please make sure it has an appropriate `as` value and it is preloaded intentionally. @ https://vercel.com/rigo-melchor-s-projects/foxtrading:0
[  602745ms] [WARNING] The resource https://vercel.com/_next/static/immutable/chunks/1y7np90zxj-un.css was preloaded using link preload but not used within a few seconds from the window's load event. Please make sure it has an appropriate `as` value and it is preloaded intentionally. @ https://vercel.com/rigo-melchor-s-projects/foxtrading:0
[  602757ms] [WARNING] The resource https://vercel.com/_next/static/immutable/media/caa3a2e1cccd8315.p.0wgildi0cnwt9.woff2 was preloaded using link preload but not used within a few seconds from the window's load event. Please make sure it has an appropriate `as` value and it is preloaded intentionally. @ https://vercel.com/rigo-melchor-s-projects/foxtrading:0
[  602757ms] [WARNING] The resource https://vercel.com/_next/static/immutable/chunks/2xsdyifozdz06.css was preloaded using link preload but not used within a few seconds from the window's load event. Please make sure it has an appropriate `as` value and it is preloaded intentionally. @ https://vercel.com/rigo-melchor-s-projects/foxtrading:0
[  602757ms] [WARNING] The resource https://vercel.com/_next/static/immutable/media/logo-vercel-dark.28zbfuuys0x7i.svg was preloaded using link preload but not used within a few seconds from the window's load event. Please make sure it has an appropriate `as` value and it is preloaded intentionally. @ https://vercel.com/rigo-melchor-s-projects/foxtrading:0
[  602757ms] [WARNING] The resource https://vercel.com/_next/static/immutable/chunks/0vmhpedf_b0j8.css was preloaded using link preload but not used within a few seconds from the window's load event. Please make sure it has an appropriate `as` value and it is preloaded intentionally. @ https://vercel.com/rigo-melchor-s-projects/foxtrading:0
[  602757ms] [WARNING] The resource https://vercel.com/_next/static/immutable/media/GeistMono_Variable.p.1bcgm0qa26ixg.woff2 was preloaded using link preload but not used within a few seconds from the window's load event. Please make sure it has an appropriate `as` value and it is preloaded intentionally. @ https://vercel.com/rigo-melchor-s-projects/foxtrading:0
[  602757ms] [WARNING] The resource https://vercel.com/_next/static/immutable/chunks/012p6cwa_e92y.css was preloaded using link preload but not used within a few seconds from the window's load event. Please make sure it has an appropriate `as` value and it is preloaded intentionally. @ https://vercel.com/rigo-melchor-s-projects/foxtrading:0
[  602757ms] [WARNING] The resource https://vercel.com/_next/static/immutable/chunks/1cqt2xba0-dxw.css was preloaded using link preload but not used within a few seconds from the window's load event. Please make sure it has an appropriate `as` value and it is preloaded intentionally. @ https://vercel.com/rigo-melchor-s-projects/foxtrading:0
[  602757ms] [WARNING] The resource https://vercel.com/_next/static/immutable/chunks/1yl8955ma4q4-.css was preloaded using link preload but not used within a few seconds from the window's load event. Please make sure it has an appropriate `as` value and it is preloaded intentionally. @ https://vercel.com/rigo-melchor-s-projects/foxtrading:0
[  602757ms] [WARNING] The resource https://vercel.com/_next/static/immutable/chunks/0-shbsz3-8ybx.css was preloaded using link preload but not used within a few seconds from the window's load event. Please make sure it has an appropriate `as` value and it is preloaded intentionally. @ https://vercel.com/rigo-melchor-s-projects/foxtrading:0
[  602757ms] [WARNING] The resource https://vercel.com/_next/static/immutable/chunks/1qpjfmo0jgtu2.css was preloaded using link preload but not used within a few seconds from the window's load event. Please make sure it has an appropriate `as` value and it is preloaded intentionally. @ https://vercel.com/rigo-melchor-s-projects/foxtrading:0
[  602757ms] [WARNING] The resource https://vercel.com/_next/static/immutable/chunks/3z36ncuffz89v.css was preloaded using link preload but not used within a few seconds from the window's load event. Please make sure it has an appropriate `as` value and it is preloaded intentionally. @ https://vercel.com/rigo-melchor-s-projects/foxtrading:0
[  602757ms] [WARNING] The resource https://vercel.com/_next/static/immutable/chunks/1u_bcwmq8rhcl.css was preloaded using link preload but not used within a few seconds from the window's load event. Please make sure it has an appropriate `as` value and it is preloaded intentionally. @ https://vercel.com/rigo-melchor-s-projects/foxtrading:0
[  602757ms] [WARNING] The resource https://vercel.com/_next/static/immutable/chunks/3z9uffp9rqnx8.css was preloaded using link preload but not used within a few seconds from the window's load event. Please make sure it has an appropriate `as` value and it is preloaded intentionally. @ https://vercel.com/rigo-melchor-s-projects/foxtrading:0
[  602757ms] [WARNING] The resource https://vercel.com/_next/static/immutable/chunks/1xg6gg5e39tni.css was preloaded using link preload but not used within a few seconds from the window's load event. Please make sure it has an appropriate `as` value and it is preloaded intentionally. @ https://vercel.com/rigo-melchor-s-projects/foxtrading:0
[  602757ms] [WARNING] The resource https://vercel.com/_next/static/immutable/chunks/1hzff2kh3gano.css was preloaded using link preload but not used within a few seconds from the window's load event. Please make sure it has an appropriate `as` value and it is preloaded intentionally. @ https://vercel.com/rigo-melchor-s-projects/foxtrading:0
[  602757ms] [WARNING] The resource https://vercel.com/_next/static/immutable/chunks/044vmykz7q7vs.css was preloaded using link preload but not used within a few seconds from the window's load event. Please make sure it has an appropriate `as` value and it is preloaded intentionally. @ https://vercel.com/rigo-melchor-s-projects/foxtrading:0
[  602757ms] [WARNING] The resource https://vercel.com/_next/static/immutable/media/logo-vercel-light.3an2_9g6dt4xn.svg was preloaded using link preload but not used within a few seconds from the window's load event. Please make sure it has an appropriate `as` value and it is preloaded intentionally. @ https://vercel.com/rigo-melchor-s-projects/foxtrading:0
[  602757ms] [WARNING] The resource https://vercel.com/_next/static/immutable/chunks/0rblmumf_9wz1.css was preloaded using link preload but not used within a few seconds from the window's load event. Please make sure it has an appropriate `as` value and it is preloaded intentionally. @ https://vercel.com/rigo-melchor-s-projects/foxtrading:0
[  602757ms] [WARNING] The resource https://vercel.com/_next/static/immutable/chunks/2qegur97i-cye.css was preloaded using link preload but not used within a few seconds from the window's load event. Please make sure it has an appropriate `as` value and it is preloaded intentionally. @ https://vercel.com/rigo-melchor-s-projects/foxtrading:0
[  602757ms] [WARNING] The resource https://vercel.com/_next/static/immutable/chunks/25nnd13fh_4k5.css was preloaded using link preload but not used within a few seconds from the window's load event. Please make sure it has an appropriate `as` value and it is preloaded intentionally. @ https://vercel.com/rigo-melchor-s-projects/foxtrading:0
[  602757ms] [WARNING] The resource https://vercel.com/_next/static/immutable/chunks/3p9g28no3_hj-.css was preloaded using link preload but not used within a few seconds from the window's load event. Please make sure it has an appropriate `as` value and it is preloaded intentionally. @ https://vercel.com/rigo-melchor-s-projects/foxtrading:0
[  602757ms] [WARNING] The resource https://vercel.com/_next/static/immutable/chunks/3fd49nnoyujvi.css was preloaded using link preload but not used within a few seconds from the window's load event. Please make sure it has an appropriate `as` value and it is preloaded intentionally. @ https://vercel.com/rigo-melchor-s-projects/foxtrading:0
[  602757ms] [WARNING] The resource https://vercel.com/_next/static/immutable/chunks/2cegy48-lpb69.css was preloaded using link preload but not used within a few seconds from the window's load event. Please make sure it has an appropriate `as` value and it is preloaded intentionally. @ https://vercel.com/rigo-melchor-s-projects/foxtrading:0
[  602757ms] [WARNING] The resource https://vercel.com/_next/static/immutable/chunks/26_kjvxoedtei.css was preloaded using link preload but not used within a few seconds from the window's load event. Please make sure it has an appropriate `as` value and it is preloaded intentionally. @ https://vercel.com/rigo-melchor-s-projects/foxtrading:0
[  609607ms] [WARNING] The resource https://vercel.com/_next/static/immutable/chunks/1y7np90zxj-un.css was preloaded using link preload but not used within a few seconds from the window's load event. Please make sure it has an appropriate `as` value and it is preloaded intentionally. @ https://vercel.com/rigo-melchor-s-projects/foxtrading:0
[  609607ms] [WARNING] The resource https://vercel.com/_next/static/immutable/media/caa3a2e1cccd8315.p.0wgildi0cnwt9.woff2 was preloaded using link preload but not used within a few seconds from the window's load event. Please make sure it has an appropriate `as` value and it is preloaded intentionally. @ https://vercel.com/rigo-melchor-s-projects/foxtrading:0
[  609607ms] [WARNING] The resource https://vercel.com/_next/static/immutable/chunks/2xsdyifozdz06.css was preloaded using link preload but not used within a few seconds from the window's load event. Please make sure it has an appropriate `as` value and it is preloaded intentionally. @ https://vercel.com/rigo-melchor-s-projects/foxtrading:0
[  609607ms] [WARNING] The resource https://vercel.com/_next/static/immutable/media/logo-vercel-dark.28zbfuuys0x7i.svg was preloaded using link preload but not used within a few seconds from the window's load event. Please make sure it has an appropriate `as` value and it is preloaded intentionally. @ https://vercel.com/rigo-melchor-s-projects/foxtrading:0
[  609607ms] [WARNING] The resource https://vercel.com/_next/static/immutable/chunks/0vmhpedf_b0j8.css was preloaded using link preload but not used within a few seconds from the window's load event. Please make sure it has an appropriate `as` value and it is preloaded intentionally. @ https://vercel.com/rigo-melchor-s-projects/foxtrading:0
[  609607ms] [WARNING] The resource https://vercel.com/_next/static/immutable/media/GeistMono_Variable.p.1bcgm0qa26ixg.woff2 was preloaded using link preload but not used within a few seconds from the window's load event. Please make sure it has an appropriate `as` value and it is preloaded intentionally. @ https://vercel.com/rigo-melchor-s-projects/foxtrading:0
[  609607ms] [WARNING] The resource https://vercel.com/_next/static/immutable/chunks/012p6cwa_e92y.css was preloaded using link preload but not used within a few seconds from the window's load event. Please make sure it has an appropriate `as` value and it is preloaded intentionally. @ https://vercel.com/rigo-melchor-s-projects/foxtrading:0
[  609607ms] [WARNING] The resource https://vercel.com/_next/static/immutable/chunks/1cqt2xba0-dxw.css was preloaded using link preload but not used within a few seconds from the window's load event. Please make sure it has an appropriate `as` value and it is preloaded intentionally. @ https://vercel.com/rigo-melchor-s-projects/foxtrading:0
[  609607ms] [WARNING] The resource https://vercel.com/_next/static/immutable/chunks/1yl8955ma4q4-.css was preloaded using link preload but not used within a few seconds from the window's load event. Please make sure it has an appropriate `as` value and it is preloaded intentionally. @ https://vercel.com/rigo-melchor-s-projects/foxtrading:0
[  609607ms] [WARNING] The resource https://vercel.com/_next/static/immutable/chunks/0-shbsz3-8ybx.css was preloaded using link preload but not used within a few seconds from the window's load event. Please make sure it has an appropriate `as` value and it is preloaded intentionally. @ https://vercel.com/rigo-melchor-s-projects/foxtrading:0
[  609607ms] [WARNING] The resource https://vercel.com/_next/static/immutable/chunks/1qpjfmo0jgtu2.css was preloaded using link preload but not used within a few seconds from the window's load event. Please make sure it has an appropriate `as` value and it is preloaded intentionally. @ https://vercel.com/rigo-melchor-s-projects/foxtrading:0
[  609607ms] [WARNING] The resource https://vercel.com/_next/static/immutable/chunks/3z36ncuffz89v.css was preloaded using link preload but not used within a few seconds from the window's load event. Please make sure it has an appropriate `as` value and it is preloaded intentionally. @ https://vercel.com/rigo-melchor-s-projects/foxtrading:0
[  609607ms] [WARNING] The resource https://vercel.com/_next/static/immutable/chunks/1u_bcwmq8rhcl.css was preloaded using link preload but not used within a few seconds from the window's load event. Please make sure it has an appropriate `as` value and it is preloaded intentionally. @ https://vercel.com/rigo-melchor-s-projects/foxtrading:0
[  609607ms] [WARNING] The resource https://vercel.com/_next/static/immutable/chunks/3z9uffp9rqnx8.css was preloaded using link preload but not used within a few seconds from the window's load event. Please make sure it has an appropriate `as` value and it is preloaded intentionally. @ https://vercel.com/rigo-melchor-s-projects/foxtrading:0
[  609607ms] [WARNING] The resource https://vercel.com/_next/static/immutable/chunks/1xg6gg5e39tni.css was preloaded using link preload but not used within a few seconds from the window's load event. Please make sure it has an appropriate `as` value and it is preloaded intentionally. @ https://vercel.com/rigo-melchor-s-projects/foxtrading:0
[  609607ms] [WARNING] The resource https://vercel.com/_next/static/immutable/chunks/1hzff2kh3gano.css was preloaded using link preload but not used within a few seconds from the window's load event. Please make sure it has an appropriate `as` value and it is preloaded intentionally. @ https://vercel.com/rigo-melchor-s-projects/foxtrading:0
[  609607ms] [WARNING] The resource https://vercel.com/_next/static/immutable/chunks/044vmykz7q7vs.css was preloaded using link preload but not used within a few seconds from the window's load event. Please make sure it has an appropriate `as` value and it is preloaded intentionally. @ https://vercel.com/rigo-melchor-s-projects/foxtrading:0
[  609607ms] [WARNING] The resource https://vercel.com/_next/static/immutable/media/logo-vercel-light.3an2_9g6dt4xn.svg was preloaded using link preload but not used within a few seconds from the window's load event. Please make sure it has an appropriate `as` value and it is preloaded intentionally. @ https://vercel.com/rigo-melchor-s-projects/foxtrading:0
[  609607ms] [WARNING] The resource https://vercel.com/_next/static/immutable/chunks/0rblmumf_9wz1.css was preloaded using link preload but not used within a few seconds from the window's load event. Please make sure it has an appropriate `as` value and it is preloaded intentionally. @ https://vercel.com/rigo-melchor-s-projects/foxtrading:0
[  609607ms] [WARNING] The resource https://vercel.com/_next/static/immutable/chunks/2qegur97i-cye.css was preloaded using link preload but not used within a few seconds from the window's load event. Please make sure it has an appropriate `as` value and it is preloaded intentionally. @ https://vercel.com/rigo-melchor-s-projects/foxtrading:0
[  609607ms] [WARNING] The resource https://vercel.com/_next/static/immutable/chunks/25nnd13fh_4k5.css was preloaded using link preload but not used within a few seconds from the window's load event. Please make sure it has an appropriate `as` value and it is preloaded intentionally. @ https://vercel.com/rigo-melchor-s-projects/foxtrading:0
[  609607ms] [WARNING] The resource https://vercel.com/_next/static/immutable/chunks/3p9g28no3_hj-.css was preloaded using link preload but not used within a few seconds from the window's load event. Please make sure it has an appropriate `as` value and it is preloaded intentionally. @ https://vercel.com/rigo-melchor-s-projects/foxtrading:0
[  609607ms] [WARNING] The resource https://vercel.com/_next/static/immutable/chunks/3fd49nnoyujvi.css was preloaded using link preload but not used within a few seconds from the window's load event. Please make sure it has an appropriate `as` value and it is preloaded intentionally. @ https://vercel.com/rigo-melchor-s-projects/foxtrading:0
[  609607ms] [WARNING] The resource https://vercel.com/_next/static/immutable/chunks/2cegy48-lpb69.css was preloaded using link preload but not used within a few seconds from the window's load event. Please make sure it has an appropriate `as` value and it is preloaded intentionally. @ https://vercel.com/rigo-melchor-s-projects/foxtrading:0
[  609607ms] [WARNING] The resource https://vercel.com/_next/static/immutable/chunks/26_kjvxoedtei.css was preloaded using link preload but not used within a few seconds from the window's load event. Please make sure it has an appropriate `as` value and it is preloaded intentionally. @ https://vercel.com/rigo-melchor-s-projects/foxtrading:0
[  612983ms] [WARNING] The resource https://vercel.com/_next/static/immutable/chunks/1y7np90zxj-un.css was preloaded using link preload but not used within a few seconds from the window's load event. Please make sure it has an appropriate `as` value and it is preloaded intentionally. @ https://vercel.com/rigo-melchor-s-projects/foxtrading:0
[  612983ms] [WARNING] The resource https://vercel.com/_next/static/immutable/media/caa3a2e1cccd8315.p.0wgildi0cnwt9.woff2 was preloaded using link preload but not used within a few seconds from the window's load event. Please make sure it has an appropriate `as` value and it is preloaded intentionally. @ https://vercel.com/rigo-melchor-s-projects/foxtrading:0
[  612983ms] [WARNING] The resource https://vercel.com/_next/static/immutable/chunks/2xsdyifozdz06.css was preloaded using link preload but not used within a few seconds from the window's load event. Please make sure it has an appropriate `as` value and it is preloaded intentionally. @ https://vercel.com/rigo-melchor-s-projects/foxtrading:0
[  612983ms] [WARNING] The resource https://vercel.com/_next/static/immutable/media/logo-vercel-dark.28zbfuuys0x7i.svg was preloaded using link preload but not used within a few seconds from the window's load event. Please make sure it has an appropriate `as` value and it is preloaded intentionally. @ https://vercel.com/rigo-melchor-s-projects/foxtrading:0
[  612983ms] [WARNING] The resource https://vercel.com/_next/static/immutable/chunks/0vmhpedf_b0j8.css was preloaded using link preload but not used within a few seconds from the window's load event. Please make sure it has an appropriate `as` value and it is preloaded intentionally. @ https://vercel.com/rigo-melchor-s-projects/foxtrading:0
[  612983ms] [WARNING] The resource https://vercel.com/_next/static/immutable/media/GeistMono_Variable.p.1bcgm0qa26ixg.woff2 was preloaded using link preload but not used within a few seconds from the window's load event. Please make sure it has an appropriate `as` value and it is preloaded intentionally. @ https://vercel.com/rigo-melchor-s-projects/foxtrading:0
[  612983ms] [WARNING] The resource https://vercel.com/_next/static/immutable/chunks/012p6cwa_e92y.css was preloaded using link preload but not used within a few seconds from the window's load event. Please make sure it has an appropriate `as` value and it is preloaded intentionally. @ https://vercel.com/rigo-melchor-s-projects/foxtrading:0
[  612983ms] [WARNING] The resource https://vercel.com/_next/static/immutable/chunks/1cqt2xba0-dxw.css was preloaded using link preload but not used within a few seconds from the window's load event. Please make sure it has an appropriate `as` value and it is preloaded intentionally. @ https://vercel.com/rigo-melchor-s-projects/foxtrading:0
[  612983ms] [WARNING] The resource https://vercel.com/_next/static/immutable/chunks/1yl8955ma4q4-.css was preloaded using link preload but not used within a few seconds from the window's load event. Please make sure it has an appropriate `as` value and it is preloaded intentionally. @ https://vercel.com/rigo-melchor-s-projects/foxtrading:0
[  612983ms] [WARNING] The resource https://vercel.com/_next/static/immutable/chunks/0-shbsz3-8ybx.css was preloaded using link preload but not used within a few seconds from the window's load event. Please make sure it has an appropriate `as` value and it is preloaded intentionally. @ https://vercel.com/rigo-melchor-s-projects/foxtrading:0
[  612983ms] [WARNING] The resource https://vercel.com/_next/static/immutable/chunks/1qpjfmo0jgtu2.css was preloaded using link preload but not used within a few seconds from the window's load event. Please make sure it has an appropriate `as` value and it is preloaded intentionally. @ https://vercel.com/rigo-melchor-s-projects/foxtrading:0
[  612984ms] [WARNING] The resource https://vercel.com/_next/static/immutable/chunks/3z36ncuffz89v.css was preloaded using link preload but not used within a few seconds from the window's load event. Please make sure it has an appropriate `as` value and it is preloaded intentionally. @ https://vercel.com/rigo-melchor-s-projects/foxtrading:0
[  612984ms] [WARNING] The resource https://vercel.com/_next/static/immutable/chunks/1u_bcwmq8rhcl.css was preloaded using link preload but not used within a few seconds from the window's load event. Please make sure it has an appropriate `as` value and it is preloaded intentionally. @ https://vercel.com/rigo-melchor-s-projects/foxtrading:0
[  612984ms] [WARNING] The resource https://vercel.com/_next/static/immutable/chunks/3z9uffp9rqnx8.css was preloaded using link preload but not used within a few seconds from the window's load event. Please make sure it has an appropriate `as` value and it is preloaded intentionally. @ https://vercel.com/rigo-melchor-s-projects/foxtrading:0
[  612984ms] [WARNING] The resource https://vercel.com/_next/static/immutable/chunks/1xg6gg5e39tni.css was preloaded using link preload but not used within a few seconds from the window's load event. Please make sure it has an appropriate `as` value and it is preloaded intentionally. @ https://vercel.com/rigo-melchor-s-projects/foxtrading:0
[  612984ms] [WARNING] The resource https://vercel.com/_next/static/immutable/chunks/1hzff2kh3gano.css was preloaded using link preload but not used within a few seconds from the window's load event. Please make sure it has an appropriate `as` value and it is preloaded intentionally. @ https://vercel.com/rigo-melchor-s-projects/foxtrading:0
[  612984ms] [WARNING] The resource https://vercel.com/_next/static/immutable/chunks/044vmykz7q7vs.css was preloaded using link preload but not used within a few seconds from the window's load event. Please make sure it has an appropriate `as` value and it is preloaded intentionally. @ https://vercel.com/rigo-melchor-s-projects/foxtrading:0
[  612984ms] [WARNING] The resource https://vercel.com/_next/static/immutable/media/logo-vercel-light.3an2_9g6dt4xn.svg was preloaded using link preload but not used within a few seconds from the window's load event. Please make sure it has an appropriate `as` value and it is preloaded intentionally. @ https://vercel.com/rigo-melchor-s-projects/foxtrading:0
[  612984ms] [WARNING] The resource https://vercel.com/_next/static/immutable/chunks/0rblmumf_9wz1.css was preloaded using link preload but not used within a few seconds from the window's load event. Please make sure it has an appropriate `as` value and it is preloaded intentionally. @ https://vercel.com/rigo-melchor-s-projects/foxtrading:0
[  612984ms] [WARNING] The resource https://vercel.com/_next/static/immutable/chunks/2qegur97i-cye.css was preloaded using link preload but not used within a few seconds from the window's load event. Please make sure it has an appropriate `as` value and it is preloaded intentionally. @ https://vercel.com/rigo-melchor-s-projects/foxtrading:0
[  612984ms] [WARNING] The resource https://vercel.com/_next/static/immutable/chunks/25nnd13fh_4k5.css was preloaded using link preload but not used within a few seconds from the window's load event. Please make sure it has an appropriate `as` value and it is preloaded intentionally. @ https://vercel.com/rigo-melchor-s-projects/foxtrading:0
[  612984ms] [WARNING] The resource https://vercel.com/_next/static/immutable/chunks/3p9g28no3_hj-.css was preloaded using link preload but not used within a few seconds from the window's load event. Please make sure it has an appropriate `as` value and it is preloaded intentionally. @ https://vercel.com/rigo-melchor-s-projects/foxtrading:0
[  612984ms] [WARNING] The resource https://vercel.com/_next/static/immutable/chunks/3fd49nnoyujvi.css was preloaded using link preload but not used within a few seconds from the window's load event. Please make sure it has an appropriate `as` value and it is preloaded intentionally. @ https://vercel.com/rigo-melchor-s-projects/foxtrading:0
[  612984ms] [WARNING] The resource https://vercel.com/_next/static/immutable/chunks/2cegy48-lpb69.css was preloaded using link preload but not used within a few seconds from the window's load event. Please make sure it has an appropriate `as` value and it is preloaded intentionally. @ https://vercel.com/rigo-melchor-s-projects/foxtrading:0
[  612984ms] [WARNING] The resource https://vercel.com/_next/static/immutable/chunks/26_kjvxoedtei.css was preloaded using link preload but not used within a few seconds from the window's load event. Please make sure it has an appropriate `as` value and it is preloaded intentionally. @ https://vercel.com/rigo-melchor-s-projects/foxtrading:0
[  630608ms] [WARNING] The resource https://vercel.com/_next/static/immutable/chunks/1y7np90zxj-un.css was preloaded using link preload but not used within a few seconds from the window's load event. Please make sure it has an appropriate `as` value and it is preloaded intentionally. @ https://vercel.com/rigo-melchor-s-projects:0
[  630608ms] [WARNING] The resource https://vercel.com/_next/static/immutable/media/caa3a2e1cccd8315.p.0wgildi0cnwt9.woff2 was preloaded using link preload but not used within a few seconds from the window's load event. Please make sure it has an appropriate `as` value and it is preloaded intentionally. @ https://vercel.com/rigo-melchor-s-projects:0
[  630608ms] [WARNING] The resource https://vercel.com/_next/static/immutable/chunks/2xsdyifozdz06.css was preloaded using link preload but not used within a few seconds from the window's load event. Please make sure it has an appropriate `as` value and it is preloaded intentionally. @ https://vercel.com/rigo-melchor-s-projects:0
[  630608ms] [WARNING] The resource https://vercel.com/_next/static/immutable/media/logo-vercel-dark.28zbfuuys0x7i.svg was preloaded using link preload but not used within a few seconds from the window's load event. Please make sure it has an appropriate `as` value and it is preloaded intentionally. @ https://vercel.com/rigo-melchor-s-projects:0
[  630608ms] [WARNING] The resource https://vercel.com/_next/static/immutable/chunks/0vmhpedf_b0j8.css was preloaded using link preload but not used within a few seconds from the window's load event. Please make sure it has an appropriate `as` value and it is preloaded intentionally. @ https://vercel.com/rigo-melchor-s-projects:0
[  630608ms] [WARNING] The resource https://vercel.com/_next/static/immutable/media/GeistMono_Variable.p.1bcgm0qa26ixg.woff2 was preloaded using link preload but not used within a few seconds from the window's load event. Please make sure it has an appropriate `as` value and it is preloaded intentionally. @ https://vercel.com/rigo-melchor-s-projects:0
[  630608ms] [WARNING] The resource https://vercel.com/_next/static/immutable/chunks/012p6cwa_e92y.css was preloaded using link preload but not used within a few seconds from the window's load event. Please make sure it has an appropriate `as` value and it is preloaded intentionally. @ https://vercel.com/rigo-melchor-s-projects:0
[  630608ms] [WARNING] The resource https://vercel.com/_next/static/immutable/chunks/1cqt2xba0-dxw.css was preloaded using link preload but not used within a few seconds from the window's load event. Please make sure it has an appropriate `as` value and it is preloaded intentionally. @ https://vercel.com/rigo-melchor-s-projects:0
[  630608ms] [WARNING] The resource https://vercel.com/_next/static/immutable/chunks/1yl8955ma4q4-.css was preloaded using link preload but not used within a few seconds from the window's load event. Please make sure it has an appropriate `as` value and it is preloaded intentionally. @ https://vercel.com/rigo-melchor-s-projects:0
[  630608ms] [WARNING] The resource https://vercel.com/_next/static/immutable/chunks/0-shbsz3-8ybx.css was preloaded using link preload but not used within a few seconds from the window's load event. Please make sure it has an appropriate `as` value and it is preloaded intentionally. @ https://vercel.com/rigo-melchor-s-projects:0
[  630608ms] [WARNING] The resource https://vercel.com/_next/static/immutable/chunks/1qpjfmo0jgtu2.css was preloaded using link preload but not used within a few seconds from the window's load event. Please make sure it has an appropriate `as` value and it is preloaded intentionally. @ https://vercel.com/rigo-melchor-s-projects:0
[  630608ms] [WARNING] The resource https://vercel.com/_next/static/immutable/chunks/3z36ncuffz89v.css was preloaded using link preload but not used within a few seconds from the window's load event. Please make sure it has an appropriate `as` value and it is preloaded intentionally. @ https://vercel.com/rigo-melchor-s-projects:0
[  630608ms] [WARNING] The resource https://vercel.com/_next/static/immutable/chunks/1u_bcwmq8rhcl.css was preloaded using link preload but not used within a few seconds from the window's load event. Please make sure it has an appropriate `as` value and it is preloaded intentionally. @ https://vercel.com/rigo-melchor-s-projects:0
[  630608ms] [WARNING] The resource https://vercel.com/_next/static/immutable/chunks/3z9uffp9rqnx8.css was preloaded using link preload but not used within a few seconds from the window's load event. Please make sure it has an appropriate `as` value and it is preloaded intentionally. @ https://vercel.com/rigo-melchor-s-projects:0
[  630608ms] [WARNING] The resource https://vercel.com/_next/static/immutable/chunks/1xg6gg5e39tni.css was preloaded using link preload but not used within a few seconds from the window's load event. Please make sure it has an appropriate `as` value and it is preloaded intentionally. @ https://vercel.com/rigo-melchor-s-projects:0
[  630608ms] [WARNING] The resource https://vercel.com/_next/static/immutable/chunks/1hzff2kh3gano.css was preloaded using link preload but not used within a few seconds from the window's load event. Please make sure it has an appropriate `as` value and it is preloaded intentionally. @ https://vercel.com/rigo-melchor-s-projects:0
[  630608ms] [WARNING] The resource https://vercel.com/_next/static/immutable/chunks/044vmykz7q7vs.css was preloaded using link preload but not used within a few seconds from the window's load event. Please make sure it has an appropriate `as` value and it is preloaded intentionally. @ https://vercel.com/rigo-melchor-s-projects:0
[  630608ms] [WARNING] The resource https://vercel.com/_next/static/immutable/media/logo-vercel-light.3an2_9g6dt4xn.svg was preloaded using link preload but not used within a few seconds from the window's load event. Please make sure it has an appropriate `as` value and it is preloaded intentionally. @ https://vercel.com/rigo-melchor-s-projects:0
[  630608ms] [WARNING] The resource https://vercel.com/_next/static/immutable/chunks/0rblmumf_9wz1.css was preloaded using link preload but not used within a few seconds from the window's load event. Please make sure it has an appropriate `as` value and it is preloaded intentionally. @ https://vercel.com/rigo-melchor-s-projects:0
[  630608ms] [WARNING] The resource https://vercel.com/_next/static/immutable/chunks/2qegur97i-cye.css was preloaded using link preload but not used within a few seconds from the window's load event. Please make sure it has an appropriate `as` value and it is preloaded intentionally. @ https://vercel.com/rigo-melchor-s-projects:0
[  630608ms] [WARNING] The resource https://vercel.com/_next/static/immutable/chunks/25nnd13fh_4k5.css was preloaded using link preload but not used within a few seconds from the window's load event. Please make sure it has an appropriate `as` value and it is preloaded intentionally. @ https://vercel.com/rigo-melchor-s-projects:0
[  630608ms] [WARNING] The resource https://vercel.com/_next/static/immutable/chunks/3p9g28no3_hj-.css was preloaded using link preload but not used within a few seconds from the window's load event. Please make sure it has an appropriate `as` value and it is preloaded intentionally. @ https://vercel.com/rigo-melchor-s-projects:0
[  630608ms] [WARNING] The resource https://vercel.com/_next/static/immutable/chunks/3fd49nnoyujvi.css was preloaded using link preload but not used within a few seconds from the window's load event. Please make sure it has an appropriate `as` value and it is preloaded intentionally. @ https://vercel.com/rigo-melchor-s-projects:0
[  630608ms] [WARNING] The resource https://vercel.com/_next/static/immutable/chunks/2cegy48-lpb69.css was preloaded using link preload but not used within a few seconds from the window's load event. Please make sure it has an appropriate `as` value and it is preloaded intentionally. @ https://vercel.com/rigo-melchor-s-projects:0
[  630608ms] [WARNING] The resource https://vercel.com/_next/static/immutable/chunks/26_kjvxoedtei.css was preloaded using link preload but not used within a few seconds from the window's load event. Please make sure it has an appropriate `as` value and it is preloaded intentionally. @ https://vercel.com/rigo-melchor-s-projects:0
[  640741ms] [ERROR] Failed to load resource: the server responded with a status of 502 () @ https://vercel.com/api/teams?flags=true&permissions=true&entitlements=true:0
[  649764ms] [WARNING] The resource https://vercel.com/_next/static/immutable/chunks/1y7np90zxj-un.css was preloaded using link preload but not used within a few seconds from the window's load event. Please make sure it has an appropriate `as` value and it is preloaded intentionally. @ https://vercel.com/rigo-melchor-s-projects:0
[  649764ms] [WARNING] The resource https://vercel.com/_next/static/immutable/media/caa3a2e1cccd8315.p.0wgildi0cnwt9.woff2 was preloaded using link preload but not used within a few seconds from the window's load event. Please make sure it has an appropriate `as` value and it is preloaded intentionally. @ https://vercel.com/rigo-melchor-s-projects:0
[  649764ms] [WARNING] The resource https://vercel.com/_next/static/immutable/chunks/2xsdyifozdz06.css was preloaded using link preload but not used within a few seconds from the window's load event. Please make sure it has an appropriate `as` value and it is preloaded intentionally. @ https://vercel.com/rigo-melchor-s-projects:0
[  649764ms] [WARNING] The resource https://vercel.com/_next/static/immutable/media/logo-vercel-dark.28zbfuuys0x7i.svg was preloaded using link preload but not used within a few seconds from the window's load event. Please make sure it has an appropriate `as` value and it is preloaded intentionally. @ https://vercel.com/rigo-melchor-s-projects:0
[  649764ms] [WARNING] The resource https://vercel.com/_next/static/immutable/chunks/0vmhpedf_b0j8.css was preloaded using link preload but not used within a few seconds from the window's load event. Please make sure it has an appropriate `as` value and it is preloaded intentionally. @ https://vercel.com/rigo-melchor-s-projects:0
[  649764ms] [WARNING] The resource https://vercel.com/_next/static/immutable/media/GeistMono_Variable.p.1bcgm0qa26ixg.woff2 was preloaded using link preload but not used within a few seconds from the window's load event. Please make sure it has an appropriate `as` value and it is preloaded intentionally. @ https://vercel.com/rigo-melchor-s-projects:0
[  649764ms] [WARNING] The resource https://vercel.com/_next/static/immutable/chunks/012p6cwa_e92y.css was preloaded using link preload but not used within a few seconds from the window's load event. Please make sure it has an appropriate `as` value and it is preloaded intentionally. @ https://vercel.com/rigo-melchor-s-projects:0
[  649764ms] [WARNING] The resource https://vercel.com/_next/static/immutable/chunks/1cqt2xba0-dxw.css was preloaded using link preload but not used within a few seconds from the window's load event. Please make sure it has an appropriate `as` value and it is preloaded intentionally. @ https://vercel.com/rigo-melchor-s-projects:0
[  649764ms] [WARNING] The resource https://vercel.com/_next/static/immutable/chunks/1yl8955ma4q4-.css was preloaded using link preload but not used within a few seconds from the window's load event. Please make sure it has an appropriate `as` value and it is preloaded intentionally. @ https://vercel.com/rigo-melchor-s-projects:0
[  649764ms] [WARNING] The resource https://vercel.com/_next/static/immutable/chunks/0-shbsz3-8ybx.css was preloaded using link preload but not used within a few seconds from the window's load event. Please make sure it has an appropriate `as` value and it is preloaded intentionally. @ https://vercel.com/rigo-melchor-s-projects:0
[  649764ms] [WARNING] The resource https://vercel.com/_next/static/immutable/chunks/1qpjfmo0jgtu2.css was preloaded using link preload but not used within a few seconds from the window's load event. Please make sure it has an appropriate `as` value and it is preloaded intentionally. @ https://vercel.com/rigo-melchor-s-projects:0
[  649764ms] [WARNING] The resource https://vercel.com/_next/static/immutable/chunks/3z36ncuffz89v.css was preloaded using link preload but not used within a few seconds from the window's load event. Please make sure it has an appropriate `as` value and it is preloaded intentionally. @ https://vercel.com/rigo-melchor-s-projects:0
[  649764ms] [WARNING] The resource https://vercel.com/_next/static/immutable/chunks/1u_bcwmq8rhcl.css was preloaded using link preload but not used within a few seconds from the window's load event. Please make sure it has an appropriate `as` value and it is preloaded intentionally. @ https://vercel.com/rigo-melchor-s-projects:0
[  649764ms] [WARNING] The resource https://vercel.com/_next/static/immutable/chunks/3z9uffp9rqnx8.css was preloaded using link preload but not used within a few seconds from the window's load event. Please make sure it has an appropriate `as` value and it is preloaded intentionally. @ https://vercel.com/rigo-melchor-s-projects:0
[  649764ms] [WARNING] The resource https://vercel.com/_next/static/immutable/chunks/1xg6gg5e39tni.css was preloaded using link preload but not used within a few seconds from the window's load event. Please make sure it has an appropriate `as` value and it is preloaded intentionally. @ https://vercel.com/rigo-melchor-s-projects:0
[  649764ms] [WARNING] The resource https://vercel.com/_next/static/immutable/chunks/1hzff2kh3gano.css was preloaded using link preload but not used within a few seconds from the window's load event. Please make sure it has an appropriate `as` value and it is preloaded intentionally. @ https://vercel.com/rigo-melchor-s-projects:0
[  649764ms] [WARNING] The resource https://vercel.com/_next/static/immutable/chunks/044vmykz7q7vs.css was preloaded using link preload but not used within a few seconds from the window's load event. Please make sure it has an appropriate `as` value and it is preloaded intentionally. @ https://vercel.com/rigo-melchor-s-projects:0
[  649764ms] [WARNING] The resource https://vercel.com/_next/static/immutable/media/logo-vercel-light.3an2_9g6dt4xn.svg was preloaded using link preload but not used within a few seconds from the window's load event. Please make sure it has an appropriate `as` value and it is preloaded intentionally. @ https://vercel.com/rigo-melchor-s-projects:0
[  649764ms] [WARNING] The resource https://vercel.com/_next/static/immutable/chunks/0rblmumf_9wz1.css was preloaded using link preload but not used within a few seconds from the window's load event. Please make sure it has an appropriate `as` value and it is preloaded intentionally. @ https://vercel.com/rigo-melchor-s-projects:0
[  649765ms] [WARNING] The resource https://vercel.com/_next/static/immutable/chunks/2qegur97i-cye.css was preloaded using link preload but not used within a few seconds from the window's load event. Please make sure it has an appropriate `as` value and it is preloaded intentionally. @ https://vercel.com/rigo-melchor-s-projects:0
[  649765ms] [WARNING] The resource https://vercel.com/_next/static/immutable/chunks/25nnd13fh_4k5.css was preloaded using link preload but not used within a few seconds from the window's load event. Please make sure it has an appropriate `as` value and it is preloaded intentionally. @ https://vercel.com/rigo-melchor-s-projects:0
[  649765ms] [WARNING] The resource https://vercel.com/_next/static/immutable/chunks/3p9g28no3_hj-.css was preloaded using link preload but not used within a few seconds from the window's load event. Please make sure it has an appropriate `as` value and it is preloaded intentionally. @ https://vercel.com/rigo-melchor-s-projects:0
[  649765ms] [WARNING] The resource https://vercel.com/_next/static/immutable/chunks/3fd49nnoyujvi.css was preloaded using link preload but not used within a few seconds from the window's load event. Please make sure it has an appropriate `as` value and it is preloaded intentionally. @ https://vercel.com/rigo-melchor-s-projects:0
[  649765ms] [WARNING] The resource https://vercel.com/_next/static/immutable/chunks/2cegy48-lpb69.css was preloaded using link preload but not used within a few seconds from the window's load event. Please make sure it has an appropriate `as` value and it is preloaded intentionally. @ https://vercel.com/rigo-melchor-s-projects:0
[  649765ms] [WARNING] The resource https://vercel.com/_next/static/immutable/chunks/26_kjvxoedtei.css was preloaded using link preload but not used within a few seconds from the window's load event. Please make sure it has an appropriate `as` value and it is preloaded intentionally. @ https://vercel.com/rigo-melchor-s-projects:0
[  673781ms] [WARNING] The resource https://vercel.com/_next/static/immutable/chunks/1y7np90zxj-un.css was preloaded using link preload but not used within a few seconds from the window's load event. Please make sure it has an appropriate `as` value and it is preloaded intentionally. @ https://vercel.com/rigo-melchor-s-projects:0
[  673781ms] [WARNING] The resource https://vercel.com/_next/static/immutable/media/caa3a2e1cccd8315.p.0wgildi0cnwt9.woff2 was preloaded using link preload but not used within a few seconds from the window's load event. Please make sure it has an appropriate `as` value and it is preloaded intentionally. @ https://vercel.com/rigo-melchor-s-projects:0
[  673781ms] [WARNING] The resource https://vercel.com/_next/static/immutable/chunks/2xsdyifozdz06.css was preloaded using link preload but not used within a few seconds from the window's load event. Please make sure it has an appropriate `as` value and it is preloaded intentionally. @ https://vercel.com/rigo-melchor-s-projects:0
[  673781ms] [WARNING] The resource https://vercel.com/_next/static/immutable/media/logo-vercel-dark.28zbfuuys0x7i.svg was preloaded using link preload but not used within a few seconds from the window's load event. Please make sure it has an appropriate `as` value and it is preloaded intentionally. @ https://vercel.com/rigo-melchor-s-projects:0
[  673781ms] [WARNING] The resource https://vercel.com/_next/static/immutable/chunks/0vmhpedf_b0j8.css was preloaded using link preload but not used within a few seconds from the window's load event. Please make sure it has an appropriate `as` value and it is preloaded intentionally. @ https://vercel.com/rigo-melchor-s-projects:0
[  673781ms] [WARNING] The resource https://vercel.com/_next/static/immutable/media/GeistMono_Variable.p.1bcgm0qa26ixg.woff2 was preloaded using link preload but not used within a few seconds from the window's load event. Please make sure it has an appropriate `as` value and it is preloaded intentionally. @ https://vercel.com/rigo-melchor-s-projects:0
[  673781ms] [WARNING] The resource https://vercel.com/_next/static/immutable/chunks/012p6cwa_e92y.css was preloaded using link preload but not used within a few seconds from the window's load event. Please make sure it has an appropriate `as` value and it is preloaded intentionally. @ https://vercel.com/rigo-melchor-s-projects:0
[  673781ms] [WARNING] The resource https://vercel.com/_next/static/immutable/chunks/1cqt2xba0-dxw.css was preloaded using link preload but not used within a few seconds from the window's load event. Please make sure it has an appropriate `as` value and it is preloaded intentionally. @ https://vercel.com/rigo-melchor-s-projects:0
[  673781ms] [WARNING] The resource https://vercel.com/_next/static/immutable/chunks/1yl8955ma4q4-.css was preloaded using link preload but not used within a few seconds from the window's load event. Please make sure it has an appropriate `as` value and it is preloaded intentionally. @ https://vercel.com/rigo-melchor-s-projects:0
[  673781ms] [WARNING] The resource https://vercel.com/_next/static/immutable/chunks/0-shbsz3-8ybx.css was preloaded using link preload but not used within a few seconds from the window's load event. Please make sure it has an appropriate `as` value and it is preloaded intentionally. @ https://vercel.com/rigo-melchor-s-projects:0
[  673781ms] [WARNING] The resource https://vercel.com/_next/static/immutable/chunks/1qpjfmo0jgtu2.css was preloaded using link preload but not used within a few seconds from the window's load event. Please make sure it has an appropriate `as` value and it is preloaded intentionally. @ https://vercel.com/rigo-melchor-s-projects:0
[  673781ms] [WARNING] The resource https://vercel.com/_next/static/immutable/chunks/3z36ncuffz89v.css was preloaded using link preload but not used within a few seconds from the window's load event. Please make sure it has an appropriate `as` value and it is preloaded intentionally. @ https://vercel.com/rigo-melchor-s-projects:0
[  673781ms] [WARNING] The resource https://vercel.com/_next/static/immutable/chunks/1u_bcwmq8rhcl.css was preloaded using link preload but not used within a few seconds from the window's load event. Please make sure it has an appropriate `as` value and it is preloaded intentionally. @ https://vercel.com/rigo-melchor-s-projects:0
[  673781ms] [WARNING] The resource https://vercel.com/_next/static/immutable/chunks/3z9uffp9rqnx8.css was preloaded using link preload but not used within a few seconds from the window's load event. Please make sure it has an appropriate `as` value and it is preloaded intentionally. @ https://vercel.com/rigo-melchor-s-projects:0
[  673781ms] [WARNING] The resource https://vercel.com/_next/static/immutable/chunks/1xg6gg5e39tni.css was preloaded using link preload but not used within a few seconds from the window's load event. Please make sure it has an appropriate `as` value and it is preloaded intentionally. @ https://vercel.com/rigo-melchor-s-projects:0
[  673781ms] [WARNING] The resource https://vercel.com/_next/static/immutable/chunks/1hzff2kh3gano.css was preloaded using link preload but not used within a few seconds from the window's load event. Please make sure it has an appropriate `as` value and it is preloaded intentionally. @ https://vercel.com/rigo-melchor-s-projects:0
[  673781ms] [WARNING] The resource https://vercel.com/_next/static/immutable/chunks/044vmykz7q7vs.css was preloaded using link preload but not used within a few seconds from the window's load event. Please make sure it has an appropriate `as` value and it is preloaded intentionally. @ https://vercel.com/rigo-melchor-s-projects:0
[  673781ms] [WARNING] The resource https://vercel.com/_next/static/immutable/media/logo-vercel-light.3an2_9g6dt4xn.svg was preloaded using link preload but not used within a few seconds from the window's load event. Please make sure it has an appropriate `as` value and it is preloaded intentionally. @ https://vercel.com/rigo-melchor-s-projects:0
[  673781ms] [WARNING] The resource https://vercel.com/_next/static/immutable/chunks/0rblmumf_9wz1.css was preloaded using link preload but not used within a few seconds from the window's load event. Please make sure it has an appropriate `as` value and it is preloaded intentionally. @ https://vercel.com/rigo-melchor-s-projects:0
[  673782ms] [WARNING] The resource https://vercel.com/_next/static/immutable/chunks/2qegur97i-cye.css was preloaded using link preload but not used within a few seconds from the window's load event. Please make sure it has an appropriate `as` value and it is preloaded intentionally. @ https://vercel.com/rigo-melchor-s-projects:0
[  673782ms] [WARNING] The resource https://vercel.com/_next/static/immutable/chunks/25nnd13fh_4k5.css was preloaded using link preload but not used within a few seconds from the window's load event. Please make sure it has an appropriate `as` value and it is preloaded intentionally. @ https://vercel.com/rigo-melchor-s-projects:0
[  673782ms] [WARNING] The resource https://vercel.com/_next/static/immutable/chunks/3p9g28no3_hj-.css was preloaded using link preload but not used within a few seconds from the window's load event. Please make sure it has an appropriate `as` value and it is preloaded intentionally. @ https://vercel.com/rigo-melchor-s-projects:0
[  673782ms] [WARNING] The resource https://vercel.com/_next/static/immutable/chunks/3fd49nnoyujvi.css was preloaded using link preload but not used within a few seconds from the window's load event. Please make sure it has an appropriate `as` value and it is preloaded intentionally. @ https://vercel.com/rigo-melchor-s-projects:0
[  673782ms] [WARNING] The resource https://vercel.com/_next/static/immutable/chunks/2cegy48-lpb69.css was preloaded using link preload but not used within a few seconds from the window's load event. Please make sure it has an appropriate `as` value and it is preloaded intentionally. @ https://vercel.com/rigo-melchor-s-projects:0
[  673782ms] [WARNING] The resource https://vercel.com/_next/static/immutable/chunks/26_kjvxoedtei.css was preloaded using link preload but not used within a few seconds from the window's load event. Please make sure it has an appropriate `as` value and it is preloaded intentionally. @ https://vercel.com/rigo-melchor-s-projects:0
