[     246ms] [WARNING] i18n: Translate for key main_menu.backlinks_explorer not found! @ https://online.seranking.com/frontend-dist/BacklinksExplorer/js/index.kNEW5NNQ.mq6gir2b.js:15
[     246ms] [WARNING] i18n: Translate for key backlinks_explorer.undefined not found! @ https://online.seranking.com/frontend-dist/BacklinksExplorer/js/index.kNEW5NNQ.mq6gir2b.js:15
[     247ms] [WARNING] i18n: Translate for key common.account_limit not found! @ https://online.seranking.com/frontend-dist/BacklinksExplorer/js/index.kNEW5NNQ.mq6gir2b.js:15
[     247ms] [WARNING] i18n: Translate for key backlinks_explorer.export.backlinks_title not found! @ https://online.seranking.com/frontend-dist/BacklinksExplorer/js/index.kNEW5NNQ.mq6gir2b.js:15
[     247ms] [WARNING] i18n: Translate for key backlinks_explorer.export.domains_title not found! @ https://online.seranking.com/frontend-dist/BacklinksExplorer/js/index.kNEW5NNQ.mq6gir2b.js:15
[     247ms] [WARNING] i18n: Translate for key backlinks_explorer.export.anchors_title not found! @ https://online.seranking.com/frontend-dist/BacklinksExplorer/js/index.kNEW5NNQ.mq6gir2b.js:15
[     247ms] [WARNING] i18n: Translate for key backlinks_explorer.export.pages_title not found! @ https://online.seranking.com/frontend-dist/BacklinksExplorer/js/index.kNEW5NNQ.mq6gir2b.js:15
[     247ms] [WARNING] i18n: Translate for key backlinks_explorer.export.ips_title not found! @ https://online.seranking.com/frontend-dist/BacklinksExplorer/js/index.kNEW5NNQ.mq6gir2b.js:15
[     247ms] [WARNING] i18n: Translate for key backlinks_explorer.export.subnets_title not found! @ https://online.seranking.com/frontend-dist/BacklinksExplorer/js/index.kNEW5NNQ.mq6gir2b.js:15
[     247ms] [WARNING] i18n: Translate for key common.export not found! @ https://online.seranking.com/frontend-dist/BacklinksExplorer/js/index.kNEW5NNQ.mq6gir2b.js:15
[     247ms] [WARNING] i18n: Translate for key common.export_popup.export_process not found! @ https://online.seranking.com/frontend-dist/BacklinksExplorer/js/index.kNEW5NNQ.mq6gir2b.js:15
[     247ms] [WARNING] i18n: Translate for key backlinks_explorer.export.export_done_title not found! @ https://online.seranking.com/frontend-dist/BacklinksExplorer/js/index.kNEW5NNQ.mq6gir2b.js:15
[     247ms] [WARNING] i18n: Translate for key backlinks_explorer.export.export_done_text not found! @ https://online.seranking.com/frontend-dist/BacklinksExplorer/js/index.kNEW5NNQ.mq6gir2b.js:15
[     247ms] [WARNING] i18n: Translate for key backlinks_explorer.tooltips.limit not found! @ https://online.seranking.com/frontend-dist/BacklinksExplorer/js/index.kNEW5NNQ.mq6gir2b.js:15
[     247ms] [WARNING] i18n: Translate for key common.export_type_csv not found! @ https://online.seranking.com/frontend-dist/BacklinksExplorer/js/index.kNEW5NNQ.mq6gir2b.js:15
[     247ms] [WARNING] i18n: Translate for key common.Export_max_limits_CSV not found! @ https://online.seranking.com/frontend-dist/BacklinksExplorer/js/index.kNEW5NNQ.mq6gir2b.js:15
[     247ms] [WARNING] i18n: Translate for key common.export_type_xlsx not found! @ https://online.seranking.com/frontend-dist/BacklinksExplorer/js/index.kNEW5NNQ.mq6gir2b.js:15
[     247ms] [WARNING] i18n: Translate for key common.Export_max_limits_XLS not found! @ https://online.seranking.com/frontend-dist/BacklinksExplorer/js/index.kNEW5NNQ.mq6gir2b.js:15
[     251ms] [WARNING] i18n: Translate for key common.black_friday.badge.title not found! @ https://online.seranking.com/frontend-dist/BacklinksExplorer/js/index.kNEW5NNQ.mq6gir2b.js:15
[     251ms] [WARNING] i18n: Translate for key common.black_friday.badge.text not found! @ https://online.seranking.com/frontend-dist/BacklinksExplorer/js/index.kNEW5NNQ.mq6gir2b.js:15
[     289ms] [WARNING] i18n: Translate for key backlinks_explorer.undefined not found! @ https://online.seranking.com/frontend-dist/BacklinksExplorer/js/index.kNEW5NNQ.mq6gir2b.js:15
[     307ms] [WARNING] i18n: Translate for key backlinks_explorer.undefined not found! @ https://online.seranking.com/frontend-dist/BacklinksExplorer/js/index.kNEW5NNQ.mq6gir2b.js:15
[     318ms] [WARNING] i18n: Translate for key backlinks_explorer.domains not found! @ https://online.seranking.com/frontend-dist/BacklinksExplorer/js/index.kNEW5NNQ.mq6gir2b.js:15
[     331ms] [WARNING] i18n: Translate for key main_menu.backlinks_explorer not found! @ https://online.seranking.com/frontend-dist/BacklinksExplorer/js/index.kNEW5NNQ.mq6gir2b.js:15
[     331ms] [WARNING] i18n: Translate for key backlinks_explorer.domains not found! @ https://online.seranking.com/frontend-dist/BacklinksExplorer/js/index.kNEW5NNQ.mq6gir2b.js:15
[     331ms] [WARNING] i18n: Translate for key common.account_limit not found! @ https://online.seranking.com/frontend-dist/BacklinksExplorer/js/index.kNEW5NNQ.mq6gir2b.js:15
[     331ms] [WARNING] i18n: Translate for key backlinks_explorer.export.backlinks_title not found! @ https://online.seranking.com/frontend-dist/BacklinksExplorer/js/index.kNEW5NNQ.mq6gir2b.js:15
[     331ms] [WARNING] i18n: Translate for key backlinks_explorer.export.domains_title not found! @ https://online.seranking.com/frontend-dist/BacklinksExplorer/js/index.kNEW5NNQ.mq6gir2b.js:15
[     331ms] [WARNING] i18n: Translate for key backlinks_explorer.export.anchors_title not found! @ https://online.seranking.com/frontend-dist/BacklinksExplorer/js/index.kNEW5NNQ.mq6gir2b.js:15
[     331ms] [WARNING] i18n: Translate for key backlinks_explorer.export.pages_title not found! @ https://online.seranking.com/frontend-dist/BacklinksExplorer/js/index.kNEW5NNQ.mq6gir2b.js:15
[     331ms] [WARNING] i18n: Translate for key backlinks_explorer.export.ips_title not found! @ https://online.seranking.com/frontend-dist/BacklinksExplorer/js/index.kNEW5NNQ.mq6gir2b.js:15
[     331ms] [WARNING] i18n: Translate for key backlinks_explorer.export.subnets_title not found! @ https://online.seranking.com/frontend-dist/BacklinksExplorer/js/index.kNEW5NNQ.mq6gir2b.js:15
[     331ms] [WARNING] i18n: Translate for key common.export not found! @ https://online.seranking.com/frontend-dist/BacklinksExplorer/js/index.kNEW5NNQ.mq6gir2b.js:15
[     331ms] [WARNING] i18n: Translate for key common.export_popup.export_process not found! @ https://online.seranking.com/frontend-dist/BacklinksExplorer/js/index.kNEW5NNQ.mq6gir2b.js:15
[     331ms] [WARNING] i18n: Translate for key backlinks_explorer.export.export_done_title not found! @ https://online.seranking.com/frontend-dist/BacklinksExplorer/js/index.kNEW5NNQ.mq6gir2b.js:15
[     331ms] [WARNING] i18n: Translate for key backlinks_explorer.export.export_done_text not found! @ https://online.seranking.com/frontend-dist/BacklinksExplorer/js/index.kNEW5NNQ.mq6gir2b.js:15
[     331ms] [WARNING] i18n: Translate for key backlinks_explorer.tooltips.limit not found! @ https://online.seranking.com/frontend-dist/BacklinksExplorer/js/index.kNEW5NNQ.mq6gir2b.js:15
[     331ms] [WARNING] i18n: Translate for key common.export_type_csv not found! @ https://online.seranking.com/frontend-dist/BacklinksExplorer/js/index.kNEW5NNQ.mq6gir2b.js:15
[     331ms] [WARNING] i18n: Translate for key common.Export_max_limits_CSV not found! @ https://online.seranking.com/frontend-dist/BacklinksExplorer/js/index.kNEW5NNQ.mq6gir2b.js:15
[     332ms] [WARNING] i18n: Translate for key common.export_type_xlsx not found! @ https://online.seranking.com/frontend-dist/BacklinksExplorer/js/index.kNEW5NNQ.mq6gir2b.js:15
[     332ms] [WARNING] i18n: Translate for key common.Export_max_limits_XLS not found! @ https://online.seranking.com/frontend-dist/BacklinksExplorer/js/index.kNEW5NNQ.mq6gir2b.js:15
[     332ms] [WARNING] i18n: Translate for key common.black_friday.badge.title not found! @ https://online.seranking.com/frontend-dist/BacklinksExplorer/js/index.kNEW5NNQ.mq6gir2b.js:15
[     332ms] [WARNING] i18n: Translate for key common.black_friday.badge.text not found! @ https://online.seranking.com/frontend-dist/BacklinksExplorer/js/index.kNEW5NNQ.mq6gir2b.js:15
[     371ms] [WARNING] i18n: Translation key undefined supposed to be string @ https://online.seranking.com/frontend-dist/BacklinksExplorer/js/index.kNEW5NNQ.mq6gir2b.js:15
[     371ms] [WARNING] i18n: Translation key undefined supposed to be string @ https://online.seranking.com/frontend-dist/BacklinksExplorer/js/index.kNEW5NNQ.mq6gir2b.js:15
[     371ms] [WARNING] i18n: Translation key undefined supposed to be string @ https://online.seranking.com/frontend-dist/BacklinksExplorer/js/index.kNEW5NNQ.mq6gir2b.js:15
[     372ms] [WARNING] i18n: Translation key undefined supposed to be string @ https://online.seranking.com/frontend-dist/BacklinksExplorer/js/index.kNEW5NNQ.mq6gir2b.js:15
[     372ms] [WARNING] i18n: Translation key undefined supposed to be string @ https://online.seranking.com/frontend-dist/BacklinksExplorer/js/index.kNEW5NNQ.mq6gir2b.js:15
[     372ms] [WARNING] i18n: Translation key undefined supposed to be string @ https://online.seranking.com/frontend-dist/BacklinksExplorer/js/index.kNEW5NNQ.mq6gir2b.js:15
[     377ms] [WARNING] i18n: Translation key undefined supposed to be string @ https://online.seranking.com/frontend-dist/BacklinksExplorer/js/index.kNEW5NNQ.mq6gir2b.js:15
[     377ms] [WARNING] i18n: Translation key undefined supposed to be string @ https://online.seranking.com/frontend-dist/BacklinksExplorer/js/index.kNEW5NNQ.mq6gir2b.js:15
[     377ms] [WARNING] i18n: Translation key undefined supposed to be string @ https://online.seranking.com/frontend-dist/BacklinksExplorer/js/index.kNEW5NNQ.mq6gir2b.js:15
[     383ms] [WARNING] i18n: Translation key null supposed to be string @ https://online.seranking.com/frontend-dist/BacklinksExplorer/js/index.kNEW5NNQ.mq6gir2b.js:15
[     383ms] [WARNING] i18n: Translation key null supposed to be string @ https://online.seranking.com/frontend-dist/BacklinksExplorer/js/index.kNEW5NNQ.mq6gir2b.js:15
[     383ms] [WARNING] i18n: Translation key null supposed to be string @ https://online.seranking.com/frontend-dist/BacklinksExplorer/js/index.kNEW5NNQ.mq6gir2b.js:15
[     383ms] [WARNING] i18n: Translate for key Dominio  not found! @ https://online.seranking.com/frontend-dist/BacklinksExplorer/js/index.kNEW5NNQ.mq6gir2b.js:15
[     384ms] [WARNING] i18n: Translate for key La URL del referring domain not found! @ https://online.seranking.com/frontend-dist/BacklinksExplorer/js/index.kNEW5NNQ.mq6gir2b.js:15
[     384ms] [WARNING] i18n: Translate for key DT  not found! @ https://online.seranking.com/frontend-dist/BacklinksExplorer/js/index.kNEW5NNQ.mq6gir2b.js:15
[     384ms] [WARNING] i18n: Translate for key Domain Trust es una puntuación que muestra la probabilidad de que un dominio se posicione en los resultados de búsqueda. Para calcularla, consideramos el número y la calidad de los dominios de referencia y el perfil de backlinks de un sitio web. Domain Trust va del 1 al 100, donde la puntuación más alta indica las mejores posibilidades de posicionarse en los resultados de búsqueda. not found! @ https://online.seranking.com/frontend-dist/BacklinksExplorer/js/index.kNEW5NNQ.mq6gir2b.js:15
[     385ms] [WARNING] i18n: Translate for key Tráfico del dominio  not found! @ https://online.seranking.com/frontend-dist/BacklinksExplorer/js/index.kNEW5NNQ.mq6gir2b.js:15
[     385ms] [WARNING] i18n: Translate for key Backlinks  not found! @ https://online.seranking.com/frontend-dist/BacklinksExplorer/js/index.kNEW5NNQ.mq6gir2b.js:15
[     385ms] [WARNING] i18n: Translate for key El número total de enlaces en la zona de dominio del referring domain not found! @ https://online.seranking.com/frontend-dist/BacklinksExplorer/js/index.kNEW5NNQ.mq6gir2b.js:15
[     385ms] [WARNING] i18n: Translate for key Palabras clave  not found! @ https://online.seranking.com/frontend-dist/BacklinksExplorer/js/index.kNEW5NNQ.mq6gir2b.js:15
[     386ms] [WARNING] i18n: Translate for key Edad del dominio  not found! @ https://online.seranking.com/frontend-dist/BacklinksExplorer/js/index.kNEW5NNQ.mq6gir2b.js:15
[     386ms] [WARNING] i18n: Translate for key Visto por primera vez  not found! @ https://online.seranking.com/frontend-dist/BacklinksExplorer/js/index.kNEW5NNQ.mq6gir2b.js:15
[     386ms] [WARNING] i18n: Translate for key La fecha cuando el referring domain fue descubierto por primera vez por SE Ranking not found! @ https://online.seranking.com/frontend-dist/BacklinksExplorer/js/index.kNEW5NNQ.mq6gir2b.js:15
[     540ms] [ERROR] Failed to load resource: the server responded with a status of 404 () @ https://online.seranking.com/api.backlinks.report.html?do=domains&limit=20&offset=0&sort=domain_inlink_rank&sort_order=desc&id=15770&period=empty:0
[     541ms] [ERROR] Failed to load resource: the server responded with a status of 404 () @ https://online.seranking.com/api.backlinks.report.html?do=domains&limit=20&offset=0&sort=domain_inlink_rank&sort_order=desc&id=15770&period=empty&active=1:0
[     542ms] [ERROR] Failed to load resource: the server responded with a status of 404 () @ https://online.seranking.com/api.backlinks.report.html?id=15770:0
[     542ms] [ERROR] B @ https://online.seranking.com/frontend-dist/BacklinksExplorer/js/index.kNEW5NNQ.mq6gir2b.js:15
[     545ms] [WARNING] i18n: Translation key undefined supposed to be string @ https://online.seranking.com/frontend-dist/BacklinksExplorer/js/index.kNEW5NNQ.mq6gir2b.js:15
[     545ms] [WARNING] i18n: Translation key undefined supposed to be string @ https://online.seranking.com/frontend-dist/BacklinksExplorer/js/index.kNEW5NNQ.mq6gir2b.js:15
[     545ms] [WARNING] i18n: Translation key undefined supposed to be string @ https://online.seranking.com/frontend-dist/BacklinksExplorer/js/index.kNEW5NNQ.mq6gir2b.js:15
[     545ms] [WARNING] i18n: Translation key undefined supposed to be string @ https://online.seranking.com/frontend-dist/BacklinksExplorer/js/index.kNEW5NNQ.mq6gir2b.js:15
[     546ms] [WARNING] i18n: Translation key undefined supposed to be string @ https://online.seranking.com/frontend-dist/BacklinksExplorer/js/index.kNEW5NNQ.mq6gir2b.js:15
[     546ms] [WARNING] i18n: Translation key undefined supposed to be string @ https://online.seranking.com/frontend-dist/BacklinksExplorer/js/index.kNEW5NNQ.mq6gir2b.js:15
[     546ms] [WARNING] i18n: Translation key undefined supposed to be string @ https://online.seranking.com/frontend-dist/BacklinksExplorer/js/index.kNEW5NNQ.mq6gir2b.js:15
[     546ms] [WARNING] i18n: Translation key undefined supposed to be string @ https://online.seranking.com/frontend-dist/BacklinksExplorer/js/index.kNEW5NNQ.mq6gir2b.js:15
[     546ms] [WARNING] i18n: Translation key undefined supposed to be string @ https://online.seranking.com/frontend-dist/BacklinksExplorer/js/index.kNEW5NNQ.mq6gir2b.js:15
[     555ms] [ERROR] Failed to load resource: the server responded with a status of 404 () @ https://online.seranking.com/api.backlinks.report.html?do=topIp&id=15770:0
[     656ms] [ERROR] Userflow.js resetting due to: [company_closed] This Userflow account has been closed. You can re-activate it at https://userflow.com/app. @ https://online.seranking.com/frontend-dist/BacklinksExplorer/js/index.kNEW5NNQ.mq6gir2b.js:15
[    1362ms] [WARNING] i18n: Translate for key main_menu.backlinks_explorer not found! @ https://online.seranking.com/frontend-dist/BacklinksExplorer/js/index.kNEW5NNQ.mq6gir2b.js:15
[    1362ms] [WARNING] i18n: Translate for key backlinks_explorer.undefined not found! @ https://online.seranking.com/frontend-dist/BacklinksExplorer/js/index.kNEW5NNQ.mq6gir2b.js:15
[    1363ms] [WARNING] i18n: Translate for key common.account_limit not found! @ https://online.seranking.com/frontend-dist/BacklinksExplorer/js/index.kNEW5NNQ.mq6gir2b.js:15
[    1363ms] [WARNING] i18n: Translate for key backlinks_explorer.export.backlinks_title not found! @ https://online.seranking.com/frontend-dist/BacklinksExplorer/js/index.kNEW5NNQ.mq6gir2b.js:15
[    1363ms] [WARNING] i18n: Translate for key backlinks_explorer.export.domains_title not found! @ https://online.seranking.com/frontend-dist/BacklinksExplorer/js/index.kNEW5NNQ.mq6gir2b.js:15
[    1363ms] [WARNING] i18n: Translate for key backlinks_explorer.export.anchors_title not found! @ https://online.seranking.com/frontend-dist/BacklinksExplorer/js/index.kNEW5NNQ.mq6gir2b.js:15
[    1363ms] [WARNING] i18n: Translate for key backlinks_explorer.export.pages_title not found! @ https://online.seranking.com/frontend-dist/BacklinksExplorer/js/index.kNEW5NNQ.mq6gir2b.js:15
[    1363ms] [WARNING] i18n: Translate for key backlinks_explorer.export.ips_title not found! @ https://online.seranking.com/frontend-dist/BacklinksExplorer/js/index.kNEW5NNQ.mq6gir2b.js:15
[    1363ms] [WARNING] i18n: Translate for key backlinks_explorer.export.subnets_title not found! @ https://online.seranking.com/frontend-dist/BacklinksExplorer/js/index.kNEW5NNQ.mq6gir2b.js:15
[    1363ms] [WARNING] i18n: Translate for key common.export not found! @ https://online.seranking.com/frontend-dist/BacklinksExplorer/js/index.kNEW5NNQ.mq6gir2b.js:15
[    1363ms] [WARNING] i18n: Translate for key common.export_popup.export_process not found! @ https://online.seranking.com/frontend-dist/BacklinksExplorer/js/index.kNEW5NNQ.mq6gir2b.js:15
[    1363ms] [WARNING] i18n: Translate for key backlinks_explorer.export.export_done_title not found! @ https://online.seranking.com/frontend-dist/BacklinksExplorer/js/index.kNEW5NNQ.mq6gir2b.js:15
[    1363ms] [WARNING] i18n: Translate for key backlinks_explorer.export.export_done_text not found! @ https://online.seranking.com/frontend-dist/BacklinksExplorer/js/index.kNEW5NNQ.mq6gir2b.js:15
[    1363ms] [WARNING] i18n: Translate for key backlinks_explorer.tooltips.limit not found! @ https://online.seranking.com/frontend-dist/BacklinksExplorer/js/index.kNEW5NNQ.mq6gir2b.js:15
[    1363ms] [WARNING] i18n: Translate for key common.export_type_csv not found! @ https://online.seranking.com/frontend-dist/BacklinksExplorer/js/index.kNEW5NNQ.mq6gir2b.js:15
[    1363ms] [WARNING] i18n: Translate for key common.Export_max_limits_CSV not found! @ https://online.seranking.com/frontend-dist/BacklinksExplorer/js/index.kNEW5NNQ.mq6gir2b.js:15
[    1363ms] [WARNING] i18n: Translate for key common.export_type_xlsx not found! @ https://online.seranking.com/frontend-dist/BacklinksExplorer/js/index.kNEW5NNQ.mq6gir2b.js:15
[    1363ms] [WARNING] i18n: Translate for key common.Export_max_limits_XLS not found! @ https://online.seranking.com/frontend-dist/BacklinksExplorer/js/index.kNEW5NNQ.mq6gir2b.js:15
[    1365ms] [WARNING] i18n: Translate for key common.black_friday.badge.title not found! @ https://online.seranking.com/frontend-dist/BacklinksExplorer/js/index.kNEW5NNQ.mq6gir2b.js:15
[    1365ms] [WARNING] i18n: Translate for key common.black_friday.badge.text not found! @ https://online.seranking.com/frontend-dist/BacklinksExplorer/js/index.kNEW5NNQ.mq6gir2b.js:15
[    1401ms] [WARNING] i18n: Translate for key backlinks_explorer.undefined not found! @ https://online.seranking.com/frontend-dist/BacklinksExplorer/js/index.kNEW5NNQ.mq6gir2b.js:15
[    1416ms] [WARNING] i18n: Translate for key backlinks_explorer.undefined not found! @ https://online.seranking.com/frontend-dist/BacklinksExplorer/js/index.kNEW5NNQ.mq6gir2b.js:15
[    1417ms] [WARNING] i18n: Translate for key backlinks_explorer.all_reports not found! @ https://online.seranking.com/frontend-dist/BacklinksExplorer/js/index.kNEW5NNQ.mq6gir2b.js:15
[    1454ms] [WARNING] i18n: Translate for key main_menu.backlinks_explorer not found! @ https://online.seranking.com/frontend-dist/BacklinksExplorer/js/index.kNEW5NNQ.mq6gir2b.js:15
[    1454ms] [WARNING] i18n: Translate for key backlinks_explorer.all_reports not found! @ https://online.seranking.com/frontend-dist/BacklinksExplorer/js/index.kNEW5NNQ.mq6gir2b.js:15
[    1454ms] [WARNING] i18n: Translate for key common.account_limit not found! @ https://online.seranking.com/frontend-dist/BacklinksExplorer/js/index.kNEW5NNQ.mq6gir2b.js:15
[    1454ms] [WARNING] i18n: Translate for key backlinks_explorer.export.backlinks_title not found! @ https://online.seranking.com/frontend-dist/BacklinksExplorer/js/index.kNEW5NNQ.mq6gir2b.js:15
[    1454ms] [WARNING] i18n: Translate for key backlinks_explorer.export.domains_title not found! @ https://online.seranking.com/frontend-dist/BacklinksExplorer/js/index.kNEW5NNQ.mq6gir2b.js:15
[    1454ms] [WARNING] i18n: Translate for key backlinks_explorer.export.anchors_title not found! @ https://online.seranking.com/frontend-dist/BacklinksExplorer/js/index.kNEW5NNQ.mq6gir2b.js:15
[    1454ms] [WARNING] i18n: Translate for key backlinks_explorer.export.pages_title not found! @ https://online.seranking.com/frontend-dist/BacklinksExplorer/js/index.kNEW5NNQ.mq6gir2b.js:15
[    1454ms] [WARNING] i18n: Translate for key backlinks_explorer.export.ips_title not found! @ https://online.seranking.com/frontend-dist/BacklinksExplorer/js/index.kNEW5NNQ.mq6gir2b.js:15
[    1454ms] [WARNING] i18n: Translate for key backlinks_explorer.export.subnets_title not found! @ https://online.seranking.com/frontend-dist/BacklinksExplorer/js/index.kNEW5NNQ.mq6gir2b.js:15
[    1454ms] [WARNING] i18n: Translate for key common.export not found! @ https://online.seranking.com/frontend-dist/BacklinksExplorer/js/index.kNEW5NNQ.mq6gir2b.js:15
[    1454ms] [WARNING] i18n: Translate for key common.export_popup.export_process not found! @ https://online.seranking.com/frontend-dist/BacklinksExplorer/js/index.kNEW5NNQ.mq6gir2b.js:15
[    1454ms] [WARNING] i18n: Translate for key backlinks_explorer.export.export_done_title not found! @ https://online.seranking.com/frontend-dist/BacklinksExplorer/js/index.kNEW5NNQ.mq6gir2b.js:15
[    1454ms] [WARNING] i18n: Translate for key backlinks_explorer.export.export_done_text not found! @ https://online.seranking.com/frontend-dist/BacklinksExplorer/js/index.kNEW5NNQ.mq6gir2b.js:15
[    1455ms] [WARNING] i18n: Translate for key backlinks_explorer.tooltips.limit not found! @ https://online.seranking.com/frontend-dist/BacklinksExplorer/js/index.kNEW5NNQ.mq6gir2b.js:15
[    1455ms] [WARNING] i18n: Translate for key common.export_type_csv not found! @ https://online.seranking.com/frontend-dist/BacklinksExplorer/js/index.kNEW5NNQ.mq6gir2b.js:15
[    1455ms] [WARNING] i18n: Translate for key common.Export_max_limits_CSV not found! @ https://online.seranking.com/frontend-dist/BacklinksExplorer/js/index.kNEW5NNQ.mq6gir2b.js:15
[    1455ms] [WARNING] i18n: Translate for key common.export_type_xlsx not found! @ https://online.seranking.com/frontend-dist/BacklinksExplorer/js/index.kNEW5NNQ.mq6gir2b.js:15
[    1455ms] [WARNING] i18n: Translate for key common.Export_max_limits_XLS not found! @ https://online.seranking.com/frontend-dist/BacklinksExplorer/js/index.kNEW5NNQ.mq6gir2b.js:15
[    1455ms] [WARNING] i18n: Translate for key common.black_friday.badge.title not found! @ https://online.seranking.com/frontend-dist/BacklinksExplorer/js/index.kNEW5NNQ.mq6gir2b.js:15
[    1455ms] [WARNING] i18n: Translate for key common.black_friday.badge.text not found! @ https://online.seranking.com/frontend-dist/BacklinksExplorer/js/index.kNEW5NNQ.mq6gir2b.js:15
[    1630ms] [ERROR] Failed to load resource: the server responded with a status of 404 () @ https://online.seranking.com/admin.backlink.reports.html/api.backlinks.html?do=getSuggestions:0
[    1830ms] [ERROR] Userflow.js resetting due to: [company_closed] This Userflow account has been closed. You can re-activate it at https://userflow.com/app. @ https://online.seranking.com/frontend-dist/BacklinksExplorer/js/index.kNEW5NNQ.mq6gir2b.js:15
[   21219ms] [ERROR] Failed to load resource: the server responded with a status of 404 () @ https://online.seranking.com/admin.backlink.reports.html/api.backlinks.report.html?do=broken_stat&id=15770:0
[   24431ms] [WARNING] i18n: Translation key undefined supposed to be string @ https://online.seranking.com/frontend-dist/BacklinksExplorer/js/index.kNEW5NNQ.mq6gir2b.js:15
[   24432ms] [WARNING] i18n: Translation key undefined supposed to be string @ https://online.seranking.com/frontend-dist/BacklinksExplorer/js/index.kNEW5NNQ.mq6gir2b.js:15
[   24432ms] [WARNING] i18n: Translation key undefined supposed to be string @ https://online.seranking.com/frontend-dist/BacklinksExplorer/js/index.kNEW5NNQ.mq6gir2b.js:15
[   24432ms] [WARNING] i18n: Translation key undefined supposed to be string @ https://online.seranking.com/frontend-dist/BacklinksExplorer/js/index.kNEW5NNQ.mq6gir2b.js:15
[   24432ms] [WARNING] i18n: Translation key undefined supposed to be string @ https://online.seranking.com/frontend-dist/BacklinksExplorer/js/index.kNEW5NNQ.mq6gir2b.js:15
[   24432ms] [WARNING] i18n: Translation key undefined supposed to be string @ https://online.seranking.com/frontend-dist/BacklinksExplorer/js/index.kNEW5NNQ.mq6gir2b.js:15
[   24439ms] [WARNING] i18n: Translate for key % not found! @ https://online.seranking.com/frontend-dist/BacklinksExplorer/js/index.kNEW5NNQ.mq6gir2b.js:15
[   24439ms] [WARNING] i18n: Translation key undefined supposed to be string @ https://online.seranking.com/frontend-dist/BacklinksExplorer/js/index.kNEW5NNQ.mq6gir2b.js:15
[   24440ms] [WARNING] i18n: Translate for key % not found! @ https://online.seranking.com/frontend-dist/BacklinksExplorer/js/index.kNEW5NNQ.mq6gir2b.js:15
[   24440ms] [WARNING] i18n: Translation key undefined supposed to be string @ https://online.seranking.com/frontend-dist/BacklinksExplorer/js/index.kNEW5NNQ.mq6gir2b.js:15
[   24441ms] [WARNING] i18n: Translate for key % not found! @ https://online.seranking.com/frontend-dist/BacklinksExplorer/js/index.kNEW5NNQ.mq6gir2b.js:15
[   24441ms] [WARNING] i18n: Translation key undefined supposed to be string @ https://online.seranking.com/frontend-dist/BacklinksExplorer/js/index.kNEW5NNQ.mq6gir2b.js:15
[   24541ms] [WARNING] i18n: Translate for key % not found! @ https://online.seranking.com/frontend-dist/BacklinksExplorer/js/index.kNEW5NNQ.mq6gir2b.js:15
[   24541ms] [WARNING] i18n: Translation key undefined supposed to be string @ https://online.seranking.com/frontend-dist/BacklinksExplorer/js/index.kNEW5NNQ.mq6gir2b.js:15
[   24542ms] [WARNING] i18n: Translate for key % not found! @ https://online.seranking.com/frontend-dist/BacklinksExplorer/js/index.kNEW5NNQ.mq6gir2b.js:15
[   24542ms] [WARNING] i18n: Translation key undefined supposed to be string @ https://online.seranking.com/frontend-dist/BacklinksExplorer/js/index.kNEW5NNQ.mq6gir2b.js:15
[   24542ms] [WARNING] i18n: Translate for key % not found! @ https://online.seranking.com/frontend-dist/BacklinksExplorer/js/index.kNEW5NNQ.mq6gir2b.js:15
[   24542ms] [WARNING] i18n: Translation key undefined supposed to be string @ https://online.seranking.com/frontend-dist/BacklinksExplorer/js/index.kNEW5NNQ.mq6gir2b.js:15
[   24706ms] [ERROR] Failed to load resource: the server responded with a status of 404 () @ https://online.seranking.com/admin.backlink.reports.html/api.backlinks.report.html?do=history&id=15770&period=3m&group=week&type=dt:0
[   24707ms] [ERROR] Failed to load resource: the server responded with a status of 404 () @ https://online.seranking.com/admin.backlink.reports.html/api.backlinks.report.html?do=history&id=15770&period=3m&group=week&type=pt:0
[   24711ms] [ERROR] Failed to load resource: the server responded with a status of 404 () @ https://online.seranking.com/admin.backlink.reports.html/api.backlinks.report.html?do=broken_stat&id=15770:0
[   24716ms] [ERROR] Failed to load resource: the server responded with a status of 404 () @ https://online.seranking.com/admin.backlink.reports.html/api.backlinks.report.html?do=history&id=15770&period=3m&group=week&type=total_ref_domains:0
[   24717ms] [ERROR] Failed to load resource: the server responded with a status of 404 () @ https://online.seranking.com/admin.backlink.reports.html/api.backlinks.report.html?do=history&id=15770&period=3m&group=week&type=total_backlinks:0
[   24718ms] [ERROR] Failed to load resource: the server responded with a status of 404 () @ https://online.seranking.com/admin.backlink.reports.html/api.backlinks.report.html?do=history&id=15770&period=3m&group=week&type=new_lost_backlinks:0
[   24720ms] [ERROR] Failed to load resource: the server responded with a status of 404 () @ https://online.seranking.com/admin.backlink.reports.html/api.backlinks.report.html?do=history&id=15770&period=3m&group=week&type=traffic:0
[   24725ms] [ERROR] Failed to load resource: the server responded with a status of 404 () @ https://online.seranking.com/admin.backlink.reports.html/api.backlinks.report.html?do=history&id=15770&period=3m&group=week&type=new_lost_ref_domains:0
[   24726ms] [WARNING] i18n: Translate for key % not found! @ https://online.seranking.com/frontend-dist/BacklinksExplorer/js/index.kNEW5NNQ.mq6gir2b.js:15
[   24726ms] [WARNING] i18n: Translation key undefined supposed to be string @ https://online.seranking.com/frontend-dist/BacklinksExplorer/js/index.kNEW5NNQ.mq6gir2b.js:15
[   24728ms] [WARNING] i18n: Translate for key % not found! @ https://online.seranking.com/frontend-dist/BacklinksExplorer/js/index.kNEW5NNQ.mq6gir2b.js:15
[   24728ms] [WARNING] i18n: Translation key undefined supposed to be string @ https://online.seranking.com/frontend-dist/BacklinksExplorer/js/index.kNEW5NNQ.mq6gir2b.js:15
[   24729ms] [WARNING] i18n: Translate for key % not found! @ https://online.seranking.com/frontend-dist/BacklinksExplorer/js/index.kNEW5NNQ.mq6gir2b.js:15
[   24729ms] [WARNING] i18n: Translation key undefined supposed to be string @ https://online.seranking.com/frontend-dist/BacklinksExplorer/js/index.kNEW5NNQ.mq6gir2b.js:15
[   25441ms] [ERROR] Failed to load resource: the server responded with a status of 404 () @ https://online.seranking.com/admin.backlink.reports.html/api.backlinks.report.html?do=new_lost_stat&id=15770:0
[   25574ms] [WARNING] i18n: Translate for key % not found! @ https://online.seranking.com/frontend-dist/BacklinksExplorer/js/index.kNEW5NNQ.mq6gir2b.js:15
[   25574ms] [WARNING] i18n: Translation key undefined supposed to be string @ https://online.seranking.com/frontend-dist/BacklinksExplorer/js/index.kNEW5NNQ.mq6gir2b.js:15
[   25575ms] [WARNING] i18n: Translate for key % not found! @ https://online.seranking.com/frontend-dist/BacklinksExplorer/js/index.kNEW5NNQ.mq6gir2b.js:15
[   25575ms] [WARNING] i18n: Translation key undefined supposed to be string @ https://online.seranking.com/frontend-dist/BacklinksExplorer/js/index.kNEW5NNQ.mq6gir2b.js:15
[   25576ms] [WARNING] i18n: Translate for key % not found! @ https://online.seranking.com/frontend-dist/BacklinksExplorer/js/index.kNEW5NNQ.mq6gir2b.js:15
[   25576ms] [WARNING] i18n: Translation key undefined supposed to be string @ https://online.seranking.com/frontend-dist/BacklinksExplorer/js/index.kNEW5NNQ.mq6gir2b.js:15
[   41200ms] [WARNING] i18n: Translate for key % not found! @ https://online.seranking.com/frontend-dist/BacklinksExplorer/js/index.kNEW5NNQ.mq6gir2b.js:15
[   41201ms] [WARNING] i18n: Translation key undefined supposed to be string @ https://online.seranking.com/frontend-dist/BacklinksExplorer/js/index.kNEW5NNQ.mq6gir2b.js:15
[   41201ms] [WARNING] i18n: Translate for key % not found! @ https://online.seranking.com/frontend-dist/BacklinksExplorer/js/index.kNEW5NNQ.mq6gir2b.js:15
[   41201ms] [WARNING] i18n: Translation key undefined supposed to be string @ https://online.seranking.com/frontend-dist/BacklinksExplorer/js/index.kNEW5NNQ.mq6gir2b.js:15
[   41201ms] [WARNING] i18n: Translate for key % not found! @ https://online.seranking.com/frontend-dist/BacklinksExplorer/js/index.kNEW5NNQ.mq6gir2b.js:15
[   41201ms] [WARNING] i18n: Translation key undefined supposed to be string @ https://online.seranking.com/frontend-dist/BacklinksExplorer/js/index.kNEW5NNQ.mq6gir2b.js:15
[   41202ms] [WARNING] i18n: Translation key undefined supposed to be string @ https://online.seranking.com/frontend-dist/BacklinksExplorer/js/index.kNEW5NNQ.mq6gir2b.js:15
[   41202ms] [WARNING] i18n: Translation key undefined supposed to be string @ https://online.seranking.com/frontend-dist/BacklinksExplorer/js/index.kNEW5NNQ.mq6gir2b.js:15
[   41202ms] [WARNING] i18n: Translation key undefined supposed to be string @ https://online.seranking.com/frontend-dist/BacklinksExplorer/js/index.kNEW5NNQ.mq6gir2b.js:15
[   41202ms] [WARNING] i18n: Translation key undefined supposed to be string @ https://online.seranking.com/frontend-dist/BacklinksExplorer/js/index.kNEW5NNQ.mq6gir2b.js:15
[   41202ms] [WARNING] i18n: Translation key undefined supposed to be string @ https://online.seranking.com/frontend-dist/BacklinksExplorer/js/index.kNEW5NNQ.mq6gir2b.js:15
[   41202ms] [WARNING] i18n: Translation key undefined supposed to be string @ https://online.seranking.com/frontend-dist/BacklinksExplorer/js/index.kNEW5NNQ.mq6gir2b.js:15
[   41212ms] [WARNING] i18n: Translate for key com not found! @ https://online.seranking.com/frontend-dist/BacklinksExplorer/js/index.kNEW5NNQ.mq6gir2b.js:15
[   41212ms] [WARNING] i18n: Translate for key eu not found! @ https://online.seranking.com/frontend-dist/BacklinksExplorer/js/index.kNEW5NNQ.mq6gir2b.js:15
[   41213ms] [WARNING] i18n: Translate for key top not found! @ https://online.seranking.com/frontend-dist/BacklinksExplorer/js/index.kNEW5NNQ.mq6gir2b.js:15
[   41213ms] [WARNING] i18n: Translate for key sbs not found! @ https://online.seranking.com/frontend-dist/BacklinksExplorer/js/index.kNEW5NNQ.mq6gir2b.js:15
[   41213ms] [WARNING] i18n: Translate for key party not found! @ https://online.seranking.com/frontend-dist/BacklinksExplorer/js/index.kNEW5NNQ.mq6gir2b.js:15
[   41213ms] [WARNING] i18n: Translate for key net not found! @ https://online.seranking.com/frontend-dist/BacklinksExplorer/js/index.kNEW5NNQ.mq6gir2b.js:15
[   41213ms] [WARNING] i18n: Translate for key world not found! @ https://online.seranking.com/frontend-dist/BacklinksExplorer/js/index.kNEW5NNQ.mq6gir2b.js:15
[   41213ms] [WARNING] i18n: Translate for key xyz not found! @ https://online.seranking.com/frontend-dist/BacklinksExplorer/js/index.kNEW5NNQ.mq6gir2b.js:15
[   41213ms] [WARNING] i18n: Translate for key wiki not found! @ https://online.seranking.com/frontend-dist/BacklinksExplorer/js/index.kNEW5NNQ.mq6gir2b.js:15
[   41213ms] [WARNING] i18n: Translate for key icu not found! @ https://online.seranking.com/frontend-dist/BacklinksExplorer/js/index.kNEW5NNQ.mq6gir2b.js:15
[   41213ms] [WARNING] i18n: Translate for key monster not found! @ https://online.seranking.com/frontend-dist/BacklinksExplorer/js/index.kNEW5NNQ.mq6gir2b.js:15
[   41213ms] [WARNING] i18n: Translate for key uk not found! @ https://online.seranking.com/frontend-dist/BacklinksExplorer/js/index.kNEW5NNQ.mq6gir2b.js:15
[   41213ms] [WARNING] i18n: Translate for key cloud not found! @ https://online.seranking.com/frontend-dist/BacklinksExplorer/js/index.kNEW5NNQ.mq6gir2b.js:15
[   41213ms] [WARNING] i18n: Translate for key homes not found! @ https://online.seranking.com/frontend-dist/BacklinksExplorer/js/index.kNEW5NNQ.mq6gir2b.js:15
[   41213ms] [WARNING] i18n: Translate for key in not found! @ https://online.seranking.com/frontend-dist/BacklinksExplorer/js/index.kNEW5NNQ.mq6gir2b.js:15
[   41213ms] [WARNING] i18n: Translate for key es not found! @ https://online.seranking.com/frontend-dist/BacklinksExplorer/js/index.kNEW5NNQ.mq6gir2b.js:15
[   41213ms] [WARNING] i18n: Translate for key cfd not found! @ https://online.seranking.com/frontend-dist/BacklinksExplorer/js/index.kNEW5NNQ.mq6gir2b.js:15
[   41213ms] [WARNING] i18n: Translate for key club not found! @ https://online.seranking.com/frontend-dist/BacklinksExplorer/js/index.kNEW5NNQ.mq6gir2b.js:15
[   41214ms] [WARNING] i18n: Translate for key guru not found! @ https://online.seranking.com/frontend-dist/BacklinksExplorer/js/index.kNEW5NNQ.mq6gir2b.js:15
[   41214ms] [WARNING] i18n: Translate for key org not found! @ https://online.seranking.com/frontend-dist/BacklinksExplorer/js/index.kNEW5NNQ.mq6gir2b.js:15
[   41214ms] [WARNING] i18n: Translate for key website not found! @ https://online.seranking.com/frontend-dist/BacklinksExplorer/js/index.kNEW5NNQ.mq6gir2b.js:15
[   41214ms] [WARNING] i18n: Translate for key fyi not found! @ https://online.seranking.com/frontend-dist/BacklinksExplorer/js/index.kNEW5NNQ.mq6gir2b.js:15
[   41214ms] [WARNING] i18n: Translate for key info not found! @ https://online.seranking.com/frontend-dist/BacklinksExplorer/js/index.kNEW5NNQ.mq6gir2b.js:15
[   41222ms] [WARNING] i18n: Translation key null supposed to be string @ https://online.seranking.com/frontend-dist/BacklinksExplorer/js/index.kNEW5NNQ.mq6gir2b.js:15
[   41222ms] [WARNING] i18n: Translation key null supposed to be string @ https://online.seranking.com/frontend-dist/BacklinksExplorer/js/index.kNEW5NNQ.mq6gir2b.js:15
[   41222ms] [WARNING] i18n: Translation key null supposed to be string @ https://online.seranking.com/frontend-dist/BacklinksExplorer/js/index.kNEW5NNQ.mq6gir2b.js:15
[   41222ms] [WARNING] i18n: Translation key null supposed to be string @ https://online.seranking.com/frontend-dist/BacklinksExplorer/js/index.kNEW5NNQ.mq6gir2b.js:15
[   41222ms] [WARNING] i18n: Translation key null supposed to be string @ https://online.seranking.com/frontend-dist/BacklinksExplorer/js/index.kNEW5NNQ.mq6gir2b.js:15
[   41222ms] [WARNING] i18n: Translation key undefined supposed to be string @ https://online.seranking.com/frontend-dist/BacklinksExplorer/js/index.kNEW5NNQ.mq6gir2b.js:15
[   41222ms] [WARNING] i18n: Translation key null supposed to be string @ https://online.seranking.com/frontend-dist/BacklinksExplorer/js/index.kNEW5NNQ.mq6gir2b.js:15
[   41223ms] [WARNING] i18n: Translation key null supposed to be string @ https://online.seranking.com/frontend-dist/BacklinksExplorer/js/index.kNEW5NNQ.mq6gir2b.js:15
[   41334ms] [WARNING] i18n: Translate for key  not found! @ https://online.seranking.com/frontend-dist/BacklinksExplorer/js/index.kNEW5NNQ.mq6gir2b.js:15
[   41335ms] [WARNING] i18n: Translation key null supposed to be string @ https://online.seranking.com/frontend-dist/BacklinksExplorer/js/index.kNEW5NNQ.mq6gir2b.js:15
[   41335ms] [WARNING] i18n: Translation key null supposed to be string @ https://online.seranking.com/frontend-dist/BacklinksExplorer/js/index.kNEW5NNQ.mq6gir2b.js:15
[   41335ms] [WARNING] i18n: Translation key null supposed to be string @ https://online.seranking.com/frontend-dist/BacklinksExplorer/js/index.kNEW5NNQ.mq6gir2b.js:15
[   41335ms] [WARNING] i18n: Translation key null supposed to be string @ https://online.seranking.com/frontend-dist/BacklinksExplorer/js/index.kNEW5NNQ.mq6gir2b.js:15
[   41335ms] [WARNING] i18n: Translation key null supposed to be string @ https://online.seranking.com/frontend-dist/BacklinksExplorer/js/index.kNEW5NNQ.mq6gir2b.js:15
[   41335ms] [WARNING] i18n: Translation key undefined supposed to be string @ https://online.seranking.com/frontend-dist/BacklinksExplorer/js/index.kNEW5NNQ.mq6gir2b.js:15
[   41335ms] [WARNING] i18n: Translation key null supposed to be string @ https://online.seranking.com/frontend-dist/BacklinksExplorer/js/index.kNEW5NNQ.mq6gir2b.js:15
[   41335ms] [WARNING] i18n: Translation key null supposed to be string @ https://online.seranking.com/frontend-dist/BacklinksExplorer/js/index.kNEW5NNQ.mq6gir2b.js:15
[   41348ms] [WARNING] i18n: Translate for key com not found! @ https://online.seranking.com/frontend-dist/BacklinksExplorer/js/index.kNEW5NNQ.mq6gir2b.js:15
[   41348ms] [WARNING] i18n: Translate for key eu not found! @ https://online.seranking.com/frontend-dist/BacklinksExplorer/js/index.kNEW5NNQ.mq6gir2b.js:15
[   41348ms] [WARNING] i18n: Translate for key top not found! @ https://online.seranking.com/frontend-dist/BacklinksExplorer/js/index.kNEW5NNQ.mq6gir2b.js:15
[   41348ms] [WARNING] i18n: Translate for key sbs not found! @ https://online.seranking.com/frontend-dist/BacklinksExplorer/js/index.kNEW5NNQ.mq6gir2b.js:15
[   41348ms] [WARNING] i18n: Translate for key party not found! @ https://online.seranking.com/frontend-dist/BacklinksExplorer/js/index.kNEW5NNQ.mq6gir2b.js:15
[   41348ms] [WARNING] i18n: Translate for key net not found! @ https://online.seranking.com/frontend-dist/BacklinksExplorer/js/index.kNEW5NNQ.mq6gir2b.js:15
[   41348ms] [WARNING] i18n: Translate for key world not found! @ https://online.seranking.com/frontend-dist/BacklinksExplorer/js/index.kNEW5NNQ.mq6gir2b.js:15
[   41348ms] [WARNING] i18n: Translate for key xyz not found! @ https://online.seranking.com/frontend-dist/BacklinksExplorer/js/index.kNEW5NNQ.mq6gir2b.js:15
[   41348ms] [WARNING] i18n: Translate for key wiki not found! @ https://online.seranking.com/frontend-dist/BacklinksExplorer/js/index.kNEW5NNQ.mq6gir2b.js:15
[   41348ms] [WARNING] i18n: Translate for key icu not found! @ https://online.seranking.com/frontend-dist/BacklinksExplorer/js/index.kNEW5NNQ.mq6gir2b.js:15
[   41348ms] [WARNING] i18n: Translate for key monster not found! @ https://online.seranking.com/frontend-dist/BacklinksExplorer/js/index.kNEW5NNQ.mq6gir2b.js:15
[   41348ms] [WARNING] i18n: Translate for key uk not found! @ https://online.seranking.com/frontend-dist/BacklinksExplorer/js/index.kNEW5NNQ.mq6gir2b.js:15
[   41349ms] [WARNING] i18n: Translate for key cloud not found! @ https://online.seranking.com/frontend-dist/BacklinksExplorer/js/index.kNEW5NNQ.mq6gir2b.js:15
[   41349ms] [WARNING] i18n: Translate for key homes not found! @ https://online.seranking.com/frontend-dist/BacklinksExplorer/js/index.kNEW5NNQ.mq6gir2b.js:15
[   41349ms] [WARNING] i18n: Translate for key in not found! @ https://online.seranking.com/frontend-dist/BacklinksExplorer/js/index.kNEW5NNQ.mq6gir2b.js:15
[   41349ms] [WARNING] i18n: Translate for key es not found! @ https://online.seranking.com/frontend-dist/BacklinksExplorer/js/index.kNEW5NNQ.mq6gir2b.js:15
[   41349ms] [WARNING] i18n: Translate for key cfd not found! @ https://online.seranking.com/frontend-dist/BacklinksExplorer/js/index.kNEW5NNQ.mq6gir2b.js:15
[   41349ms] [WARNING] i18n: Translate for key club not found! @ https://online.seranking.com/frontend-dist/BacklinksExplorer/js/index.kNEW5NNQ.mq6gir2b.js:15
[   41349ms] [WARNING] i18n: Translate for key guru not found! @ https://online.seranking.com/frontend-dist/BacklinksExplorer/js/index.kNEW5NNQ.mq6gir2b.js:15
[   41349ms] [WARNING] i18n: Translate for key org not found! @ https://online.seranking.com/frontend-dist/BacklinksExplorer/js/index.kNEW5NNQ.mq6gir2b.js:15
[   41349ms] [WARNING] i18n: Translate for key website not found! @ https://online.seranking.com/frontend-dist/BacklinksExplorer/js/index.kNEW5NNQ.mq6gir2b.js:15
[   41349ms] [WARNING] i18n: Translate for key fyi not found! @ https://online.seranking.com/frontend-dist/BacklinksExplorer/js/index.kNEW5NNQ.mq6gir2b.js:15
[   41349ms] [WARNING] i18n: Translate for key info not found! @ https://online.seranking.com/frontend-dist/BacklinksExplorer/js/index.kNEW5NNQ.mq6gir2b.js:15
[   42255ms] [WARNING] i18n: Translation key null supposed to be string @ https://online.seranking.com/frontend-dist/BacklinksExplorer/js/index.kNEW5NNQ.mq6gir2b.js:15
[   42255ms] [WARNING] i18n: Translation key null supposed to be string @ https://online.seranking.com/frontend-dist/BacklinksExplorer/js/index.kNEW5NNQ.mq6gir2b.js:15
[   42255ms] [WARNING] i18n: Translation key null supposed to be string @ https://online.seranking.com/frontend-dist/BacklinksExplorer/js/index.kNEW5NNQ.mq6gir2b.js:15
[   42255ms] [WARNING] i18n: Translation key null supposed to be string @ https://online.seranking.com/frontend-dist/BacklinksExplorer/js/index.kNEW5NNQ.mq6gir2b.js:15
[   42255ms] [WARNING] i18n: Translation key null supposed to be string @ https://online.seranking.com/frontend-dist/BacklinksExplorer/js/index.kNEW5NNQ.mq6gir2b.js:15
[   42255ms] [WARNING] i18n: Translation key undefined supposed to be string @ https://online.seranking.com/frontend-dist/BacklinksExplorer/js/index.kNEW5NNQ.mq6gir2b.js:15
[   42255ms] [WARNING] i18n: Translation key null supposed to be string @ https://online.seranking.com/frontend-dist/BacklinksExplorer/js/index.kNEW5NNQ.mq6gir2b.js:15
[   42255ms] [WARNING] i18n: Translation key null supposed to be string @ https://online.seranking.com/frontend-dist/BacklinksExplorer/js/index.kNEW5NNQ.mq6gir2b.js:15
[ 1254434ms] [ERROR] Failed to load resource: the server responded with a status of 404 () @ https://t0.gstatic.com/faviconV2?client=SOCIAL&type=FAVICON&fallback_opts=TYPE,SIZE,URL&url=https://kaufast.com&size=16:0
[ 3601887ms] [ERROR] Failed to load resource: the server responded with a status of 401 () @ https://online.seranking.com/.well-known/mercure?topic=http%3A%2F%2Fonline.seranking.com%2Facc%2F5048639&topic=http%3A%2F%2Fonline.seranking.com%2Fglobal&topic=http%3A%2F%2Fonline.seranking.com%2Ftoken%2F13352774:0
[ 4202644ms] [WARNING] i18n: Translate for key % not found! @ https://online.seranking.com/frontend-dist/BacklinksExplorer/js/index.kNEW5NNQ.mq6gir2b.js:15
[ 4202645ms] [WARNING] i18n: Translation key undefined supposed to be string @ https://online.seranking.com/frontend-dist/BacklinksExplorer/js/index.kNEW5NNQ.mq6gir2b.js:15
[ 4202647ms] [WARNING] i18n: Translate for key % not found! @ https://online.seranking.com/frontend-dist/BacklinksExplorer/js/index.kNEW5NNQ.mq6gir2b.js:15
[ 4202647ms] [WARNING] i18n: Translation key undefined supposed to be string @ https://online.seranking.com/frontend-dist/BacklinksExplorer/js/index.kNEW5NNQ.mq6gir2b.js:15
[ 4202650ms] [WARNING] i18n: Translate for key % not found! @ https://online.seranking.com/frontend-dist/BacklinksExplorer/js/index.kNEW5NNQ.mq6gir2b.js:15
[ 4202650ms] [WARNING] i18n: Translation key undefined supposed to be string @ https://online.seranking.com/frontend-dist/BacklinksExplorer/js/index.kNEW5NNQ.mq6gir2b.js:15
[ 4215066ms] [WARNING] i18n: Translate for key main_menu.backlinks_explorer not found! @ https://online.seranking.com/frontend-dist/BacklinksExplorer/js/index.kNEW5NNQ.mq6gir2b.js:15
[ 4215066ms] [WARNING] i18n: Translate for key backlinks_explorer.undefined not found! @ https://online.seranking.com/frontend-dist/BacklinksExplorer/js/index.kNEW5NNQ.mq6gir2b.js:15
[ 4215066ms] [WARNING] i18n: Translate for key common.account_limit not found! @ https://online.seranking.com/frontend-dist/BacklinksExplorer/js/index.kNEW5NNQ.mq6gir2b.js:15
[ 4215067ms] [WARNING] i18n: Translate for key backlinks_explorer.export.backlinks_title not found! @ https://online.seranking.com/frontend-dist/BacklinksExplorer/js/index.kNEW5NNQ.mq6gir2b.js:15
[ 4215067ms] [WARNING] i18n: Translate for key backlinks_explorer.export.domains_title not found! @ https://online.seranking.com/frontend-dist/BacklinksExplorer/js/index.kNEW5NNQ.mq6gir2b.js:15
[ 4215067ms] [WARNING] i18n: Translate for key backlinks_explorer.export.anchors_title not found! @ https://online.seranking.com/frontend-dist/BacklinksExplorer/js/index.kNEW5NNQ.mq6gir2b.js:15
[ 4215067ms] [WARNING] i18n: Translate for key backlinks_explorer.export.pages_title not found! @ https://online.seranking.com/frontend-dist/BacklinksExplorer/js/index.kNEW5NNQ.mq6gir2b.js:15
[ 4215067ms] [WARNING] i18n: Translate for key backlinks_explorer.export.ips_title not found! @ https://online.seranking.com/frontend-dist/BacklinksExplorer/js/index.kNEW5NNQ.mq6gir2b.js:15
[ 4215067ms] [WARNING] i18n: Translate for key backlinks_explorer.export.subnets_title not found! @ https://online.seranking.com/frontend-dist/BacklinksExplorer/js/index.kNEW5NNQ.mq6gir2b.js:15
[ 4215067ms] [WARNING] i18n: Translate for key common.export not found! @ https://online.seranking.com/frontend-dist/BacklinksExplorer/js/index.kNEW5NNQ.mq6gir2b.js:15
[ 4215067ms] [WARNING] i18n: Translate for key common.export_popup.export_process not found! @ https://online.seranking.com/frontend-dist/BacklinksExplorer/js/index.kNEW5NNQ.mq6gir2b.js:15
[ 4215067ms] [WARNING] i18n: Translate for key backlinks_explorer.export.export_done_title not found! @ https://online.seranking.com/frontend-dist/BacklinksExplorer/js/index.kNEW5NNQ.mq6gir2b.js:15
[ 4215067ms] [WARNING] i18n: Translate for key backlinks_explorer.export.export_done_text not found! @ https://online.seranking.com/frontend-dist/BacklinksExplorer/js/index.kNEW5NNQ.mq6gir2b.js:15
[ 4215067ms] [WARNING] i18n: Translate for key backlinks_explorer.tooltips.limit not found! @ https://online.seranking.com/frontend-dist/BacklinksExplorer/js/index.kNEW5NNQ.mq6gir2b.js:15
[ 4215067ms] [WARNING] i18n: Translate for key common.export_type_csv not found! @ https://online.seranking.com/frontend-dist/BacklinksExplorer/js/index.kNEW5NNQ.mq6gir2b.js:15
[ 4215067ms] [WARNING] i18n: Translate for key common.Export_max_limits_CSV not found! @ https://online.seranking.com/frontend-dist/BacklinksExplorer/js/index.kNEW5NNQ.mq6gir2b.js:15
[ 4215067ms] [WARNING] i18n: Translate for key common.export_type_xlsx not found! @ https://online.seranking.com/frontend-dist/BacklinksExplorer/js/index.kNEW5NNQ.mq6gir2b.js:15
[ 4215067ms] [WARNING] i18n: Translate for key common.Export_max_limits_XLS not found! @ https://online.seranking.com/frontend-dist/BacklinksExplorer/js/index.kNEW5NNQ.mq6gir2b.js:15
[ 4215071ms] [WARNING] i18n: Translate for key common.black_friday.badge.title not found! @ https://online.seranking.com/frontend-dist/BacklinksExplorer/js/index.kNEW5NNQ.mq6gir2b.js:15
[ 4215071ms] [WARNING] i18n: Translate for key common.black_friday.badge.text not found! @ https://online.seranking.com/frontend-dist/BacklinksExplorer/js/index.kNEW5NNQ.mq6gir2b.js:15
[ 4215108ms] [WARNING] i18n: Translate for key backlinks_explorer.undefined not found! @ https://online.seranking.com/frontend-dist/BacklinksExplorer/js/index.kNEW5NNQ.mq6gir2b.js:15
[ 4215119ms] [WARNING] i18n: Translate for key backlinks_explorer.undefined not found! @ https://online.seranking.com/frontend-dist/BacklinksExplorer/js/index.kNEW5NNQ.mq6gir2b.js:15
[ 4215121ms] [WARNING] i18n: Translate for key backlinks_explorer.overview not found! @ https://online.seranking.com/frontend-dist/BacklinksExplorer/js/index.kNEW5NNQ.mq6gir2b.js:15
[ 4215189ms] [WARNING] i18n: Translate for key main_menu.backlinks_explorer not found! @ https://online.seranking.com/frontend-dist/BacklinksExplorer/js/index.kNEW5NNQ.mq6gir2b.js:15
[ 4215189ms] [WARNING] i18n: Translate for key backlinks_explorer.overview not found! @ https://online.seranking.com/frontend-dist/BacklinksExplorer/js/index.kNEW5NNQ.mq6gir2b.js:15
[ 4215190ms] [WARNING] i18n: Translate for key common.account_limit not found! @ https://online.seranking.com/frontend-dist/BacklinksExplorer/js/index.kNEW5NNQ.mq6gir2b.js:15
[ 4215190ms] [WARNING] i18n: Translate for key backlinks_explorer.export.backlinks_title not found! @ https://online.seranking.com/frontend-dist/BacklinksExplorer/js/index.kNEW5NNQ.mq6gir2b.js:15
[ 4215190ms] [WARNING] i18n: Translate for key backlinks_explorer.export.domains_title not found! @ https://online.seranking.com/frontend-dist/BacklinksExplorer/js/index.kNEW5NNQ.mq6gir2b.js:15
[ 4215190ms] [WARNING] i18n: Translate for key backlinks_explorer.export.anchors_title not found! @ https://online.seranking.com/frontend-dist/BacklinksExplorer/js/index.kNEW5NNQ.mq6gir2b.js:15
[ 4215190ms] [WARNING] i18n: Translate for key backlinks_explorer.export.pages_title not found! @ https://online.seranking.com/frontend-dist/BacklinksExplorer/js/index.kNEW5NNQ.mq6gir2b.js:15
[ 4215190ms] [WARNING] i18n: Translate for key backlinks_explorer.export.ips_title not found! @ https://online.seranking.com/frontend-dist/BacklinksExplorer/js/index.kNEW5NNQ.mq6gir2b.js:15
[ 4215190ms] [WARNING] i18n: Translate for key backlinks_explorer.export.subnets_title not found! @ https://online.seranking.com/frontend-dist/BacklinksExplorer/js/index.kNEW5NNQ.mq6gir2b.js:15
[ 4215190ms] [WARNING] i18n: Translate for key common.export not found! @ https://online.seranking.com/frontend-dist/BacklinksExplorer/js/index.kNEW5NNQ.mq6gir2b.js:15
[ 4215190ms] [WARNING] i18n: Translate for key common.export_popup.export_process not found! @ https://online.seranking.com/frontend-dist/BacklinksExplorer/js/index.kNEW5NNQ.mq6gir2b.js:15
[ 4215190ms] [WARNING] i18n: Translate for key backlinks_explorer.export.export_done_title not found! @ https://online.seranking.com/frontend-dist/BacklinksExplorer/js/index.kNEW5NNQ.mq6gir2b.js:15
[ 4215190ms] [WARNING] i18n: Translate for key backlinks_explorer.export.export_done_text not found! @ https://online.seranking.com/frontend-dist/BacklinksExplorer/js/index.kNEW5NNQ.mq6gir2b.js:15
[ 4215190ms] [WARNING] i18n: Translate for key backlinks_explorer.tooltips.limit not found! @ https://online.seranking.com/frontend-dist/BacklinksExplorer/js/index.kNEW5NNQ.mq6gir2b.js:15
[ 4215190ms] [WARNING] i18n: Translate for key common.export_type_csv not found! @ https://online.seranking.com/frontend-dist/BacklinksExplorer/js/index.kNEW5NNQ.mq6gir2b.js:15
[ 4215190ms] [WARNING] i18n: Translate for key common.Export_max_limits_CSV not found! @ https://online.seranking.com/frontend-dist/BacklinksExplorer/js/index.kNEW5NNQ.mq6gir2b.js:15
[ 4215190ms] [WARNING] i18n: Translate for key common.export_type_xlsx not found! @ https://online.seranking.com/frontend-dist/BacklinksExplorer/js/index.kNEW5NNQ.mq6gir2b.js:15
[ 4215190ms] [WARNING] i18n: Translate for key common.Export_max_limits_XLS not found! @ https://online.seranking.com/frontend-dist/BacklinksExplorer/js/index.kNEW5NNQ.mq6gir2b.js:15
[ 4215191ms] [WARNING] i18n: Translate for key common.black_friday.badge.title not found! @ https://online.seranking.com/frontend-dist/BacklinksExplorer/js/index.kNEW5NNQ.mq6gir2b.js:15
[ 4215191ms] [WARNING] i18n: Translate for key common.black_friday.badge.text not found! @ https://online.seranking.com/frontend-dist/BacklinksExplorer/js/index.kNEW5NNQ.mq6gir2b.js:15
[ 4215232ms] [WARNING] i18n: Translation key undefined supposed to be string @ https://online.seranking.com/frontend-dist/BacklinksExplorer/js/index.kNEW5NNQ.mq6gir2b.js:15
[ 4215232ms] [WARNING] i18n: Translation key undefined supposed to be string @ https://online.seranking.com/frontend-dist/BacklinksExplorer/js/index.kNEW5NNQ.mq6gir2b.js:15
[ 4215232ms] [WARNING] i18n: Translation key undefined supposed to be string @ https://online.seranking.com/frontend-dist/BacklinksExplorer/js/index.kNEW5NNQ.mq6gir2b.js:15
[ 4215233ms] [WARNING] i18n: Translation key undefined supposed to be string @ https://online.seranking.com/frontend-dist/BacklinksExplorer/js/index.kNEW5NNQ.mq6gir2b.js:15
[ 4215233ms] [WARNING] i18n: Translation key undefined supposed to be string @ https://online.seranking.com/frontend-dist/BacklinksExplorer/js/index.kNEW5NNQ.mq6gir2b.js:15
[ 4215233ms] [WARNING] i18n: Translation key undefined supposed to be string @ https://online.seranking.com/frontend-dist/BacklinksExplorer/js/index.kNEW5NNQ.mq6gir2b.js:15
[ 4215465ms] [ERROR] Userflow.js resetting due to: [company_closed] This Userflow account has been closed. You can re-activate it at https://userflow.com/app. @ https://online.seranking.com/frontend-dist/BacklinksExplorer/js/index.kNEW5NNQ.mq6gir2b.js:15
[ 4215752ms] [WARNING] i18n: Translate for key % not found! @ https://online.seranking.com/frontend-dist/BacklinksExplorer/js/index.kNEW5NNQ.mq6gir2b.js:15
[ 4215752ms] [WARNING] i18n: Translation key undefined supposed to be string @ https://online.seranking.com/frontend-dist/BacklinksExplorer/js/index.kNEW5NNQ.mq6gir2b.js:15
[ 4215754ms] [WARNING] i18n: Translate for key % not found! @ https://online.seranking.com/frontend-dist/BacklinksExplorer/js/index.kNEW5NNQ.mq6gir2b.js:15
[ 4215754ms] [WARNING] i18n: Translation key undefined supposed to be string @ https://online.seranking.com/frontend-dist/BacklinksExplorer/js/index.kNEW5NNQ.mq6gir2b.js:15
[ 4215754ms] [WARNING] i18n: Translate for key % not found! @ https://online.seranking.com/frontend-dist/BacklinksExplorer/js/index.kNEW5NNQ.mq6gir2b.js:15
[ 4215754ms] [WARNING] i18n: Translation key undefined supposed to be string @ https://online.seranking.com/frontend-dist/BacklinksExplorer/js/index.kNEW5NNQ.mq6gir2b.js:15
[ 4215900ms] [WARNING] i18n: Translate for key % not found! @ https://online.seranking.com/frontend-dist/BacklinksExplorer/js/index.kNEW5NNQ.mq6gir2b.js:15
[ 4215900ms] [WARNING] i18n: Translation key undefined supposed to be string @ https://online.seranking.com/frontend-dist/BacklinksExplorer/js/index.kNEW5NNQ.mq6gir2b.js:15
[ 4215902ms] [WARNING] i18n: Translate for key % not found! @ https://online.seranking.com/frontend-dist/BacklinksExplorer/js/index.kNEW5NNQ.mq6gir2b.js:15
[ 4215902ms] [WARNING] i18n: Translation key undefined supposed to be string @ https://online.seranking.com/frontend-dist/BacklinksExplorer/js/index.kNEW5NNQ.mq6gir2b.js:15
[ 4216136ms] [WARNING] i18n: Translate for key % not found! @ https://online.seranking.com/frontend-dist/BacklinksExplorer/js/index.kNEW5NNQ.mq6gir2b.js:15
[ 4216136ms] [WARNING] i18n: Translation key undefined supposed to be string @ https://online.seranking.com/frontend-dist/BacklinksExplorer/js/index.kNEW5NNQ.mq6gir2b.js:15
[ 4216136ms] [WARNING] i18n: Translate for key % not found! @ https://online.seranking.com/frontend-dist/BacklinksExplorer/js/index.kNEW5NNQ.mq6gir2b.js:15
[ 4216136ms] [WARNING] i18n: Translation key undefined supposed to be string @ https://online.seranking.com/frontend-dist/BacklinksExplorer/js/index.kNEW5NNQ.mq6gir2b.js:15
[ 4216138ms] [WARNING] i18n: Translate for key % not found! @ https://online.seranking.com/frontend-dist/BacklinksExplorer/js/index.kNEW5NNQ.mq6gir2b.js:15
[ 4216138ms] [WARNING] i18n: Translation key undefined supposed to be string @ https://online.seranking.com/frontend-dist/BacklinksExplorer/js/index.kNEW5NNQ.mq6gir2b.js:15
[ 4216193ms] [WARNING] i18n: Translate for key % not found! @ https://online.seranking.com/frontend-dist/BacklinksExplorer/js/index.kNEW5NNQ.mq6gir2b.js:15
[ 4216193ms] [WARNING] i18n: Translation key undefined supposed to be string @ https://online.seranking.com/frontend-dist/BacklinksExplorer/js/index.kNEW5NNQ.mq6gir2b.js:15
[ 4216193ms] [WARNING] i18n: Translate for key % not found! @ https://online.seranking.com/frontend-dist/BacklinksExplorer/js/index.kNEW5NNQ.mq6gir2b.js:15
[ 4216193ms] [WARNING] i18n: Translation key undefined supposed to be string @ https://online.seranking.com/frontend-dist/BacklinksExplorer/js/index.kNEW5NNQ.mq6gir2b.js:15
[ 4216194ms] [WARNING] i18n: Translate for key % not found! @ https://online.seranking.com/frontend-dist/BacklinksExplorer/js/index.kNEW5NNQ.mq6gir2b.js:15
[ 4216194ms] [WARNING] i18n: Translation key undefined supposed to be string @ https://online.seranking.com/frontend-dist/BacklinksExplorer/js/index.kNEW5NNQ.mq6gir2b.js:15
[ 4216373ms] [WARNING] i18n: Translation key undefined supposed to be string @ https://online.seranking.com/frontend-dist/BacklinksExplorer/js/index.kNEW5NNQ.mq6gir2b.js:15
[ 4216373ms] [WARNING] i18n: Translation key undefined supposed to be string @ https://online.seranking.com/frontend-dist/BacklinksExplorer/js/index.kNEW5NNQ.mq6gir2b.js:15
[ 4216373ms] [WARNING] i18n: Translation key undefined supposed to be string @ https://online.seranking.com/frontend-dist/BacklinksExplorer/js/index.kNEW5NNQ.mq6gir2b.js:15
[ 4216374ms] [WARNING] i18n: Translation key undefined supposed to be string @ https://online.seranking.com/frontend-dist/BacklinksExplorer/js/index.kNEW5NNQ.mq6gir2b.js:15
[ 4216374ms] [WARNING] i18n: Translation key undefined supposed to be string @ https://online.seranking.com/frontend-dist/BacklinksExplorer/js/index.kNEW5NNQ.mq6gir2b.js:15
[ 4216374ms] [WARNING] i18n: Translation key undefined supposed to be string @ https://online.seranking.com/frontend-dist/BacklinksExplorer/js/index.kNEW5NNQ.mq6gir2b.js:15
[ 4216375ms] [WARNING] i18n: Translate for key % not found! @ https://online.seranking.com/frontend-dist/BacklinksExplorer/js/index.kNEW5NNQ.mq6gir2b.js:15
[ 4216375ms] [WARNING] i18n: Translation key undefined supposed to be string @ https://online.seranking.com/frontend-dist/BacklinksExplorer/js/index.kNEW5NNQ.mq6gir2b.js:15
[ 4216376ms] [WARNING] i18n: Translate for key % not found! @ https://online.seranking.com/frontend-dist/BacklinksExplorer/js/index.kNEW5NNQ.mq6gir2b.js:15
[ 4216376ms] [WARNING] i18n: Translation key undefined supposed to be string @ https://online.seranking.com/frontend-dist/BacklinksExplorer/js/index.kNEW5NNQ.mq6gir2b.js:15
[ 4216376ms] [WARNING] i18n: Translate for key % not found! @ https://online.seranking.com/frontend-dist/BacklinksExplorer/js/index.kNEW5NNQ.mq6gir2b.js:15
[ 4216376ms] [WARNING] i18n: Translation key undefined supposed to be string @ https://online.seranking.com/frontend-dist/BacklinksExplorer/js/index.kNEW5NNQ.mq6gir2b.js:15
[ 4298101ms] [WARNING] i18n: Translate for key com not found! @ https://online.seranking.com/frontend-dist/BacklinksExplorer/js/index.kNEW5NNQ.mq6gir2b.js:15
[ 4298101ms] [WARNING] i18n: Translate for key eu not found! @ https://online.seranking.com/frontend-dist/BacklinksExplorer/js/index.kNEW5NNQ.mq6gir2b.js:15
[ 4298101ms] [WARNING] i18n: Translate for key top not found! @ https://online.seranking.com/frontend-dist/BacklinksExplorer/js/index.kNEW5NNQ.mq6gir2b.js:15
[ 4298101ms] [WARNING] i18n: Translate for key sbs not found! @ https://online.seranking.com/frontend-dist/BacklinksExplorer/js/index.kNEW5NNQ.mq6gir2b.js:15
[ 4298101ms] [WARNING] i18n: Translate for key party not found! @ https://online.seranking.com/frontend-dist/BacklinksExplorer/js/index.kNEW5NNQ.mq6gir2b.js:15
[ 4298101ms] [WARNING] i18n: Translate for key net not found! @ https://online.seranking.com/frontend-dist/BacklinksExplorer/js/index.kNEW5NNQ.mq6gir2b.js:15
[ 4298101ms] [WARNING] i18n: Translate for key world not found! @ https://online.seranking.com/frontend-dist/BacklinksExplorer/js/index.kNEW5NNQ.mq6gir2b.js:15
[ 4298101ms] [WARNING] i18n: Translate for key xyz not found! @ https://online.seranking.com/frontend-dist/BacklinksExplorer/js/index.kNEW5NNQ.mq6gir2b.js:15
[ 4298101ms] [WARNING] i18n: Translate for key wiki not found! @ https://online.seranking.com/frontend-dist/BacklinksExplorer/js/index.kNEW5NNQ.mq6gir2b.js:15
[ 4298101ms] [WARNING] i18n: Translate for key icu not found! @ https://online.seranking.com/frontend-dist/BacklinksExplorer/js/index.kNEW5NNQ.mq6gir2b.js:15
[ 4298101ms] [WARNING] i18n: Translate for key monster not found! @ https://online.seranking.com/frontend-dist/BacklinksExplorer/js/index.kNEW5NNQ.mq6gir2b.js:15
[ 4298101ms] [WARNING] i18n: Translate for key uk not found! @ https://online.seranking.com/frontend-dist/BacklinksExplorer/js/index.kNEW5NNQ.mq6gir2b.js:15
[ 4298101ms] [WARNING] i18n: Translate for key cloud not found! @ https://online.seranking.com/frontend-dist/BacklinksExplorer/js/index.kNEW5NNQ.mq6gir2b.js:15
[ 4298102ms] [WARNING] i18n: Translate for key homes not found! @ https://online.seranking.com/frontend-dist/BacklinksExplorer/js/index.kNEW5NNQ.mq6gir2b.js:15
[ 4298102ms] [WARNING] i18n: Translate for key in not found! @ https://online.seranking.com/frontend-dist/BacklinksExplorer/js/index.kNEW5NNQ.mq6gir2b.js:15
[ 4298102ms] [WARNING] i18n: Translate for key es not found! @ https://online.seranking.com/frontend-dist/BacklinksExplorer/js/index.kNEW5NNQ.mq6gir2b.js:15
[ 4298102ms] [WARNING] i18n: Translate for key cfd not found! @ https://online.seranking.com/frontend-dist/BacklinksExplorer/js/index.kNEW5NNQ.mq6gir2b.js:15
[ 4298102ms] [WARNING] i18n: Translate for key club not found! @ https://online.seranking.com/frontend-dist/BacklinksExplorer/js/index.kNEW5NNQ.mq6gir2b.js:15
[ 4298102ms] [WARNING] i18n: Translate for key guru not found! @ https://online.seranking.com/frontend-dist/BacklinksExplorer/js/index.kNEW5NNQ.mq6gir2b.js:15
[ 4298102ms] [WARNING] i18n: Translate for key org not found! @ https://online.seranking.com/frontend-dist/BacklinksExplorer/js/index.kNEW5NNQ.mq6gir2b.js:15
[ 4298102ms] [WARNING] i18n: Translate for key website not found! @ https://online.seranking.com/frontend-dist/BacklinksExplorer/js/index.kNEW5NNQ.mq6gir2b.js:15
[ 4298102ms] [WARNING] i18n: Translate for key fyi not found! @ https://online.seranking.com/frontend-dist/BacklinksExplorer/js/index.kNEW5NNQ.mq6gir2b.js:15
[ 4298102ms] [WARNING] i18n: Translate for key info not found! @ https://online.seranking.com/frontend-dist/BacklinksExplorer/js/index.kNEW5NNQ.mq6gir2b.js:15
[ 4298115ms] [WARNING] i18n: Translation key null supposed to be string @ https://online.seranking.com/frontend-dist/BacklinksExplorer/js/index.kNEW5NNQ.mq6gir2b.js:15
[ 4298116ms] [WARNING] i18n: Translation key null supposed to be string @ https://online.seranking.com/frontend-dist/BacklinksExplorer/js/index.kNEW5NNQ.mq6gir2b.js:15
[ 4298116ms] [WARNING] i18n: Translation key null supposed to be string @ https://online.seranking.com/frontend-dist/BacklinksExplorer/js/index.kNEW5NNQ.mq6gir2b.js:15
[ 4298116ms] [WARNING] i18n: Translation key null supposed to be string @ https://online.seranking.com/frontend-dist/BacklinksExplorer/js/index.kNEW5NNQ.mq6gir2b.js:15
[ 4298116ms] [WARNING] i18n: Translation key null supposed to be string @ https://online.seranking.com/frontend-dist/BacklinksExplorer/js/index.kNEW5NNQ.mq6gir2b.js:15
[ 4298116ms] [WARNING] i18n: Translation key undefined supposed to be string @ https://online.seranking.com/frontend-dist/BacklinksExplorer/js/index.kNEW5NNQ.mq6gir2b.js:15
[ 4298116ms] [WARNING] i18n: Translation key null supposed to be string @ https://online.seranking.com/frontend-dist/BacklinksExplorer/js/index.kNEW5NNQ.mq6gir2b.js:15
[ 4298116ms] [WARNING] i18n: Translation key null supposed to be string @ https://online.seranking.com/frontend-dist/BacklinksExplorer/js/index.kNEW5NNQ.mq6gir2b.js:15
[ 4298272ms] [WARNING] i18n: Translation key null supposed to be string @ https://online.seranking.com/frontend-dist/BacklinksExplorer/js/index.kNEW5NNQ.mq6gir2b.js:15
[ 4298272ms] [WARNING] i18n: Translation key null supposed to be string @ https://online.seranking.com/frontend-dist/BacklinksExplorer/js/index.kNEW5NNQ.mq6gir2b.js:15
[ 4298272ms] [WARNING] i18n: Translation key null supposed to be string @ https://online.seranking.com/frontend-dist/BacklinksExplorer/js/index.kNEW5NNQ.mq6gir2b.js:15
[ 4298272ms] [WARNING] i18n: Translation key null supposed to be string @ https://online.seranking.com/frontend-dist/BacklinksExplorer/js/index.kNEW5NNQ.mq6gir2b.js:15
[ 4298272ms] [WARNING] i18n: Translation key null supposed to be string @ https://online.seranking.com/frontend-dist/BacklinksExplorer/js/index.kNEW5NNQ.mq6gir2b.js:15
[ 4298272ms] [WARNING] i18n: Translation key undefined supposed to be string @ https://online.seranking.com/frontend-dist/BacklinksExplorer/js/index.kNEW5NNQ.mq6gir2b.js:15
[ 4298272ms] [WARNING] i18n: Translation key null supposed to be string @ https://online.seranking.com/frontend-dist/BacklinksExplorer/js/index.kNEW5NNQ.mq6gir2b.js:15
[ 4298272ms] [WARNING] i18n: Translation key null supposed to be string @ https://online.seranking.com/frontend-dist/BacklinksExplorer/js/index.kNEW5NNQ.mq6gir2b.js:15
[ 4298982ms] [WARNING] i18n: Translate for key com not found! @ https://online.seranking.com/frontend-dist/BacklinksExplorer/js/index.kNEW5NNQ.mq6gir2b.js:15
[ 4298983ms] [WARNING] i18n: Translate for key eu not found! @ https://online.seranking.com/frontend-dist/BacklinksExplorer/js/index.kNEW5NNQ.mq6gir2b.js:15
[ 4298983ms] [WARNING] i18n: Translate for key top not found! @ https://online.seranking.com/frontend-dist/BacklinksExplorer/js/index.kNEW5NNQ.mq6gir2b.js:15
[ 4298983ms] [WARNING] i18n: Translate for key sbs not found! @ https://online.seranking.com/frontend-dist/BacklinksExplorer/js/index.kNEW5NNQ.mq6gir2b.js:15
[ 4298983ms] [WARNING] i18n: Translate for key party not found! @ https://online.seranking.com/frontend-dist/BacklinksExplorer/js/index.kNEW5NNQ.mq6gir2b.js:15
[ 4298983ms] [WARNING] i18n: Translate for key net not found! @ https://online.seranking.com/frontend-dist/BacklinksExplorer/js/index.kNEW5NNQ.mq6gir2b.js:15
[ 4298983ms] [WARNING] i18n: Translate for key world not found! @ https://online.seranking.com/frontend-dist/BacklinksExplorer/js/index.kNEW5NNQ.mq6gir2b.js:15
[ 4298983ms] [WARNING] i18n: Translate for key xyz not found! @ https://online.seranking.com/frontend-dist/BacklinksExplorer/js/index.kNEW5NNQ.mq6gir2b.js:15
[ 4298983ms] [WARNING] i18n: Translate for key wiki not found! @ https://online.seranking.com/frontend-dist/BacklinksExplorer/js/index.kNEW5NNQ.mq6gir2b.js:15
[ 4298983ms] [WARNING] i18n: Translate for key icu not found! @ https://online.seranking.com/frontend-dist/BacklinksExplorer/js/index.kNEW5NNQ.mq6gir2b.js:15
[ 4298983ms] [WARNING] i18n: Translate for key monster not found! @ https://online.seranking.com/frontend-dist/BacklinksExplorer/js/index.kNEW5NNQ.mq6gir2b.js:15
[ 4298983ms] [WARNING] i18n: Translate for key uk not found! @ https://online.seranking.com/frontend-dist/BacklinksExplorer/js/index.kNEW5NNQ.mq6gir2b.js:15
[ 4298983ms] [WARNING] i18n: Translate for key cloud not found! @ https://online.seranking.com/frontend-dist/BacklinksExplorer/js/index.kNEW5NNQ.mq6gir2b.js:15
[ 4298984ms] [WARNING] i18n: Translate for key homes not found! @ https://online.seranking.com/frontend-dist/BacklinksExplorer/js/index.kNEW5NNQ.mq6gir2b.js:15
[ 4298984ms] [WARNING] i18n: Translate for key in not found! @ https://online.seranking.com/frontend-dist/BacklinksExplorer/js/index.kNEW5NNQ.mq6gir2b.js:15
[ 4298984ms] [WARNING] i18n: Translate for key es not found! @ https://online.seranking.com/frontend-dist/BacklinksExplorer/js/index.kNEW5NNQ.mq6gir2b.js:15
[ 4298984ms] [WARNING] i18n: Translate for key cfd not found! @ https://online.seranking.com/frontend-dist/BacklinksExplorer/js/index.kNEW5NNQ.mq6gir2b.js:15
[ 4298984ms] [WARNING] i18n: Translate for key club not found! @ https://online.seranking.com/frontend-dist/BacklinksExplorer/js/index.kNEW5NNQ.mq6gir2b.js:15
[ 4298984ms] [WARNING] i18n: Translate for key guru not found! @ https://online.seranking.com/frontend-dist/BacklinksExplorer/js/index.kNEW5NNQ.mq6gir2b.js:15
[ 4298984ms] [WARNING] i18n: Translate for key org not found! @ https://online.seranking.com/frontend-dist/BacklinksExplorer/js/index.kNEW5NNQ.mq6gir2b.js:15
[ 4298984ms] [WARNING] i18n: Translate for key website not found! @ https://online.seranking.com/frontend-dist/BacklinksExplorer/js/index.kNEW5NNQ.mq6gir2b.js:15
[ 4298984ms] [WARNING] i18n: Translate for key fyi not found! @ https://online.seranking.com/frontend-dist/BacklinksExplorer/js/index.kNEW5NNQ.mq6gir2b.js:15
[ 4298984ms] [WARNING] i18n: Translate for key info not found! @ https://online.seranking.com/frontend-dist/BacklinksExplorer/js/index.kNEW5NNQ.mq6gir2b.js:15
[ 4302132ms] [WARNING] i18n: Translate for key USA not found! @ https://online.seranking.com/frontend-dist/BacklinksExplorer/js/index.kNEW5NNQ.mq6gir2b.js:15
[ 4302132ms] [WARNING] i18n: Translate for key Moldova not found! @ https://online.seranking.com/frontend-dist/BacklinksExplorer/js/index.kNEW5NNQ.mq6gir2b.js:15
[ 4302132ms] [WARNING] i18n: Translate for key Austria not found! @ https://online.seranking.com/frontend-dist/BacklinksExplorer/js/index.kNEW5NNQ.mq6gir2b.js:15
[ 4302132ms] [WARNING] i18n: Translate for key Romania not found! @ https://online.seranking.com/frontend-dist/BacklinksExplorer/js/index.kNEW5NNQ.mq6gir2b.js:15
[ 4302132ms] [WARNING] i18n: Translate for key Germany not found! @ https://online.seranking.com/frontend-dist/BacklinksExplorer/js/index.kNEW5NNQ.mq6gir2b.js:15
[ 4302132ms] [WARNING] i18n: Translate for key Spain not found! @ https://online.seranking.com/frontend-dist/BacklinksExplorer/js/index.kNEW5NNQ.mq6gir2b.js:15
[ 4302132ms] [WARNING] i18n: Translate for key Singapore not found! @ https://online.seranking.com/frontend-dist/BacklinksExplorer/js/index.kNEW5NNQ.mq6gir2b.js:15
[ 4302134ms] [WARNING] i18n: Translation key undefined supposed to be string @ https://online.seranking.com/frontend-dist/BacklinksExplorer/js/index.kNEW5NNQ.mq6gir2b.js:15
[ 4302134ms] [WARNING] i18n: Translation key undefined supposed to be string @ https://online.seranking.com/frontend-dist/BacklinksExplorer/js/index.kNEW5NNQ.mq6gir2b.js:15
[ 4302134ms] [WARNING] i18n: Translation key undefined supposed to be string @ https://online.seranking.com/frontend-dist/BacklinksExplorer/js/index.kNEW5NNQ.mq6gir2b.js:15
[ 4302137ms] [WARNING] i18n: Translation key null supposed to be string @ https://online.seranking.com/frontend-dist/BacklinksExplorer/js/index.kNEW5NNQ.mq6gir2b.js:15
[ 4302138ms] [WARNING] i18n: Translation key null supposed to be string @ https://online.seranking.com/frontend-dist/BacklinksExplorer/js/index.kNEW5NNQ.mq6gir2b.js:15
[ 4302138ms] [WARNING] i18n: Translation key null supposed to be string @ https://online.seranking.com/frontend-dist/BacklinksExplorer/js/index.kNEW5NNQ.mq6gir2b.js:15
[ 4302138ms] [WARNING] i18n: Translate for key Dominio  not found! @ https://online.seranking.com/frontend-dist/BacklinksExplorer/js/index.kNEW5NNQ.mq6gir2b.js:15
[ 4302138ms] [WARNING] i18n: Translate for key La URL del referring domain not found! @ https://online.seranking.com/frontend-dist/BacklinksExplorer/js/index.kNEW5NNQ.mq6gir2b.js:15
[ 4302139ms] [WARNING] i18n: Translate for key DT  not found! @ https://online.seranking.com/frontend-dist/BacklinksExplorer/js/index.kNEW5NNQ.mq6gir2b.js:15
[ 4302139ms] [WARNING] i18n: Translate for key Domain Trust es una puntuación que muestra la probabilidad de que un dominio se posicione en los resultados de búsqueda. Para calcularla, consideramos el número y la calidad de los dominios de referencia y el perfil de backlinks de un sitio web. Domain Trust va del 1 al 100, donde la puntuación más alta indica las mejores posibilidades de posicionarse en los resultados de búsqueda. not found! @ https://online.seranking.com/frontend-dist/BacklinksExplorer/js/index.kNEW5NNQ.mq6gir2b.js:15
[ 4302139ms] [WARNING] i18n: Translate for key Tráfico del dominio  not found! @ https://online.seranking.com/frontend-dist/BacklinksExplorer/js/index.kNEW5NNQ.mq6gir2b.js:15
[ 4302140ms] [WARNING] i18n: Translate for key Backlinks  not found! @ https://online.seranking.com/frontend-dist/BacklinksExplorer/js/index.kNEW5NNQ.mq6gir2b.js:15
[ 4302140ms] [WARNING] i18n: Translate for key El número total de enlaces en la zona de dominio del referring domain not found! @ https://online.seranking.com/frontend-dist/BacklinksExplorer/js/index.kNEW5NNQ.mq6gir2b.js:15
[ 4302140ms] [WARNING] i18n: Translate for key Palabras clave  not found! @ https://online.seranking.com/frontend-dist/BacklinksExplorer/js/index.kNEW5NNQ.mq6gir2b.js:15
[ 4302140ms] [WARNING] i18n: Translate for key Edad del dominio  not found! @ https://online.seranking.com/frontend-dist/BacklinksExplorer/js/index.kNEW5NNQ.mq6gir2b.js:15
[ 4302140ms] [WARNING] i18n: Translate for key Visto por primera vez  not found! @ https://online.seranking.com/frontend-dist/BacklinksExplorer/js/index.kNEW5NNQ.mq6gir2b.js:15
[ 4302141ms] [WARNING] i18n: Translate for key La fecha cuando el referring domain fue descubierto por primera vez por SE Ranking not found! @ https://online.seranking.com/frontend-dist/BacklinksExplorer/js/index.kNEW5NNQ.mq6gir2b.js:15
[ 4302297ms] [WARNING] i18n: Translation key null supposed to be string @ https://online.seranking.com/frontend-dist/BacklinksExplorer/js/index.kNEW5NNQ.mq6gir2b.js:15
[ 4302297ms] [WARNING] i18n: Translation key null supposed to be string @ https://online.seranking.com/frontend-dist/BacklinksExplorer/js/index.kNEW5NNQ.mq6gir2b.js:15
[ 4302297ms] [WARNING] i18n: Translation key null supposed to be string @ https://online.seranking.com/frontend-dist/BacklinksExplorer/js/index.kNEW5NNQ.mq6gir2b.js:15
[ 4302298ms] [WARNING] i18n: Translate for key Dominio  not found! @ https://online.seranking.com/frontend-dist/BacklinksExplorer/js/index.kNEW5NNQ.mq6gir2b.js:15
[ 4302298ms] [WARNING] i18n: Translate for key La URL del referring domain not found! @ https://online.seranking.com/frontend-dist/BacklinksExplorer/js/index.kNEW5NNQ.mq6gir2b.js:15
[ 4302298ms] [WARNING] i18n: Translate for key DT  not found! @ https://online.seranking.com/frontend-dist/BacklinksExplorer/js/index.kNEW5NNQ.mq6gir2b.js:15
[ 4302298ms] [WARNING] i18n: Translate for key Domain Trust es una puntuación que muestra la probabilidad de que un dominio se posicione en los resultados de búsqueda. Para calcularla, consideramos el número y la calidad de los dominios de referencia y el perfil de backlinks de un sitio web. Domain Trust va del 1 al 100, donde la puntuación más alta indica las mejores posibilidades de posicionarse en los resultados de búsqueda. not found! @ https://online.seranking.com/frontend-dist/BacklinksExplorer/js/index.kNEW5NNQ.mq6gir2b.js:15
[ 4302299ms] [WARNING] i18n: Translate for key Tráfico del dominio  not found! @ https://online.seranking.com/frontend-dist/BacklinksExplorer/js/index.kNEW5NNQ.mq6gir2b.js:15
[ 4302299ms] [WARNING] i18n: Translate for key Backlinks  not found! @ https://online.seranking.com/frontend-dist/BacklinksExplorer/js/index.kNEW5NNQ.mq6gir2b.js:15
[ 4302299ms] [WARNING] i18n: Translate for key El número total de enlaces en la zona de dominio del referring domain not found! @ https://online.seranking.com/frontend-dist/BacklinksExplorer/js/index.kNEW5NNQ.mq6gir2b.js:15
[ 4302299ms] [WARNING] i18n: Translate for key Palabras clave  not found! @ https://online.seranking.com/frontend-dist/BacklinksExplorer/js/index.kNEW5NNQ.mq6gir2b.js:15
[ 4302299ms] [WARNING] i18n: Translate for key Edad del dominio  not found! @ https://online.seranking.com/frontend-dist/BacklinksExplorer/js/index.kNEW5NNQ.mq6gir2b.js:15
[ 4302299ms] [WARNING] i18n: Translate for key Visto por primera vez  not found! @ https://online.seranking.com/frontend-dist/BacklinksExplorer/js/index.kNEW5NNQ.mq6gir2b.js:15
[ 4302299ms] [WARNING] i18n: Translate for key La fecha cuando el referring domain fue descubierto por primera vez por SE Ranking not found! @ https://online.seranking.com/frontend-dist/BacklinksExplorer/js/index.kNEW5NNQ.mq6gir2b.js:15
[ 4302338ms] [WARNING] i18n: Translate for key USA not found! @ https://online.seranking.com/frontend-dist/BacklinksExplorer/js/index.kNEW5NNQ.mq6gir2b.js:15
[ 4302338ms] [WARNING] i18n: Translate for key Moldova not found! @ https://online.seranking.com/frontend-dist/BacklinksExplorer/js/index.kNEW5NNQ.mq6gir2b.js:15
[ 4302338ms] [WARNING] i18n: Translate for key Austria not found! @ https://online.seranking.com/frontend-dist/BacklinksExplorer/js/index.kNEW5NNQ.mq6gir2b.js:15
[ 4302338ms] [WARNING] i18n: Translate for key Romania not found! @ https://online.seranking.com/frontend-dist/BacklinksExplorer/js/index.kNEW5NNQ.mq6gir2b.js:15
[ 4302338ms] [WARNING] i18n: Translate for key Germany not found! @ https://online.seranking.com/frontend-dist/BacklinksExplorer/js/index.kNEW5NNQ.mq6gir2b.js:15
[ 4302338ms] [WARNING] i18n: Translate for key Spain not found! @ https://online.seranking.com/frontend-dist/BacklinksExplorer/js/index.kNEW5NNQ.mq6gir2b.js:15
[ 4302338ms] [WARNING] i18n: Translate for key Singapore not found! @ https://online.seranking.com/frontend-dist/BacklinksExplorer/js/index.kNEW5NNQ.mq6gir2b.js:15
[ 4302429ms] [WARNING] i18n: Translation key null supposed to be string @ https://online.seranking.com/frontend-dist/BacklinksExplorer/js/index.kNEW5NNQ.mq6gir2b.js:15
[ 4302430ms] [WARNING] i18n: Translation key null supposed to be string @ https://online.seranking.com/frontend-dist/BacklinksExplorer/js/index.kNEW5NNQ.mq6gir2b.js:15
[ 4302430ms] [WARNING] i18n: Translation key null supposed to be string @ https://online.seranking.com/frontend-dist/BacklinksExplorer/js/index.kNEW5NNQ.mq6gir2b.js:15
[ 4302430ms] [WARNING] i18n: Translate for key Dominio  not found! @ https://online.seranking.com/frontend-dist/BacklinksExplorer/js/index.kNEW5NNQ.mq6gir2b.js:15
[ 4302430ms] [WARNING] i18n: Translate for key La URL del referring domain not found! @ https://online.seranking.com/frontend-dist/BacklinksExplorer/js/index.kNEW5NNQ.mq6gir2b.js:15
[ 4302431ms] [WARNING] i18n: Translate for key DT  not found! @ https://online.seranking.com/frontend-dist/BacklinksExplorer/js/index.kNEW5NNQ.mq6gir2b.js:15
[ 4302431ms] [WARNING] i18n: Translate for key Domain Trust es una puntuación que muestra la probabilidad de que un dominio se posicione en los resultados de búsqueda. Para calcularla, consideramos el número y la calidad de los dominios de referencia y el perfil de backlinks de un sitio web. Domain Trust va del 1 al 100, donde la puntuación más alta indica las mejores posibilidades de posicionarse en los resultados de búsqueda. not found! @ https://online.seranking.com/frontend-dist/BacklinksExplorer/js/index.kNEW5NNQ.mq6gir2b.js:15
[ 4302431ms] [WARNING] i18n: Translate for key Tráfico del dominio  not found! @ https://online.seranking.com/frontend-dist/BacklinksExplorer/js/index.kNEW5NNQ.mq6gir2b.js:15
[ 4302431ms] [WARNING] i18n: Translate for key Backlinks  not found! @ https://online.seranking.com/frontend-dist/BacklinksExplorer/js/index.kNEW5NNQ.mq6gir2b.js:15
[ 4302431ms] [WARNING] i18n: Translate for key El número total de enlaces en la zona de dominio del referring domain not found! @ https://online.seranking.com/frontend-dist/BacklinksExplorer/js/index.kNEW5NNQ.mq6gir2b.js:15
[ 4302431ms] [WARNING] i18n: Translate for key Palabras clave  not found! @ https://online.seranking.com/frontend-dist/BacklinksExplorer/js/index.kNEW5NNQ.mq6gir2b.js:15
[ 4302431ms] [WARNING] i18n: Translate for key Edad del dominio  not found! @ https://online.seranking.com/frontend-dist/BacklinksExplorer/js/index.kNEW5NNQ.mq6gir2b.js:15
[ 4302432ms] [WARNING] i18n: Translate for key Visto por primera vez  not found! @ https://online.seranking.com/frontend-dist/BacklinksExplorer/js/index.kNEW5NNQ.mq6gir2b.js:15
[ 4302432ms] [WARNING] i18n: Translate for key La fecha cuando el referring domain fue descubierto por primera vez por SE Ranking not found! @ https://online.seranking.com/frontend-dist/BacklinksExplorer/js/index.kNEW5NNQ.mq6gir2b.js:15
[ 4360140ms] [WARNING] i18n: Translate for key Anchor text  not found! @ https://online.seranking.com/frontend-dist/BacklinksExplorer/js/index.kNEW5NNQ.mq6gir2b.js:15
[ 4360140ms] [WARNING] i18n: Translate for key El texto clickable del backlink not found! @ https://online.seranking.com/frontend-dist/BacklinksExplorer/js/index.kNEW5NNQ.mq6gir2b.js:15
[ 4360140ms] [WARNING] i18n: Translate for key Dominios de ref.  not found! @ https://online.seranking.com/frontend-dist/BacklinksExplorer/js/index.kNEW5NNQ.mq6gir2b.js:15
[ 4360140ms] [WARNING] i18n: Translate for key El número total de referring domains con el anchor text especifico not found! @ https://online.seranking.com/frontend-dist/BacklinksExplorer/js/index.kNEW5NNQ.mq6gir2b.js:15
[ 4360141ms] [WARNING] i18n: Translate for key Backlinks  not found! @ https://online.seranking.com/frontend-dist/BacklinksExplorer/js/index.kNEW5NNQ.mq6gir2b.js:15
[ 4360141ms] [WARNING] i18n: Translate for key El número total de backlinks que tienen el anchor text especificado not found! @ https://online.seranking.com/frontend-dist/BacklinksExplorer/js/index.kNEW5NNQ.mq6gir2b.js:15
[ 4360141ms] [WARNING] i18n: Translate for key Dofollow  not found! @ https://online.seranking.com/frontend-dist/BacklinksExplorer/js/index.kNEW5NNQ.mq6gir2b.js:15
[ 4360141ms] [WARNING] i18n: Translate for key El número total de backlinks DoFollow que tienen el anchor text especificado not found! @ https://online.seranking.com/frontend-dist/BacklinksExplorer/js/index.kNEW5NNQ.mq6gir2b.js:15
[ 4360142ms] [WARNING] i18n: Translate for key Visto por primera vez  not found! @ https://online.seranking.com/frontend-dist/BacklinksExplorer/js/index.kNEW5NNQ.mq6gir2b.js:15
[ 4360142ms] [WARNING] i18n: Translate for key La fecha cuando el backlink fue descubierto por primera vez por SE Ranking not found! @ https://online.seranking.com/frontend-dist/BacklinksExplorer/js/index.kNEW5NNQ.mq6gir2b.js:15
[ 4360142ms] [WARNING] i18n: Translate for key Visto por ultima vez  not found! @ https://online.seranking.com/frontend-dist/BacklinksExplorer/js/index.kNEW5NNQ.mq6gir2b.js:15
[ 4360142ms] [WARNING] i18n: Translate for key La fecha cuando el backlink fue analizado por primera vez por SE Ranking not found! @ https://online.seranking.com/frontend-dist/BacklinksExplorer/js/index.kNEW5NNQ.mq6gir2b.js:15
[ 4395437ms] [WARNING] i18n: Translate for key URL  not found! @ https://online.seranking.com/frontend-dist/BacklinksExplorer/js/index.kNEW5NNQ.mq6gir2b.js:15
[ 4395438ms] [WARNING] i18n: Translate for key URL de la página a la que enlaza el backlink not found! @ https://online.seranking.com/frontend-dist/BacklinksExplorer/js/index.kNEW5NNQ.mq6gir2b.js:15
[ 4395438ms] [WARNING] i18n: Translate for key Backlinks  not found! @ https://online.seranking.com/frontend-dist/BacklinksExplorer/js/index.kNEW5NNQ.mq6gir2b.js:15
[ 4395438ms] [WARNING] i18n: Translate for key El número total de backlinks en la página a la que se enlaza not found! @ https://online.seranking.com/frontend-dist/BacklinksExplorer/js/index.kNEW5NNQ.mq6gir2b.js:15
[ 4395439ms] [WARNING] i18n: Translate for key Dominios de ref.  not found! @ https://online.seranking.com/frontend-dist/BacklinksExplorer/js/index.kNEW5NNQ.mq6gir2b.js:15
[ 4395439ms] [WARNING] i18n: Translate for key El número total de referring domains en la página a la que se enlaza not found! @ https://online.seranking.com/frontend-dist/BacklinksExplorer/js/index.kNEW5NNQ.mq6gir2b.js:15
[ 4395754ms] [ERROR] Failed to load resource: the server responded with a status of 404 () @ https://t0.gstatic.com/faviconV2?client=SOCIAL&type=FAVICON&fallback_opts=TYPE,SIZE,URL&url=https://kaufast.com/en-US/insights/optimise-for-bing-duckduckgo-perplexity-claude&size=16:0
[ 4395798ms] [ERROR] Failed to load resource: the server responded with a status of 404 () @ https://t3.gstatic.com/faviconV2?client=SOCIAL&type=FAVICON&fallback_opts=TYPE,SIZE,URL&url=http://kaufast.com/&size=16:0
[ 4395799ms] [ERROR] Failed to load resource: the server responded with a status of 404 () @ https://t3.gstatic.com/faviconV2?client=SOCIAL&type=FAVICON&fallback_opts=TYPE,SIZE,URL&url=http://www.kaufast.com/&size=16:0
[ 4395800ms] [ERROR] Failed to load resource: the server responded with a status of 404 () @ https://t3.gstatic.com/faviconV2?client=SOCIAL&type=FAVICON&fallback_opts=TYPE,SIZE,URL&url=https://kaufast.com/en-GB/kenneth-melchor&size=16:0
[ 4395832ms] [ERROR] Failed to load resource: the server responded with a status of 404 () @ https://t1.gstatic.com/faviconV2?client=SOCIAL&type=FAVICON&fallback_opts=TYPE,SIZE,URL&url=https://kaufast.com/&size=16:0
[ 4395838ms] [ERROR] Failed to load resource: the server responded with a status of 404 () @ https://t1.gstatic.com/faviconV2?client=SOCIAL&type=FAVICON&fallback_opts=TYPE,SIZE,URL&url=https://kaufast.com/de-AT&size=16:0
[ 4399200ms] [WARNING] i18n: Translate for key IP  not found! @ https://online.seranking.com/frontend-dist/BacklinksExplorer/js/index.kNEW5NNQ.mq6gir2b.js:15
[ 4399201ms] [WARNING] i18n: Translate for key La dirección del referring IP de los backlinks not found! @ https://online.seranking.com/frontend-dist/BacklinksExplorer/js/index.kNEW5NNQ.mq6gir2b.js:15
[ 4399201ms] [WARNING] i18n: Translate for key Dominios de ref.  not found! @ https://online.seranking.com/frontend-dist/BacklinksExplorer/js/index.kNEW5NNQ.mq6gir2b.js:15
[ 4399201ms] [WARNING] i18n: Translate for key El numero total de referring domains encontrados en la dirección del referring IP not found! @ https://online.seranking.com/frontend-dist/BacklinksExplorer/js/index.kNEW5NNQ.mq6gir2b.js:15
[ 4399202ms] [WARNING] i18n: Translate for key Backlinks  not found! @ https://online.seranking.com/frontend-dist/BacklinksExplorer/js/index.kNEW5NNQ.mq6gir2b.js:15
[ 4399202ms] [WARNING] i18n: Translate for key El número total de backlinks encontrados en la dirección de la referring IP not found! @ https://online.seranking.com/frontend-dist/BacklinksExplorer/js/index.kNEW5NNQ.mq6gir2b.js:15
[ 4404116ms] [WARNING] i18n: Translate for key % not found! @ https://online.seranking.com/frontend-dist/BacklinksExplorer/js/index.kNEW5NNQ.mq6gir2b.js:15
[ 4404116ms] [WARNING] i18n: Translation key undefined supposed to be string @ https://online.seranking.com/frontend-dist/BacklinksExplorer/js/index.kNEW5NNQ.mq6gir2b.js:15
[ 4404117ms] [WARNING] i18n: Translate for key % not found! @ https://online.seranking.com/frontend-dist/BacklinksExplorer/js/index.kNEW5NNQ.mq6gir2b.js:15
[ 4404117ms] [WARNING] i18n: Translation key undefined supposed to be string @ https://online.seranking.com/frontend-dist/BacklinksExplorer/js/index.kNEW5NNQ.mq6gir2b.js:15
[ 4404119ms] [WARNING] i18n: Translate for key % not found! @ https://online.seranking.com/frontend-dist/BacklinksExplorer/js/index.kNEW5NNQ.mq6gir2b.js:15
[ 4404119ms] [WARNING] i18n: Translation key undefined supposed to be string @ https://online.seranking.com/frontend-dist/BacklinksExplorer/js/index.kNEW5NNQ.mq6gir2b.js:15
[ 4471837ms] [WARNING] i18n: Translate for key com not found! @ https://online.seranking.com/frontend-dist/BacklinksExplorer/js/index.kNEW5NNQ.mq6gir2b.js:15
[ 4471837ms] [WARNING] i18n: Translate for key eu not found! @ https://online.seranking.com/frontend-dist/BacklinksExplorer/js/index.kNEW5NNQ.mq6gir2b.js:15
[ 4471837ms] [WARNING] i18n: Translate for key top not found! @ https://online.seranking.com/frontend-dist/BacklinksExplorer/js/index.kNEW5NNQ.mq6gir2b.js:15
[ 4471837ms] [WARNING] i18n: Translate for key sbs not found! @ https://online.seranking.com/frontend-dist/BacklinksExplorer/js/index.kNEW5NNQ.mq6gir2b.js:15
[ 4471837ms] [WARNING] i18n: Translate for key party not found! @ https://online.seranking.com/frontend-dist/BacklinksExplorer/js/index.kNEW5NNQ.mq6gir2b.js:15
[ 4471837ms] [WARNING] i18n: Translate for key net not found! @ https://online.seranking.com/frontend-dist/BacklinksExplorer/js/index.kNEW5NNQ.mq6gir2b.js:15
[ 4471837ms] [WARNING] i18n: Translate for key world not found! @ https://online.seranking.com/frontend-dist/BacklinksExplorer/js/index.kNEW5NNQ.mq6gir2b.js:15
[ 4471837ms] [WARNING] i18n: Translate for key xyz not found! @ https://online.seranking.com/frontend-dist/BacklinksExplorer/js/index.kNEW5NNQ.mq6gir2b.js:15
[ 4471837ms] [WARNING] i18n: Translate for key wiki not found! @ https://online.seranking.com/frontend-dist/BacklinksExplorer/js/index.kNEW5NNQ.mq6gir2b.js:15
[ 4471837ms] [WARNING] i18n: Translate for key icu not found! @ https://online.seranking.com/frontend-dist/BacklinksExplorer/js/index.kNEW5NNQ.mq6gir2b.js:15
[ 4471837ms] [WARNING] i18n: Translate for key monster not found! @ https://online.seranking.com/frontend-dist/BacklinksExplorer/js/index.kNEW5NNQ.mq6gir2b.js:15
[ 4471837ms] [WARNING] i18n: Translate for key uk not found! @ https://online.seranking.com/frontend-dist/BacklinksExplorer/js/index.kNEW5NNQ.mq6gir2b.js:15
[ 4471837ms] [WARNING] i18n: Translate for key cloud not found! @ https://online.seranking.com/frontend-dist/BacklinksExplorer/js/index.kNEW5NNQ.mq6gir2b.js:15
[ 4471837ms] [WARNING] i18n: Translate for key homes not found! @ https://online.seranking.com/frontend-dist/BacklinksExplorer/js/index.kNEW5NNQ.mq6gir2b.js:15
[ 4471838ms] [WARNING] i18n: Translate for key in not found! @ https://online.seranking.com/frontend-dist/BacklinksExplorer/js/index.kNEW5NNQ.mq6gir2b.js:15
[ 4471838ms] [WARNING] i18n: Translate for key es not found! @ https://online.seranking.com/frontend-dist/BacklinksExplorer/js/index.kNEW5NNQ.mq6gir2b.js:15
[ 4471838ms] [WARNING] i18n: Translate for key cfd not found! @ https://online.seranking.com/frontend-dist/BacklinksExplorer/js/index.kNEW5NNQ.mq6gir2b.js:15
[ 4471838ms] [WARNING] i18n: Translate for key club not found! @ https://online.seranking.com/frontend-dist/BacklinksExplorer/js/index.kNEW5NNQ.mq6gir2b.js:15
[ 4471838ms] [WARNING] i18n: Translate for key guru not found! @ https://online.seranking.com/frontend-dist/BacklinksExplorer/js/index.kNEW5NNQ.mq6gir2b.js:15
[ 4471838ms] [WARNING] i18n: Translate for key org not found! @ https://online.seranking.com/frontend-dist/BacklinksExplorer/js/index.kNEW5NNQ.mq6gir2b.js:15
[ 4471838ms] [WARNING] i18n: Translate for key website not found! @ https://online.seranking.com/frontend-dist/BacklinksExplorer/js/index.kNEW5NNQ.mq6gir2b.js:15
[ 4471838ms] [WARNING] i18n: Translate for key fyi not found! @ https://online.seranking.com/frontend-dist/BacklinksExplorer/js/index.kNEW5NNQ.mq6gir2b.js:15
[ 4471838ms] [WARNING] i18n: Translate for key info not found! @ https://online.seranking.com/frontend-dist/BacklinksExplorer/js/index.kNEW5NNQ.mq6gir2b.js:15
[ 4471849ms] [WARNING] i18n: Translation key null supposed to be string @ https://online.seranking.com/frontend-dist/BacklinksExplorer/js/index.kNEW5NNQ.mq6gir2b.js:15
[ 4471849ms] [WARNING] i18n: Translation key null supposed to be string @ https://online.seranking.com/frontend-dist/BacklinksExplorer/js/index.kNEW5NNQ.mq6gir2b.js:15
[ 4471849ms] [WARNING] i18n: Translation key null supposed to be string @ https://online.seranking.com/frontend-dist/BacklinksExplorer/js/index.kNEW5NNQ.mq6gir2b.js:15
[ 4471849ms] [WARNING] i18n: Translation key null supposed to be string @ https://online.seranking.com/frontend-dist/BacklinksExplorer/js/index.kNEW5NNQ.mq6gir2b.js:15
[ 4471849ms] [WARNING] i18n: Translation key null supposed to be string @ https://online.seranking.com/frontend-dist/BacklinksExplorer/js/index.kNEW5NNQ.mq6gir2b.js:15
[ 4471849ms] [WARNING] i18n: Translation key undefined supposed to be string @ https://online.seranking.com/frontend-dist/BacklinksExplorer/js/index.kNEW5NNQ.mq6gir2b.js:15
[ 4471849ms] [WARNING] i18n: Translation key null supposed to be string @ https://online.seranking.com/frontend-dist/BacklinksExplorer/js/index.kNEW5NNQ.mq6gir2b.js:15
[ 4471849ms] [WARNING] i18n: Translation key null supposed to be string @ https://online.seranking.com/frontend-dist/BacklinksExplorer/js/index.kNEW5NNQ.mq6gir2b.js:15
[ 4472031ms] [WARNING] i18n: Translate for key com not found! @ https://online.seranking.com/frontend-dist/BacklinksExplorer/js/index.kNEW5NNQ.mq6gir2b.js:15
[ 4472031ms] [WARNING] i18n: Translate for key eu not found! @ https://online.seranking.com/frontend-dist/BacklinksExplorer/js/index.kNEW5NNQ.mq6gir2b.js:15
[ 4472031ms] [WARNING] i18n: Translate for key top not found! @ https://online.seranking.com/frontend-dist/BacklinksExplorer/js/index.kNEW5NNQ.mq6gir2b.js:15
[ 4472031ms] [WARNING] i18n: Translate for key sbs not found! @ https://online.seranking.com/frontend-dist/BacklinksExplorer/js/index.kNEW5NNQ.mq6gir2b.js:15
[ 4472031ms] [WARNING] i18n: Translate for key party not found! @ https://online.seranking.com/frontend-dist/BacklinksExplorer/js/index.kNEW5NNQ.mq6gir2b.js:15
[ 4472031ms] [WARNING] i18n: Translate for key net not found! @ https://online.seranking.com/frontend-dist/BacklinksExplorer/js/index.kNEW5NNQ.mq6gir2b.js:15
[ 4472031ms] [WARNING] i18n: Translate for key world not found! @ https://online.seranking.com/frontend-dist/BacklinksExplorer/js/index.kNEW5NNQ.mq6gir2b.js:15
[ 4472031ms] [WARNING] i18n: Translate for key xyz not found! @ https://online.seranking.com/frontend-dist/BacklinksExplorer/js/index.kNEW5NNQ.mq6gir2b.js:15
[ 4472031ms] [WARNING] i18n: Translate for key wiki not found! @ https://online.seranking.com/frontend-dist/BacklinksExplorer/js/index.kNEW5NNQ.mq6gir2b.js:15
[ 4472031ms] [WARNING] i18n: Translate for key icu not found! @ https://online.seranking.com/frontend-dist/BacklinksExplorer/js/index.kNEW5NNQ.mq6gir2b.js:15
[ 4472031ms] [WARNING] i18n: Translate for key monster not found! @ https://online.seranking.com/frontend-dist/BacklinksExplorer/js/index.kNEW5NNQ.mq6gir2b.js:15
[ 4472031ms] [WARNING] i18n: Translate for key uk not found! @ https://online.seranking.com/frontend-dist/BacklinksExplorer/js/index.kNEW5NNQ.mq6gir2b.js:15
[ 4472031ms] [WARNING] i18n: Translate for key cloud not found! @ https://online.seranking.com/frontend-dist/BacklinksExplorer/js/index.kNEW5NNQ.mq6gir2b.js:15
[ 4472031ms] [WARNING] i18n: Translate for key homes not found! @ https://online.seranking.com/frontend-dist/BacklinksExplorer/js/index.kNEW5NNQ.mq6gir2b.js:15
[ 4472031ms] [WARNING] i18n: Translate for key in not found! @ https://online.seranking.com/frontend-dist/BacklinksExplorer/js/index.kNEW5NNQ.mq6gir2b.js:15
[ 4472031ms] [WARNING] i18n: Translate for key es not found! @ https://online.seranking.com/frontend-dist/BacklinksExplorer/js/index.kNEW5NNQ.mq6gir2b.js:15
[ 4472031ms] [WARNING] i18n: Translate for key cfd not found! @ https://online.seranking.com/frontend-dist/BacklinksExplorer/js/index.kNEW5NNQ.mq6gir2b.js:15
[ 4472031ms] [WARNING] i18n: Translate for key club not found! @ https://online.seranking.com/frontend-dist/BacklinksExplorer/js/index.kNEW5NNQ.mq6gir2b.js:15
[ 4472031ms] [WARNING] i18n: Translate for key guru not found! @ https://online.seranking.com/frontend-dist/BacklinksExplorer/js/index.kNEW5NNQ.mq6gir2b.js:15
[ 4472031ms] [WARNING] i18n: Translate for key org not found! @ https://online.seranking.com/frontend-dist/BacklinksExplorer/js/index.kNEW5NNQ.mq6gir2b.js:15
[ 4472031ms] [WARNING] i18n: Translate for key website not found! @ https://online.seranking.com/frontend-dist/BacklinksExplorer/js/index.kNEW5NNQ.mq6gir2b.js:15
[ 4472031ms] [WARNING] i18n: Translate for key fyi not found! @ https://online.seranking.com/frontend-dist/BacklinksExplorer/js/index.kNEW5NNQ.mq6gir2b.js:15
[ 4472031ms] [WARNING] i18n: Translate for key info not found! @ https://online.seranking.com/frontend-dist/BacklinksExplorer/js/index.kNEW5NNQ.mq6gir2b.js:15
[ 4472080ms] [WARNING] i18n: Translation key null supposed to be string @ https://online.seranking.com/frontend-dist/BacklinksExplorer/js/index.kNEW5NNQ.mq6gir2b.js:15
[ 4472080ms] [WARNING] i18n: Translation key null supposed to be string @ https://online.seranking.com/frontend-dist/BacklinksExplorer/js/index.kNEW5NNQ.mq6gir2b.js:15
[ 4472080ms] [WARNING] i18n: Translation key null supposed to be string @ https://online.seranking.com/frontend-dist/BacklinksExplorer/js/index.kNEW5NNQ.mq6gir2b.js:15
[ 4472080ms] [WARNING] i18n: Translation key null supposed to be string @ https://online.seranking.com/frontend-dist/BacklinksExplorer/js/index.kNEW5NNQ.mq6gir2b.js:15
[ 4472080ms] [WARNING] i18n: Translation key null supposed to be string @ https://online.seranking.com/frontend-dist/BacklinksExplorer/js/index.kNEW5NNQ.mq6gir2b.js:15
[ 4472080ms] [WARNING] i18n: Translation key undefined supposed to be string @ https://online.seranking.com/frontend-dist/BacklinksExplorer/js/index.kNEW5NNQ.mq6gir2b.js:15
[ 4472080ms] [WARNING] i18n: Translation key null supposed to be string @ https://online.seranking.com/frontend-dist/BacklinksExplorer/js/index.kNEW5NNQ.mq6gir2b.js:15
[ 4472080ms] [WARNING] i18n: Translation key null supposed to be string @ https://online.seranking.com/frontend-dist/BacklinksExplorer/js/index.kNEW5NNQ.mq6gir2b.js:15
[ 4479729ms] [WARNING] i18n: Translate for key USA not found! @ https://online.seranking.com/frontend-dist/BacklinksExplorer/js/index.kNEW5NNQ.mq6gir2b.js:15
[ 4479730ms] [WARNING] i18n: Translate for key Moldova not found! @ https://online.seranking.com/frontend-dist/BacklinksExplorer/js/index.kNEW5NNQ.mq6gir2b.js:15
[ 4479730ms] [WARNING] i18n: Translate for key Austria not found! @ https://online.seranking.com/frontend-dist/BacklinksExplorer/js/index.kNEW5NNQ.mq6gir2b.js:15
[ 4479730ms] [WARNING] i18n: Translate for key Romania not found! @ https://online.seranking.com/frontend-dist/BacklinksExplorer/js/index.kNEW5NNQ.mq6gir2b.js:15
[ 4479730ms] [WARNING] i18n: Translate for key Germany not found! @ https://online.seranking.com/frontend-dist/BacklinksExplorer/js/index.kNEW5NNQ.mq6gir2b.js:15
[ 4479730ms] [WARNING] i18n: Translate for key Spain not found! @ https://online.seranking.com/frontend-dist/BacklinksExplorer/js/index.kNEW5NNQ.mq6gir2b.js:15
[ 4479730ms] [WARNING] i18n: Translate for key Singapore not found! @ https://online.seranking.com/frontend-dist/BacklinksExplorer/js/index.kNEW5NNQ.mq6gir2b.js:15
[ 4479732ms] [WARNING] i18n: Translation key undefined supposed to be string @ https://online.seranking.com/frontend-dist/BacklinksExplorer/js/index.kNEW5NNQ.mq6gir2b.js:15
[ 4479732ms] [WARNING] i18n: Translation key undefined supposed to be string @ https://online.seranking.com/frontend-dist/BacklinksExplorer/js/index.kNEW5NNQ.mq6gir2b.js:15
[ 4479732ms] [WARNING] i18n: Translation key undefined supposed to be string @ https://online.seranking.com/frontend-dist/BacklinksExplorer/js/index.kNEW5NNQ.mq6gir2b.js:15
[ 4479735ms] [WARNING] i18n: Translation key null supposed to be string @ https://online.seranking.com/frontend-dist/BacklinksExplorer/js/index.kNEW5NNQ.mq6gir2b.js:15
[ 4479735ms] [WARNING] i18n: Translation key null supposed to be string @ https://online.seranking.com/frontend-dist/BacklinksExplorer/js/index.kNEW5NNQ.mq6gir2b.js:15
[ 4479736ms] [WARNING] i18n: Translation key null supposed to be string @ https://online.seranking.com/frontend-dist/BacklinksExplorer/js/index.kNEW5NNQ.mq6gir2b.js:15
[ 4479736ms] [WARNING] i18n: Translate for key Dominio  not found! @ https://online.seranking.com/frontend-dist/BacklinksExplorer/js/index.kNEW5NNQ.mq6gir2b.js:15
[ 4479736ms] [WARNING] i18n: Translate for key La URL del referring domain not found! @ https://online.seranking.com/frontend-dist/BacklinksExplorer/js/index.kNEW5NNQ.mq6gir2b.js:15
[ 4479736ms] [WARNING] i18n: Translate for key DT  not found! @ https://online.seranking.com/frontend-dist/BacklinksExplorer/js/index.kNEW5NNQ.mq6gir2b.js:15
[ 4479737ms] [WARNING] i18n: Translate for key Domain Trust es una puntuación que muestra la probabilidad de que un dominio se posicione en los resultados de búsqueda. Para calcularla, consideramos el número y la calidad de los dominios de referencia y el perfil de backlinks de un sitio web. Domain Trust va del 1 al 100, donde la puntuación más alta indica las mejores posibilidades de posicionarse en los resultados de búsqueda. not found! @ https://online.seranking.com/frontend-dist/BacklinksExplorer/js/index.kNEW5NNQ.mq6gir2b.js:15
[ 4479737ms] [WARNING] i18n: Translate for key Tráfico del dominio  not found! @ https://online.seranking.com/frontend-dist/BacklinksExplorer/js/index.kNEW5NNQ.mq6gir2b.js:15
[ 4479737ms] [WARNING] i18n: Translate for key Backlinks  not found! @ https://online.seranking.com/frontend-dist/BacklinksExplorer/js/index.kNEW5NNQ.mq6gir2b.js:15
[ 4479737ms] [WARNING] i18n: Translate for key El número total de enlaces en la zona de dominio del referring domain not found! @ https://online.seranking.com/frontend-dist/BacklinksExplorer/js/index.kNEW5NNQ.mq6gir2b.js:15
[ 4479737ms] [WARNING] i18n: Translate for key Palabras clave  not found! @ https://online.seranking.com/frontend-dist/BacklinksExplorer/js/index.kNEW5NNQ.mq6gir2b.js:15
[ 4479738ms] [WARNING] i18n: Translate for key Edad del dominio  not found! @ https://online.seranking.com/frontend-dist/BacklinksExplorer/js/index.kNEW5NNQ.mq6gir2b.js:15
[ 4479738ms] [WARNING] i18n: Translate for key Visto por primera vez  not found! @ https://online.seranking.com/frontend-dist/BacklinksExplorer/js/index.kNEW5NNQ.mq6gir2b.js:15
[ 4479738ms] [WARNING] i18n: Translate for key La fecha cuando el referring domain fue descubierto por primera vez por SE Ranking not found! @ https://online.seranking.com/frontend-dist/BacklinksExplorer/js/index.kNEW5NNQ.mq6gir2b.js:15
[ 4479873ms] [WARNING] i18n: Translation key null supposed to be string @ https://online.seranking.com/frontend-dist/BacklinksExplorer/js/index.kNEW5NNQ.mq6gir2b.js:15
[ 4479873ms] [WARNING] i18n: Translation key null supposed to be string @ https://online.seranking.com/frontend-dist/BacklinksExplorer/js/index.kNEW5NNQ.mq6gir2b.js:15
[ 4479873ms] [WARNING] i18n: Translation key null supposed to be string @ https://online.seranking.com/frontend-dist/BacklinksExplorer/js/index.kNEW5NNQ.mq6gir2b.js:15
[ 4479874ms] [WARNING] i18n: Translate for key Dominio  not found! @ https://online.seranking.com/frontend-dist/BacklinksExplorer/js/index.kNEW5NNQ.mq6gir2b.js:15
[ 4479874ms] [WARNING] i18n: Translate for key La URL del referring domain not found! @ https://online.seranking.com/frontend-dist/BacklinksExplorer/js/index.kNEW5NNQ.mq6gir2b.js:15
[ 4479874ms] [WARNING] i18n: Translate for key DT  not found! @ https://online.seranking.com/frontend-dist/BacklinksExplorer/js/index.kNEW5NNQ.mq6gir2b.js:15
[ 4479874ms] [WARNING] i18n: Translate for key Domain Trust es una puntuación que muestra la probabilidad de que un dominio se posicione en los resultados de búsqueda. Para calcularla, consideramos el número y la calidad de los dominios de referencia y el perfil de backlinks de un sitio web. Domain Trust va del 1 al 100, donde la puntuación más alta indica las mejores posibilidades de posicionarse en los resultados de búsqueda. not found! @ https://online.seranking.com/frontend-dist/BacklinksExplorer/js/index.kNEW5NNQ.mq6gir2b.js:15
[ 4479874ms] [WARNING] i18n: Translate for key Tráfico del dominio  not found! @ https://online.seranking.com/frontend-dist/BacklinksExplorer/js/index.kNEW5NNQ.mq6gir2b.js:15
[ 4479874ms] [WARNING] i18n: Translate for key Backlinks  not found! @ https://online.seranking.com/frontend-dist/BacklinksExplorer/js/index.kNEW5NNQ.mq6gir2b.js:15
[ 4479875ms] [WARNING] i18n: Translate for key El número total de enlaces en la zona de dominio del referring domain not found! @ https://online.seranking.com/frontend-dist/BacklinksExplorer/js/index.kNEW5NNQ.mq6gir2b.js:15
[ 4479875ms] [WARNING] i18n: Translate for key Palabras clave  not found! @ https://online.seranking.com/frontend-dist/BacklinksExplorer/js/index.kNEW5NNQ.mq6gir2b.js:15
[ 4479875ms] [WARNING] i18n: Translate for key Edad del dominio  not found! @ https://online.seranking.com/frontend-dist/BacklinksExplorer/js/index.kNEW5NNQ.mq6gir2b.js:15
[ 4479875ms] [WARNING] i18n: Translate for key Visto por primera vez  not found! @ https://online.seranking.com/frontend-dist/BacklinksExplorer/js/index.kNEW5NNQ.mq6gir2b.js:15
[ 4479875ms] [WARNING] i18n: Translate for key La fecha cuando el referring domain fue descubierto por primera vez por SE Ranking not found! @ https://online.seranking.com/frontend-dist/BacklinksExplorer/js/index.kNEW5NNQ.mq6gir2b.js:15
[ 4479914ms] [WARNING] i18n: Translate for key USA not found! @ https://online.seranking.com/frontend-dist/BacklinksExplorer/js/index.kNEW5NNQ.mq6gir2b.js:15
[ 4479914ms] [WARNING] i18n: Translate for key Moldova not found! @ https://online.seranking.com/frontend-dist/BacklinksExplorer/js/index.kNEW5NNQ.mq6gir2b.js:15
[ 4479914ms] [WARNING] i18n: Translate for key Austria not found! @ https://online.seranking.com/frontend-dist/BacklinksExplorer/js/index.kNEW5NNQ.mq6gir2b.js:15
[ 4479914ms] [WARNING] i18n: Translate for key Romania not found! @ https://online.seranking.com/frontend-dist/BacklinksExplorer/js/index.kNEW5NNQ.mq6gir2b.js:15
[ 4479914ms] [WARNING] i18n: Translate for key Germany not found! @ https://online.seranking.com/frontend-dist/BacklinksExplorer/js/index.kNEW5NNQ.mq6gir2b.js:15
[ 4479915ms] [WARNING] i18n: Translate for key Spain not found! @ https://online.seranking.com/frontend-dist/BacklinksExplorer/js/index.kNEW5NNQ.mq6gir2b.js:15
[ 4479915ms] [WARNING] i18n: Translate for key Singapore not found! @ https://online.seranking.com/frontend-dist/BacklinksExplorer/js/index.kNEW5NNQ.mq6gir2b.js:15
[ 4480023ms] [WARNING] i18n: Translation key null supposed to be string @ https://online.seranking.com/frontend-dist/BacklinksExplorer/js/index.kNEW5NNQ.mq6gir2b.js:15
[ 4480023ms] [WARNING] i18n: Translation key null supposed to be string @ https://online.seranking.com/frontend-dist/BacklinksExplorer/js/index.kNEW5NNQ.mq6gir2b.js:15
[ 4480023ms] [WARNING] i18n: Translation key null supposed to be string @ https://online.seranking.com/frontend-dist/BacklinksExplorer/js/index.kNEW5NNQ.mq6gir2b.js:15
[ 4480023ms] [WARNING] i18n: Translate for key Dominio  not found! @ https://online.seranking.com/frontend-dist/BacklinksExplorer/js/index.kNEW5NNQ.mq6gir2b.js:15
[ 4480023ms] [WARNING] i18n: Translate for key La URL del referring domain not found! @ https://online.seranking.com/frontend-dist/BacklinksExplorer/js/index.kNEW5NNQ.mq6gir2b.js:15
[ 4480024ms] [WARNING] i18n: Translate for key DT  not found! @ https://online.seranking.com/frontend-dist/BacklinksExplorer/js/index.kNEW5NNQ.mq6gir2b.js:15
[ 4480024ms] [WARNING] i18n: Translate for key Domain Trust es una puntuación que muestra la probabilidad de que un dominio se posicione en los resultados de búsqueda. Para calcularla, consideramos el número y la calidad de los dominios de referencia y el perfil de backlinks de un sitio web. Domain Trust va del 1 al 100, donde la puntuación más alta indica las mejores posibilidades de posicionarse en los resultados de búsqueda. not found! @ https://online.seranking.com/frontend-dist/BacklinksExplorer/js/index.kNEW5NNQ.mq6gir2b.js:15
[ 4480024ms] [WARNING] i18n: Translate for key Tráfico del dominio  not found! @ https://online.seranking.com/frontend-dist/BacklinksExplorer/js/index.kNEW5NNQ.mq6gir2b.js:15
[ 4480024ms] [WARNING] i18n: Translate for key Backlinks  not found! @ https://online.seranking.com/frontend-dist/BacklinksExplorer/js/index.kNEW5NNQ.mq6gir2b.js:15
[ 4480024ms] [WARNING] i18n: Translate for key El número total de enlaces en la zona de dominio del referring domain not found! @ https://online.seranking.com/frontend-dist/BacklinksExplorer/js/index.kNEW5NNQ.mq6gir2b.js:15
[ 4480024ms] [WARNING] i18n: Translate for key Palabras clave  not found! @ https://online.seranking.com/frontend-dist/BacklinksExplorer/js/index.kNEW5NNQ.mq6gir2b.js:15
[ 4480024ms] [WARNING] i18n: Translate for key Edad del dominio  not found! @ https://online.seranking.com/frontend-dist/BacklinksExplorer/js/index.kNEW5NNQ.mq6gir2b.js:15
[ 4480024ms] [WARNING] i18n: Translate for key Visto por primera vez  not found! @ https://online.seranking.com/frontend-dist/BacklinksExplorer/js/index.kNEW5NNQ.mq6gir2b.js:15
[ 4480024ms] [WARNING] i18n: Translate for key La fecha cuando el referring domain fue descubierto por primera vez por SE Ranking not found! @ https://online.seranking.com/frontend-dist/BacklinksExplorer/js/index.kNEW5NNQ.mq6gir2b.js:15
[ 4517239ms] [WARNING] i18n: Translation key undefined supposed to be string @ https://online.seranking.com/frontend-dist/BacklinksExplorer/js/index.kNEW5NNQ.mq6gir2b.js:15
[ 4517239ms] [WARNING] i18n: Translation key undefined supposed to be string @ https://online.seranking.com/frontend-dist/BacklinksExplorer/js/index.kNEW5NNQ.mq6gir2b.js:15
[ 4517239ms] [WARNING] i18n: Translation key undefined supposed to be string @ https://online.seranking.com/frontend-dist/BacklinksExplorer/js/index.kNEW5NNQ.mq6gir2b.js:15
[ 4517239ms] [WARNING] i18n: Translation key undefined supposed to be string @ https://online.seranking.com/frontend-dist/BacklinksExplorer/js/index.kNEW5NNQ.mq6gir2b.js:15
[ 4517239ms] [WARNING] i18n: Translation key undefined supposed to be string @ https://online.seranking.com/frontend-dist/BacklinksExplorer/js/index.kNEW5NNQ.mq6gir2b.js:15
[ 4517239ms] [WARNING] i18n: Translation key undefined supposed to be string @ https://online.seranking.com/frontend-dist/BacklinksExplorer/js/index.kNEW5NNQ.mq6gir2b.js:15
[ 4517240ms] [WARNING] i18n: Translation key undefined supposed to be string @ https://online.seranking.com/frontend-dist/BacklinksExplorer/js/index.kNEW5NNQ.mq6gir2b.js:15
[ 4517240ms] [WARNING] i18n: Translation key undefined supposed to be string @ https://online.seranking.com/frontend-dist/BacklinksExplorer/js/index.kNEW5NNQ.mq6gir2b.js:15
[ 4517240ms] [WARNING] i18n: Translation key undefined supposed to be string @ https://online.seranking.com/frontend-dist/BacklinksExplorer/js/index.kNEW5NNQ.mq6gir2b.js:15
[ 4527663ms] [WARNING] i18n: Translate for key main_menu.backlinks not found! @ https://online.seranking.com/frontend-dist/BacklinksBuilder/js/index.UhnVxlBM.mq6gjqto.js:15
[ 4527664ms] [WARNING] i18n: Translate for key common.account_limit not found! @ https://online.seranking.com/frontend-dist/BacklinksBuilder/js/index.UhnVxlBM.mq6gjqto.js:15
[ 4527664ms] [WARNING] i18n: Translate for key link_builder.limits_hint not found! @ https://online.seranking.com/frontend-dist/BacklinksBuilder/js/index.UhnVxlBM.mq6gjqto.js:15
[ 4527667ms] [WARNING] i18n: Translate for key common.black_friday.badge.title not found! @ https://online.seranking.com/frontend-dist/BacklinksBuilder/js/index.UhnVxlBM.mq6gjqto.js:15
[ 4527667ms] [WARNING] i18n: Translate for key common.black_friday.badge.text not found! @ https://online.seranking.com/frontend-dist/BacklinksBuilder/js/index.UhnVxlBM.mq6gjqto.js:15
[ 4527729ms] [WARNING] i18n: Translate for key main_menu.backlinks not found! @ https://online.seranking.com/frontend-dist/BacklinksBuilder/js/index.UhnVxlBM.mq6gjqto.js:15
[ 4527729ms] [WARNING] i18n: Translate for key common.account_limit not found! @ https://online.seranking.com/frontend-dist/BacklinksBuilder/js/index.UhnVxlBM.mq6gjqto.js:15
[ 4527729ms] [WARNING] i18n: Translate for key link_builder.limits_hint not found! @ https://online.seranking.com/frontend-dist/BacklinksBuilder/js/index.UhnVxlBM.mq6gjqto.js:15
[ 4527729ms] [WARNING] i18n: Translate for key common.black_friday.badge.title not found! @ https://online.seranking.com/frontend-dist/BacklinksBuilder/js/index.UhnVxlBM.mq6gjqto.js:15
[ 4527730ms] [WARNING] i18n: Translate for key common.black_friday.badge.text not found! @ https://online.seranking.com/frontend-dist/BacklinksBuilder/js/index.UhnVxlBM.mq6gjqto.js:15
[ 4528087ms] [ERROR] Userflow.js resetting due to: [company_closed] This Userflow account has been closed. You can re-activate it at https://userflow.com/app. @ https://online.seranking.com/frontend-dist/BacklinksBuilder/js/index.UhnVxlBM.mq6gjqto.js:15
[ 4532339ms] [WARNING] i18n: Translate for key main_menu.backlinks_explorer not found! @ https://online.seranking.com/frontend-dist/BacklinksExplorer/js/index.kNEW5NNQ.mq6gir2b.js:15
[ 4532339ms] [WARNING] i18n: Translate for key backlinks_explorer.undefined not found! @ https://online.seranking.com/frontend-dist/BacklinksExplorer/js/index.kNEW5NNQ.mq6gir2b.js:15
[ 4532339ms] [WARNING] i18n: Translate for key common.account_limit not found! @ https://online.seranking.com/frontend-dist/BacklinksExplorer/js/index.kNEW5NNQ.mq6gir2b.js:15
[ 4532339ms] [WARNING] i18n: Translate for key backlinks_explorer.export.backlinks_title not found! @ https://online.seranking.com/frontend-dist/BacklinksExplorer/js/index.kNEW5NNQ.mq6gir2b.js:15
[ 4532339ms] [WARNING] i18n: Translate for key backlinks_explorer.export.domains_title not found! @ https://online.seranking.com/frontend-dist/BacklinksExplorer/js/index.kNEW5NNQ.mq6gir2b.js:15
[ 4532339ms] [WARNING] i18n: Translate for key backlinks_explorer.export.anchors_title not found! @ https://online.seranking.com/frontend-dist/BacklinksExplorer/js/index.kNEW5NNQ.mq6gir2b.js:15
[ 4532339ms] [WARNING] i18n: Translate for key backlinks_explorer.export.pages_title not found! @ https://online.seranking.com/frontend-dist/BacklinksExplorer/js/index.kNEW5NNQ.mq6gir2b.js:15
[ 4532339ms] [WARNING] i18n: Translate for key backlinks_explorer.export.ips_title not found! @ https://online.seranking.com/frontend-dist/BacklinksExplorer/js/index.kNEW5NNQ.mq6gir2b.js:15
[ 4532339ms] [WARNING] i18n: Translate for key backlinks_explorer.export.subnets_title not found! @ https://online.seranking.com/frontend-dist/BacklinksExplorer/js/index.kNEW5NNQ.mq6gir2b.js:15
[ 4532339ms] [WARNING] i18n: Translate for key common.export not found! @ https://online.seranking.com/frontend-dist/BacklinksExplorer/js/index.kNEW5NNQ.mq6gir2b.js:15
[ 4532339ms] [WARNING] i18n: Translate for key common.export_popup.export_process not found! @ https://online.seranking.com/frontend-dist/BacklinksExplorer/js/index.kNEW5NNQ.mq6gir2b.js:15
[ 4532339ms] [WARNING] i18n: Translate for key backlinks_explorer.export.export_done_title not found! @ https://online.seranking.com/frontend-dist/BacklinksExplorer/js/index.kNEW5NNQ.mq6gir2b.js:15
[ 4532340ms] [WARNING] i18n: Translate for key backlinks_explorer.export.export_done_text not found! @ https://online.seranking.com/frontend-dist/BacklinksExplorer/js/index.kNEW5NNQ.mq6gir2b.js:15
[ 4532340ms] [WARNING] i18n: Translate for key backlinks_explorer.tooltips.limit not found! @ https://online.seranking.com/frontend-dist/BacklinksExplorer/js/index.kNEW5NNQ.mq6gir2b.js:15
[ 4532340ms] [WARNING] i18n: Translate for key common.export_type_csv not found! @ https://online.seranking.com/frontend-dist/BacklinksExplorer/js/index.kNEW5NNQ.mq6gir2b.js:15
[ 4532340ms] [WARNING] i18n: Translate for key common.Export_max_limits_CSV not found! @ https://online.seranking.com/frontend-dist/BacklinksExplorer/js/index.kNEW5NNQ.mq6gir2b.js:15
[ 4532340ms] [WARNING] i18n: Translate for key common.export_type_xlsx not found! @ https://online.seranking.com/frontend-dist/BacklinksExplorer/js/index.kNEW5NNQ.mq6gir2b.js:15
[ 4532340ms] [WARNING] i18n: Translate for key common.Export_max_limits_XLS not found! @ https://online.seranking.com/frontend-dist/BacklinksExplorer/js/index.kNEW5NNQ.mq6gir2b.js:15
[ 4532343ms] [WARNING] i18n: Translate for key common.black_friday.badge.title not found! @ https://online.seranking.com/frontend-dist/BacklinksExplorer/js/index.kNEW5NNQ.mq6gir2b.js:15
[ 4532343ms] [WARNING] i18n: Translate for key common.black_friday.badge.text not found! @ https://online.seranking.com/frontend-dist/BacklinksExplorer/js/index.kNEW5NNQ.mq6gir2b.js:15
[ 4532376ms] [WARNING] i18n: Translate for key backlinks_explorer.undefined not found! @ https://online.seranking.com/frontend-dist/BacklinksExplorer/js/index.kNEW5NNQ.mq6gir2b.js:15
[ 4532385ms] [WARNING] i18n: Translate for key backlinks_explorer.undefined not found! @ https://online.seranking.com/frontend-dist/BacklinksExplorer/js/index.kNEW5NNQ.mq6gir2b.js:15
[ 4532387ms] [WARNING] i18n: Translate for key backlinks_explorer.all_reports not found! @ https://online.seranking.com/frontend-dist/BacklinksExplorer/js/index.kNEW5NNQ.mq6gir2b.js:15
[ 4532410ms] [WARNING] i18n: Translate for key main_menu.backlinks_explorer not found! @ https://online.seranking.com/frontend-dist/BacklinksExplorer/js/index.kNEW5NNQ.mq6gir2b.js:15
[ 4532410ms] [WARNING] i18n: Translate for key backlinks_explorer.all_reports not found! @ https://online.seranking.com/frontend-dist/BacklinksExplorer/js/index.kNEW5NNQ.mq6gir2b.js:15
[ 4532410ms] [WARNING] i18n: Translate for key common.account_limit not found! @ https://online.seranking.com/frontend-dist/BacklinksExplorer/js/index.kNEW5NNQ.mq6gir2b.js:15
[ 4532410ms] [WARNING] i18n: Translate for key backlinks_explorer.export.backlinks_title not found! @ https://online.seranking.com/frontend-dist/BacklinksExplorer/js/index.kNEW5NNQ.mq6gir2b.js:15
[ 4532410ms] [WARNING] i18n: Translate for key backlinks_explorer.export.domains_title not found! @ https://online.seranking.com/frontend-dist/BacklinksExplorer/js/index.kNEW5NNQ.mq6gir2b.js:15
[ 4532411ms] [WARNING] i18n: Translate for key backlinks_explorer.export.anchors_title not found! @ https://online.seranking.com/frontend-dist/BacklinksExplorer/js/index.kNEW5NNQ.mq6gir2b.js:15
[ 4532411ms] [WARNING] i18n: Translate for key backlinks_explorer.export.pages_title not found! @ https://online.seranking.com/frontend-dist/BacklinksExplorer/js/index.kNEW5NNQ.mq6gir2b.js:15
[ 4532411ms] [WARNING] i18n: Translate for key backlinks_explorer.export.ips_title not found! @ https://online.seranking.com/frontend-dist/BacklinksExplorer/js/index.kNEW5NNQ.mq6gir2b.js:15
[ 4532411ms] [WARNING] i18n: Translate for key backlinks_explorer.export.subnets_title not found! @ https://online.seranking.com/frontend-dist/BacklinksExplorer/js/index.kNEW5NNQ.mq6gir2b.js:15
[ 4532411ms] [WARNING] i18n: Translate for key common.export not found! @ https://online.seranking.com/frontend-dist/BacklinksExplorer/js/index.kNEW5NNQ.mq6gir2b.js:15
[ 4532411ms] [WARNING] i18n: Translate for key common.export_popup.export_process not found! @ https://online.seranking.com/frontend-dist/BacklinksExplorer/js/index.kNEW5NNQ.mq6gir2b.js:15
[ 4532411ms] [WARNING] i18n: Translate for key backlinks_explorer.export.export_done_title not found! @ https://online.seranking.com/frontend-dist/BacklinksExplorer/js/index.kNEW5NNQ.mq6gir2b.js:15
[ 4532411ms] [WARNING] i18n: Translate for key backlinks_explorer.export.export_done_text not found! @ https://online.seranking.com/frontend-dist/BacklinksExplorer/js/index.kNEW5NNQ.mq6gir2b.js:15
[ 4532411ms] [WARNING] i18n: Translate for key backlinks_explorer.tooltips.limit not found! @ https://online.seranking.com/frontend-dist/BacklinksExplorer/js/index.kNEW5NNQ.mq6gir2b.js:15
[ 4532411ms] [WARNING] i18n: Translate for key common.export_type_csv not found! @ https://online.seranking.com/frontend-dist/BacklinksExplorer/js/index.kNEW5NNQ.mq6gir2b.js:15
[ 4532411ms] [WARNING] i18n: Translate for key common.Export_max_limits_CSV not found! @ https://online.seranking.com/frontend-dist/BacklinksExplorer/js/index.kNEW5NNQ.mq6gir2b.js:15
[ 4532411ms] [WARNING] i18n: Translate for key common.export_type_xlsx not found! @ https://online.seranking.com/frontend-dist/BacklinksExplorer/js/index.kNEW5NNQ.mq6gir2b.js:15
[ 4532411ms] [WARNING] i18n: Translate for key common.Export_max_limits_XLS not found! @ https://online.seranking.com/frontend-dist/BacklinksExplorer/js/index.kNEW5NNQ.mq6gir2b.js:15
[ 4532411ms] [WARNING] i18n: Translate for key common.black_friday.badge.title not found! @ https://online.seranking.com/frontend-dist/BacklinksExplorer/js/index.kNEW5NNQ.mq6gir2b.js:15
[ 4532411ms] [WARNING] i18n: Translate for key common.black_friday.badge.text not found! @ https://online.seranking.com/frontend-dist/BacklinksExplorer/js/index.kNEW5NNQ.mq6gir2b.js:15
[ 4532765ms] [ERROR] Userflow.js resetting due to: [company_closed] This Userflow account has been closed. You can re-activate it at https://userflow.com/app. @ https://online.seranking.com/frontend-dist/BacklinksExplorer/js/index.kNEW5NNQ.mq6gir2b.js:15
[ 4535843ms] [ERROR] Failed to load resource: the server responded with a status of 404 () @ https://t1.gstatic.com/faviconV2?client=SOCIAL&type=FAVICON&fallback_opts=TYPE,SIZE,URL&url=https://kaufast.com&size=16:0
[ 4540033ms] [WARNING] i18n: Translate for key common.black_friday.badge.title not found! @ https://online.seranking.com/frontend-dist/ProjectDashboard/js/index.CjfY5B4Q.mq6gkflh.js:15
[ 4540033ms] [WARNING] i18n: Translate for key common.black_friday.badge.text not found! @ https://online.seranking.com/frontend-dist/ProjectDashboard/js/index.CjfY5B4Q.mq6gkflh.js:15
[ 4540123ms] [WARNING] i18n: Translate for key common.black_friday.badge.title not found! @ https://online.seranking.com/frontend-dist/ProjectDashboard/js/index.CjfY5B4Q.mq6gkflh.js:15
[ 4540123ms] [WARNING] i18n: Translate for key common.black_friday.badge.text not found! @ https://online.seranking.com/frontend-dist/ProjectDashboard/js/index.CjfY5B4Q.mq6gkflh.js:15
[ 4540439ms] [ERROR] Userflow.js resetting due to: [company_closed] This Userflow account has been closed. You can re-activate it at https://userflow.com/app. @ https://online.seranking.com/frontend-dist/ProjectDashboard/js/index.CjfY5B4Q.mq6gkflh.js:15
[ 4563635ms] [ERROR] Failed to load resource: the server responded with a status of 404 () @ https://t1.gstatic.com/faviconV2?client=SOCIAL&type=FAVICON&fallback_opts=TYPE,SIZE,URL&url=https://kaufast.com&size=16:0
[ 4566275ms] [WARNING] i18n: Translate for key common.black_friday.badge.title not found! @ https://online.seranking.com/frontend-dist/Dashboard/js/index.BaXvozHg.mq6gl89y.js:15
[ 4566275ms] [WARNING] i18n: Translate for key common.black_friday.badge.text not found! @ https://online.seranking.com/frontend-dist/Dashboard/js/index.BaXvozHg.mq6gl89y.js:15
[ 4566348ms] [WARNING] i18n: Translate for key common.black_friday.badge.title not found! @ https://online.seranking.com/frontend-dist/Dashboard/js/index.BaXvozHg.mq6gl89y.js:15
[ 4566348ms] [WARNING] i18n: Translate for key common.black_friday.badge.text not found! @ https://online.seranking.com/frontend-dist/Dashboard/js/index.BaXvozHg.mq6gl89y.js:15
[ 4566736ms] [ERROR] Userflow.js resetting due to: [company_closed] This Userflow account has been closed. You can re-activate it at https://userflow.com/app. @ https://online.seranking.com/frontend-dist/Dashboard/js/index.BaXvozHg.mq6gl89y.js:15
[ 4566814ms] [ERROR] Failed to load resource: the server responded with a status of 404 () @ https://t1.gstatic.com/faviconV2?client=SOCIAL&type=FAVICON&fallback_opts=TYPE,SIZE,URL&url=https://kaufast.com&size=16:0
[ 4579814ms] [WARNING] i18n: Translate for key audit.independent.sections.all_reports not found! @ https://online.seranking.com/frontend-dist/AuditTool/js/index.Bp1gssFt.mq6glkqu.js:15
[ 4579815ms] [WARNING] i18n: Translate for key audit.independent.create_audit.form.limits not found! @ https://online.seranking.com/frontend-dist/AuditTool/js/index.Bp1gssFt.mq6glkqu.js:15
[ 4579815ms] [WARNING] i18n: Translate for key audit.independent.sections.overview not found! @ https://online.seranking.com/frontend-dist/AuditTool/js/index.Bp1gssFt.mq6glkqu.js:15
[ 4579815ms] [WARNING] i18n: Translate for key audit.independent.sections.issue_report not found! @ https://online.seranking.com/frontend-dist/AuditTool/js/index.Bp1gssFt.mq6glkqu.js:15
[ 4579815ms] [WARNING] i18n: Translate for key audit.independent.sections.crawled_pages not found! @ https://online.seranking.com/frontend-dist/AuditTool/js/index.Bp1gssFt.mq6glkqu.js:15
[ 4579815ms] [WARNING] i18n: Translate for key audit.independent.sections.found_resources not found! @ https://online.seranking.com/frontend-dist/AuditTool/js/index.Bp1gssFt.mq6glkqu.js:15
[ 4579815ms] [WARNING] i18n: Translate for key audit.independent.sections.found_links not found! @ https://online.seranking.com/frontend-dist/AuditTool/js/index.Bp1gssFt.mq6glkqu.js:15
[ 4579815ms] [WARNING] i18n: Translate for key audit.independent.sections.crawl_comparison not found! @ https://online.seranking.com/frontend-dist/AuditTool/js/index.Bp1gssFt.mq6glkqu.js:15
[ 4579815ms] [WARNING] i18n: Translate for key audit.independent.breadcrums.create_new_audit not found! @ https://online.seranking.com/frontend-dist/AuditTool/js/index.Bp1gssFt.mq6glkqu.js:15
[ 4579815ms] [WARNING] i18n: Translate for key audit.independent.upper_notifications.list not found! @ https://online.seranking.com/frontend-dist/AuditTool/js/index.Bp1gssFt.mq6glkqu.js:15
[ 4579815ms] [WARNING] i18n: Translate for key audit.independent.create_audit.form.limits_subscription_notification not found! @ https://online.seranking.com/frontend-dist/AuditTool/js/index.Bp1gssFt.mq6glkqu.js:15
[ 4579815ms] [WARNING] i18n: Translate for key audit.independent.create_audit.form.limits_per_check_notification not found! @ https://online.seranking.com/frontend-dist/AuditTool/js/index.Bp1gssFt.mq6glkqu.js:15
[ 4579815ms] [WARNING] i18n: Translate for key audit.new.notification_new_version_exists.heading not found! @ https://online.seranking.com/frontend-dist/AuditTool/js/index.Bp1gssFt.mq6glkqu.js:15
[ 4579815ms] [WARNING] i18n: Translate for key audit.new.notification_new_version_exists.action not found! @ https://online.seranking.com/frontend-dist/AuditTool/js/index.Bp1gssFt.mq6glkqu.js:15
[ 4579815ms] [WARNING] i18n: Translate for key audit.new.restart_audit_url_popup.title not found! @ https://online.seranking.com/frontend-dist/AuditTool/js/index.Bp1gssFt.mq6glkqu.js:15
[ 4579815ms] [WARNING] i18n: Translate for key audit.new.restart_audit_url_popup.description not found! @ https://online.seranking.com/frontend-dist/AuditTool/js/index.Bp1gssFt.mq6glkqu.js:15
[ 4579815ms] [WARNING] i18n: Translate for key audit.new.restart_audit_popup_url.cancel not found! @ https://online.seranking.com/frontend-dist/AuditTool/js/index.Bp1gssFt.mq6glkqu.js:15
[ 4579815ms] [WARNING] i18n: Translate for key audit.new.restart_audit_popup_url.restart_action not found! @ https://online.seranking.com/frontend-dist/AuditTool/js/index.Bp1gssFt.mq6glkqu.js:15
[ 4579820ms] [WARNING] i18n: Translate for key common.black_friday.badge.title not found! @ https://online.seranking.com/frontend-dist/AuditTool/js/index.Bp1gssFt.mq6glkqu.js:15
[ 4579820ms] [WARNING] i18n: Translate for key common.black_friday.badge.text not found! @ https://online.seranking.com/frontend-dist/AuditTool/js/index.Bp1gssFt.mq6glkqu.js:15
[ 4579879ms] [WARNING] i18n: Translate for key audit.independent.sections.all_reports not found! @ https://online.seranking.com/frontend-dist/AuditTool/js/index.Bp1gssFt.mq6glkqu.js:15
[ 4579879ms] [WARNING] i18n: Translate for key audit.independent.create_audit.form.limits not found! @ https://online.seranking.com/frontend-dist/AuditTool/js/index.Bp1gssFt.mq6glkqu.js:15
[ 4579879ms] [WARNING] i18n: Translate for key audit.independent.sections.overview not found! @ https://online.seranking.com/frontend-dist/AuditTool/js/index.Bp1gssFt.mq6glkqu.js:15
[ 4579879ms] [WARNING] i18n: Translate for key audit.independent.sections.issue_report not found! @ https://online.seranking.com/frontend-dist/AuditTool/js/index.Bp1gssFt.mq6glkqu.js:15
[ 4579879ms] [WARNING] i18n: Translate for key audit.independent.sections.crawled_pages not found! @ https://online.seranking.com/frontend-dist/AuditTool/js/index.Bp1gssFt.mq6glkqu.js:15
[ 4579879ms] [WARNING] i18n: Translate for key audit.independent.sections.found_resources not found! @ https://online.seranking.com/frontend-dist/AuditTool/js/index.Bp1gssFt.mq6glkqu.js:15
[ 4579879ms] [WARNING] i18n: Translate for key audit.independent.sections.found_links not found! @ https://online.seranking.com/frontend-dist/AuditTool/js/index.Bp1gssFt.mq6glkqu.js:15
[ 4579879ms] [WARNING] i18n: Translate for key audit.independent.sections.crawl_comparison not found! @ https://online.seranking.com/frontend-dist/AuditTool/js/index.Bp1gssFt.mq6glkqu.js:15
[ 4579879ms] [WARNING] i18n: Translate for key audit.independent.breadcrums.create_new_audit not found! @ https://online.seranking.com/frontend-dist/AuditTool/js/index.Bp1gssFt.mq6glkqu.js:15
[ 4579879ms] [WARNING] i18n: Translate for key audit.independent.upper_notifications.list not found! @ https://online.seranking.com/frontend-dist/AuditTool/js/index.Bp1gssFt.mq6glkqu.js:15
[ 4579879ms] [WARNING] i18n: Translate for key audit.independent.create_audit.form.limits_subscription_notification not found! @ https://online.seranking.com/frontend-dist/AuditTool/js/index.Bp1gssFt.mq6glkqu.js:15
[ 4579879ms] [WARNING] i18n: Translate for key audit.independent.create_audit.form.limits_per_check_notification not found! @ https://online.seranking.com/frontend-dist/AuditTool/js/index.Bp1gssFt.mq6glkqu.js:15
[ 4579879ms] [WARNING] i18n: Translate for key audit.new.notification_new_version_exists.heading not found! @ https://online.seranking.com/frontend-dist/AuditTool/js/index.Bp1gssFt.mq6glkqu.js:15
[ 4579880ms] [WARNING] i18n: Translate for key audit.new.notification_new_version_exists.action not found! @ https://online.seranking.com/frontend-dist/AuditTool/js/index.Bp1gssFt.mq6glkqu.js:15
[ 4579880ms] [WARNING] i18n: Translate for key audit.new.restart_audit_url_popup.title not found! @ https://online.seranking.com/frontend-dist/AuditTool/js/index.Bp1gssFt.mq6glkqu.js:15
[ 4579880ms] [WARNING] i18n: Translate for key audit.new.restart_audit_url_popup.description not found! @ https://online.seranking.com/frontend-dist/AuditTool/js/index.Bp1gssFt.mq6glkqu.js:15
[ 4579880ms] [WARNING] i18n: Translate for key audit.new.restart_audit_popup_url.cancel not found! @ https://online.seranking.com/frontend-dist/AuditTool/js/index.Bp1gssFt.mq6glkqu.js:15
[ 4579880ms] [WARNING] i18n: Translate for key audit.new.restart_audit_popup_url.restart_action not found! @ https://online.seranking.com/frontend-dist/AuditTool/js/index.Bp1gssFt.mq6glkqu.js:15
[ 4579880ms] [WARNING] i18n: Translate for key common.black_friday.badge.title not found! @ https://online.seranking.com/frontend-dist/AuditTool/js/index.Bp1gssFt.mq6glkqu.js:15
[ 4579880ms] [WARNING] i18n: Translate for key common.black_friday.badge.text not found! @ https://online.seranking.com/frontend-dist/AuditTool/js/index.Bp1gssFt.mq6glkqu.js:15
[ 4579927ms] [WARNING] i18n: Translation key undefined supposed to be string @ https://online.seranking.com/frontend-dist/AuditTool/js/index.Bp1gssFt.mq6glkqu.js:15
[ 4580184ms] [ERROR] Userflow.js resetting due to: [company_closed] This Userflow account has been closed. You can re-activate it at https://userflow.com/app. @ https://online.seranking.com/frontend-dist/AuditTool/js/index.Bp1gssFt.mq6glkqu.js:15
[ 4580524ms] [ERROR] Failed to load resource: the server responded with a status of 404 () @ https://t3.gstatic.com/faviconV2?client=SOCIAL&type=FAVICON&fallback_opts=TYPE,SIZE,URL&url=http://kaufast.com&size=16:0
[ 4581050ms] [WARNING] i18n: Translation key undefined supposed to be string @ https://online.seranking.com/frontend-dist/AuditTool/js/index.Bp1gssFt.mq6glkqu.js:15
[ 4589750ms] [WARNING] TypeError: Failed to construct 'URL': Invalid URL
    at at.setDomainFromUrl (https://online.seranking.com/frontend-dist/AuditTool/js/index.Bp1gssFt.mq6glkqu.js:146:99639)
    at Array.<anonymous> (https://online.seranking.com/frontend-dist/AuditTool/js/dynamic-DemoPopup.keFhqJHl.mq6glkqu.js:9:2406)
    at at.dispatch (https://online.seranking.com/frontend-dist/AuditTool/js/dynamic-DemoPopup.keFhqJHl.mq6glkqu.js:9:9932)
    at at.dispatch (https://online.seranking.com/frontend-dist/AuditTool/js/dynamic-DemoPopup.keFhqJHl.mq6glkqu.js:9:8904)
    at s (https://online.seranking.com/frontend-dist/AuditTool/js/index.Bp1gssFt.mq6glkqu.js:146:73725)
    at an (https://online.seranking.com/frontend-dist/AuditTool/js/dynamic-AdvertisingWrapper.Dc2H8_cA.mq6glkqu.js:5:24335)
    at tt (https://online.seranking.com/frontend-dist/AuditTool/js/dynamic-AdvertisingWrapper.Dc2H8_cA.mq6glkqu.js:5:24405)
    at ng (https://online.seranking.com/frontend-dist/AuditTool/js/dynamic-AdvertisingWrapper.Dc2H8_cA.mq6glkqu.js:6:44767)
    at T (https://online.seranking.com/frontend-dist/AuditTool/js/dynamic-DemoPopup.keFhqJHl.mq6glkqu.js:5:149735)
    at an (https://online.seranking.com/frontend-dist/AuditTool/js/dynamic-AdvertisingWrapper.Dc2H8_cA.mq6glkqu.js:5:24335)
    at tt (https://online.seranking.com/frontend-dist/AuditTool/js/dynamic-AdvertisingWrapper.Dc2H8_cA.mq6glkqu.js:5:24405)
    at HTMLInputElement.n (https://online.seranking.com/frontend-dist/AuditTool/js/dynamic-AdvertisingWrapper.Dc2H8_cA.mq6glkqu.js:6:69574)
    at HTMLInputElement.i (https://online.seranking.com/frontend-dist/AuditTool/js/index.Bp1gssFt.mq6glkqu.js:16:5528) @ https://online.seranking.com/frontend-dist/AuditTool/js/index.Bp1gssFt.mq6glkqu.js:15
[ 4595011ms] [ERROR] Failed to load resource: the server responded with a status of 404 () @ https://t1.gstatic.com/faviconV2?client=SOCIAL&type=FAVICON&fallback_opts=TYPE,SIZE,URL&url=http://kaufast.com&size=16:0
[ 4700068ms] [WARNING] i18n: Translation key undefined supposed to be string @ https://online.seranking.com/frontend-dist/AuditTool/js/index.Bp1gssFt.mq6glkqu.js:15
[ 8988472ms] [ERROR] Failed to load resource: the server responded with a status of 401 () @ https://online.seranking.com/.well-known/mercure?topic=http%3A%2F%2Fonline.seranking.com%2Facc%2F5048639&topic=http%3A%2F%2Fonline.seranking.com%2Fglobal&topic=http%3A%2F%2Fonline.seranking.com%2Ftoken%2F13352774:0
